15.453367,44.532893
15.466748,44.532083
15.426694,44.515641
15.428767,44.516942
15.431114,44.517779
15.431763,44.517794
15.431997,44.518468
15.432245,44.518014
15.433193,44.518555
15.435719,44.51861
15.434413,44.521013
15.432995,44.521513
15.434542,44.522244
15.438441,44.523533
15.440562,44.523273
15.436186,44.518203
15.440247,44.516029
15.441251,44.516834
15.434749,44.509802
15.436819,44.517728
15.934204,44.579459
15.934532,44.579567
15.9367,44.577654
15.936936,44.578206
15.939646,44.578677
15.941246,44.579311
15.941605,44.579522
15.942,44.579319
15.942535,44.579485
15.950148,44.575207
15.956022,44.579201
15.957141,44.572376
15.957138,44.572203
15.95733,44.571757
15.957847,44.572602
15.958042,44.571852
15.95854,44.571927
15.96052,44.568116
15.960396,44.567931
15.960081,44.567274
15.935533,44.584297
15.936147,44.58448
15.940583,44.583182
15.942091,44.584575
15.941783,44.584808
15.960688,44.588821
15.961103,44.588942
15.960452,44.58867
15.959444,44.589317
15.95896,44.589691
15.958931,44.590179
15.959325,44.590542
15.959885,44.591526
15.95933,44.591305
15.955777,44.593375
15.955281,44.593314
15.95514,44.593169
15.957004,44.60176
15.956997,44.602079
15.958641,44.602123
15.959317,44.601697
15.960946,44.605773
15.961449,44.609968
15.963202,44.604491
15.966504,44.603976
15.962173,44.603913
15.963407,44.603173
15.749708,44.712458
15.745759,44.710099
15.745936,44.708555
15.746296,44.707526
15.745297,44.708277
15.745387,44.708097
15.745377,44.707614
15.745815,44.707598
15.74591,44.707233
15.744102,44.70731
15.743787,44.707456
15.74343,44.707548
15.747053,44.705493
15.747618,44.705662
15.751634,44.705851
15.751958,44.706009
15.752892,44.705248
15.752629,44.706175
15.753388,44.706255
15.753609,44.706281
15.754781,44.706178
15.754904,44.706234
15.755488,44.706077
15.75572,44.706111
15.756546,44.706181
15.756545,44.706111
15.756781,44.706194
15.757883,44.706668
15.758792,44.706817
15.756637,44.704194
15.755084,44.703257
15.749841,44.703465
15.749462,44.703447
15.748589,44.703773
15.748718,44.703479
15.748366,44.70343
15.74901,44.703118
15.749116,44.702945
15.749722,44.703194
15.75012,44.703162
15.7504,44.703154
15.750338,44.702695
15.750317,44.702468
15.750536,44.702711
15.750602,44.702858
15.751033,44.702947
15.74647,44.702519
15.746493,44.702234
15.749213,44.702383
15.746419,44.702103
15.750071,44.702267
15.749184,44.702078
15.749311,44.701335
15.748663,44.701581
15.749655,44.701042
15.749402,44.700572
15.748975,44.701046
15.748768,44.700878
15.748339,44.699779
15.748408,44.699448
15.747183,44.699619
15.748014,44.699242
15.748804,44.698894
15.748502,44.698661
15.748448,44.698085
15.74882,44.698002
15.748621,44.697717
15.749484,44.694641
15.750409,44.694468
15.633144,44.559889
15.640409,44.562953
15.641955,44.562595
15.959665,44.556392
15.959096,44.556597
15.959411,44.556596
15.95879,44.556991
15.958913,44.557366
15.959295,44.557103
15.959235,44.557583
15.960667,44.557985
15.959967,44.558235
15.963482,44.55535
15.962639,44.55537
15.962425,44.55546
15.961879,44.555965
15.961045,44.556061
15.9631,44.551698
15.962699,44.551344
15.964017,44.552692
15.962119,44.550629
15.962732,44.550093
15.963579,44.549808
15.963694,44.55008
15.964463,44.550637
15.963902,44.549704
15.964072,44.549648
15.964679,44.549718
15.965002,44.549699
15.965093,44.549614
15.965372,44.549173
15.965561,44.54941
15.965795,44.548898
15.96674,44.550546
15.965881,44.548846
15.966618,44.550078
15.965944,44.548685
15.96603,44.549184
15.966123,44.548677
15.966183,44.549152
15.966233,44.548604
15.96643,44.548502
15.966349,44.548964
15.966487,44.54843
15.966542,44.54891
15.966571,44.548786
15.966784,44.548272
15.966699,44.548726
15.967188,44.547975
15.967627,44.548764
15.967434,44.547785
15.967606,44.547727
15.967728,44.547657
15.967765,44.548052
15.967873,44.548173
15.967798,44.547539
15.967828,44.547907
15.967999,44.547444
15.968007,44.547829
15.968032,44.547333
15.968194,44.547677
15.968174,44.547217
15.968442,44.547513
15.968352,44.547185
15.968442,44.547108
15.969145,44.547011
15.968835,44.54686
15.96946,44.546752
15.968992,44.546741
15.968519,44.546339
15.968416,44.546186
15.968183,44.545868
15.969731,44.546561
15.969166,44.546606
15.969153,44.546437
15.969326,44.546403
15.969028,44.546083
15.970009,44.546396
15.969472,44.546309
15.970237,44.546152
15.969657,44.546189
15.97086,44.545821
15.969822,44.546049
15.971,44.545726
15.969902,44.54599
15.97032,44.545706
15.971515,44.545423
15.971799,44.545252
15.970982,44.545162
15.972224,44.544942
15.97222,44.544585
15.960275,44.551493
15.960875,44.551662
15.960976,44.551791
15.961295,44.551889
15.962069,44.552933
15.962973,44.553274
15.962213,44.553801
15.963046,44.554798
15.966433,44.561255
15.950808,44.558846
15.95059,44.559576
15.960872,44.556092
15.959731,44.555994
15.962912,44.549563
15.962554,44.549719
15.961453,44.549183
15.961417,44.549737
15.960843,44.5495
15.965388,44.557426
15.965966,44.557383
15.96565,44.557688
15.966128,44.55762
15.966548,44.557988
15.966645,44.55809
15.966416,44.558388
15.966695,44.558707
15.966861,44.558874
15.967092,44.559141
15.967487,44.558998
15.967188,44.559307
15.967592,44.559115
15.96734,44.55944
15.967855,44.559402
15.967482,44.559574
15.967612,44.559721
15.967744,44.559836
15.968874,44.558836
15.967846,44.560167
15.967522,44.560585
15.967269,44.560666
15.967512,44.560991
15.967054,44.560813
15.964761,44.55758
15.965091,44.558478
15.956842,44.553699
15.956781,44.55359
15.955406,44.554516
15.955784,44.554645
15.956009,44.554837
15.955431,44.555027
15.955205,44.555103
15.954285,44.555419
15.954879,44.555389
15.953687,44.555853
15.954826,44.555629
15.952957,44.556524
15.952778,44.556589
15.952679,44.556681
15.952606,44.556748
15.952437,44.556931
15.95188,44.557343
15.952804,44.556985
15.951803,44.557495
15.952719,44.557041
15.951606,44.557474
15.951503,44.557756
15.95229,44.557473
15.950686,44.558238
15.951735,44.557914
15.950227,44.55849
15.951691,44.558295
15.949968,44.558622
15.951308,44.558267
15.949704,44.558716
15.950998,44.558489
15.951117,44.558579
15.95087,44.558645
15.950927,44.558568
15.948875,44.559072
15.948105,44.560062
15.94791,44.560257
15.948378,44.55914
15.948505,44.559432
15.948302,44.559541
15.948026,44.559233
15.948097,44.559646
15.947536,44.559415
15.947683,44.55986
15.94739,44.559499
15.947304,44.559794
15.956101,44.553637
15.961281,44.553508
15.960817,44.554445
15.96067,44.554529
15.959974,44.554941
15.959237,44.55492
15.961767,44.550771
15.961629,44.550804
15.960636,44.550538
15.960434,44.550571
15.959744,44.550709
15.962441,44.551892
15.962492,44.551964
15.962928,44.552503
15.963762,44.552765
15.957873,44.555668
15.943234,44.559707
15.94285,44.559357
15.94241,44.55957
15.942388,44.559136
15.941602,44.558858
15.941543,44.55876
15.940869,44.559527
15.940474,44.55954
15.940135,44.559345
15.94044,44.558959
15.940549,44.558797
15.940306,44.557887
15.939357,44.55761
15.938384,44.559085
15.938493,44.557721
15.938091,44.557713
15.937845,44.557699
15.937333,44.558591
15.937108,44.559419
15.936602,44.560852
15.935649,44.559441
15.936112,44.559303
15.935767,44.559167
15.935391,44.558958
15.935166,44.558964
15.935956,44.558874
15.936162,44.559039
15.936584,44.558333
15.935868,44.558552
15.935774,44.55845
15.935175,44.558422
15.935832,44.557603
15.937901,44.553304
15.93818,44.552775
15.928536,44.555784
15.927276,44.557943
15.926756,44.55971
15.92494,44.558323
15.969649,44.548109
15.96944,44.54712
15.96989,44.548009
15.970031,44.547424
15.971534,44.549076
15.970246,44.547552
15.970595,44.547464
15.971024,44.55011
15.971329,44.547935
15.970537,44.550445
15.971521,44.547971
15.972127,44.549816
15.972085,44.547843
15.972453,44.549859
15.972182,44.547767
15.972682,44.549785
15.972036,44.548148
15.972363,44.550084
15.972478,44.548224
15.972468,44.550225
15.97218,44.54856
15.971409,44.551069
15.973384,44.550912
15.959533,44.55082
15.958736,44.551333
15.958646,44.551492
15.958479,44.552076
15.95836,44.552115
15.958217,44.552217
15.958035,44.551945
15.958107,44.552311
15.957826,44.551938
15.957964,44.552385
15.957873,44.552052
15.957942,44.552591
15.957253,44.552614
15.957119,44.553281
15.957026,44.553408
15.956824,44.553084
15.957112,44.553705
15.956714,44.553228
15.956671,44.553314
15.653639,44.786893
15.653956,44.791824
15.652483,44.789762
15.64967,44.79249
15.649747,44.792679
15.649616,44.792784
15.649197,44.792403
15.649259,44.792469
15.649456,44.792518
15.651616,44.791522
15.791871,44.71279
15.797871,44.712144
15.802529,44.707577
15.805194,44.70166
15.805485,44.701345
15.806278,44.700903
15.808316,44.697947
15.809699,44.696665
15.810162,44.695139
15.804774,44.694719
15.806007,44.694193
15.806179,44.693816
15.806234,44.693352
15.805281,44.693588
15.806397,44.69324
15.806937,44.693147
15.807379,44.692953
15.805947,44.692638
15.806056,44.692534
15.806569,44.69241
15.805903,44.690869
15.808599,44.691764
15.809432,44.69115
15.809254,44.691072
15.809955,44.690763
15.809437,44.690399
15.810201,44.690667
15.810378,44.691037
15.811283,44.690055
15.812166,44.688591
15.812414,44.688456
15.812249,44.688353
15.812849,44.687913
15.813615,44.68792
15.814904,44.686558
15.816596,44.684765
15.817678,44.684485
15.816844,44.683504
15.816638,44.683437
15.81438,44.683684
15.812911,44.68471
15.812291,44.683577
15.812951,44.683181
15.812888,44.682966
15.813165,44.682988
15.812519,44.682792
15.814298,44.677153
15.814432,44.676421
15.814843,44.676983
15.815632,44.675476
15.975892,44.551611
15.975828,44.55116
15.975443,44.551156
15.980401,44.546736
15.980386,44.546602
15.976413,44.545128
15.976345,44.545822
15.982205,44.542797
15.982376,44.54292
15.983239,44.543346
15.983783,44.544075
15.984563,44.543878
15.985309,44.543505
15.985512,44.543383
15.985694,44.543239
15.986354,44.542951
15.986644,44.542628
15.987653,44.546144
15.986814,44.536824
15.988353,44.539639
15.992846,44.537876
15.991862,44.539036
15.990947,44.53939
15.994185,44.53887
15.993297,44.539375
15.993323,44.539791
15.991754,44.541096
15.994656,44.541864
15.994481,44.541962
15.995043,44.541895
15.997216,44.542653
15.997089,44.54255
15.996471,44.541764
15.996496,44.541993
15.996079,44.541748
15.996338,44.541059
15.996543,44.541029
15.999225,44.538146
15.999035,44.537869
15.999038,44.538152
15.988684,44.532067
15.988695,44.531486
15.988819,44.531373
15.989058,44.530785
15.990143,44.530496
15.989036,44.53009
15.989387,44.529966
15.988177,44.529476
15.986984,44.529719
15.976785,44.529787
15.98117,44.528812
15.980804,44.5291
15.981181,44.529837
15.982545,44.532096
15.982326,44.532345
15.982638,44.532643
15.983091,44.533776
15.984043,44.534175
15.982691,44.534867
15.982394,44.535116
15.983128,44.535392
15.982437,44.535809
15.981687,44.53593
15.981738,44.536274
15.965491,44.531772
15.965999,44.53574
15.965062,44.535919
15.96501,44.536186
15.964644,44.536474
15.964388,44.536641
15.960217,44.540352
15.95651,44.536946
15.152092,44.852535
15.159451,44.856712
15.150983,44.850734
15.149702,44.850381
15.149322,44.855472
15.147708,44.854956
15.147477,44.854633
15.147003,44.855425
15.139571,44.854376
15.139573,44.854489
15.139406,44.85466
15.138717,44.854763
15.136576,44.854077
15.144201,44.850487
15.143748,44.851615
15.149801,44.848773
15.150424,44.848841
15.150391,44.848572
15.156045,44.844922
15.156324,44.844558
15.153939,44.844863
15.146426,44.847813
15.147692,44.848142
15.148259,44.848238
15.146463,44.848057
15.14587,44.847902
15.145674,44.847774
15.379356,44.553614
15.378632,44.553528
15.378872,44.553524
15.378963,44.553682
15.379444,44.553773
15.379589,44.553656
15.379676,44.554141
15.379987,44.554623
15.379342,44.554394
15.380295,44.554767
15.379383,44.554499
15.379509,44.554514
15.380253,44.555024
15.380554,44.555213
15.380451,44.555452
15.38055,44.555629
15.380739,44.555862
15.379836,44.55518
15.379879,44.555317
15.380917,44.556201
15.38005,44.555561
15.380163,44.555628
15.380172,44.55578
15.380264,44.55588
15.380362,44.556042
15.380364,44.556267
15.381982,44.557818
15.382082,44.557972
15.382233,44.5578
15.380627,44.556455
15.382151,44.558101
15.382132,44.558236
15.382268,44.558343
15.380877,44.55687
15.382424,44.558541
15.382533,44.558746
15.381121,44.557271
15.382791,44.558857
15.382766,44.559139
15.383035,44.559619
15.383157,44.55975
15.383336,44.559685
15.3832,44.559863
15.381551,44.558967
15.383277,44.559981
15.383348,44.560126
15.383416,44.560229
15.383474,44.560332
15.383518,44.560523
15.383686,44.560719
15.383745,44.560836
15.382194,44.559373
15.383837,44.560976
15.382432,44.559548
15.383892,44.561079
15.38393,44.561154
15.384376,44.56189
15.384577,44.562177
15.384936,44.562052
15.386029,44.561979
15.383554,44.561334
15.384593,44.562313
15.383331,44.561759
15.384732,44.562535
15.383594,44.561573
15.383768,44.56171
15.384985,44.563148
15.383725,44.561979
15.385064,44.563275
15.383936,44.56208
15.385216,44.56351
15.384038,44.562268
15.384061,44.562474
15.385382,44.563889
15.385475,44.564033
15.384464,44.563071
15.38331,44.56384
15.383212,44.563641
15.383342,44.563551
15.384685,44.563455
15.386148,44.565113
15.384765,44.563611
15.386234,44.565264
15.384879,44.563849
15.386269,44.565443
15.384985,44.564052
15.386415,44.565576
15.385072,44.56422
15.385157,44.564362
15.386649,44.565936
15.385219,44.564493
15.386689,44.566306
15.385314,44.564658
15.387042,44.566628
15.385412,44.564851
15.38718,44.566885
15.385517,44.565022
15.387325,44.567029
15.387469,44.567235
15.385668,44.565268
15.385893,44.565748
15.386098,44.566173
15.389854,44.57309
15.386235,44.56639
15.386273,44.566464
15.389924,44.5733
15.386373,44.566651
15.386548,44.566947
15.390137,44.573862
15.386631,44.567176
15.386576,44.567337
15.390518,44.575044
15.386814,44.567453
15.39062,44.575362
15.387044,44.567794
15.391697,44.578805
15.387709,44.569105
15.391728,44.578966
15.387932,44.569515
15.388125,44.569747
15.392752,44.580369
15.388318,44.570321
15.388467,44.570685
15.388226,44.570935
15.388529,44.570929
15.388368,44.571276
15.388722,44.57164
15.388888,44.57208
15.389074,44.57265
15.389982,44.574989
15.390126,44.575409
15.390187,44.575615
15.390242,44.575799
15.390372,44.576229
15.390454,44.576414
15.390461,44.576597
15.390543,44.57674
15.391373,44.579514
15.367965,44.550459
15.368674,44.550944
15.367945,44.550606
15.368007,44.550659
15.368212,44.550845
15.368973,44.551321
15.369208,44.551313
15.368378,44.551156
15.369359,44.551313
15.368625,44.551383
15.368579,44.551406
15.368832,44.551642
15.368771,44.551658
15.36872,44.551674
15.368681,44.551698
15.368907,44.551852
15.371672,44.548975
15.371777,44.549158
15.371578,44.549205
15.371307,44.549106
15.371387,44.549264
15.371502,44.549317
15.371151,44.549135
15.371006,44.549363
15.371561,44.549749
15.370958,44.549175
15.370286,44.549532
15.370744,44.549217
15.370179,44.549689
15.370578,44.549254
15.369949,44.549619
15.370447,44.549284
15.369799,44.549663
15.370247,44.549329
15.369578,44.549718
15.369898,44.549411
15.368887,44.549897
15.369637,44.549475
15.368654,44.549956
15.36948,44.549512
15.369315,44.549438
15.368479,44.55
15.369153,44.549566
15.368283,44.550049
15.368101,44.550114
15.368371,44.54977
15.367864,44.550152
15.368154,44.549836
15.367695,44.550197
15.367878,44.549834
15.367531,44.550246
15.367342,44.550293
15.367159,44.550362
15.367006,44.550406
15.366791,44.550209
15.389105,44.537913
15.389184,44.538048
15.356187,44.544095
15.356722,44.544868
15.356678,44.544537
15.35634,44.544348
15.356368,44.544859
15.356344,44.545247
15.356049,44.545207
15.356115,44.54572
15.355916,44.546117
15.356107,44.545793
15.354076,44.545866
15.353817,44.545658
15.353358,44.545865
15.352758,44.545622
15.352856,44.545792
15.352286,44.545948
15.355345,44.54432
15.355203,44.545051
15.35545,44.545085
15.37749,44.544874
15.376874,44.544993
15.376753,44.545134
15.376592,44.545217
15.376338,44.545726
15.376183,44.545559
15.376004,44.545904
15.375961,44.545682
15.388525,44.535219
15.388506,44.534992
15.388153,44.535174
15.387909,44.532745
15.371968,44.544514
15.371392,44.544524
15.371885,44.544376
15.371379,44.544364
15.371363,44.544183
15.371349,44.544022
15.379027,44.545051
15.379067,44.544835
15.37932,44.545218
15.379228,44.544902
15.379421,44.544996
15.379622,44.545093
15.373054,44.543588
15.372557,44.543474
15.372352,44.543449
15.372026,44.543694
15.372076,44.543432
15.371889,44.543392
15.371696,44.543368
15.376957,44.542546
15.377229,44.542289
15.376992,44.541504
15.375628,44.545692
15.375298,44.545983
15.375335,44.545642
15.374841,44.545905
15.37505,44.545584
15.37484,44.545514
15.3746,44.54549
15.374115,44.545658
15.374135,44.545161
15.373776,44.545746
15.374104,44.545363
15.373664,44.545596
15.373736,44.545303
15.373422,44.54552
15.37345,44.545218
15.373124,44.545503
15.372266,44.545314
15.372526,44.545048
15.371893,44.545326
15.37172,44.545638
15.372258,44.544863
15.371583,44.545333
15.371396,44.545339
15.371158,44.545347
15.371458,44.544944
15.370871,44.545372
15.371368,44.544879
15.370654,44.545372
15.371123,44.545038
15.370446,44.545378
15.370924,44.545061
15.370364,44.545382
15.370828,44.545067
15.370233,44.545383
15.370717,44.545075
15.369997,44.54538
15.370495,44.545078
15.370265,44.545058
15.369603,44.545569
15.370085,44.545073
15.369233,44.545427
15.369838,44.545063
15.369054,44.545405
15.36917,44.545605
15.369634,44.545062
15.368915,44.545406
15.369342,44.545079
15.368891,44.545574
15.369274,44.544927
15.368764,44.545411
15.369221,44.544776
15.368589,44.545392
15.369081,44.545083
15.368105,44.545368
15.368801,44.545072
15.368797,44.544903
15.367888,44.545322
15.368535,44.544912
15.367638,44.545297
15.367381,44.545282
15.368256,44.544928
15.367181,44.545304
15.367063,44.545226
16.019062,44.506782
16.018696,44.507184
16.002678,44.508259
15.997515,44.511512
15.996497,44.512302
15.995809,44.512853
15.995614,44.512917
15.995456,44.513048
15.995096,44.513356
15.993823,44.513306
15.994134,44.51385
15.986859,44.513785
15.99082,44.517264
15.9908,44.516985
15.991497,44.516492
15.992688,44.516342
15.992877,44.516271
15.993459,44.515717
15.993929,44.51544
15.994679,44.515135
15.994973,44.515255
15.995646,44.514704
15.997374,44.515433
15.998385,44.516432
16.001871,44.527374
16.002312,44.529401
16.002337,44.530047
16.002205,44.530738
16.001833,44.531317
16.002636,44.531963
16.010677,44.517674
16.010564,44.51757
16.009237,44.518261
16.005946,44.519315
16.005075,44.519386
16.003647,44.520081
15.369081,44.550336
15.369073,44.55062
15.368843,44.550348
15.368631,44.550735
15.368657,44.550445
15.36845,44.550499
15.366732,44.551201
15.36644,44.551281
15.366889,44.551466
15.366106,44.551369
15.366527,44.551591
15.365832,44.551431
15.366324,44.551629
15.365566,44.551483
15.366116,44.551668
15.365306,44.551543
15.365825,44.55173
15.365061,44.551596
15.365582,44.551778
15.364712,44.551667
15.365345,44.551827
15.365153,44.551882
15.372489,44.546276
15.372111,44.546356
15.372687,44.546004
15.372791,44.54585
15.372982,44.5456
15.372342,44.545995
15.36825,44.545591
15.368084,44.545754
15.368215,44.545923
15.368388,44.546651
15.368168,44.546476
15.368292,44.546732
15.368704,44.547036
15.368138,44.54691
15.368021,44.547049
15.367747,44.546913
15.3679,44.54716
15.367676,44.546997
15.367819,44.547282
15.36759,44.547099
15.367011,44.547787
15.380081,44.541316
15.377419,44.543985
15.380266,44.541153
15.381209,44.541053
15.381206,44.540862
15.381442,44.540815
15.381979,44.540671
15.382527,44.540534
15.382782,44.540477
15.383132,44.540509
15.383093,44.540298
15.383635,44.539982
15.384709,44.539344
15.384921,44.539339
15.385481,44.538931
15.385622,44.538848
15.386393,44.538498
15.391206,44.536292
15.394199,44.535386
15.3961,44.534105
15.396892,44.533563
15.398388,44.532736
15.399568,44.531947
15.400262,44.531586
15.400395,44.531488
15.400579,44.531384
15.401026,44.531089
15.401875,44.530614
15.402547,44.530247
15.401271,44.530945
15.404801,44.528928
15.366516,44.547426
15.366317,44.547549
15.367619,44.548624
15.366032,44.547476
15.367519,44.548536
15.365788,44.547389
15.367402,44.54845
15.365658,44.547364
15.367304,44.548352
15.367165,44.548283
15.36526,44.547241
15.367022,44.548147
15.365055,44.547191
15.366867,44.548007
15.366739,44.548149
15.364918,44.547151
15.366675,44.547865
15.36472,44.547094
15.366077,44.548077
15.365938,44.548233
15.364522,44.547025
15.364253,44.546975
15.364103,44.546812
15.365686,44.547595
15.363826,44.546851
15.365596,44.547576
15.363636,44.546814
15.36539,44.547528
15.365102,44.547455
15.364888,44.547414
15.364733,44.547378
15.364601,44.547338
15.364433,44.547309
15.363774,44.547115
15.363546,44.547062
15.363348,44.547022
15.363008,44.546931
15.373922,44.547686
15.374081,44.5479
15.37419,44.548032
15.374633,44.547932
15.374303,44.548163
15.374815,44.54826
15.374472,44.548296
15.374243,44.548317
15.374067,44.548272
15.37515,44.548656
15.374624,44.548424
15.374478,44.548583
15.375934,44.548897
15.374734,44.548594
15.374568,44.548773
15.375727,44.549271
15.374832,44.548707
15.374977,44.548915
15.374833,44.549053
15.375935,44.54957
15.375142,44.549037
15.374993,44.549165
15.377115,44.550373
15.375763,44.54981
15.377079,44.550795
15.375815,44.549875
15.377205,44.550932
15.376023,44.550108
15.37583,44.550218
15.377323,44.551041
15.376133,44.550219
15.377434,44.551078
15.377503,44.551245
15.376727,44.550879
15.376907,44.55104
15.377026,44.551191
15.376573,44.55121
15.377205,44.551365
15.377315,44.551526
15.378194,44.551983
15.378366,44.552042
15.377511,44.551675
15.378359,44.55213
15.37846,44.552248
15.378579,44.552375
15.377913,44.552575
15.378289,44.5526
15.378316,44.552791
15.379083,44.553208
15.378455,44.552965
15.379238,44.553367
15.3786,44.553199
15.745562,44.692873
15.745347,44.692801
15.745238,44.692231
15.739151,44.692462
15.73903,44.692132
15.376335,44.55213
15.376152,44.551976
15.375915,44.551861
15.376444,44.552667
15.376336,44.552423
15.376,44.552667
15.376762,44.541137
15.376693,44.541066
15.376538,44.540972
15.376275,44.540003
15.376438,44.540858
15.375759,44.54011
15.374812,44.539781
15.374824,44.540075
15.373888,44.545882
15.373679,44.546031
15.374092,44.546041
15.373483,44.546187
15.374073,44.546417
15.373695,44.546344
15.37869,44.54681
15.379508,44.546759
15.744461,44.690255
15.738789,44.69257
15.736123,44.692414
15.735857,44.690411
15.736033,44.690709
15.734824,44.6895
15.734452,44.689346
15.7341,44.689339
15.736185,44.688621
15.736485,44.688571
15.737576,44.687167
15.737558,44.686797
15.738163,44.686726
15.737244,44.686074
15.737451,44.685299
15.73702,44.684431
15.737442,44.683616
15.736743,44.684055
15.738486,44.677408
15.738704,44.677399
15.738147,44.677512
15.735871,44.678249
15.736132,44.678286
15.734228,44.679059
15.73507,44.67825
15.734865,44.679562
15.733003,44.679709
15.732571,44.679151
15.733487,44.680615
15.733438,44.683022
15.733348,44.682289
15.732743,44.682125
15.732846,44.682809
15.719079,44.68918
15.718344,44.689404
15.712282,44.688959
15.711218,44.687287
15.711666,44.687523
15.707852,44.693465
15.727173,44.68821
15.693284,44.688078
15.690913,44.69521
15.680062,44.696878
15.379224,44.546116
15.379966,44.54609
15.379478,44.545434
15.380064,44.544276
15.380037,44.544905
15.37991,44.544079
15.380072,44.543969
15.381011,44.544148
15.380723,44.544689
15.381719,44.544495
15.37658,44.550957
15.369833,44.550395
15.369937,44.550098
15.377163,44.543473
15.377012,44.54331
15.376399,44.543093
15.376202,44.542932
15.375404,44.540763
15.375831,44.542355
15.374448,44.54058
15.372557,44.539411
15.373246,44.539663
15.37247,44.538716
15.374115,44.546994
15.373694,44.546469
15.373939,44.5469
15.373765,44.546807
15.374068,44.547157
15.37377,44.547827
15.373592,44.547976
15.373386,44.548201
15.373281,44.547972
15.372865,44.548323
15.372668,44.548514
15.364257,44.55986
15.361063,44.55438
15.360277,44.554891
15.380083,44.556639
15.380028,44.556899
15.379801,44.557084
15.379574,44.557206
15.379295,44.557372
15.366675,44.54517
15.367411,44.544977
15.367517,44.544627
15.367524,44.544569
15.36707,44.544962
15.366816,44.544918
15.365894,44.545049
15.366454,44.544871
15.365765,44.545037
15.365652,44.545187
15.366263,44.544849
15.366123,44.54453
15.365735,44.544732
15.364938,44.544911
15.365559,44.544707
15.364839,44.544893
15.364726,44.545086
15.365394,44.544695
15.364556,44.544844
15.365208,44.544684
15.36505,44.544655
15.364843,44.544628
15.363364,44.544742
15.364577,44.544574
15.364711,44.544259
15.36415,44.544514
15.361892,44.544467
15.363755,44.544463
15.363723,44.543997
15.363564,44.543884
15.361716,44.544418
15.363509,44.54441
15.361486,44.544355
15.363304,44.544388
15.361294,44.544345
15.361099,44.544418
15.362401,44.543731
15.361491,44.543438
15.361016,44.544305
15.361644,44.544151
15.360841,44.544296
15.360651,44.544245
15.361422,44.544105
15.360401,44.544572
15.361136,44.544076
15.360308,44.544228
15.36096,44.544057
15.36004,44.544331
15.3607,44.544016
15.360815,44.54388
15.359816,44.544189
15.359736,44.544159
15.360372,44.543987
15.360198,44.543955
15.359377,44.544096
15.359988,44.543937
15.359168,44.544058
15.358972,44.544039
15.358823,44.544441
15.359347,44.543847
15.358771,44.544005
15.359045,44.543833
15.359135,44.543677
15.358444,44.543957
15.358553,44.544004
15.358861,44.543773
15.358252,44.543985
15.35868,44.543749
15.357663,44.543898
15.357507,44.543888
15.357301,44.543868
15.357101,44.543843
15.356912,44.543831
15.358089,44.5437
15.356669,44.543793
15.356491,44.543765
15.357589,44.543634
15.356031,44.543879
15.355861,44.543809
15.357127,44.543582
15.355528,44.543712
15.356897,44.543543
15.355043,44.543898
15.356485,44.543368
15.356233,44.543503
15.355593,44.543409
15.367128,44.550694
15.36668,44.550572
15.366898,44.550808
15.36735,44.550912
15.367483,44.550968
15.367992,44.551088
15.367891,44.551368
15.367898,44.551808
15.368109,44.552028
15.368411,44.551607
15.36834,44.552186
15.368402,44.551852
15.368525,44.55197
15.368569,44.552383
15.372403,44.539571
15.372184,44.539547
15.372255,44.53976
15.371699,44.539404
15.37206,44.539732
15.371617,44.539646
15.371383,44.53955
15.371194,44.539563
15.370988,44.539473
15.370654,44.539412
15.381996,44.553208
15.376015,44.543363
15.37593,44.543522
15.375404,44.543491
15.366569,44.544518
15.366624,44.544351
15.366661,44.544229
15.366689,44.544146
15.366744,44.544009
15.366775,44.543856
15.366639,44.543835
15.366773,44.543667
15.367566,44.543091
15.366791,44.543575
15.36682,44.543433
15.366792,44.543149
15.366828,44.543016
15.379192,44.551776
15.379335,44.551958
15.379458,44.552112
15.379903,44.552058
15.379564,44.552262
15.380029,44.552219
15.380204,44.552376
15.379863,44.552596
15.380418,44.552571
15.380242,44.552851
15.380901,44.552943
15.380336,44.553167
15.381111,44.553103
15.380655,44.553389
15.380998,44.553427
15.381146,44.553555
15.373181,44.545043
15.372942,44.544703
15.373243,44.544912
15.372987,44.544593
15.373071,44.544469
15.373521,44.544799
15.373133,44.544316
15.37341,44.544675
15.373413,44.544515
15.373627,44.544311
15.373853,44.544334
15.367438,44.558412
15.363745,44.555418
15.363843,44.555246
15.36405,44.556194
15.3634,44.555076
15.363588,44.555714
15.363469,44.554864
15.36346,44.555595
15.363153,44.554831
15.363302,44.555571
15.362922,44.554616
15.363185,44.555336
15.362844,44.554532
15.363087,44.555249
15.36274,44.554415
15.3626,44.554327
15.362497,44.554202
15.362372,44.554602
15.362235,44.55448
15.36208,44.554341
15.361969,44.554199
15.361765,44.553941
15.361525,44.5528
15.361552,44.553618
15.361495,44.552648
15.361364,44.552501
15.361496,44.553501
15.361345,44.552301
15.361423,44.553362
15.361224,44.552233
15.361351,44.553218
15.361283,44.553104
15.360459,44.551086
15.361144,44.55285
15.361075,44.552728
15.35995,44.550499
15.361029,44.552594
15.359826,44.550346
15.360976,44.552468
15.360905,44.552326
15.358395,44.547203
15.360377,44.551407
15.360318,44.551321
15.358343,44.546926
15.358713,44.546472
15.36002,44.551252
15.358137,44.546543
15.35986,44.551036
15.358296,44.54611
15.358012,44.54581
15.359532,44.550585
15.357882,44.545659
15.359426,44.550399
15.357792,44.545532
15.359014,44.550382
15.357669,44.545384
15.359265,44.550023
15.359052,44.550147
15.359161,44.54962
15.357401,44.54496
15.359036,44.549525
15.357301,44.544785
15.358934,44.549421
15.358924,44.54925
15.358691,44.549096
15.358673,44.548716
15.358006,44.547606
15.35798,44.547289
15.357916,44.547058
15.357653,44.546307
15.357419,44.545686
15.378671,44.551563
15.378614,44.551179
15.379004,44.551501
15.379854,44.551362
15.380252,44.551402
15.379878,44.550959
15.380484,44.551706
15.380579,44.55193
15.380764,44.551304
15.380882,44.551504
15.381098,44.55251
15.380969,44.551723
15.381322,44.552673
15.381512,44.552835
15.381832,44.552656
15.377104,44.546518
15.37739,44.546383
15.377584,44.546534
15.377874,44.547034
15.378095,44.54718
15.377919,44.548759
15.3789,44.547277
15.379144,44.548274
15.379003,44.547366
15.379113,44.547493
15.379239,44.547645
15.37926,44.5477
15.37985,44.546861
15.369255,44.550733
15.369424,44.550536
15.369364,44.550877
15.369649,44.550667
15.369646,44.550993
15.369885,44.55083
15.369831,44.551155
15.36961,44.55132
15.369905,44.551491
15.36971,44.551706
15.369539,44.55186
15.369416,44.551976
15.369325,44.552056
15.368746,44.552928
15.368535,44.553039
15.368261,44.553086
15.378061,44.545415
15.378127,44.545221
15.378358,44.545352
15.378446,44.545354
15.378618,44.545399
15.378718,44.545443
15.378978,44.545509
15.379137,44.545617
15.376839,44.545736
15.376962,44.545838
15.377097,44.545946
15.368613,44.547763
15.368754,44.547665
15.368677,44.547451
15.368899,44.547557
15.368831,44.547337
15.369053,44.547442
15.368987,44.547229
15.369168,44.547362
15.369191,44.54709
15.369382,44.547217
15.393827,44.541746
15.39489,44.54455
15.392517,44.540903
15.393906,44.542963
15.386528,44.544874
15.3867,44.544972
15.389306,44.546815
15.390352,44.547406
15.390755,44.548164
15.389985,44.548373
15.399349,44.547678
15.39912,44.547116
15.398137,44.54689
15.399391,44.550267
15.400598,44.548973
15.398576,44.543334
15.399658,44.542532
15.399351,44.549921
15.379952,44.54287
15.380484,44.542861
15.381325,44.542973
15.381508,44.542806
15.381585,44.543053
15.382072,44.542899
15.382696,44.543308
15.362771,44.550857
15.362361,44.550883
15.362659,44.550743
15.362152,44.550606
15.362075,44.550677
15.362552,44.550636
15.362011,44.550519
15.362444,44.550531
15.361913,44.550368
15.362333,44.550418
15.36181,44.550253
15.362231,44.550293
15.361649,44.550054
15.362019,44.55007
15.361421,44.549797
15.361881,44.549928
15.361148,44.54955
15.361773,44.549787
15.361967,44.549715
15.360854,44.549424
15.361697,44.549698
15.373203,44.543902
15.372995,44.544131
15.373006,44.543879
15.372784,44.544107
15.372811,44.543855
15.372399,44.544135
15.372572,44.543804
15.371794,44.544185
15.371767,44.543712
15.372023,44.544215
15.356414,44.543114
15.35637,44.542778
15.375029,44.545155
15.374738,44.544939
15.375347,44.544884
15.366969,44.552532
15.367139,44.552225
15.367106,44.55266
15.367319,44.552377
15.367206,44.552911
15.36753,44.552543
15.36746,44.552961
15.367673,44.552676
15.367642,44.553139
15.367919,44.552897
15.367891,44.553389
15.368479,44.5533
15.368091,44.553483
15.377688,44.546954
15.377545,44.547042
15.377259,44.5472
15.377121,44.547585
15.376683,44.547564
15.376801,44.5477
15.376431,44.547895
15.377695,44.547673
15.377802,44.54761
15.379409,44.553193
15.379484,44.553242
15.379679,44.553395
15.380588,44.554021
15.380998,44.554341
15.381129,44.554474
15.373321,44.547877
15.373045,44.547795
15.372901,44.54771
15.372811,44.54757
15.359017,44.552657
15.358637,44.552868
15.358998,44.553145
15.359208,44.55318
15.3594,44.553257
15.372319,44.549475
15.371804,44.550178
15.371664,44.550413
15.371583,44.550536
15.371068,44.551052
15.370854,44.551688
15.369995,44.552722
15.368425,44.554701
15.369526,44.553261
15.369378,44.553383
15.369061,44.553445
15.368787,44.553682
15.367414,44.555554
15.367269,44.555681
15.366925,44.555972
15.36663,44.556247
15.367794,44.554733
15.364723,44.557604
15.367064,44.555324
15.366337,44.555885
15.364187,44.558316
15.366199,44.555997
15.3656,44.556417
15.365434,44.556568
15.364876,44.556975
15.364138,44.55769
15.363876,44.557951
15.378741,44.553958
15.378811,44.554244
15.378537,44.55411
15.378624,44.554016
15.378388,44.554225
15.377965,44.554519
15.375983,44.544904
15.376452,44.544875
15.376622,44.544779
15.376949,44.544749
15.371111,44.546409
15.370494,44.546339
15.370392,44.54636
15.37023,44.546326
15.36866,44.5464
15.376109,44.546402
15.366719,44.552386
15.366188,44.552263
15.366386,44.552128
15.366605,44.555672
15.393243,44.534242
15.393121,44.534131
15.386086,44.539561
15.377666,44.545415
15.377991,44.545719
15.377838,44.54585
15.376724,44.546448
15.377563,44.546167
15.377456,44.546225
15.375853,44.548081
15.372561,44.549018
15.371913,44.548345
15.371793,44.548299
15.371961,44.548662
15.371788,44.54856
15.371714,44.548512
15.370322,44.547857
15.370133,44.547656
15.371551,44.548418
15.370197,44.547962
15.369735,44.547784
15.371368,44.548421
15.369919,44.548078
15.369699,44.548166
15.369442,44.548274
15.370969,44.548196
15.370743,44.548121
15.370727,44.54825
15.370513,44.548139
15.370151,44.548243
15.368059,44.549004
15.369951,44.548343
15.369754,44.548456
15.367678,44.549232
15.36948,44.548631
15.369661,44.548832
15.367545,44.549278
15.369256,44.548707
15.36739,44.549367
15.369035,44.548826
15.368672,44.549015
15.366728,44.54969
15.3667,44.549208
15.365888,44.549241
15.365773,44.550056
15.36808,44.549356
15.365489,44.550175
15.367943,44.549427
15.365328,44.550224
15.365146,44.550082
15.367801,44.54951
15.365145,44.55025
15.367627,44.5496
15.364962,44.550346
15.364807,44.550381
15.364758,44.550406
15.364574,44.550465
15.36411,44.550062
15.364442,44.550507
15.366587,44.550014
15.364212,44.55059
15.366274,44.550141
15.363834,44.550709
15.366214,44.550174
15.363635,44.550777
15.366024,44.550254
15.36347,44.550829
15.363265,44.550891
15.365667,44.550394
15.365585,44.550423
15.362587,44.551087
15.362241,44.550986
15.361904,44.551341
15.36435,44.550844
15.361598,44.551407
15.361335,44.551472
15.361171,44.551512
15.35937,44.551837
15.35909,44.551894
15.361767,44.551645
15.3617,44.551661
15.361564,44.551704
15.358554,44.551991
15.361303,44.551773
15.360675,44.551936
15.357661,44.552127
15.356199,44.552288
15.35836,44.552408
15.354841,44.55258
15.356104,44.552694
15.355887,44.552711
15.355696,44.552748
15.355495,44.552841
15.354606,44.553104
15.35283,44.553079
15.354256,44.553058
15.353982,44.553151
15.352454,44.553148
15.357491,44.55109
15.363291,44.55145
15.363633,44.551632
15.364078,44.551577
15.364626,44.552082
15.364846,44.552195
15.366729,44.55284
15.366134,44.552879
15.366267,44.552968
15.367593,44.553611
15.36774,44.553727
15.366671,44.553305
15.367648,44.554047
15.367812,44.554179
15.370443,44.555237
15.365565,44.55118
15.365838,44.550827
15.365237,44.551268
15.365577,44.550912
15.365392,44.550963
15.365084,44.551039
15.364846,44.551067
15.367048,44.547574
15.367299,44.547156
15.372396,44.546753
15.370957,44.547204
15.370804,44.547376
15.370578,44.547521
15.3719,44.547722
15.371969,44.547667
15.372417,44.547325
15.368421,44.547617
15.368192,44.547517
15.358269,44.545664
15.358562,44.545459
15.358865,44.545235
15.376892,44.552061
15.720588,44.735205
15.720243,44.735226
15.720366,44.735154
15.721147,44.734485
15.721446,44.734073
15.722041,44.734201
15.723274,44.733255
15.723492,44.733294
15.723227,44.733178
15.724127,44.732983
15.724058,44.733198
15.724201,44.733292
15.724564,44.733381
15.724277,44.733022
15.723565,44.733675
15.724785,44.733853
15.725251,44.733556
15.725057,44.733777
15.725666,44.733899
15.726186,44.734046
15.726767,44.733172
15.727128,44.732889
15.727055,44.735007
15.726396,44.734493
15.724885,44.734904
15.723764,44.735185
15.72349,44.735688
15.72291,44.735878
15.722252,44.735678
15.721931,44.73537
15.721803,44.735562
15.721508,44.735526
15.7215,44.735621
15.721342,44.73589
15.722069,44.736476
15.722648,44.736884
15.722949,44.73677
15.722982,44.737168
15.723539,44.737621
15.722513,44.738428
15.724291,44.73866
15.724323,44.738815
15.725446,44.740212
15.725843,44.741031
15.726227,44.741682
15.727134,44.741029
15.722135,44.738779
15.642642,44.770555
15.641344,44.770142
15.639011,44.764213
15.638819,44.764129
15.638949,44.764038
15.639107,44.763988
15.63888,44.763565
15.639074,44.763485
15.637813,44.762366
15.635411,44.760545
15.636889,44.770861
15.636705,44.770621
15.627395,44.770611
15.627629,44.770657
15.627238,44.771052
15.625763,44.768871
15.625078,44.769236
15.623212,44.769457
15.586885,44.782201
15.7225,44.725397
15.723286,44.725401
15.72323,44.725675
15.723326,44.725987
15.723664,44.725561
15.723904,44.725397
15.72376,44.725104
15.723284,44.724587
15.724105,44.724602
15.72566,44.723716
15.725451,44.723944
15.728084,44.723294
15.728072,44.72354
15.734542,44.725209
15.735199,44.723992
15.73536,44.723751
15.736683,44.722512
15.736875,44.722374
15.737764,44.603388
15.737555,44.602634
15.737059,44.600654
15.737573,44.598423
15.73826,44.59795
15.736809,44.597455
15.738513,44.597292
15.738695,44.596802
15.738369,44.59562
15.737757,44.594948
15.73799,44.59469
15.738741,44.591711
15.738754,44.590983
15.736914,44.589446
15.73766,44.587279
15.739481,44.585956
15.739638,44.585866
15.739716,44.585443
15.744407,44.583716
15.743498,44.580744
15.745686,44.583601
15.744177,44.580986
15.751896,44.58098
15.751092,44.576643
15.75281,44.57581
15.753249,44.575818
15.753757,44.575925
15.75814,44.576256
15.758582,44.576303
15.760635,44.57658
15.759804,44.573646
15.766688,44.57341
15.766508,44.572944
15.768947,44.571968
15.769203,44.571936
15.77094,44.570129
15.770768,44.570274
15.7723,44.567048
15.772999,44.566787
15.774619,44.564885
15.774604,44.564671
15.706196,44.741351
15.706284,44.741205
15.706345,44.740989
15.706555,44.740678
15.707141,44.740885
15.707278,44.740699
15.706906,44.740545
15.706412,44.740391
15.707357,44.740251
15.707545,44.739998
15.708121,44.740102
15.708417,44.739424
15.709029,44.739437
15.70952,44.738759
15.709506,44.737486
15.709168,44.737242
15.709233,44.736972
15.709257,44.736808
15.709808,44.73681
15.709729,44.737367
15.710227,44.737287
15.710531,44.737213
15.710656,44.737776
15.710549,44.736961
15.711002,44.73679
15.711021,44.736051
15.71197,44.73633
15.713059,44.735461
15.713555,44.735505
15.713753,44.735502
15.354235,44.542851
15.354461,44.542553
15.354081,44.543336
15.353352,44.543121
15.352813,44.54305
15.352536,44.54294
15.35209,44.542547
15.352029,44.542761
15.351911,44.542978
15.351497,44.542338
15.351721,44.542924
15.351782,44.542716
15.351179,44.542272
15.351012,44.542132
15.35078,44.542387
15.350998,44.542004
15.350879,44.541846
15.351118,44.541756
15.350414,44.541722
15.350298,44.540534
15.350055,44.539864
15.35028,44.539459
15.349848,44.539304
15.349941,44.539062
15.34976,44.538923
15.349583,44.539925
15.349461,44.539755
15.348846,44.53794
15.348537,44.537502
15.34838,44.537292
15.348475,44.538241
15.348195,44.538214
15.347616,44.536641
15.347128,44.536295
15.346785,44.536057
15.346844,44.535909
15.347647,44.537184
15.34688,44.535478
15.347004,44.536741
15.346715,44.536585
15.346184,44.536337
15.345013,44.534827
15.344921,44.534616
15.345382,44.534157
15.349135,44.540951
15.34938,44.541186
15.347772,44.541047
15.347333,44.541086
15.348533,44.540892
15.348316,44.540866
15.347693,44.540812
15.347277,44.540876
15.346769,44.540878
15.350237,44.542004
15.349095,44.541662
15.348692,44.541573
15.346412,44.541027
15.34962,44.542067
15.345968,44.540938
15.345758,44.54091
15.341077,44.539833
15.34842,44.541782
15.347754,44.541653
15.347147,44.541495
15.339722,44.539827
15.339503,44.539777
15.346345,44.541282
15.346081,44.54126
15.345951,44.541241
15.345731,44.541179
15.345463,44.541115
15.340055,44.540074
15.335832,44.539751
15.334712,44.539112
15.334883,44.538753
15.335201,44.538895
15.329902,44.537604
15.331656,44.53914
15.3368,44.541074
15.336822,44.541853
15.337526,44.542553
15.35062,44.539758
15.350628,44.539375
15.352458,44.537962
15.352609,44.53785
15.353084,44.537774
15.351193,44.538828
15.351672,44.538428
15.351924,44.538154
15.353476,44.537427
15.35243,44.537696
15.352568,44.537629
15.352778,44.537439
15.353006,44.536844
15.352598,44.536752
15.352592,44.536539
15.352487,44.536193
15.352688,44.535649
15.35202,44.535522
15.352552,44.535412
15.351307,44.534321
15.352173,44.534763
15.352052,44.534603
15.351495,44.534087
15.350366,44.533495
15.349984,44.532511
15.349707,44.532349
15.349656,44.532213
15.349635,44.53204
15.067122,44.531316
15.067494,44.530757
15.06767,44.530703
15.067946,44.53058
15.067776,44.530448
15.068242,44.53047
15.068401,44.530394
15.06864,44.530404
15.0687,44.530406
15.068957,44.530387
15.069257,44.530401
15.069014,44.530748
15.069216,44.530711
15.069434,44.530617
15.069856,44.530604
15.070092,44.530563
15.070297,44.530627
15.070485,44.530693
15.070732,44.530675
15.070986,44.530696
15.071055,44.530847
15.071015,44.531021
15.070958,44.531184
15.070933,44.531338
15.070944,44.531473
15.070934,44.53161
15.070975,44.531956
15.069593,44.53242
15.06946,44.532345
15.069204,44.532238
15.068891,44.531995
15.068927,44.531685
15.069129,44.531781
15.069454,44.532016
15.069647,44.532136
15.069857,44.532193
15.070517,44.532028
15.070618,44.531917
15.070585,44.531762
15.07059,44.531625
15.070583,44.531352
15.070381,44.531337
15.06997,44.531271
15.06953,44.531284
15.069315,44.531291
15.069096,44.531363
15.069229,44.531031
15.069427,44.531001
15.06961,44.530939
15.069873,44.530906
15.070222,44.530995
15.070451,44.531015
15.070633,44.531051
15.07372,44.52662
15.074054,44.526633
15.073999,44.526811
15.074201,44.526949
15.073977,44.526862
15.073897,44.527266
15.07374,44.52706
15.073675,44.527369
15.073583,44.527144
15.073577,44.527346
15.073402,44.527231
15.073399,44.527504
15.073179,44.527295
15.073274,44.527602
15.07304,44.527484
15.072485,44.528915
15.072874,44.527682
15.072354,44.529092
15.072867,44.527934
15.072203,44.5292
15.072813,44.528018
15.071995,44.529309
15.071794,44.5294
15.072815,44.528217
15.071514,44.52987
15.072781,44.528289
15.072979,44.528573
15.072854,44.528786
15.072771,44.528846
15.072708,44.529038
15.072549,44.529237
15.072506,44.52943
15.072501,44.529593
15.072861,44.525519
15.073145,44.525516
15.073042,44.525629
15.073119,44.525557
15.073276,44.525595
15.073318,44.525739
15.07345,44.525651
15.073437,44.525861
15.07352,44.525681
15.073615,44.525949
15.073603,44.525537
15.073843,44.525963
15.073644,44.525465
15.074089,44.526005
15.073885,44.525642
15.074163,44.52605
15.074003,44.525711
15.074598,44.52615
15.074214,44.525792
15.074712,44.526212
15.074163,44.525851
15.075174,44.526831
15.074482,44.525968
15.075182,44.526921
15.074834,44.526061
15.074933,44.527226
15.075036,44.52623
15.075164,44.52724
15.075097,44.526345
15.075213,44.527343
15.075219,44.526459
15.075226,44.527545
15.07527,44.527671
15.075321,44.526638
15.075323,44.527863
15.07546,44.52701
15.075433,44.528007
15.075473,44.527184
15.075472,44.528567
15.075783,44.527459
15.075409,44.528586
15.075604,44.527539
15.075743,44.527573
15.075759,44.528019
15.075798,44.528186
15.075803,44.528429
15.075865,44.528577
15.075244,44.526216
15.075559,44.526065
15.075271,44.526318
15.075897,44.525995
15.075314,44.526362
15.076389,44.525728
15.075432,44.526465
15.076606,44.525658
15.075491,44.526328
15.077032,44.525463
15.075762,44.526388
15.075802,44.526249
15.07589,44.526215
15.07507,44.526029
15.075115,44.525896
15.074488,44.525808
15.075119,44.525783
15.074814,44.525811
15.075061,44.525656
15.075268,44.525533
15.075109,44.525462
15.074383,44.525077
15.074998,44.525267
15.074249,44.524936
15.074058,44.525039
15.073959,44.524751
15.072517,44.526135
15.072574,44.525957
15.07293,44.526411
15.073007,44.526601
15.073144,44.526355
15.072898,44.525676
15.073131,44.526288
15.0732,44.526309
15.072822,44.525884
15.0736,44.526435
15.072781,44.525934
15.074068,44.526356
15.072732,44.52598
15.074238,44.526394
15.072811,44.526011
15.074352,44.526265
15.074492,44.526187
15.073134,44.525918
15.073123,44.525964
15.073011,44.526097
15.073307,44.525968
15.073462,44.526028
15.073423,44.526072
15.07335,44.526144
15.073314,44.526213
15.073753,44.526227
15.074061,44.526175
15.066931,44.530141
15.066817,44.53025
15.066861,44.53048
15.066698,44.530308
15.066718,44.530563
15.066654,44.530345
15.066582,44.530617
15.066471,44.530761
15.066271,44.530924
15.066848,44.530836
15.066736,44.530923
15.066644,44.530991
15.066526,44.531045
15.066403,44.531117
15.066294,44.531193
15.066249,44.531272
15.066231,44.531359
15.066221,44.531471
15.070792,44.529044
15.070975,44.528692
15.071065,44.52906
15.070948,44.528815
15.075737,44.527027
15.075744,44.526737
15.07584,44.526947
15.07652,44.526322
15.076649,44.526259
15.076698,44.526228
15.076364,44.526682
15.076796,44.526161
15.076936,44.526052
15.076615,44.52655
15.07699,44.526031
15.076704,44.526459
15.077075,44.525907
15.076894,44.526344
15.077291,44.525828
15.076995,44.526273
15.077286,44.526153
15.077434,44.526044
15.077599,44.525934
15.077772,44.525812
15.072436,44.530298
15.072801,44.530332
15.072869,44.530261
15.066975,44.529718
15.066765,44.529998
15.066781,44.529778
15.066639,44.530106
15.06656,44.529909
15.066551,44.530167
15.06645,44.529993
15.06644,44.530222
15.066287,44.530104
15.06636,44.530297
15.066161,44.530203
15.066324,44.530409
15.066037,44.530312
15.066257,44.530493
15.065975,44.530389
15.066174,44.530685
15.065855,44.530512
15.066052,44.530796
15.06573,44.530602
15.065695,44.530696
15.065939,44.531004
15.065669,44.530764
15.065863,44.531107
15.065656,44.530802
15.06587,44.531204
15.065599,44.530862
15.065607,44.530948
15.065967,44.531468
15.065627,44.531019
15.065944,44.531554
15.065563,44.531085
15.065973,44.531661
15.065521,44.531174
15.065509,44.531258
15.06548,44.531407
15.072807,44.525207
15.072971,44.525263
15.073078,44.525446
15.072631,44.525459
15.073798,44.524326
15.072945,44.525018
15.072874,44.525133
15.072513,44.525736
15.072423,44.525781
15.072419,44.525858
15.072379,44.525909
15.07208,44.526099
15.071994,44.526203
15.071778,44.526743
15.07166,44.52685
15.071349,44.527107
15.070994,44.52736
15.070759,44.52748
15.07043,44.527564
15.070284,44.527994
15.069841,44.527573
15.069695,44.52782
15.068155,44.529601
15.070559,44.528952
15.070603,44.529232
15.07042,44.529362
15.0699,44.529852
15.073431,44.524755
15.073116,44.524944
15.073395,44.524789
15.072315,44.525939
15.073326,44.524885
15.07226,44.526022
15.073127,44.525089
15.072822,44.52557
15.072767,44.525608
15.07273,44.525654
15.07269,44.525707
15.072648,44.525761
15.0726,44.525811
15.072558,44.525868
15.071777,44.527208
15.072239,44.526958
15.071771,44.527372
15.072367,44.527275
15.071444,44.52755
15.072091,44.527137
15.071253,44.527635
15.071989,44.527128
15.071128,44.527997
15.071992,44.527223
15.071297,44.527958
15.072256,44.527806
15.071461,44.527877
15.072075,44.527931
15.07157,44.527824
15.071988,44.528019
15.071853,44.527626
15.071888,44.528221
15.071776,44.527771
15.071807,44.528335
15.071477,44.528119
15.071968,44.528464
15.071585,44.528026
15.072022,44.528392
15.071745,44.52809
15.072267,44.528082
15.071592,44.528268
15.072471,44.528316
15.073078,44.525324
15.073205,44.525377
15.073236,44.525334
15.07306,44.525237
15.073098,44.52519
15.073299,44.525244
15.07333,44.525198
15.073354,44.525126
15.073224,44.525082
15.073238,44.525012
15.073265,44.52498
15.073452,44.525063
15.073489,44.525007
15.073308,44.52495
15.0734,44.524918
15.073368,44.524837
15.073499,44.524834
15.073537,44.524793
15.073577,44.524742
15.073618,44.524693
15.073734,44.524631
15.073688,44.524765
15.073618,44.524855
15.073752,44.52482
15.073793,44.524768
15.074163,44.524832
15.074123,44.524868
15.074073,44.524908
15.074027,44.52495
15.073711,44.524984
15.073684,44.525024
15.07364,44.525059
15.073614,44.525102
15.073512,44.525234
15.073472,44.525292
15.073604,44.525328
15.073482,44.52549
15.073441,44.525541
15.073334,44.525521
15.07321,44.525465
15.070948,44.528406
15.071008,44.528109
15.07118,44.528546
15.071253,44.528288
15.071285,44.528662
15.071462,44.528373
15.071183,44.528796
15.071666,44.528541
15.071246,44.52919
15.071885,44.528599
15.071484,44.529238
15.072133,44.528619
15.071512,44.528906
15.07247,44.528601
15.07153,44.528706
15.071751,44.528751
15.071722,44.529031
15.071964,44.529012
15.072057,44.528792
15.072281,44.528815
15.076477,44.529432
15.078033,44.528222
15.07673,44.529646
15.077971,44.528334
15.076784,44.529735
15.077998,44.528529
15.076789,44.529853
15.078013,44.528584
15.076882,44.529954
15.077959,44.528689
15.076913,44.530047
15.07775,44.528647
15.077683,44.528778
15.077108,44.529322
15.077454,44.530916
15.077128,44.52944
15.077188,44.529519
15.077199,44.529842
15.077249,44.530085
15.07734,44.530182
15.067146,44.529537
15.067037,44.529551
15.066833,44.529599
15.0666,44.529675
15.06645,44.52976
15.066258,44.529845
15.066188,44.529942
15.066089,44.530015
15.06602,44.530087
15.065975,44.530121
15.065823,44.530193
15.065762,44.530302
15.071923,44.527003
15.071899,44.526577
15.072021,44.526906
15.072241,44.526714
15.072571,44.527379
15.072581,44.526916
15.072826,44.527415
15.072641,44.527038
15.072943,44.526961
15.072709,44.52718
15.07298,44.526859
15.072673,44.527238
15.07326,44.526801
15.073093,44.526747
15.073216,44.526562
15.073258,44.526466
15.074412,44.5266
15.074895,44.526501
15.074353,44.526659
15.07453,44.527173
15.074176,44.527145
15.074775,44.527397
15.074381,44.527379
15.075008,44.527556
15.074231,44.527409
15.075045,44.527708
15.074056,44.527466
15.0749,44.527744
15.074074,44.52822
15.074689,44.527787
15.074438,44.527836
15.074874,44.527929
15.074513,44.527992
15.075058,44.527992
15.074659,44.528146
15.074833,44.528236
15.075472,44.528229
15.075095,44.528339
15.07529,44.528429
15.075438,44.526825
15.075428,44.526558
15.075563,44.526745
15.075624,44.526459
15.075874,44.526665
15.076073,44.526543
15.076185,44.526455
15.076304,44.526418
15.07647,44.526159
15.076595,44.526084
15.076658,44.526049
15.076721,44.525968
15.076927,44.525784
15.792212,44.688864
15.792157,44.689025
15.792259,44.688141
15.789165,44.685581
15.788408,44.685171
15.786193,44.683549
15.347704,44.678863
15.355909,44.693005
15.355137,44.693883
15.364869,44.690322
15.367595,44.691702
15.727847,44.475353
15.734145,44.468623
15.733789,44.468209
15.733389,44.468187
15.710454,44.466043
15.718755,44.46703
15.719077,44.467002
15.725708,44.458027
15.725126,44.457852
15.724676,44.457185
15.725495,44.456411
15.725538,44.456302
15.725238,44.45618
15.725404,44.456025
15.726674,44.452025
15.739083,44.445491
15.740865,44.445471
15.742358,44.444209
15.743047,44.443949
15.743207,44.443809
15.751291,44.44591
15.751477,44.445958
15.751608,44.446026
15.752462,44.447342
15.752531,44.447419
15.752729,44.447825
15.754977,44.450328
15.755273,44.450581
15.755326,44.451181
15.755265,44.451243
15.754769,44.452003
15.755013,44.458083
15.755269,44.458174
15.431084,44.662898
15.707293,44.752327
15.708025,44.752485
15.70975,44.750425
15.710635,44.74948
15.7108,44.749418
15.711059,44.749327
15.710581,44.749023
15.711296,44.750416
15.711302,44.75088
15.712133,44.75092
15.712811,44.750793
15.712002,44.751603
15.712138,44.751538
15.713107,44.749394
15.712978,44.749209
15.712827,44.74896
15.713316,44.74896
15.713753,44.748866
15.713969,44.748913
15.713825,44.749008
15.713143,44.747729
15.713608,44.746896
15.716784,44.746453
15.717212,44.746416
15.717817,44.745699
15.716253,44.745483
15.718007,44.744743
15.717997,44.744561
15.713469,44.746002
15.713383,44.746174
15.713637,44.745836
15.713471,44.745691
15.440544,44.7268
15.458409,44.722617
15.477341,44.722566
15.44542,44.69359
15.477957,44.707152
15.482899,44.711926
15.493031,44.705168
15.474504,44.701415
15.482771,44.685477
15.408802,44.744871
15.42736,44.731381
15.101612,44.544592
15.084839,44.555228
15.120341,44.839071
15.11942,44.839629
15.119115,44.839632
15.119154,44.839429
15.120756,44.83773
15.121296,44.836508
15.123684,44.834816
15.12386,44.834606
15.123355,44.834572
15.123975,44.836082
15.124139,44.836682
15.124137,44.834504
15.124791,44.833704
15.123641,44.835262
15.123984,44.835342
15.123857,44.835078
15.13184,44.832968
15.131629,44.832908
15.132419,44.832325
15.13204,44.832028
15.132702,44.832169
15.140069,44.828393
15.138669,44.827941
15.138023,44.827664
15.137297,44.829199
15.137806,44.826977
15.138712,44.82717
15.138686,44.827013
15.138849,44.827169
15.139771,44.827036
15.140138,44.827095
15.140963,44.827132
15.141399,44.826954
15.141562,44.827207
15.141784,44.826763
15.141936,44.826587
15.141588,44.826494
15.141453,44.826014
15.141183,44.825648
15.140856,44.825693
15.139369,44.825575
15.139747,44.825634
15.139955,44.825793
15.139436,44.825795
15.136469,44.825717
15.135263,44.82521
15.135169,44.82539
15.134654,44.825293
15.134812,44.825517
15.13433,44.825279
15.134378,44.825093
15.133134,44.824823
15.132674,44.824948
15.131957,44.824849
15.13187,44.824899
15.131438,44.824383
15.131121,44.824248
15.129967,44.824051
15.128424,44.824483
15.127832,44.824678
15.128301,44.825213
15.12714,44.825311
15.127772,44.825712
15.119276,44.824259
15.118976,44.824046
15.119882,44.824955
15.11862,44.82435
15.118532,44.824278
15.11636,44.825166
15.119534,44.826663
15.119138,44.826687
15.135399,44.825298
15.136528,44.825098
15.137337,44.825134
15.138473,44.824721
15.139132,44.825014
15.140301,44.825107
15.139828,44.824783
15.139231,44.824878
15.140411,44.825345
15.140369,44.824006
15.135418,44.822905
15.134675,44.823338
15.136863,44.822251
15.141232,44.824988
15.141369,44.825205
15.141495,44.825032
15.142228,44.824668
15.142063,44.82435
15.141957,44.824201
15.141766,44.823909
15.142029,44.823836
15.141935,44.823633
15.14182,44.823785
15.141488,44.823681
15.141684,44.824862
15.141693,44.822862
15.141285,44.822632
15.141327,44.822533
15.140071,44.822631
15.140475,44.822044
15.139731,44.82121
15.140489,44.820659
15.141404,44.820862
15.142121,44.820672
15.141802,44.820614
15.140183,44.819182
15.140669,44.818911
15.140241,44.818514
15.140937,44.818439
15.142519,44.825055
15.14268,44.825119
15.143357,44.825857
15.143503,44.825345
15.143397,44.825355
15.145276,44.826218
15.144783,44.826123
15.145445,44.825957
15.14376,44.824714
15.145881,44.824161
15.145133,44.823401
15.147209,44.822183
15.148016,44.821631
15.147358,44.821823
15.147711,44.821867
15.147885,44.821351
15.147771,44.82149
15.148325,44.822004
15.14833,44.82176
15.148348,44.821477
15.149124,44.820365
15.150371,44.820332
15.150082,44.820036
15.147913,44.824828
15.149154,44.824264
15.150448,44.823774
15.148314,44.82392
15.148064,44.823958
15.150098,44.823343
15.150516,44.823367
15.151116,44.823551
15.151315,44.823548
15.150661,44.823396
15.150836,44.823465
15.150811,44.823648
15.151092,44.823302
15.151944,44.823135
15.159778,44.822562
15.159919,44.822442
15.159358,44.822697
15.159093,44.822431
15.160747,44.822442
15.160469,44.822478
15.16096,44.822287
15.160326,44.822688
15.159948,44.82272
15.162792,44.820324
15.164474,44.820177
15.163971,44.820153
15.164709,44.819308
15.164512,44.819307
15.166695,44.81828
15.166977,44.818164
15.167258,44.818073
15.167236,44.818656
15.167371,44.818438
15.167617,44.81838
15.16749,44.818521
15.167585,44.818855
15.168713,44.817634
15.169628,44.817359
15.169863,44.817578
15.734678,44.502468
15.735271,44.501907
15.735148,44.50166
15.734021,44.501708
15.729013,44.502293
15.731529,44.497606
15.731663,44.497397
15.73205,44.497634
15.731899,44.497312
15.731511,44.497108
15.729352,44.494762
15.729195,44.494352
15.740043,44.490295
15.721783,44.49204
15.721285,44.491921
15.720844,44.491495
15.718403,44.492449
15.718232,44.492552
15.718325,44.490097
15.712577,44.489752
15.713879,44.488543
15.7109,44.485769
15.712502,44.48268
15.71239,44.482158
15.716177,44.483469
15.721464,44.485203
15.717566,44.482616
15.715789,44.480312
15.714579,44.480272
15.697375,44.464909
15.383426,44.675122
15.383104,44.678683
15.382087,44.679406
15.381811,44.679859
15.382501,44.679743
15.380685,44.681279
15.380392,44.681828
15.380717,44.682744
15.37549,44.681697
15.377195,44.683307
15.380921,44.688287
15.392799,44.684521
15.398582,44.679139
15.244442,44.972204
15.233491,44.975929
15.226164,44.977085
15.225973,44.97668
15.224535,44.97733
15.221709,44.979535
15.217294,44.984069
15.218324,44.985049
15.219904,44.984238
15.223902,44.981769
15.172352,44.991819
15.17232,44.99221
15.179478,44.998666
15.178956,44.998419
15.184914,45.003494
15.189535,45.003079
15.19088,45.002799
15.190927,45.002595
15.190041,45.000284
15.186961,44.999722
15.18322,44.993087
15.183251,44.992815
15.182549,44.992377
15.182291,44.992405
15.182603,44.992604
15.180663,44.989948
15.180336,44.990087
15.181146,44.989905
15.180872,44.990092
15.187881,44.992067
15.187093,44.992003
15.187888,44.991465
15.188202,44.991094
15.197698,44.988502
15.200002,44.988381
15.199835,44.988136
15.200411,44.987755
15.200945,44.988088
15.201367,44.987994
15.201006,44.987777
15.200529,44.988168
15.200733,44.988615
15.201686,44.989196
15.200567,44.988976
15.201328,44.988912
15.204668,44.987993
15.205063,44.987831
15.207838,44.987712
15.208973,44.98714
15.108984,44.539083
15.108453,44.539339
15.103153,44.543147
15.403775,44.470553
15.348692,44.530012
15.348286,44.526934
15.348279,44.52673
15.347957,44.527152
15.347233,44.526854
15.347161,44.52637
15.349326,44.524687
15.34963,44.524174
15.349584,44.523869
15.349492,44.523478
15.348776,44.523484
15.349201,44.522694
15.338088,44.519427
15.339935,44.51995
15.340284,44.519518
15.339597,44.518673
15.341079,44.5183
15.341039,44.518614
15.341331,44.518537
15.342902,44.517672
15.343174,44.517205
15.342458,44.51758
15.342671,44.517486
15.342147,44.516641
15.342648,44.516596
15.343583,44.514783
15.342715,44.514488
15.332492,44.516312
15.332274,44.516141
15.332518,44.5158
15.331685,44.515756
15.330531,44.515373
15.329376,44.514912
15.32965,44.51499
15.329028,44.515046
15.328009,44.514682
15.328439,44.514571
15.327637,44.51471
15.327294,44.514487
15.327022,44.514434
15.326983,44.514128
15.320055,44.512553
15.318265,44.511893
15.318012,44.511769
15.317608,44.511793
15.454743,44.499037
15.459141,44.496292
15.461294,44.491122
15.466745,44.486105
15.46933,44.48245
15.469637,44.482284
15.471627,44.481391
15.460566,44.488476
15.462698,44.487294
15.462335,44.487547
15.448576,44.484943
15.448406,44.484625
15.45328,44.486904
15.451399,44.487582
15.449295,44.486692
15.457003,44.487581
15.449132,44.49086
15.447052,44.492372
15.450435,44.49149
15.451253,44.491889
15.450543,44.492472
15.452252,44.482883
15.450004,44.481517
15.207215,44.825283
15.20988,44.823972
15.210598,44.823649
15.210075,44.823916
15.211136,44.821365
15.215028,44.821879
15.21495,44.820894
15.214679,44.821314
15.21696,44.821305
15.219506,44.820321
15.218081,44.817694
15.222014,44.819377
15.22208,44.819764
15.223664,44.822416
15.22148,44.820117
15.222591,44.818605
15.226799,44.816815
15.17301,44.817132
15.176773,44.816074
15.177202,44.81694
15.177491,44.816439
15.177606,44.817294
15.177715,44.816282
15.181695,44.817555
15.181822,44.817048
15.183912,44.816708
15.184666,44.817962
15.185483,44.818008
15.188253,44.818795
15.186734,44.818499
15.188447,44.818849
15.189249,44.819323
15.189624,44.819185
15.189965,44.819187
15.189729,44.819043
15.190113,44.818972
15.193293,44.81957
15.206728,44.819687
15.199415,44.824764
15.16163,44.854362
15.161863,44.854049
15.16087,44.855222
15.160553,44.855469
15.160402,44.855722
15.164421,44.851828
15.164209,44.852104
15.164171,44.851082
15.164633,44.851202
15.164892,44.85077
15.165214,44.850921
15.16561,44.850911
15.165776,44.851513
15.165737,44.850003
15.165928,44.850159
15.165831,44.849173
15.168158,44.848707
15.169152,44.848246
15.172969,44.845787
15.172685,44.84601
15.173015,44.845635
15.174677,44.844599
15.177456,44.844209
15.184586,44.847096
15.185029,44.847576
15.185577,44.847616
15.19069,44.842371
15.176926,44.841257
15.180258,44.839854
15.186547,44.835099
15.187064,44.83466
15.186963,44.834796
15.187312,44.834092
15.188169,44.834
15.19242,44.831231
15.199704,44.828384
15.200479,44.824339
15.204108,44.826503
15.347363,44.650962
15.340172,44.651134
15.336869,44.654742
15.334349,44.659261
15.33617,44.659828
15.356077,44.660016
15.358705,44.660695
15.360296,44.661192
15.347688,44.667479
15.347198,44.667523
15.341082,44.671274
15.340444,44.672342
15.341307,44.67189
15.341691,44.672364
15.693237,44.768069
15.691862,44.767571
15.693413,44.768074
15.700901,44.769589
15.701727,44.769067
15.702518,44.768025
15.703719,44.766729
15.704095,44.766812
15.704487,44.766386
15.704089,44.765824
15.704324,44.765905
15.704315,44.766078
15.704569,44.765916
15.704755,44.766184
15.704723,44.765712
15.705531,44.765881
15.70572,44.765823
15.706807,44.765387
15.706967,44.765325
15.707159,44.765273
15.707381,44.765234
15.707733,44.765258
15.707784,44.764987
15.708091,44.765054
15.708343,44.764942
15.709304,44.764633
15.709781,44.764742
15.710534,44.764644
15.714669,44.768577
15.714955,44.768816
15.71533,44.768992
15.71556,44.769043
15.715797,44.768523
15.716274,44.769129
15.717144,44.767562
15.717403,44.767548
15.717511,44.767629
15.717662,44.767536
15.718031,44.767478
15.718251,44.767557
15.718355,44.767553
15.718503,44.767416
15.719167,44.767418
15.719631,44.767392
15.720231,44.767101
15.720179,44.766898
15.720524,44.767005
15.721502,44.76755
15.721849,44.767527
15.721871,44.767362
15.721955,44.767306
15.721658,44.767223
15.721546,44.767014
15.727571,44.769083
15.729062,44.768674
16.008236,44.569371
16.005805,44.573662
16.009476,44.583552
16.008869,44.583311
16.005013,44.583434
15.993484,44.583478
15.993017,44.583362
15.990677,44.584327
15.995325,44.589351
15.995966,44.588364
16.002439,44.587557
16.003232,44.591029
16.003432,44.590989
16.006983,44.596965
16.005891,44.598782
16.005591,44.599003
16.006491,44.603589
16.006377,44.603766
16.000773,44.600733
15.998863,44.607203
15.999056,44.60769
15.999297,44.607856
15.764644,44.522934
15.766109,44.523454
15.766533,44.523446
15.773126,44.52507
15.773278,44.524797
15.771591,44.525167
15.774858,44.524047
15.78191,44.509491
15.781969,44.509289
15.781342,44.505958
15.776744,44.505337
15.776233,44.505483
15.77613,44.505572
15.775648,44.50505
15.776105,44.505089
15.770865,44.499297
15.764002,44.51375
15.764822,44.515503
15.765346,44.515436
15.765976,44.516693
15.765647,44.516834
14.880409,44.558936
14.880901,44.558611
14.882332,44.558295
14.882567,44.558286
14.882426,44.558115
14.882809,44.558313
14.882653,44.558475
14.882839,44.558347
14.886259,44.549035
14.885994,44.549194
14.885926,44.548904
14.885624,44.549196
14.886373,44.548854
14.884884,44.549024
14.885634,44.548834
14.884765,44.548827
14.88465,44.548967
14.88593,44.548494
14.88524,44.555245
14.885808,44.555427
14.887022,44.549648
14.886845,44.549819
14.887325,44.549872
14.8876,44.550275
14.887757,44.550172
14.887907,44.550066
14.888031,44.550216
14.888523,44.550306
14.889585,44.550605
14.884449,44.554938
14.884529,44.554968
14.88516,44.554916
14.885279,44.554271
14.885259,44.554754
14.885263,44.554087
14.885408,44.554646
14.885461,44.553981
14.885489,44.554473
14.885254,44.55393
14.885709,44.554321
14.885802,44.554249
14.885913,44.554055
14.885699,44.554023
14.886012,44.553949
14.886411,44.557762
14.886671,44.557764
14.886436,44.557833
14.886308,44.558081
14.887322,44.558906
14.887437,44.559048
14.887442,44.559245
14.886777,44.556022
14.887003,44.556448
14.886897,44.556179
14.88717,44.556517
14.887338,44.556048
14.887424,44.55641
14.887455,44.556202
14.887672,44.556406
14.887719,44.556156
14.887786,44.556618
14.888036,44.556246
14.887829,44.556569
14.888308,44.556304
14.888088,44.556535
14.888581,44.556357
14.888448,44.556653
14.888828,44.556748
14.889335,44.556559
14.889299,44.556745
14.880092,44.558765
14.879909,44.558834
14.879444,44.558918
14.879195,44.55891
14.879833,44.559158
14.879075,44.559104
14.878752,44.559161
14.879018,44.559398
14.879065,44.559627
14.878283,44.559039
14.878628,44.55933
14.87878,44.559452
14.878143,44.559271
14.884919,44.552879
14.884743,44.552365
14.884802,44.552233
14.885273,44.552096
14.885355,44.551899
14.885438,44.551752
14.88578,44.551815
14.885498,44.551601
14.885893,44.551671
14.885004,44.551519
14.886211,44.551813
14.885191,44.550985
14.886066,44.551345
14.885289,44.550395
14.88565,44.551255
14.885701,44.551092
14.886135,44.551163
14.88507,44.549948
14.885638,44.550804
14.88582,44.549784
14.885716,44.550675
14.885955,44.549554
14.885895,44.550457
14.886795,44.548895
14.886111,44.550119
14.886295,44.550149
14.886425,44.549963
14.89373,44.543971
14.88652,44.549776
14.886725,44.549503
14.889697,44.556646
14.889374,44.556482
14.889625,44.55649
14.890005,44.55643
14.889503,44.556109
14.889768,44.556241
14.889694,44.556202
14.890619,44.556708
14.889893,44.556108
14.883996,44.555462
14.883068,44.55891
14.884186,44.558405
14.884169,44.558527
14.88382,44.558865
14.883139,44.55924
14.883577,44.559527
14.882792,44.55925
14.882597,44.559347
14.882709,44.559689
14.882592,44.559858
14.882402,44.559929
14.884369,44.557962
14.884558,44.557378
14.884269,44.558013
14.884322,44.558834
14.884609,44.557771
14.884316,44.559013
14.884526,44.55792
14.884523,44.557972
14.884794,44.558189
14.8846,44.558335
14.88426,44.559995
14.884989,44.558528
14.884451,44.560203
14.884759,44.55854
14.884741,44.558803
14.884752,44.55897
14.884659,44.559151
14.885165,44.559281
14.884916,44.559316
14.884554,44.559549
14.884685,44.559839
14.884704,44.559992
14.885048,44.560672
14.884675,44.561463
14.885317,44.562033
14.884815,44.561852
14.885121,44.562751
14.884309,44.562691
14.884115,44.562458
14.88304,44.557249
14.883125,44.556916
14.883205,44.557056
14.883686,44.557193
14.883878,44.556326
14.879732,44.560646
14.879998,44.560719
14.880235,44.560619
14.880106,44.56091
14.880288,44.560789
14.880538,44.560949
14.881113,44.558547
14.880985,44.558789
14.8806,44.559188
14.880257,44.559292
14.8801,44.559512
14.880385,44.55957
14.882808,44.557023
14.880253,44.559659
14.882591,44.557103
14.879857,44.55963
14.883211,44.557416
14.880047,44.559804
14.882967,44.557574
14.882686,44.557449
14.879642,44.559695
14.882405,44.557533
14.879839,44.559923
14.879425,44.559626
14.879388,44.559872
14.881579,44.558278
14.879487,44.560127
14.879279,44.560222
14.885702,44.556467
14.885715,44.556399
14.885649,44.556378
14.885486,44.556408
14.87788,44.559321
14.878241,44.55961
14.890515,44.554717
14.890573,44.555276
14.890567,44.554566
14.890572,44.554392
14.890896,44.555155
14.89093,44.554539
14.890884,44.554651
14.890978,44.55492
14.891454,44.554885
14.89267,44.554635
14.893059,44.55461
14.885688,44.556273
14.886078,44.556366
14.886112,44.556385
14.886318,44.556417
14.885943,44.556598
14.885974,44.556547
14.884532,44.555318
14.884533,44.555263
14.884794,44.555354
14.884849,44.555263
14.884908,44.555188
14.885055,44.555222
14.885101,44.555161
14.884994,44.555071
14.885027,44.555018
14.887238,44.553453
14.887516,44.553524
14.887759,44.553567
14.887911,44.553357
14.888066,44.553705
14.887862,44.553112
14.888206,44.55337
14.885186,44.555679
14.88544,44.555615
14.885407,44.555665
14.88538,44.555713
14.885333,44.555801
14.88552,44.555879
14.885523,44.5558
14.8856,44.555802
14.885597,44.555865
14.885647,44.54954
14.885548,44.549979
14.885216,44.54965
14.885192,44.5494
14.884053,44.549201
14.885129,44.549369
14.884983,44.549285
14.884967,44.549551
14.884716,44.54941
14.885005,44.552548
14.885761,44.552814
14.886527,44.553303
14.886645,44.553363
14.883351,44.556446
14.88097,44.560741
14.881146,44.561288
14.881166,44.560954
14.885985,44.550745
14.88645,44.550558
14.886761,44.550765
14.886972,44.550465
14.887191,44.550224
14.886667,44.556515
14.885857,44.556961
14.887362,44.556805
14.885615,44.557289
14.886685,44.556715
14.885402,44.557306
14.886523,44.556856
14.885246,44.55735
14.886871,44.55688
14.885263,44.557298
14.886716,44.557066
14.885277,44.557252
14.886264,44.556902
14.886205,44.556954
14.885064,44.557346
14.886062,44.55703
14.884981,44.557327
14.88605,44.55709
14.885942,44.55719
14.886033,44.557345
14.886058,44.557278
14.885448,44.55758
14.884953,44.557453
14.884931,44.55706
14.884903,44.55731
14.885061,44.557893
14.885201,44.557654
14.885079,44.558074
14.885779,44.558034
14.885651,44.558572
14.885558,44.558134
14.885454,44.558828
14.88568,44.558241
14.885739,44.558699
14.885945,44.558955
14.886191,44.558769
14.886349,44.558689
14.886317,44.559269
14.886392,44.558912
14.886521,44.558694
14.886533,44.559046
14.886664,44.559164
14.886764,44.559325
14.887057,44.559934
14.887255,44.559679
14.887162,44.560244
14.886533,44.555193
14.886268,44.554999
14.886922,44.555179
14.886214,44.55455
14.886487,44.554943
14.886266,44.554488
14.886676,44.554776
14.886284,44.554341
14.886686,44.554611
14.886343,44.554082
14.887141,44.55436
14.886428,44.553946
14.886837,44.55408
14.886514,44.553859
14.887274,44.554208
14.887157,44.553719
14.88734,44.55332
14.887178,44.552847
14.887487,44.553206
14.887296,44.552649
14.88751,44.553117
14.887701,44.552771
14.888173,44.552938
14.888274,44.552358
14.888596,44.552318
14.886413,44.557209
14.886328,44.557401
14.886956,44.557702
14.887209,44.557762
14.887185,44.556978
14.886898,44.557328
14.888283,44.557817
14.887496,44.557311
14.887139,44.557442
14.888201,44.558288
14.887181,44.557198
14.888112,44.558443
14.888026,44.558608
14.888165,44.557474
14.888484,44.557489
14.888562,44.55737
14.889754,44.557506
14.883959,44.556538
14.884057,44.556383
14.884348,44.556544
14.884413,44.556314
14.884427,44.556392
14.884626,44.556274
14.884773,44.556108
14.885037,44.556527
14.883718,44.557389
14.883815,44.557425
14.88392,44.557462
14.88359,44.5578
14.883521,44.557874
14.883355,44.558019
14.884334,44.5573
14.883032,44.557961
14.883226,44.558143
14.884336,44.557508
14.883126,44.558269
14.884338,44.55761
14.88434,44.557662
14.88435,44.55772
14.889681,44.554827
14.889642,44.554268
14.886494,44.552896
14.886553,44.552702
14.886636,44.552307
14.886697,44.552172
14.886939,44.552626
14.886953,44.552459
14.886969,44.552292
14.886964,44.551671
14.887117,44.552113
14.887054,44.551522
14.887072,44.55133
14.887263,44.551178
14.885456,44.556809
14.885391,44.556853
14.885457,44.556878
14.885544,44.556947
14.885505,44.557087
14.885426,44.557122
14.882239,44.558822
14.881719,44.559192
14.887182,44.547672
14.886271,44.548138
14.89192,44.554614
14.892033,44.554464
14.883768,44.558421
14.893674,44.540302
14.898412,44.53932
14.897989,44.537887
14.898143,44.537084
14.898155,44.536662
14.897951,44.536758
14.897777,44.536655
14.897043,44.537072
14.89637,44.537003
14.896654,44.537051
14.896918,44.537189
14.89683,44.53728
14.896147,44.537127
14.896516,44.537331
14.896169,44.537373
14.896572,44.537533
14.896079,44.537492
14.895801,44.537434
14.896407,44.537693
15.710797,44.875568
15.711034,44.875443
15.711342,44.874949
15.712783,44.874126
15.712988,44.874031
15.713252,44.873914
15.713542,44.873689
15.714555,44.873076
15.714914,44.872884
15.715925,44.872505
15.716558,44.872536
15.716301,44.872121
15.716704,44.872235
15.716923,44.872113
15.71741,44.872314
15.717276,44.87197
15.717145,44.871521
15.717863,44.871623
15.717932,44.871466
15.718153,44.8714
15.71833,44.871201
15.718596,44.871146
15.719149,44.870782
15.719434,44.870667
15.719775,44.870453
15.720388,44.869701
15.721296,44.869177
15.722042,44.868776
15.417262,44.516908
15.419135,44.516465
15.421036,44.51518
15.421456,44.515023
15.420813,44.515677
15.422581,44.514942
15.421678,44.515335
15.421383,44.513648
15.419973,44.512655
15.417588,44.508046
15.417697,44.50797
15.417818,44.507895
15.41793,44.507795
15.310622,44.51997
15.310893,44.519868
15.308833,44.518894
15.308452,44.518119
15.308176,44.517888
15.308014,44.517557
15.307721,44.517075
15.308229,44.518928
15.306155,44.515399
15.305353,44.514016
15.304157,44.510947
15.303888,44.510723
15.303682,44.510389
15.302391,44.509129
15.300495,44.504867
15.300124,44.505863
15.29957,44.504994
15.299321,44.504053
15.77556,44.487025
15.77594,44.486812
15.775737,44.485949
15.776436,44.48533
15.776869,44.485112
15.777743,44.485025
15.777949,44.484719
15.780178,44.485059
15.781191,44.484409
15.781316,44.484351
15.781526,44.484343
15.781736,44.484214
15.782026,44.484049
15.782051,44.483914
15.782798,44.482908
15.783505,44.481256
15.783619,44.481051
15.784391,44.480619
15.784884,44.480038
15.785021,44.479316
15.785383,44.478395
15.794186,44.474738
15.794446,44.474591
15.794717,44.474417
15.813697,44.465162
15.81684,44.466166
15.817085,44.466423
15.817991,44.465885
15.817668,44.465835
15.818938,44.46591
15.821172,44.464928
15.800637,44.484374
15.800646,44.484529
15.8005,44.484526
15.929974,44.54874
15.929464,44.548565
15.929766,44.548512
15.929834,44.547891
15.931801,44.547034
15.931862,44.546485
15.936074,44.546924
15.927684,44.546541
15.927457,44.545961
15.927347,44.54591
15.927734,44.544104
15.928194,44.543815
15.927899,44.543853
15.929827,44.543323
15.92984,44.542992
15.929637,44.542676
15.931729,44.540421
15.931593,44.540576
15.931322,44.540975
15.931993,44.540308
15.93207,44.540184
15.933446,44.539832
15.933441,44.539352
15.933609,44.539442
15.933853,44.539479
15.934103,44.539743
15.934682,44.540065
15.929285,44.536724
15.92949,44.536627
15.929675,44.536484
15.929986,44.536146
15.930347,44.536081
15.930707,44.535753
15.931005,44.535603
15.931373,44.5353
15.93173,44.535058
15.931831,44.534946
15.932326,44.534501
15.932909,44.534008
15.932907,44.533845
15.933075,44.53371
15.933419,44.533303
15.933694,44.53305
15.933949,44.532884
15.934685,44.532026
15.935187,44.531643
15.935672,44.531107
15.935875,44.53105
15.935898,44.530521
15.935968,44.530423
15.936446,44.530247
15.93656,44.530212
15.936792,44.529583
15.937088,44.529654
15.937411,44.529375
15.937393,44.529019
15.937533,44.529294
15.937732,44.529125
15.937436,44.528856
15.937812,44.528892
15.938002,44.528795
15.938684,44.52872
15.938174,44.528168
15.937814,44.528233
15.938046,44.528314
15.938659,44.528056
15.938835,44.527955
15.939136,44.52768
15.939432,44.527469
15.939412,44.527344
15.9393,44.527012
15.939647,44.52704
15.939422,44.526879
15.939923,44.526881
15.939934,44.526746
15.940125,44.526547
15.940348,44.526396
15.94004,44.526136
15.940566,44.52598
15.940992,44.525336
15.941768,44.525852
15.941598,44.525803
15.941926,44.525907
15.942981,44.525317
15.717554,44.735036
15.717606,44.733497
15.7162,44.730564
15.714207,44.726531
15.712529,44.726586
15.710101,44.724526
15.709834,44.724559
15.709807,44.724301
15.709526,44.724439
15.707878,44.723625
15.707881,44.723825
15.707291,44.7239
15.707023,44.723602
15.706745,44.723312
15.706588,44.723251
15.706402,44.72326
15.710115,44.721556
15.710686,44.721907
15.710574,44.721782
15.712737,44.723336
15.714929,44.725832
15.716584,44.72622
15.236335,44.865717
15.237597,44.865036
15.2353,44.872101
15.236299,44.872308
15.235235,44.872386
15.236644,44.872665
15.235267,44.872747
15.236846,44.872858
15.235452,44.872559
15.237262,44.873312
15.237474,44.873575
15.23765,44.873744
15.236295,44.872868
15.237791,44.873908
15.236456,44.873023
15.237933,44.874061
15.23653,44.873109
15.238032,44.874283
15.236673,44.873255
15.238117,44.874477
15.236813,44.873418
15.238204,44.874652
15.236891,44.873499
15.237036,44.873665
15.23716,44.873824
15.23741,44.874083
15.237527,44.874269
15.237662,44.874421
15.237714,44.874583
15.237899,44.875132
15.229725,44.870315
15.230088,44.870046
15.23047,44.870035
15.22974,44.870394
15.230047,44.870277
15.230553,44.870158
15.229647,44.870615
15.230045,44.870463
15.230025,44.870547
15.229581,44.870756
15.229933,44.870676
15.229916,44.870729
15.229513,44.870894
15.229907,44.870859
15.229448,44.87102
15.229253,44.871362
15.229774,44.870932
15.22918,44.871464
15.22972,44.871057
15.229538,44.871526
15.229097,44.871567
15.229361,44.871699
15.228917,44.871615
15.229313,44.871898
15.229011,44.871777
15.233777,44.869721
15.233787,44.869635
15.23421,44.869461
15.234183,44.869598
15.233623,44.869965
15.232596,44.869803
15.234215,44.869837
15.233629,44.870506
15.233992,44.870255
15.233588,44.870714
15.233529,44.870874
15.233912,44.870562
15.233877,44.870784
15.237301,44.868526
15.237302,44.868335
15.237614,44.868367
15.237698,44.868627
15.237781,44.86839
15.237876,44.868639
15.238085,44.868666
15.23816,44.868431
15.238276,44.868669
15.238385,44.868437
15.238447,44.868706
15.23857,44.86844
15.238666,44.868743
15.238721,44.868446
15.23884,44.868693
15.238916,44.868411
15.238994,44.8687
15.239091,44.868458
15.239187,44.8687
15.239274,44.868459
15.239368,44.868741
15.239502,44.868463
15.239605,44.868694
15.2397,44.868457
15.239802,44.868693
15.23989,44.868398
15.240003,44.868743
15.240076,44.868457
15.240184,44.868689
15.240275,44.868368
15.240322,44.868692
15.240653,44.86843
15.229754,44.873567
15.229592,44.873895
15.228584,44.873547
15.229307,44.873962
15.228413,44.873469
15.228636,44.873963
15.228103,44.874467
15.228169,44.874688
15.228463,44.873819
15.228088,44.873596
15.227845,44.87366
15.22762,44.873846
15.227427,44.873863
15.227251,44.873914
15.227109,44.874005
15.233328,44.871517
15.233504,44.871889
15.232067,44.872384
15.231896,44.872646
15.231506,44.872814
15.231288,44.872867
15.231697,44.872405
15.231084,44.872951
15.230976,44.872982
15.230788,44.873015
15.231137,44.872658
15.230357,44.873144
15.231013,44.87249
15.230178,44.873317
15.230846,44.872747
15.230246,44.873561
15.230753,44.872392
15.230907,44.874438
15.230661,44.872811
15.231039,44.874751
15.230469,44.872868
15.231079,44.874953
15.230287,44.872924
15.231304,44.875117
15.229804,44.873337
15.231081,44.875353
15.231044,44.87554
15.231004,44.875671
15.230411,44.874392
15.230998,44.875802
15.230513,44.874587
15.230974,44.875934
15.230574,44.874747
15.230619,44.874878
15.230664,44.875046
15.230688,44.875197
15.230686,44.875385
15.230706,44.875816
15.230607,44.876126
15.231289,44.876548
15.232333,44.875998
15.23182,44.876878
15.233672,44.874721
15.232135,44.87683
15.232688,44.876655
15.234679,44.875923
15.232194,44.876463
15.233524,44.87611
15.235631,44.876079
15.234686,44.876237
15.235831,44.876145
15.2359,44.876166
15.23528,44.876272
15.236107,44.876246
15.23546,44.87633
15.236356,44.876381
15.236576,44.876487
15.236766,44.876652
15.236746,44.877027
15.237325,44.876869
15.237136,44.877109
15.237638,44.876987
15.237864,44.877041
15.237651,44.877294
15.238113,44.877112
15.238003,44.877376
15.23903,44.877257
15.235578,44.864121
15.235716,44.864286
15.235409,44.863878
15.235225,44.863606
15.235719,44.863424
15.235103,44.863455
15.235003,44.863291
15.234772,44.862981
15.234664,44.862815
15.234578,44.862682
15.257063,44.866292
15.25796,44.86689
15.256918,44.866512
15.258137,44.867268
15.257295,44.866598
15.258626,44.867368
15.258286,44.867635
15.258234,44.867914
15.257731,44.867231
15.258204,44.868066
15.257796,44.867411
15.25819,44.868212
15.25786,44.867579
15.258123,44.86857
15.257839,44.867732
15.25813,44.869011
15.257807,44.868017
15.25805,44.869609
15.257773,44.868197
15.257877,44.869889
15.257762,44.868293
15.257942,44.870137
15.257738,44.868546
15.257854,44.871372
15.257707,44.868734
15.257819,44.871548
15.257546,44.872209
15.257671,44.86945
15.257149,44.872918
15.257554,44.870294
15.256624,44.873681
15.25637,44.87414
15.257489,44.870664
15.254768,44.876237
15.257498,44.870914
15.255145,44.876399
15.257444,44.871613
15.255442,44.876678
15.257359,44.871891
15.255568,44.877859
15.257249,44.872077
15.255986,44.879022
15.256257,44.87895
15.256989,44.872376
15.256589,44.878857
15.257065,44.872511
15.256822,44.878768
15.256532,44.873117
15.255379,44.874452
15.255179,44.878105
15.258844,44.870927
15.260453,44.87041
15.260486,44.870719
15.2615,44.870347
15.261348,44.870585
15.262915,44.870307
15.263686,44.870345
15.238857,44.867693
15.239159,44.867976
15.238571,44.868045
15.238965,44.868166
15.239145,44.868167
15.239221,44.868145
15.239315,44.868146
15.239401,44.868146
15.239673,44.868172
15.239859,44.868173
15.253678,44.867393
15.254201,44.86743
15.254692,44.867483
15.254936,44.867491
15.23643,44.872306
15.23656,44.872333
15.236332,44.872001
15.23681,44.872428
15.23718,44.872767
15.23722,44.872952
15.237269,44.873034
15.253716,44.867941
15.253598,44.868273
15.237968,44.870451
15.237402,44.870175
15.237393,44.870323
15.237383,44.870484
15.238019,44.870682
15.237371,44.870713
15.236997,44.870761
15.238314,44.87033
15.237705,44.871096
15.238438,44.870611
15.238145,44.871227
15.238899,44.870651
15.238553,44.871016
15.239562,44.870617
15.239944,44.870587
15.238993,44.871096
15.240329,44.870531
15.240272,44.870223
15.240416,44.870198
15.239348,44.871083
15.24083,44.870414
15.239775,44.871071
15.24119,44.870801
15.241201,44.871232
15.230819,44.874
15.230635,44.874004
15.230302,44.873692
15.231368,44.874011
15.23052,44.87381
15.231428,44.874084
15.230742,44.873821
15.23205,44.874044
15.231315,44.873748
15.231783,44.873688
15.232121,44.873327
15.231176,44.869523
15.231826,44.8688
15.231619,44.86934
15.232596,44.868633
15.231885,44.869263
15.233123,44.868845
15.233386,44.868861
15.232151,44.869243
15.233958,44.868899
15.234466,44.868981
15.232587,44.869197
15.237832,44.869385
15.237783,44.869181
15.237976,44.869138
15.232659,44.869599
15.238088,44.869428
15.233611,44.869393
15.238328,44.869419
15.23441,44.86938
15.238558,44.869433
15.234898,44.869444
15.238731,44.86943
15.235245,44.869515
15.238891,44.869428
15.235474,44.869499
15.239129,44.869426
15.236434,44.869708
15.236663,44.869764
15.239365,44.869424
15.236951,44.869796
15.239613,44.86943
15.237186,44.869824
15.239835,44.869406
15.237908,44.870082
15.238108,44.869876
15.238396,44.869888
15.24023,44.86939
15.238675,44.869844
15.240512,44.869393
15.240646,44.869379
15.239105,44.869912
15.240802,44.869353
15.239211,44.869822
15.239469,44.869829
15.239684,44.869801
15.241433,44.869318
15.239863,44.869789
15.241696,44.869287
15.240001,44.869765
15.241965,44.86929
15.240245,44.869778
15.242171,44.869269
15.240524,44.869857
15.24201,44.868905
15.24075,44.86974
15.24234,44.869219
15.240893,44.869697
15.241328,44.86963
15.24254,44.869228
15.241697,44.869611
15.241926,44.869579
15.242536,44.86989
15.243091,44.869036
15.242492,44.869574
15.243032,44.869481
15.243291,44.869399
15.243692,44.869013
15.243558,44.869353
15.244362,44.868765
15.243766,44.869328
15.244712,44.868711
15.244052,44.869266
15.244901,44.86866
15.244508,44.869168
15.24521,44.868494
15.244865,44.868998
15.24549,44.868387
15.245131,44.868924
15.245783,44.868369
15.247071,44.868815
15.246234,44.868157
15.247327,44.868543
15.246535,44.868256
15.247631,44.868569
15.246657,44.868225
15.248007,44.868346
15.246831,44.868217
15.247149,44.868183
15.247383,44.868153
15.248675,44.868168
15.247475,44.868141
15.248846,44.868133
15.249057,44.868083
15.248412,44.867954
15.250081,44.867932
15.24966,44.868242
15.252471,44.867229
15.249046,44.867792
15.252629,44.867188
15.249197,44.867671
15.252807,44.86714
15.24941,44.867539
15.25307,44.867101
15.250028,44.867519
15.25404,44.86691
15.254552,44.866715
15.250155,44.86747
15.254755,44.866696
15.25021,44.867118
15.255177,44.866597
15.250465,44.867416
15.255369,44.866517
15.250621,44.867375
15.25578,44.866498
15.250764,44.86734
15.256357,44.866212
15.250863,44.867316
15.251089,44.867262
15.251578,44.867139
15.251775,44.866968
15.252201,44.866979
15.252703,44.866739
15.253493,44.866677
15.254078,44.866525
15.254251,44.866479
15.254905,44.866303
15.255415,44.866142
15.255863,44.866041
15.256246,44.865954
15.256693,44.865821
15.252132,44.86671
15.252038,44.86657
15.252013,44.866417
15.25195,44.86627
15.251797,44.866114
15.251702,44.866028
15.237523,44.873287
15.237898,44.873038
15.237902,44.873345
15.238174,44.87308
15.238126,44.873587
15.238309,44.873127
15.238204,44.87368
15.238369,44.873861
15.238504,44.873428
15.238605,44.874183
15.238772,44.873696
15.238681,44.874409
15.238834,44.873779
15.238641,44.874837
15.239145,44.874773
15.238794,44.875128
15.237595,44.864808
15.23768,44.864541
15.237401,44.864571
15.237056,44.864182
15.237744,44.864368
15.237405,44.864293
15.237793,44.864272
15.23753,44.864081
15.237918,44.864161
15.23762,44.863934
15.238083,44.863932
15.23796,44.863484
15.238075,44.863383
15.238712,44.863477
15.23823,44.863202
15.238957,44.86331
15.239164,44.862922
15.238744,44.86287
15.239287,44.862894
15.238593,44.861354
15.239909,44.862799
15.238543,44.861631
15.240203,44.862783
15.240435,44.862694
15.240623,44.862655
15.240801,44.863023
15.241011,44.862622
15.239797,44.862276
15.241249,44.862609
15.240124,44.862218
15.241618,44.862573
15.242248,44.862539
15.242726,44.862513
15.243153,44.862481
15.243696,44.862383
15.244336,44.862212
15.243966,44.862005
15.244766,44.862239
15.244314,44.861951
15.245069,44.862023
15.245303,44.861687
15.245303,44.861923
15.24554,44.8619
15.245842,44.86183
15.246227,44.861701
15.234258,44.867179
15.234249,44.866711
15.234124,44.86707
15.234139,44.86664
15.234018,44.866956
15.23433,44.866474
15.234348,44.866325
15.233828,44.866613
15.233952,44.866476
15.233575,44.866426
15.234044,44.866413
15.23419,44.866181
15.233894,44.866305
15.233666,44.866083
15.238281,44.867319
15.238384,44.867025
15.238494,44.867403
15.238743,44.867149
15.238705,44.867482
15.238962,44.867218
15.238929,44.867559
15.239195,44.867293
15.239422,44.867388
15.239274,44.867666
15.239546,44.867424
15.239516,44.867736
15.239795,44.86749
15.239744,44.867799
15.240031,44.86756
15.23988,44.867842
15.240274,44.867642
15.240096,44.867924
15.240387,44.867694
15.240322,44.868025
15.240616,44.867804
15.240429,44.868098
15.24079,44.867933
15.240957,44.868085
15.241006,44.868168
15.241153,44.868432
15.246041,44.868755
15.246443,44.86868
15.246033,44.868916
15.246519,44.868856
15.246146,44.869072
15.24656,44.869008
15.246211,44.869244
15.246614,44.869181
15.24625,44.869411
15.246705,44.869346
15.246278,44.86959
15.246808,44.869508
15.246907,44.869668
15.24634,44.870025
15.246607,44.870023
15.247058,44.869908
15.247884,44.869823
15.255516,44.865577
15.254925,44.86496
15.255343,44.865235
15.254843,44.864787
15.255259,44.865066
15.255314,44.864891
15.255211,44.864709
15.255157,44.864529
15.237332,44.868217
15.236772,44.867865
15.237397,44.868065
15.236863,44.867743
15.237466,44.86793
15.236979,44.86762
15.237529,44.867764
15.237103,44.867495
15.237603,44.86766
15.237288,44.867308
15.237665,44.867504
15.23745,44.867147
15.237757,44.867366
15.237881,44.867202
15.238365,44.866054
15.238184,44.866928
15.238267,44.866809
15.2389,44.866688
15.239104,44.866833
15.257285,44.865882
15.257717,44.865589
15.257237,44.865506
15.257869,44.865491
15.25744,44.865382
15.258089,44.865299
15.257653,44.865239
15.258431,44.86506
15.258882,44.864744
15.258145,44.864875
15.263122,44.861933
15.25829,44.864786
15.258186,44.864398
15.260159,44.863201
15.260128,44.861569
15.260851,44.861443
15.261036,44.86124
15.262233,44.862054
15.262568,44.86182
15.262756,44.861679
15.26301,44.861517
15.263121,44.861415
15.263495,44.861248
15.263992,44.859988
15.194026,44.88656
15.214444,44.870499
15.213757,44.868822
15.214776,44.870434
15.213993,44.867775
15.214985,44.870451
15.214043,44.867022
15.21402,44.869656
15.213835,44.86648
15.213713,44.869352
15.21561,44.864238
15.213563,44.866662
15.216083,44.863469
15.216375,44.863933
15.215293,44.862801
15.216783,44.86328
15.212996,44.87068
15.212652,44.870626
15.220031,44.871662
15.211699,44.870543
15.210714,44.870118
15.218643,44.871938
15.209157,44.86879
15.216225,44.871839
15.21598,44.871793
15.20889,44.869087
15.214175,44.871327
15.208355,44.869165
15.213577,44.872691
15.20895,44.869755
15.213648,44.872344
15.208497,44.869892
15.213746,44.871141
15.208339,44.869893
15.21243,44.870852
15.21181,44.870793
15.206541,44.870458
15.211206,44.870708
15.206394,44.870486
15.210978,44.870631
15.206083,44.870673
15.210528,44.870454
15.205807,44.870839
15.205112,44.871497
15.204511,44.871438
15.204595,44.872216
15.204012,44.871552
15.204072,44.873125
15.203532,44.87144
15.203944,44.873332
15.203392,44.870659
15.203942,44.871842
15.203125,44.870514
15.203505,44.871821
15.202827,44.870493
15.202962,44.871772
15.202683,44.871741
15.210318,44.873494
15.210722,44.873025
15.211398,44.872159
15.210027,44.873588
15.211638,44.871742
15.20989,44.873271
15.2101,44.872964
15.211689,44.871439
15.210347,44.872849
15.211489,44.871181
15.210561,44.872259
15.211328,44.871875
15.241535,44.870504
15.241495,44.86996
15.241684,44.870597
15.241873,44.870266
15.24184,44.870672
15.242404,44.870691
15.241983,44.870754
15.242549,44.870784
15.242166,44.87086
15.242768,44.870858
15.242333,44.870996
15.242863,44.870957
15.24264,44.871143
15.242584,44.871434
15.242492,44.871936
15.242996,44.871039
15.242876,44.871369
15.24315,44.871122
15.24315,44.871398
15.243309,44.871205
15.243287,44.871539
15.243442,44.871277
15.243571,44.871383
15.243808,44.871436
15.244282,44.871742
15.243714,44.871826
15.244254,44.872057
15.243812,44.872031
15.243889,44.872152
15.233075,44.866903
15.233198,44.867145
15.233185,44.867352
15.232877,44.866982
15.232955,44.867241
15.232688,44.867066
15.232828,44.867292
15.23246,44.867192
15.232702,44.867356
15.232212,44.867296
15.228857,44.87186
15.228985,44.872105
15.228529,44.87183
15.228748,44.872169
15.227954,44.871827
15.227757,44.871727
15.228277,44.872428
15.227488,44.871669
15.228395,44.872055
15.227227,44.871615
15.228084,44.872021
15.228023,44.872365
15.2268,44.871458
15.227648,44.871971
15.22662,44.871331
15.227294,44.871912
15.227097,44.871908
15.227115,44.871845
15.226312,44.87107
15.226854,44.872026
15.226189,44.870987
15.22681,44.871826
15.226672,44.872051
15.225859,44.870771
15.226549,44.871722
15.224482,44.870287
15.226437,44.871562
15.226384,44.871489
15.22421,44.87025
15.226301,44.87141
15.226115,44.871391
15.226141,44.871275
15.219767,44.871928
15.226009,44.871175
15.219136,44.872222
15.225864,44.871094
15.21871,44.872296
15.225703,44.870985
15.22549,44.870831
15.225335,44.870775
15.217313,44.872723
15.225164,44.870664
15.216894,44.872751
15.224838,44.870587
15.216792,44.872812
15.224637,44.870635
15.216564,44.87288
15.224289,44.87046
15.215262,44.872997
15.224065,44.870429
15.214649,44.873091
15.223769,44.870395
15.213719,44.873316
15.223573,44.870485
15.213198,44.873591
15.223387,44.870426
15.212904,44.873744
15.222367,44.870901
15.222128,44.870853
15.202464,44.876005
15.221846,44.871068
15.221548,44.871105
15.221167,44.871314
15.202621,44.877139
15.220993,44.871405
15.202679,44.877509
15.220547,44.871739
15.202442,44.877772
15.220496,44.871784
15.220249,44.87194
15.220062,44.872056
15.218991,44.872534
15.218843,44.872679
15.218663,44.872593
15.217722,44.872892
15.216745,44.873242
15.216302,44.873253
15.215633,44.873392
15.215405,44.873427
15.215087,44.873448
15.214685,44.873403
15.214277,44.873499
15.213929,44.873567
15.213534,44.873784
15.213272,44.873933
15.213054,44.874018
15.212765,44.874142
15.211759,44.874509
15.210279,44.874533
15.204181,44.877214
15.204122,44.877663
15.203447,44.877872
15.202646,44.878154
15.229634,44.869652
15.22935,44.869851
15.228974,44.868828
15.229086,44.869046
15.22894,44.869448
15.22885,44.868475
15.228588,44.868613
15.228822,44.868395
15.228788,44.86822
15.228431,44.868429
15.228682,44.868009
15.228445,44.868275
15.228356,44.868082
15.228519,44.867689
15.228146,44.868024
15.228313,44.867762
15.227999,44.86805
15.228091,44.867796
15.227803,44.868062
15.227852,44.867815
15.227663,44.868075
15.227625,44.86779
15.227427,44.868087
15.227561,44.867795
15.227187,44.868043
15.227388,44.86781
15.226754,44.868915
15.223249,44.863478
15.223528,44.863768
15.225569,44.866985
15.22302,44.863085
15.224829,44.865678
15.224545,44.8656
15.224375,44.865499
15.22386,44.865052
15.223857,44.864916
15.222999,44.864206
15.222979,44.863991
15.222727,44.863376
15.222397,44.862687
15.221327,44.861547
15.220616,44.860621
15.220417,44.860388
15.219878,44.85971
15.219759,44.858793
15.219158,44.858855
15.21883,44.859178
15.21828,44.858625
15.217665,44.858661
15.217498,44.858905
15.210057,44.861066
15.207522,44.860621
15.205258,44.860772
15.205118,44.860659
15.204665,44.860932
15.204173,44.860878
15.202898,44.86037
15.201737,44.860968
15.201513,44.861114
15.201476,44.860664
15.201231,44.860732
15.200708,44.860925
15.200862,44.860784
15.200541,44.860639
15.198275,44.860774
15.197404,44.861081
15.19693,44.861175
15.19742,44.86045
15.197645,44.860351
15.233798,44.867387
15.232831,44.866641
15.233583,44.867145
15.23345,44.867014
15.232164,44.866902
15.233208,44.866699
15.233073,44.866597
15.232964,44.866475
15.23286,44.866368
15.232756,44.86626
15.232757,44.866076
15.232539,44.866396
15.232462,44.866521
15.232218,44.866613
15.235465,44.869774
15.235436,44.869924
15.235753,44.870004
15.236427,44.869892
15.234745,44.870146
15.234629,44.869898
15.235193,44.870189
15.234949,44.869922
15.235163,44.869943
15.235563,44.870468
15.235792,44.870474
15.253749,44.867761
15.254138,44.867782
15.25432,44.86784
15.255542,44.868204
15.234122,44.871674
15.233814,44.871349
15.23445,44.871616
15.23466,44.871636
15.234296,44.871431
15.234971,44.871678
15.235179,44.871669
15.235453,44.871361
15.235707,44.87135
15.235927,44.871315
15.229944,44.873999
15.229893,44.874307
15.229059,44.874376
15.229704,44.874332
15.229689,44.874613
15.229552,44.874512
15.229336,44.874438
15.22993,44.876985
15.230779,44.876969
15.229946,44.87721
15.230348,44.876951
15.230378,44.877136
15.230451,44.877377
15.229139,44.872196
15.229492,44.872194
15.229214,44.872307
15.230239,44.871945
15.22929,44.872446
15.229484,44.872652
15.229571,44.872765
15.229714,44.872811
15.229871,44.872917
15.23001,44.873015
15.234665,44.868917
15.234713,44.868482
15.234834,44.868327
15.234946,44.868132
15.234904,44.867728
15.23526,44.86783
15.236176,44.868063
15.236435,44.86794
15.237182,44.868871
15.236581,44.873916
15.236139,44.873979
15.236451,44.873777
15.236334,44.873616
15.233618,44.868591
15.234658,44.867464
15.234358,44.867466
15.234449,44.86727
15.234864,44.867328
15.234905,44.867249
15.235109,44.867029
15.234602,44.867086
15.235629,44.866408
15.235972,44.866229
15.235152,44.866492
15.234995,44.866471
15.236112,44.866134
15.236866,44.865705
15.235188,44.865652
15.237335,44.865417
15.237337,44.865233
15.237414,44.865264
15.236185,44.86579
15.358421,44.649199
15.353434,44.649836
15.351066,44.650955
15.357763,44.651888
15.160192,44.876286
15.160617,44.876368
15.160943,44.87724
15.161499,44.876866
15.159692,44.877722
15.162975,44.876831
15.162683,44.878752
15.16262,44.878873
15.162098,44.879668
15.161431,44.879857
15.16135,44.879883
15.159889,44.870903
15.155862,44.870587
15.155498,44.870775
15.155108,44.870923
15.155292,44.870991
15.154882,44.870645
15.149091,44.873371
15.154051,44.870551
15.14441,44.867659
15.142788,44.86759
15.142529,44.868088
15.142256,44.868213
15.141164,44.868639
15.140725,44.869102
15.139639,44.87037
15.129258,44.868438
15.127823,44.867988
15.129166,44.867904
15.125188,44.871393
15.123502,44.872845
15.126869,44.867631
15.126356,44.867679
15.125278,44.866355
15.125232,44.866596
15.124818,44.86648
15.124505,44.866363
15.124552,44.861899
15.126054,44.862135
15.125427,44.861757
15.123347,44.865983
15.123089,44.86596
15.122541,44.865908
15.121409,44.865929
15.120991,44.866119
15.120316,44.866224
15.12003,44.866298
15.114083,44.869578
15.113954,44.869811
15.1135,44.870281
15.112538,44.87021
15.113058,44.870393
15.112492,44.870537
15.112223,44.870971
15.151208,44.872236
15.140673,44.871369
15.130241,44.876134
15.130181,44.876087
15.129683,44.875838
15.129945,44.875671
15.124424,44.878264
15.123873,44.87819
15.122687,44.875976
15.769811,44.450782
15.771333,44.453997
15.788801,44.456174
15.788969,44.456264
15.807085,44.45357
15.763005,44.735411
15.762965,44.735006
15.764392,44.734319
15.764428,44.734169
15.764505,44.734326
15.766486,44.732858
15.766302,44.732651
15.76602,44.731412
15.766346,44.731442
15.767111,44.730602
15.767728,44.729966
15.768948,44.72249
15.769188,44.720909
15.769288,44.720569
15.768986,44.720091
15.772537,44.719923
15.773012,44.719676
15.24719,44.861526
15.2477,44.861065
15.248689,44.861806
15.24933,44.861655
15.252071,44.860701
15.250303,44.8596
15.25047,44.859056
15.25131,44.858732
15.251748,44.858431
15.2515,44.858217
15.252078,44.857884
15.252532,44.858001
15.252965,44.857682
15.252793,44.857476
15.252684,44.85794
15.252851,44.857101
15.254294,44.85678
15.255266,44.856312
15.255966,44.85632
15.255173,44.855942
15.255577,44.855496
15.255851,44.856957
15.255459,44.857597
15.255783,44.857824
15.255888,44.858198
15.254472,44.856416
15.254831,44.855864
15.255106,44.855503
15.255251,44.855313
15.255714,44.855287
15.255824,44.855075
15.256603,44.854059
15.257154,44.853568
15.257236,44.852137
15.256792,44.8529
15.256489,44.853651
15.258731,44.851706
15.257847,44.851492
15.258045,44.851747
15.258776,44.850461
15.25947,44.850736
15.259477,44.850047
15.260407,44.85048
15.260951,44.850436
15.263291,44.851196
15.263976,44.849712
15.266314,44.850672
15.266084,44.850219
15.266778,44.849792
15.267352,44.850104
15.266794,44.850317
15.267173,44.849407
15.267023,44.84855
15.269075,44.848871
15.269442,44.849948
15.269346,44.850417
15.26854,44.850838
15.268176,44.850624
15.268302,44.850163
15.265286,44.851353
15.265554,44.851804
15.266807,44.85212
15.268672,44.852973
15.268282,44.852911
15.271191,44.854088
15.25726,44.855596
15.257289,44.85522
15.257648,44.855371
15.25648,44.855662
15.257454,44.855584
15.256357,44.855719
15.257967,44.855336
15.258401,44.855722
15.25793,44.855615
15.26039,44.855128
15.26025,44.854902
15.261756,44.853644
15.262311,44.854562
15.262994,44.854253
15.263806,44.855241
15.263581,44.854482
15.264064,44.854555
15.263261,44.855345
15.266213,44.85489
15.265877,44.854719
15.264849,44.855057
15.266299,44.854896
15.266644,44.854945
15.26708,44.854729
15.267669,44.854598
15.269799,44.847927
15.268554,44.848276
15.2698,44.845988
15.270109,44.846036
15.271337,44.844531
15.270554,44.844359
15.270564,44.844008
15.271089,44.843782
15.274244,44.843319
15.273982,44.843016
15.274537,44.843611
15.275129,44.843674
15.275819,44.843925
15.276268,44.844094
15.276028,44.84401
15.276589,44.844231
15.276288,44.844708
15.276452,44.844819
15.278356,44.845281
15.278229,44.845966
15.278682,44.845722
15.278977,44.845897
15.278982,44.846316
15.278171,44.84669
15.278535,44.84652
15.278263,44.848047
15.272769,44.855641
15.270252,44.8427
15.270344,44.84225
15.271177,44.841196
15.271457,44.840878
15.27197,44.84036
15.271604,44.841375
15.271269,44.841824
15.2722,44.840119
15.272368,44.839911
15.273252,44.839004
15.273363,44.838945
15.273588,44.838806
15.274573,44.838933
15.275142,44.83858
15.275358,44.838111
15.276035,44.836856
15.27636,44.836652
15.276081,44.837127
15.275768,44.837485
15.27683,44.836197
15.277074,44.835968
15.277244,44.835864
15.278143,44.835368
15.277803,44.835445
15.278069,44.835698
15.278535,44.835227
15.278313,44.834903
15.278939,44.835005
15.279157,44.83483
15.279556,44.834729
15.280225,44.834899
15.280473,44.835539
15.279352,44.835609
15.28099,44.835771
15.281941,44.836499
15.282078,44.837176
15.282165,44.837257
15.282302,44.837404
15.282396,44.837561
15.282551,44.837708
15.278563,44.832283
15.278979,44.833128
15.27482,44.834666
15.272538,44.834802
15.272121,44.834925
15.271783,44.835098
15.271492,44.835206
15.271976,44.835029
15.27118,44.835301
15.270459,44.835548
15.269546,44.835804
15.269175,44.835941
15.267497,44.836661
15.266605,44.837252
15.26524,44.837752
15.265626,44.837808
15.265423,44.837906
15.264681,44.838046
15.269633,44.842611
15.268897,44.841518
15.268813,44.841451
15.268186,44.842056
15.267743,44.842117
15.267851,44.841966
15.267999,44.841102
15.267554,44.840749
15.267203,44.840495
15.266391,44.839858
15.266976,44.840279
15.26656,44.839971
15.264553,44.839077
15.264469,44.838716
15.261163,44.836743
15.259956,44.835793
15.262852,44.838576
15.261694,44.838831
15.262191,44.838784
15.259328,44.839637
15.259095,44.840117
15.258133,44.841849
15.25773,44.8437
15.257408,44.843966
15.257747,44.843997
15.257333,44.844264
15.257324,44.844553
15.257523,44.846053
15.257463,44.846183
15.257635,44.844549
15.256961,44.848243
15.256713,44.849832
15.256569,44.849405
15.257023,44.849911
15.244493,44.859772
15.244604,44.859917
15.244853,44.859875
15.245145,44.859821
15.245402,44.859767
15.246039,44.859557
15.246724,44.859416
15.247016,44.859212
15.246332,44.859496
15.248956,44.85574
15.25031,44.854788
15.251516,44.855029
15.251187,44.854686
15.250635,44.854749
15.252037,44.854837
15.252632,44.854794
15.251944,44.855118
15.252098,44.855279
15.248391,44.854352
15.24781,44.853806
15.248081,44.853522
15.247643,44.853359
15.247671,44.853002
15.247279,44.852337
15.247103,44.852119
15.246942,44.851833
15.245248,44.851076
15.244571,44.851068
15.243851,44.850986
15.243196,44.851115
15.242523,44.851315
15.242692,44.851774
15.241996,44.850922
15.241772,44.851228
15.247794,44.848642
15.248455,44.848552
15.248612,44.848308
15.249117,44.848448
15.249519,44.848487
15.250034,44.848659
15.250213,44.848737
15.250633,44.848529
15.250724,44.848243
15.252297,44.849153
15.2531,44.84923
15.253936,44.849369
15.253317,44.84905
15.253516,44.847858
15.253366,44.847554
15.250672,44.847565
15.252466,44.847322
15.253122,44.847076
15.252212,44.847087
15.250561,44.846759
15.250308,44.846688
15.250529,44.846478
15.25045,44.84594
15.250374,44.845811
15.246156,44.843863
15.246041,44.84252
15.246664,44.842118
15.247528,44.840541
15.249378,44.839914
15.250341,44.839889
15.251577,44.840243
15.251688,44.840389
15.252373,44.840753
15.252539,44.841347
15.252816,44.841926
15.087816,44.978158
15.081594,44.977001
15.06388,44.990943
15.058151,44.990092
15.044227,44.996621
15.043473,45.000722
15.041527,45.000774
15.038616,45.001834
15.034138,45.006706
15.109878,44.96624
15.731535,44.548679
15.731816,44.548577
15.73205,44.548609
15.733098,44.547751
15.733265,44.547212
15.734834,44.545842
15.734995,44.5455
15.735231,44.54509
15.736377,44.544416
15.737603,44.542962
15.738538,44.535528
15.738156,44.535315
15.738248,44.535428
15.737959,44.534752
15.737284,44.53474
15.73691,44.534624
15.734976,44.534582
15.733778,44.535633
15.736661,44.533244
15.736951,44.533462
15.737219,44.533919
15.73723,44.534439
15.690139,44.770727
15.690806,44.771237
15.690446,44.771015
15.690598,44.771601
15.690353,44.771134
15.690616,44.771785
15.690189,44.771206
15.689921,44.771699
15.690374,44.772036
15.689835,44.771931
15.689418,44.772565
15.690209,44.772566
15.69009,44.772679
15.689929,44.772888
15.689428,44.773411
15.690086,44.773173
15.689842,44.773565
15.690388,44.773381
15.690432,44.7736
15.690282,44.773951
15.690212,44.774151
15.690127,44.774453
15.689809,44.774712
15.6891,44.774324
15.689022,44.773785
15.688995,44.773023
15.689105,44.77281
15.688566,44.772884
15.688277,44.773171
15.688059,44.773385
15.688817,44.772685
15.68816,44.772664
15.687778,44.776216
15.687694,44.775925
15.68799,44.77571
15.686306,44.776689
15.685996,44.77681
15.685673,44.777537
15.684827,44.776252
15.685866,44.775867
15.685919,44.775109
15.685955,44.77489
15.68651,44.774951
15.686248,44.775147
15.68628,44.77607
15.68616,44.77628
15.685735,44.776588
15.685174,44.777177
15.684878,44.776729
15.684505,44.778589
15.684472,44.780195
15.68367,44.780203
15.683681,44.780784
15.683535,44.781056
15.682914,44.781795
15.683096,44.780912
15.682614,44.782264
15.681997,44.782542
15.681894,44.782971
15.681855,44.784358
15.681999,44.784635
15.682029,44.785215
15.682836,44.782719
14.911425,44.9876
14.90069,44.992443
14.904684,44.990086
14.905247,44.989748
14.906401,44.989133
14.907528,44.988163
14.908255,44.988042
14.908649,44.987843
14.904709,44.994921
14.90454,44.994699
14.90437,44.994394
14.90453,44.992651
14.904382,44.99234
14.904396,44.99193
14.90466,44.992297
14.902414,44.993773
14.902787,44.993307
14.902979,44.992233
14.905486,44.99369
14.905352,44.993282
14.909041,44.989334
14.912725,44.98808
14.901132,44.990602
14.918343,44.986629
14.918411,44.98683
14.919586,44.986555
14.919835,44.986479
14.899851,44.993652
14.899908,44.993924
14.898772,44.99991
14.898669,45.000047
14.898469,45.0004
14.89826,45.000782
14.979643,44.981339
14.980105,44.981338
14.98127,44.978394
14.983004,44.976919
14.964729,44.974298
14.968512,44.973545
14.968982,44.972853
14.972976,44.970372
14.97415,44.969403
14.981385,44.965197
14.910409,44.986506
14.909532,44.98663
14.909585,44.986394
14.909345,44.986449
14.911099,44.984125
14.901332,44.993598
14.900608,44.993787
14.902275,44.994516
14.90259,44.994377
14.908626,44.989555
14.901492,44.989687
14.909838,44.988274
14.906943,44.99042
14.902749,44.99071
14.902846,44.990937
14.902705,44.991101
14.902719,44.991013
14.903333,44.992935
14.903869,44.993321
14.90371,44.991745
14.912202,44.98379
14.912231,44.983401
14.912685,44.984139
14.901845,44.994643
14.901642,44.99487
14.900838,44.996791
14.900698,44.997342
14.900592,44.997686
14.900566,44.998789
14.900594,44.999329
14.899645,45.000396
14.900275,45.000364
14.898818,45.001389
14.898762,45.001522
14.904377,44.99104
14.904921,44.990604
14.904718,44.991063
14.905637,44.991149
14.914961,44.985591
14.915842,44.986525
14.9184,44.986409
14.919284,44.986348
14.907282,44.987888
14.911522,44.984845
14.912204,44.984716
14.901149,44.989216
14.901624,44.998668
14.901298,44.999072
14.902155,44.994122
14.903536,44.994625
14.901034,44.99498
14.90054,44.995496
14.900479,44.995705
14.900317,44.996173
14.899922,44.997786
14.900184,44.998675
14.899404,44.9998
14.900426,44.999423
14.899182,45.000021
14.89871,45.000496
14.899384,45.000301
14.898481,45.001656
14.898593,45.001918
14.901719,44.989416
14.908566,44.988402
14.906896,44.98582
14.907062,44.985854
14.906871,44.985432
14.898588,44.989497
14.898645,44.989437
14.901788,44.990428
14.9123,44.981452
14.91247,44.98223
14.91337,44.98388
14.913483,44.983471
14.911669,44.984123
14.911565,44.983969
14.903094,44.989594
14.904038,44.989684
14.909363,44.987516
14.911919,44.987784
14.91235,44.987726
14.912291,44.988004
14.902869,44.990513
15.359006,44.562192
15.663442,44.524261
15.66403,44.524102
15.668302,44.522139
15.666209,44.52197
15.669938,44.518203
15.670496,44.517886
15.670638,44.517683
15.674062,44.517019
15.674422,44.515853
15.674585,44.515398
15.67732,44.514829
15.677009,44.51269
15.668866,44.513627
15.670726,44.511967
15.673068,44.509649
15.673528,44.50915
15.677764,44.507428
15.678248,44.507304
15.677973,44.507002
15.678366,44.50713
15.678865,44.507485
15.679784,44.504258
15.679748,44.504075
15.680031,44.504091
15.680571,44.503897
15.680724,44.503524
15.680444,44.503313
15.680439,44.502595
15.680834,44.500878
15.681077,44.500746
15.681539,44.498204
15.682164,44.497957
15.682558,44.497581
15.690716,44.49449
15.69114,44.494322
15.686686,44.489887
15.686739,44.489632
15.687079,44.489533
15.351478,44.707957
15.350987,44.707801
15.351085,44.707754
15.352325,44.706178
15.353379,44.704858
15.344336,44.712944
15.344638,44.712482
15.335399,44.714714
15.33054,44.714272
14.983996,44.94104
14.998758,44.926145
14.998444,44.925928
14.985684,44.934427
15.73343,44.763989
15.736455,44.758669
15.736734,44.758263
15.736868,44.75764
15.736625,44.756279
15.736621,44.75494
15.736697,44.754725
15.736998,44.754058
15.737767,44.751162
15.740257,44.749463
15.740107,44.749325
15.740284,44.749278
15.740328,44.749112
15.740334,44.748906
15.740691,44.748419
15.74088,44.748066
15.741071,44.747781
15.741422,44.747508
15.741532,44.747405
15.741689,44.747244
15.742359,44.747365
15.742556,44.746626
15.74204,44.746914
15.742161,44.746871
15.743724,44.746302
15.733142,44.740982
15.733404,44.741018
15.733339,44.740552
15.733411,44.741196
15.729981,44.741704
15.121154,44.525672
15.120189,44.527797
15.121471,44.527944
15.121667,44.527934
15.122181,44.527838
15.128945,44.522558
15.765519,44.53232
15.766044,44.533179
15.76519,44.532398
15.76592,44.533002
15.766965,44.530266
15.766644,44.530032
15.766484,44.529736
15.766642,44.529327
15.7664,44.52949
15.766337,44.529285
15.766183,44.528857
15.765831,44.528402
15.767569,44.530056
15.767009,44.529897
15.768081,44.529971
15.767286,44.529793
15.768714,44.530005
15.769021,44.530064
15.767645,44.529745
15.769353,44.530125
15.767853,44.529676
15.769572,44.530106
15.768218,44.529683
15.770309,44.530003
15.763703,44.528347
15.76311,44.528365
15.764429,44.5279
15.763415,44.528135
15.764708,44.527815
15.763735,44.527816
15.763962,44.527751
15.764232,44.527564
15.76483,44.527459
15.765456,44.529112
15.765047,44.529034
15.765727,44.529017
15.765291,44.528817
15.765628,44.528757
15.765389,44.533739
15.764731,44.53346
15.765214,44.531199
15.765451,44.531162
15.765152,44.530896
15.764688,44.530907
15.765053,44.530707
15.764571,44.530475
15.765007,44.530499
15.764473,44.530333
15.764964,44.53033
15.764447,44.530179
15.763897,44.528427
15.763919,44.528159
15.764061,44.528495
15.764189,44.528266
15.764254,44.528559
15.76443,44.528632
15.761781,44.526734
15.761232,44.526665
15.762194,44.526717
15.762811,44.526703
15.763058,44.526685
15.763482,44.526625
15.567845,44.754695
15.567578,44.754758
15.567263,44.754781
15.56714,44.75513
15.563266,44.752936
15.560461,44.757146
15.559414,44.757393
15.558598,44.757558
15.55799,44.757462
15.5577,44.75752
15.557301,44.75732
15.555351,44.754692
15.553874,44.754024
15.553739,44.753774
15.553665,44.753612
15.552635,44.753371
15.55228,44.753404
15.551182,44.753582
15.549908,44.752076
15.549022,44.752102
15.548898,44.752148
15.548555,44.752057
15.548348,44.750255
15.540128,44.747227
15.544476,44.746891
15.558948,44.747508
15.560454,44.748376
15.560762,44.748232
15.560877,44.748559
15.561807,44.748682
15.562093,44.748544
15.563317,44.748582
15.562795,44.748106
15.563191,44.748372
15.562956,44.749349
15.56339,44.749756
15.563709,44.750048
15.565718,44.751472
15.566083,44.751735
15.587366,44.757762
15.587687,44.758105
15.282165,44.519715
15.279441,44.52531
15.275532,44.526673
15.274923,44.526998
15.269824,44.527465
15.260948,44.528224
15.261792,44.526321
15.268184,44.525353
15.273761,44.525565
15.717754,44.713045
15.717942,44.712889
15.719928,44.711366
15.720244,44.711279
15.720963,44.710123
15.720908,44.709932
15.721072,44.709904
15.721064,44.709604
15.721022,44.709505
15.72161,44.709538
15.273723,44.52189
15.273118,44.516302
15.238213,44.53845
15.238271,44.538312
15.303668,44.518356
15.307894,44.519366
15.307571,44.519265
15.307129,44.519145
15.306153,44.518886
15.3059,44.518823
15.305284,44.5187
15.722113,44.709159
15.720927,44.703904
15.721363,44.704157
15.722022,44.704006
15.724118,44.703433
15.724477,44.703913
15.726634,44.704847
15.726895,44.704602
15.727939,44.704592
15.728226,44.704495
15.730144,44.704347
15.731267,44.704208
15.731432,44.70433
15.731416,44.704173
15.731571,44.704147
15.734738,44.707469
15.74033,44.706338
15.74015,44.706482
15.741476,44.706016
15.741839,44.706184
15.741874,44.705989
15.742094,44.705574
15.695873,44.697587
15.743501,44.715406
15.743395,44.715921
15.74318,44.71618
15.706847,44.744271
15.706142,44.744966
15.706445,44.745244
15.706193,44.74555
15.705657,44.746034
15.704647,44.745775
15.704854,44.745612
15.704763,44.745291
15.704911,44.745168
15.705036,44.745061
15.705153,44.744901
15.704042,44.744753
15.70346,44.744703
15.70348,44.744419
15.705361,44.744666
15.705465,44.744559
15.705951,44.743878
15.704829,44.746355
15.704098,44.747124
15.703975,44.74736
15.704002,44.747537
15.703972,44.747684
15.703916,44.747864
15.703855,44.748208
15.703832,44.748278
15.703843,44.748412
15.703756,44.749175
15.703536,44.749785
15.702265,44.752203
15.702998,44.752471
15.707433,44.743491
15.707387,44.743129
15.707521,44.743058
15.707697,44.742941
15.707481,44.742822
15.708169,44.743105
15.707904,44.742816
15.708329,44.742971
15.708126,44.742649
15.708465,44.742866
15.708379,44.742531
15.70858,44.742435
15.708907,44.742677
15.709061,44.742625
15.708897,44.742276
15.709272,44.742534
15.709228,44.74209
15.708538,44.741524
15.709616,44.742377
15.70944,44.741975
15.709763,44.742286
15.709738,44.741823
15.710116,44.742112
15.710404,44.741978
15.710939,44.741698
15.711361,44.740912
15.711109,44.740711
15.71065,44.740371
15.710327,44.740117
15.709864,44.739812
15.709754,44.739722
15.712085,44.74178
15.711706,44.740736
15.710793,44.740123
15.710616,44.739943
15.710456,44.739805
15.710295,44.739644
15.710143,44.739512
15.711971,44.741171
15.712041,44.740575
15.711797,44.740364
15.712529,44.741074
15.712679,44.740312
15.712915,44.740846
15.713222,44.740007
15.712813,44.73971
15.712557,44.739533
15.712283,44.739331
15.713411,44.74061
15.713444,44.739881
15.713537,44.740538
15.713903,44.740313
15.71398,44.739156
15.714518,44.739366
15.714146,44.739085
15.713973,44.738966
15.714624,44.739954
15.71469,44.739292
15.714148,44.738695
15.713947,44.738533
15.713554,44.738388
15.714871,44.739738
15.715288,44.739675
15.713691,44.7381
15.713468,44.737944
15.713259,44.737792
15.715376,44.738907
15.715544,44.739406
15.715742,44.739282
15.714576,44.73768
15.715299,44.738009
15.715022,44.7378
15.714796,44.73762
15.716774,44.739723
15.716023,44.738328
15.715461,44.737953
15.714703,44.737372
15.715052,44.737621
15.716303,44.739143
15.716204,44.738205
15.716722,44.739055
15.716601,44.738727
15.716824,44.738665
15.716613,44.737915
15.716109,44.737517
15.716375,44.737433
15.717011,44.738382
15.716922,44.737533
15.7171,44.737376
15.717309,44.737236
15.717642,44.737843
15.716868,44.736539
15.717651,44.736874
15.718171,44.736209
15.70535,44.747352
15.705363,44.74707
15.705713,44.747186
15.70581,44.747538
15.706077,44.747645
15.706289,44.747732
15.709315,44.749346
15.709565,44.749316
15.706071,44.745674
15.706625,44.745859
15.706864,44.745992
15.706645,44.745466
15.707503,44.744348
15.707845,44.744367
15.708059,44.744369
15.707583,44.744049
15.708481,44.744072
15.708594,44.744447
15.708728,44.744085
15.708859,44.744482
15.708952,44.744093
15.70912,44.744486
15.709222,44.744123
15.709365,44.744543
15.709298,44.744064
15.709542,44.744617
15.709626,44.744622
15.710403,44.744389
15.710921,44.744536
15.710248,44.74474
15.711315,44.744582
15.710724,44.744798
15.711584,44.744639
15.711091,44.744979
15.712488,44.744808
15.71128,44.745052
15.707412,44.74462
15.707891,44.744656
15.708167,44.744659
15.708394,44.744716
15.708596,44.744748
15.708882,44.744819
15.709103,44.744907
15.709333,44.744957
15.709453,44.745065
15.708162,44.743381
15.708358,44.743271
15.708818,44.743743
15.709012,44.743816
15.708789,44.743469
15.708954,44.743539
15.709109,44.743647
15.709403,44.743659
15.709974,44.743754
15.709842,44.74248
15.710228,44.742235
15.71028,44.742295
15.709956,44.742597
15.710383,44.742416
15.709995,44.742764
15.710561,44.74255
15.710195,44.742855
15.710344,44.743026
15.710735,44.742885
15.710511,44.743197
15.710558,44.743254
15.710889,44.743046
15.710649,44.743371
15.711045,44.743224
15.710734,44.743631
15.711236,44.743437
15.710634,44.743835
15.711167,44.743689
15.710554,44.744032
15.711123,44.743877
15.710311,44.744181
15.711077,44.74405
15.710066,44.744875
15.711071,44.744205
15.709936,44.745045
15.709793,44.745226
15.70724,44.741356
15.707686,44.741517
15.705503,44.74382
15.703807,44.743741
15.705703,44.742986
15.703988,44.743525
15.705576,44.742794
15.704611,44.743501
15.705471,44.743304
15.704874,44.742948
15.705628,44.743524
15.704964,44.742857
15.705322,44.743569
15.705287,44.742403
15.705372,44.743054
15.705541,44.741745
15.705531,44.741458
15.705834,44.740383
15.706071,44.741811
15.706164,44.741669
15.705957,44.741387
15.707057,44.74286
15.707969,44.74197
15.705273,44.744513
15.705169,44.744272
15.704906,44.74407
15.704714,44.744317
15.704576,44.744229
15.704502,44.743912
15.704438,44.744144
15.704001,44.744249
15.7047,44.742484
15.704662,44.742738
15.704726,44.742251
15.704493,44.742382
15.703538,44.742803
15.703437,44.743032
15.70321,44.742836
15.703077,44.743104
15.708159,44.744055
15.707807,44.744052
15.708286,44.743901
15.707964,44.743914
15.708089,44.743797
15.708607,44.743621
15.708202,44.743675
15.708936,44.743375
15.708364,44.74351
15.708631,44.743177
15.709274,44.743222
15.708779,44.743101
15.709405,44.743124
15.708939,44.743014
15.709083,44.742907
15.709249,44.74283
15.711586,44.74374
15.711472,44.743397
15.711777,44.743401
15.712029,44.743787
15.71202,44.743391
15.702813,44.744922
15.702931,44.744764
15.709938,44.743589
15.709523,44.743522
15.709603,44.743428
15.709729,44.743294
15.705797,44.741991
15.767029,44.53139
15.766652,44.531394
15.766986,44.531
15.766685,44.531003
15.767026,44.530831
15.766609,44.530714
15.766683,44.530251
15.766477,44.530085
15.766381,44.530353
15.766145,44.530195
15.765921,44.529737
15.766034,44.53011
15.765244,44.529251
15.765813,44.529958
15.764696,44.529031
15.765625,44.529853
15.764275,44.528912
15.763956,44.528781
15.76438,44.529246
15.763688,44.528672
15.762245,44.528091
15.763608,44.528641
15.761876,44.527825
15.763394,44.528561
15.761727,44.52771
15.762932,44.528246
15.761566,44.527549
15.762801,44.528087
15.761352,44.52739
15.762616,44.527967
15.761148,44.527257
15.762324,44.527633
15.760675,44.526936
15.762141,44.527549
15.761723,44.527217
15.761558,44.527065
15.761412,44.526945
15.760976,44.526722
15.768003,44.53129
15.767399,44.530942
15.769403,44.531111
15.767518,44.531058
15.767594,44.531045
15.76826,44.530913
15.768441,44.530838
15.768899,44.5308
15.769107,44.53076
15.76937,44.530702
15.769605,44.530649
15.770049,44.530575
15.770252,44.53054
15.770454,44.530514
15.770607,44.530487
15.770906,44.530373
15.771212,44.530237
15.771426,44.530201
15.771896,44.530216
15.763321,44.527688
15.763257,44.528012
15.763126,44.527522
15.763121,44.527896
15.762952,44.527762
15.762812,44.527253
15.762736,44.527585
15.762566,44.527006
15.762589,44.527485
15.762417,44.527335
15.76222,44.527174
15.766363,44.531514
15.76613,44.53156
15.765851,44.531504
15.762912,44.531827
15.762727,44.531708
15.762528,44.531599
15.76657,44.533641
15.766711,44.53424
15.766848,44.532795
15.766896,44.532656
15.767029,44.532437
15.767023,44.532328
15.766976,44.53155
15.767352,44.531522
15.767478,44.531886
15.76793,44.531779
15.767692,44.531325
15.768525,44.531894
15.7611,44.523789
15.762238,44.524767
15.762406,44.523431
15.76322,44.524527
15.763686,44.523511
15.779876,44.675504
15.779749,44.675299
15.778843,44.677033
15.778758,44.67741
15.77821,44.677153
15.778136,44.677529
15.77441,44.6776
15.773649,44.677298
15.770378,44.67693
15.770154,44.676912
15.767339,44.677466
15.767104,44.677549
15.767048,44.677662
15.766757,44.677675
15.766519,44.677691
15.766236,44.677561
15.76608,44.677643
15.765877,44.677483
15.765748,44.677516
15.766061,44.676781
15.765808,44.676463
15.765941,44.675683
15.768263,44.672641
15.768377,44.672047
15.768398,44.672219
15.809642,44.523659
15.808818,44.522003
15.80704,44.522123
15.806519,44.521082
15.806492,44.520052
15.805063,44.519647
15.810382,44.519291
15.807286,44.517243
15.80713,44.517152
15.807612,44.512776
15.8039,44.510254
15.806021,44.509973
15.805919,44.510226
15.806474,44.509995
15.808707,44.509788
15.809002,44.510189
15.810373,44.511049
15.812792,44.513943
15.814421,44.515323
15.814433,44.515823
15.815042,44.518974
15.817257,44.517332
15.818187,44.517433
15.817609,44.51731
15.821688,44.521001
15.821701,44.521263
15.828443,44.52083
15.828693,44.520676
15.828926,44.520498
15.829711,44.519878
15.830275,44.519616
15.830491,44.519564
15.830871,44.519515
15.83173,44.519177
15.831948,44.519187
15.832084,44.519208
15.832116,44.519061
15.832863,44.519038
15.833574,44.519109
15.837318,44.519783
15.837688,44.522751
15.837549,44.52442
15.836798,44.525544
15.836324,44.526412
15.834793,44.526434
15.834598,44.526677
15.834837,44.527154
15.834168,44.527575
15.833878,44.527744
15.833721,44.528195
15.833529,44.528246
15.830688,44.529461
15.830566,44.529552
15.830014,44.529694
15.857226,44.519112
15.858533,44.518316
15.859291,44.517831
15.85996,44.517633
15.859984,44.517446
15.861347,44.516519
15.868893,44.515428
15.870973,44.51575
15.863829,44.519532
15.864212,44.521138
15.864418,44.521198
15.864951,44.521352
15.863872,44.521896
15.863691,44.521868
15.860392,44.527767
15.859665,44.528342
15.859409,44.528272
15.85719,44.530119
15.856962,44.530339
15.856466,44.531001
15.856794,44.531237
15.842105,44.534073
15.826698,44.551272
15.826296,44.551199
15.826638,44.552061
15.826383,44.552998
15.82604,44.5528
15.82107,44.551156
15.820961,44.549936
15.821301,44.549693
15.81956,44.546569
15.819088,44.545859
15.819301,44.546043
15.80596,44.541696
15.806147,44.541943
15.806051,44.541524
15.805613,44.543222
15.806503,44.542362
15.80622,44.542026
15.806941,44.542389
15.806244,44.541436
15.805945,44.542199
15.807888,44.541594
15.808023,44.541158
15.808166,44.540866
15.807917,44.540987
15.821638,44.529179
15.821357,44.529158
15.821088,44.529071
15.820963,44.528821
15.820817,44.528542
15.820668,44.529361
15.81393,44.534305
15.811395,44.534964
15.809707,44.534187
15.809839,44.534396
15.808576,44.534922
15.80453,44.528666
15.804171,44.528778
15.802855,44.52786
15.802673,44.527183
15.797956,44.530512
15.797801,44.530666
15.793593,44.532196
15.792166,44.532773
15.791827,44.532756
15.78864,44.53363
15.78888,44.533738
15.788574,44.533509
15.788661,44.533952
15.78503,44.533352
15.785023,44.533641
15.785359,44.533623
15.785127,44.533916
15.690993,44.767949
15.690971,44.767588
15.690759,44.765431
15.689491,44.764139
15.684099,44.764919
15.68427,44.765419
15.683715,44.765992
15.682966,44.768141
15.68334,44.768093
15.684945,44.768208
15.683192,44.768376
15.683376,44.768721
15.681897,44.770418
15.68207,44.77052
15.682916,44.769336
15.682347,44.769486
15.68157,44.769573
15.680064,44.770469
15.680053,44.770337
15.679577,44.770086
15.679286,44.769871
15.680351,44.767888
15.680805,44.767609
15.680202,44.767343
15.678153,44.767773
15.678066,44.767592
15.675288,44.767839
15.676148,44.767768
15.676444,44.767891
15.674946,44.767918
15.674896,44.76775
15.674295,44.767996
15.673848,44.768416
15.674249,44.768476
15.673639,44.768051
15.693078,44.722856
15.693005,44.722649
15.692343,44.722243
15.691542,44.721889
15.672056,44.769542
15.672795,44.770619
15.671709,44.768663
15.671836,44.768216
15.670408,44.768277
15.670358,44.767842
15.669618,44.767946
15.669145,44.768098
15.666607,44.768671
15.66679,44.769157
15.667154,44.769095
15.664471,44.7693
15.664192,44.769311
15.663549,44.769222
15.663279,44.769117
15.665915,44.770691
15.666253,44.771298
15.665608,44.771901
15.690686,44.722078
15.690472,44.72182
15.687259,44.717673
15.68385,44.714128
15.68277,44.714031
15.683668,44.714225
15.683532,44.713933
15.683946,44.713615
15.68411,44.713704
15.68326,44.7135
15.683436,44.713651
15.681344,44.712168
15.680363,44.712604
14.898007,45.003893
14.89804,45.003523
14.897719,45.004151
14.897431,45.003878
14.897353,45.003972
14.89736,45.004659
14.897199,45.004111
14.897247,45.00483
14.89716,45.004194
14.897315,45.005132
14.897046,45.004477
14.896933,45.004798
14.89694,45.004953
14.896876,45.005135
14.896186,45.003473
14.896656,45.004706
14.896099,45.003824
14.896682,45.004857
14.896112,45.004126
14.896137,45.00433
14.896193,45.004578
14.896822,45.005491
14.896283,45.004816
14.896288,45.004915
14.896334,45.005082
14.896414,45.00526
14.896457,45.005618
14.896533,45.005799
14.896585,45.005972
14.896524,45.006492
14.896513,45.006673
14.891372,45.011454
14.891186,45.011545
14.891056,45.011648
14.891554,45.01171
14.890726,45.011909
14.890601,45.012001
14.891219,45.011919
14.891022,45.012038
14.8909,45.012173
14.890716,45.012303
14.891241,45.01261
14.890434,45.012513
14.890557,45.012746
14.890879,45.012463
14.891774,45.012195
14.891015,45.012334
15.701278,44.745262
15.701004,44.745349
15.700559,44.745089
15.700789,44.745446
15.700978,44.745521
15.699796,44.745789
15.700261,44.745959
15.700461,44.745875
15.70033,44.746243
15.69984,44.747296
15.700227,44.747614
15.699948,44.747827
15.699728,44.747501
15.699451,44.747769
15.699397,44.747828
15.698318,44.748083
15.700745,44.750361
15.697725,44.748762
15.697546,44.749304
15.697674,44.74915
15.69746,44.74956
15.697738,44.749734
15.697386,44.749977
15.697425,44.750534
15.703035,44.754319
15.697182,44.752348
15.700071,44.753981
15.696457,44.752328
15.695897,44.752604
15.695646,44.752799
15.697371,44.753631
15.698439,44.754111
15.697101,44.754258
15.696846,44.754874
15.70185,44.756455
15.701316,44.756365
15.701055,44.75596
15.699199,44.755903
15.699165,44.756272
15.69875,44.756485
15.698142,44.757071
15.695566,44.755394
15.697687,44.756639
15.693984,44.755637
15.697059,44.757131
15.696758,44.757378
15.696469,44.757574
15.693479,44.75554
15.696287,44.757952
15.698633,44.759939
15.692045,44.756403
15.692055,44.756827
15.69141,44.757718
15.69433,44.759356
15.691189,44.758093
14.892687,45.010767
14.897368,45.005625
14.897371,45.00571
14.897408,45.006041
14.897418,45.006224
14.897429,45.006328
14.897331,45.006581
14.897723,45.003399
14.896533,45.004002
14.897592,45.003442
14.89738,45.003532
14.89711,45.003704
14.896996,45.003894
14.896967,45.003979
14.896727,45.00442
14.896365,45.002227
14.896176,45.002303
14.896016,45.002471
14.895793,45.00267
14.895423,45.003345
14.8955,45.00356
14.895773,45.005397
14.895823,45.005616
14.89558,45.006378
14.891966,45.009481
15.693508,44.760017
15.693373,44.760741
15.692257,44.761132
15.692058,44.761265
15.692727,44.761977
15.692483,44.762476
15.690746,44.762482
15.692179,44.76308
15.691983,44.763691
15.691724,44.76425
15.691867,44.764963
16.027543,44.533013
16.026653,44.5329
16.026187,44.532613
16.025745,44.532698
16.023866,44.531083
16.02367,44.530911
16.023087,44.530319
16.02055,44.527985
16.020065,44.527067
16.020512,44.526893
16.020158,44.52586
15.369906,44.53653
15.368518,44.535702
15.366319,44.534908
15.365591,44.534622
15.366095,44.534513
15.365712,44.534363
15.365477,44.534256
15.364809,44.536106
15.364762,44.535789
15.217464,44.871966
15.388981,44.537594
15.389025,44.537758
15.388526,44.538321
15.388928,44.53955
15.389955,44.53914
15.390105,44.53929
15.700607,44.752545
15.388209,44.530609
15.216899,44.870644
14.888011,45.027874
15.388265,44.533486
15.765016,44.528542
15.958799,44.556083
15.23736,44.869849
15.364471,44.551719
14.890707,45.026414
15.706378,44.747509
15.216972,44.871663
15.38058,44.554461
15.924826,44.571698
15.99023,44.530382
15.703856,44.74189
15.717004,44.741838
15.979624,44.54525
15.213269,44.869747
15.960698,44.551431
15.96672,44.559335
15.954052,44.555631
14.887747,45.025313
15.202385,44.860476
14.895431,45.009595
14.885859,44.555816
15.918238,44.579837
14.88454,44.556516
15.72809,44.725889
15.709292,44.745873
14.885802,44.556192
15.924359,44.573211
15.748895,44.701357
15.930469,44.56545
15.958901,44.551461
15.711265,44.739948
14.886483,44.558566
15.964613,44.554034
15.959417,44.554795
14.879784,44.559783
15.921955,44.577923
15.385141,44.561979
14.88492,44.554502
14.88735,44.554834
15.963953,44.537723
15.714851,44.737886
14.882537,44.559086
15.941083,44.559229
15.9642,44.549962
14.885542,44.548574
15.924869,44.588915
15.70453,44.743222
15.957655,44.552758
15.9617,44.553273
15.713146,44.740781
14.889726,44.554048
14.88602,44.556179
15.255541,44.877293
15.966956,44.548036
14.893011,45.02599
15.92021,44.582047
15.073206,44.526185
15.995975,44.541034
14.889195,44.55448
15.91957,44.579476
15.745303,44.712938
15.680784,44.769843
15.923552,44.574231
15.959601,44.556541
14.890608,44.552857
14.88418,44.555793
15.435892,44.519093
15.258767,44.867056
15.729252,44.519561
14.881425,44.559904
15.265266,44.861886
15.722776,44.737009
15.388565,44.535321
15.359708,44.550089
14.888896,44.552398
15.380662,44.533237
15.367158,44.547341
14.88483,44.553725
14.900646,44.992376
15.704174,44.742284
15.942741,44.525558
14.880733,44.558694
15.964313,44.554885
15.967426,44.548198
15.18577,44.818689
15.963534,44.552849
14.886036,44.556446
14.888111,45.025486
15.957748,44.572185
15.414748,44.522358
14.888636,45.026225
15.361104,44.53172
15.93241,44.583586
15.364595,44.534071
14.885259,44.552926
15.953766,44.556196
15.985869,44.545339
15.920433,44.581343
14.88645,44.556243
15.93923,44.557496
15.996579,44.542464
15.964973,44.55825
15.924746,44.572348
15.710103,44.745986
14.902303,44.994567
15.923705,44.575022
15.388779,44.53598
15.235824,44.874417
15.728802,44.518345
15.319539,44.541185
16.003129,44.529653
15.960011,44.555611
14.885659,44.55702
15.388291,44.533723
15.959063,44.556414
15.148879,44.876977
15.380905,44.52874
14.886487,44.553036
15.364461,44.535771
15.96436,44.549563
15.963263,44.551854
15.70419,44.742477
15.962325,44.550578
14.891371,45.026403
15.935572,44.531425
15.359887,44.531467
15.362514,44.53245
15.395588,44.544952
14.889099,44.554453
15.958,44.556139
15.352791,44.544037
15.962207,44.555501
14.887187,45.026627
15.072838,44.525639
15.959706,44.55807
14.886401,44.549014
15.217024,44.870219
15.921361,44.578123
15.713491,44.74517
15.388293,44.536319
15.387811,44.533159
15.929709,44.56524
15.977304,44.547203
15.964036,44.555263
15.692043,44.761615
14.887507,44.556147
15.94313,44.579785
15.966781,44.558261
15.957207,44.55535
15.388599,44.530581
15.2463,44.869764
15.702971,44.741396
14.884419,44.555855
15.652766,44.787732
14.887031,44.55312
15.76556,44.528364
15.692777,44.761773
15.366241,44.552583
15.777734,44.484487
15.958151,44.551895
15.971976,44.545109
15.940781,44.559094
15.263502,44.861995
15.689071,44.760768
15.328296,44.514492
15.217749,44.871628
15.950749,44.55917
15.920749,44.584173
14.884103,44.55793
15.38085,44.529529
14.880528,44.560014
15.976505,44.544212
15.714997,44.7405
14.884321,44.556069
15.96504,44.55396
15.074385,44.526137
15.96277,44.552303
15.941893,44.579583
15.380839,44.552303
15.767901,44.57264
15.384457,44.543559
15.763649,44.50993
14.900906,44.99203
15.355657,44.52811
15.922484,44.577119
14.888678,44.553201
14.886067,44.55276
15.82194,44.443819
15.761484,44.526561
15.759535,44.544525
15.073268,44.525843
15.96242,44.550187
14.890879,45.026321
14.88253,44.557184
15.182,44.817774
15.775095,44.504502
15.73765,44.600038
15.258004,44.866663
14.886935,44.556495
14.886586,45.025823
15.362537,44.532243
15.965066,44.549345
15.960003,44.556286
15.368583,44.549538
15.923574,44.57453
15.067509,44.529926
14.90104,44.990648
15.965351,44.558104
15.217437,44.8701
15.711695,44.748803
14.894693,45.009453
15.074549,44.526165
15.317114,44.538666
15.813213,44.683272
15.985138,44.532636
14.884901,44.553633
14.89521,45.018121
15.961217,44.552965
15.96314,44.552774
15.27374,44.838556
15.379454,44.528685
15.703219,44.741209
14.884885,44.556064
14.887181,44.552415
15.697524,44.757742
15.238399,44.873952
15.071301,44.966442
14.892624,45.026259
15.920222,44.582502
15.364393,44.535479
14.886084,45.027495
14.885553,44.556103
15.930782,44.547268
15.387739,44.533445
15.709599,44.74531
15.924482,44.572807
15.764818,44.528294
15.717788,44.742422
15.700003,44.769611
15.943156,44.559432
15.38874,44.53611
15.968538,44.559029
15.729523,44.520504
15.930616,44.566513
15.051235,44.965049
15.841193,44.450111
15.380119,44.541259
16.001652,44.52857
14.895005,45.018309
14.888714,44.552126
14.885211,44.553688
15.258602,44.867089
14.887967,44.554049
14.882029,44.559933
15.958369,44.55594
15.922112,44.577772
15.766049,44.528692
15.316439,44.537038
15.95953,44.550488
15.805187,44.694539
15.703088,44.752972
15.713182,44.745542
15.9112,44.582651
14.900601,44.993009
15.357078,44.551071
14.888609,44.554291
15.252219,44.867779
15.924044,44.574284
14.886721,44.558872
15.920954,44.578805
14.887544,44.551479
15.388733,44.536277
15.07272,44.52579
15.958872,44.551869
15.258929,44.851291
15.736074,44.722971
14.894887,45.009609
14.886071,44.548651
15.704216,44.742808
15.966253,44.558235
15.317571,44.539056
14.895275,45.009311
15.70951,44.751427
14.886091,45.025279
14.884304,44.555698
14.887078,44.556403
15.179714,44.83982
15.742895,44.688175
15.948654,44.558615
15.360002,44.531743
14.880977,44.559785
14.889544,44.552892
15.963712,44.550494
15.366992,44.551772
15.205125,44.860808
14.884641,44.556028
14.886066,44.553683
15.967574,44.549895
15.373649,44.54425
15.70973,44.741018
15.95716,44.555024
15.763434,44.527012
15.383054,44.673094
15.378661,44.557766
15.960053,44.555949
14.886471,44.551888
15.920765,44.580188
14.901005,44.99178
14.889403,44.554146
14.886193,44.550973
15.996955,44.542295
15.388321,44.534181
15.943014,44.579383
15.955052,44.554854
14.8816,44.55974
15.957501,44.555361
15.728379,44.518973
14.885573,44.554414
15.70368,44.741725
15.720321,44.734744
14.880219,44.559019
15.686374,44.774269
16.011713,44.518291
16.00156,44.530472
14.891767,45.014706
15.365772,44.554741
15.95675,44.554925
15.220798,44.861786
15.357635,44.529693
15.764127,44.529892
14.886554,44.554904
15.315374,44.535077
15.76376,44.529777
15.963779,44.552364
14.884352,44.549046
15.358328,44.555924
15.922358,44.576359
15.072915,44.525541
15.971564,44.544452
15.95561,44.554771
15.768515,44.531608
15.92311,44.575932
14.885165,44.55323
15.751188,44.704561
14.886223,44.55525
15.95728,44.553128
14.885063,44.554367
15.964323,44.554451
14.881805,44.558322
15.965774,44.557774
15.965933,44.558411
14.896125,45.01111
15.963068,44.555569
14.884625,44.556133
15.252359,44.866412
15.388384,44.534376
15.927706,44.569393
15.966513,44.557794
15.918453,44.592703
15.689578,44.761046
15.960003,44.567214
15.923578,44.573913
15.957536,44.552309
15.765179,44.529551
15.709773,44.745818
15.962325,44.55584
15.921289,44.579127
15.414856,44.522176
14.885766,44.556071
15.67544,44.767984
15.923337,44.585481
15.961759,44.555611
15.925237,44.57123
14.885805,44.55709
15.983055,44.526994
15.381486,44.552348
15.921566,44.585619
15.711738,44.745171
15.367324,44.543468
15.956924,44.552915
15.72855,44.519236
15.691889,44.761812
14.881305,44.559508
15.376316,44.542597
14.886098,44.556312
15.92054,44.579884
15.388296,44.530811
15.709883,44.746188
15.964548,44.55587
15.963619,44.554808
15.957269,44.555137
15.211544,44.87446
15.764806,44.528671
15.968237,44.559205
14.895996,45.010305
14.88387,44.557256
14.880773,44.559897
15.953499,44.556048
15.357851,44.529982
15.961401,44.552303
15.925326,44.572268
15.653649,44.787009
15.95952,44.555171
15.710696,44.742732
15.689726,44.76062
14.88573,44.554857
15.37751,44.547296
15.257976,44.841284
14.890387,44.557246
15.381078,44.551864
15.95862,44.555919
14.885864,44.555919
15.95695,44.555154
15.713486,44.740942
15.923788,44.586246
14.884461,44.556568
15.266542,44.836981
15.372815,44.54707
15.71099,44.739729
15.696816,44.758265
14.884832,44.553407
15.922239,44.576806
15.709509,44.745976
15.964239,44.554065
14.885625,44.555996
15.748689,44.700316
15.924824,44.573487
15.959388,44.53958
15.234184,44.867216
15.964414,44.556355
14.882211,44.559201
15.961733,44.553389
15.190284,44.996684
15.921892,44.578221
15.992717,44.516057
15.376557,44.551071
15.73128,44.727727
15.70479,44.743125
14.884809,44.554322
15.236012,44.876598
15.964498,44.549771
15.768785,44.531863
15.967344,44.547845
14.884161,44.555885
14.893406,45.02632
15.685594,44.774277
15.962603,44.552098
14.886791,44.558305
14.885618,45.028069
15.239167,44.874577
14.886151,44.556224
14.884822,44.55776
15.315684,44.535464
15.959281,44.551607
15.256967,44.855347
15.235809,44.873477
15.964325,44.552967
15.91547,44.577703
15.072902,44.526047
14.886763,44.556431
15.716853,44.741724
15.388264,44.535668
15.729137,44.519483
15.96456,44.557807
15.988977,44.531826
14.881816,44.559595
14.880662,44.558661
15.389314,44.573074
14.889547,44.553767
14.895378,45.009443
14.884562,44.556451
15.362286,44.532785
14.887927,45.025418
15.758612,44.576123
15.923203,44.574145
15.959125,44.55134
15.932568,44.583476
15.967578,44.548103
14.889149,44.552408
15.388965,44.537122
14.901139,44.991559
15.956673,44.554604
15.763663,44.526944
15.360893,44.531617
14.88275,44.55902
15.073253,44.526114
15.721417,44.738092
15.702555,44.741243
15.387821,44.534396
15.320972,44.542404
14.892338,45.026377
15.930401,44.565732
15.924308,44.586114
14.894419,45.009349
14.901015,44.990516
15.924426,44.572921
15.935565,44.531186
15.92322,44.574907
14.8922,45.02603
15.964653,44.549456
15.982902,44.535545
14.905641,44.988348
15.674679,44.766929
15.959358,44.556792
15.959285,44.552489
15.718002,44.742596
15.389539,44.537197
15.387839,44.534199
15.215343,44.870481
15.717839,44.74767
15.38832,44.536515
15.925524,44.585997
14.887327,44.552228
15.95748,44.571957
15.704214,44.74298
15.745147,44.579798
14.889965,44.55341
15.742469,44.585116
15.920296,44.582647
15.96628,44.549038
15.388457,44.532367
15.714599,44.740196
15.252574,44.840955
15.92999,44.565369
15.36308,44.55139
15.072666,44.525836
15.9203,44.582178
15.958342,44.551783
15.977407,44.547368
15.389173,44.535761
15.964516,44.554771
15.36189,44.553335
15.703081,44.740998
15.370029,44.549352
15.921504,44.578834
15.931572,44.546979
14.881181,44.559215
14.882098,44.55969
14.895117,45.018209
15.252097,44.867387
14.884992,44.548425
15.764895,44.529905
15.359785,44.531724
15.960117,44.550207
14.88861,44.552541
15.358815,44.651919
15.964951,44.554293
14.888499,44.55403
14.886681,45.025992
15.768969,44.529727
15.254717,44.849756
15.805369,44.694396
14.880818,44.55947
15.712828,44.745426
14.894422,45.009304
14.904416,44.989768
15.959438,44.552409
14.888466,44.554496
14.887022,44.55912
15.255621,44.878192
15.704203,44.742641
15.921895,44.574485
15.381141,44.552064
15.682672,44.766144
14.9011,44.990871
15.959318,44.555298
15.070598,44.967113
15.959053,44.552559
14.896288,45.010273
15.70425,44.741946
15.920612,44.58072
15.963905,44.550032
15.354883,44.527715
14.888959,44.553684
16.011878,44.517703
14.889598,44.552685
15.956498,44.554698
15.963038,44.550359
15.709311,44.740846
14.890154,44.552277
15.763816,44.527271
14.886186,44.551031
15.387961,44.534851
15.716651,44.741561
14.88642,44.551551
15.210283,44.861155
15.954649,44.555127
15.39043,44.574755
15.710983,44.744373
15.100547,44.958628
15.982314,44.5366
16.0022,44.530555
15.703096,44.741535
14.880069,44.56015
15.960344,44.555708
15.772242,44.543096
15.929252,44.584743
14.887131,44.554993
15.360608,44.531913
15.721537,44.736099
14.886092,44.556615
15.962476,44.604301
14.884783,44.554087
15.356991,44.550935
15.962154,44.552019
15.764775,44.529795
14.892166,45.013815
15.734982,44.600269
15.733936,44.504844
15.963757,44.549704
15.765625,44.528068
15.957515,44.552812
15.962861,44.555668
15.92388,44.573401
15.955495,44.554841
15.362172,44.556614
15.922718,44.575993
14.900791,44.99219
14.881377,44.558691
14.885424,44.553311
14.88412,44.548927
15.711549,44.745073
15.357542,44.529539
15.388859,44.530662
15.745446,44.711189
15.983179,44.532622
14.880888,44.558926
15.959177,44.569568
15.965094,44.557124
14.892226,45.014786
15.955304,44.554664
15.227014,44.871521
15.966456,44.550207
15.390158,44.572568
15.977121,44.551132
15.672634,44.768218
15.957459,44.552378
14.884624,44.556083
15.932744,44.534073
15.709385,44.745602
15.963477,44.550188
15.954558,44.555247
15.237413,44.870011
14.888909,45.026282
14.886269,44.556498
15.923006,44.585046
15.728401,44.51911
15.957351,44.555222
15.928253,44.570269
14.887783,45.027704
15.380887,44.52843
15.707391,44.740843
15.3654,44.557179
15.767536,44.544249
15.936129,44.559718
15.764302,44.530047
14.886213,44.555395
15.956631,44.554802
15.965707,44.557168
15.766642,44.529155
15.997849,44.515882
14.89205,45.013936
14.884708,44.554742
15.919676,44.58147
14.885849,44.554494
14.882856,44.558977
15.763467,44.53233
15.936378,44.530509
15.0733,44.52604
15.703388,44.741411
15.964605,44.557906
15.387875,44.534584
15.320189,44.542714
15.729299,44.518398
15.947966,44.576695
14.886909,44.553252
15.362069,44.532682
15.95768,44.555531
15.963132,44.55209
15.957801,44.556244
14.8847,44.555979
15.964433,44.554312
15.380781,44.529933
14.887469,44.552552
15.923123,44.575085
15.962493,44.550516
15.729659,44.52026
14.88859,45.025996
15.072802,44.525685
15.960222,44.550712
15.937219,44.529537
14.881913,44.560061
15.387865,44.532956
14.900724,44.992274
15.254677,44.86764
15.954081,44.556066
15.318924,44.539822
15.244725,44.861797
15.236076,44.873274
15.709488,44.745477
14.885757,44.548338
15.92373,44.57366
15.963913,44.555086
15.103646,44.955991
14.884626,44.556187
15.922006,44.577239
14.896189,45.0112
15.924808,44.586313
16.020762,44.52723
16.009205,44.518871
15.966915,44.558355
14.885606,44.556132
15.692585,44.763564
15.237565,44.866956
15.921132,44.584481
15.232823,44.868074
15.380017,44.5414
15.765114,44.528192
14.889977,44.552965
15.784741,44.479762
15.7667,44.529491
15.968868,44.560118
15.924899,44.572087
15.715199,44.740662
15.709923,44.745904
15.728457,44.518383
15.355072,44.52781
14.895748,45.010595
14.889241,44.553114
14.885232,44.555929
16.001999,44.528521
15.975226,44.541914
15.212773,44.871052
15.778293,44.484667
15.957035,44.554922
14.885608,44.557
15.419537,44.496818
15.38086,44.529333
14.884738,44.553013
15.76143,44.543985
15.758847,44.575895
15.388509,44.53397
15.375984,44.542052
15.965076,44.553788
14.886387,44.553024
15.96479,44.556264
15.942748,44.579308
15.362711,44.532564
15.379683,44.552406
15.950794,44.559698
15.958162,44.556025
15.388528,44.537328
15.268066,44.86259
14.891093,45.026505
14.886158,44.556344
15.353643,44.527194
14.884532,44.55658
15.76458,44.529672
15.923713,44.57489
15.124425,44.865991
15.717565,44.742274
14.885778,44.554598
16.002398,44.520947
15.95772,44.552573
15.30753,44.51781
14.884728,44.554588
15.924714,44.573108
14.887675,44.554995
15.963388,44.552431
15.729108,44.517823
14.884805,44.556037
15.947945,44.576371
15.964541,44.554168
15.387355,44.567425
15.959922,44.540493
15.711507,44.740141
15.959636,44.554574
15.919731,44.581829
14.902346,44.993822
15.237652,44.87303
15.960498,44.558295
14.890418,44.552248
14.887381,44.552511
15.923341,44.57555
15.23695,44.874179
14.885764,44.556172
15.928177,44.567337
15.92374,44.573838
15.388714,44.530899
15.304698,44.543509
14.886545,44.558158
15.729444,44.519851
15.957661,44.552217
15.71535,44.740776
15.364201,44.559366
14.886608,44.552365
15.959739,44.551378
15.955804,44.554178
15.960336,44.555332
15.721802,44.736303
15.356521,44.529106
15.216698,44.870637
14.888917,44.552541
15.709129,44.745796
15.921042,44.579591
14.885279,44.548547
15.378806,44.557304
14.881713,44.560126
15.098337,44.956402
15.764029,44.526499
15.964128,44.554979
15.931895,44.583694
15.967177,44.548389
14.886059,44.556122
14.890409,44.553026
14.895022,45.009784
15.237041,44.87457
15.31764,44.539206
14.890482,45.026098
14.888738,45.025981
14.886004,44.556496
15.921461,44.584655
14.884577,44.555927
15.810499,44.689389
15.376336,44.54534
15.958626,44.551635
14.885502,44.556076
15.964825,44.549428
14.884395,44.555714
15.763361,44.532211
15.714365,44.740041
15.924608,44.572655
15.666317,44.76666
15.961582,44.553162
15.255436,44.865411
14.885718,45.027928
15.959079,44.557506
14.900979,44.990378
15.920433,44.582442
15.942627,44.525799
15.968097,44.559641
15.269195,44.855104
15.388926,44.676051
15.388394,44.532624
15.930908,44.565987
15.216539,44.87189
15.387713,44.567968
14.889767,44.55683
15.67058,44.767496
15.948965,44.559184
15.388648,44.536446
15.963706,44.553894
15.235437,44.863367
15.95299,44.556836
15.70386,44.742556
15.766258,44.529087
15.965659,44.549365
15.356155,44.528431
14.886484,45.026978
15.709764,44.751575
15.312072,44.543473
15.229722,44.871441
14.887366,44.551609
14.888324,44.554174
15.072623,44.525892
15.921409,44.57898
15.353463,44.527101
14.890206,44.553185
15.331159,44.538268
14.881116,44.559286
15.702804,44.740898
15.266682,44.852412
15.729126,44.523942
14.884891,44.54864
14.882143,44.559866
15.95885,44.5556
15.048895,44.964392
15.226721,44.86708
15.072762,44.525737
14.886832,44.558503
14.886086,44.556055
15.955096,44.555207
15.35952,44.555359
15.709899,44.741163
15.922526,44.576224
15.76027,44.525361
15.920341,44.580963
14.879943,44.559572
15.237318,44.86476
14.885161,44.553337
14.884551,44.549296
14.88918,44.553956
15.339095,44.518934
15.746638,44.707193
15.258011,44.85017
14.886158,44.555207
15.315578,44.535225
15.214131,44.868974
15.244344,44.872148
14.896394,45.010526
14.886868,44.555147
14.879928,44.560181
15.319703,44.541529
15.353856,44.527543
14.884827,44.554239
15.963817,44.554762
15.957364,44.552964
14.886143,44.556562
15.236266,44.873437
15.672164,44.768135
15.364704,44.560174
15.960472,44.567442
15.96495,44.556972
15.960773,44.55548
15.680715,44.769851
15.36128,44.53178
15.9669,44.548162
14.885713,44.556026
15.929324,44.584685
15.733215,44.569708
15.369368,44.546768
14.88137,44.558963
15.737894,44.682589
15.682789,44.766883
15.364745,44.533458
15.962695,44.555732
15.981222,44.528976
15.965521,44.55758
15.217402,44.873064
15.378156,44.543627
15.233712,44.867266
15.357405,44.529366
15.925097,44.57149
14.886317,44.552256
15.772517,44.505411
15.072875,44.525593
15.959498,44.557877
16.011561,44.517223
15.951534,44.557614
15.967281,44.558723
15.258785,44.855001
15.388593,44.531816
14.896111,45.01052
15.727682,44.525184
14.88414,44.557177
15.653509,44.787165
15.970697,44.545361
15.703542,44.741576
14.882006,44.559426
15.25782,44.852014
15.963412,44.551814
15.957088,44.555242
15.955953,44.554512
15.714548,44.736196
15.388136,44.530209
15.95037,44.559233
15.96029,44.58603
15.921745,44.578365
15.920803,44.583941
14.887499,44.554014
14.884851,44.557941
15.358777,44.544997
15.376313,44.542431
14.884817,44.553322
15.922026,44.577014
15.713099,44.749009
15.940578,44.559271
15.748931,44.694758
15.250919,44.854649
14.884344,44.557897
15.685445,44.77626
15.714801,44.74035
14.895771,45.012375
15.964703,44.556034
15.704312,44.743122
15.31849,44.540409
15.729096,44.519208
15.940386,44.579126
15.730134,44.727501
14.893099,45.026115
15.953633,44.556362
15.962656,44.55217
15.709707,44.74609
15.725416,44.565583
15.768037,44.531443
15.073174,44.525143
15.958231,44.551842
15.918813,44.592356
15.303666,44.537407
14.884244,44.556055
15.694309,44.759999
14.889414,44.553438
15.968777,44.547331
15.958693,44.557156
14.916327,44.986476
15.395128,44.534492
14.885345,44.550581
14.884776,44.550503
14.884502,44.550416
14.88486,44.550317
14.884626,44.550202
14.885119,44.551198
14.884361,44.550905
14.884142,44.550819
14.884014,44.550758
14.884939,44.551317
14.884609,44.551206
14.888287,44.557246
14.888372,44.557194
14.888504,44.557067
14.888555,44.557015
14.888682,44.556929
14.888729,44.55688
14.88827,44.55683
14.887877,44.557192
14.887465,44.557118
14.887544,44.557077
14.887684,44.556895
14.887969,44.557007
14.885024,44.555805
14.884941,44.55576
14.888288,44.556034
14.888544,44.55582
14.888354,44.555748
14.887867,44.556017
14.885154,44.55081
14.884835,44.550723
14.88427,44.550557
14.884236,44.550687
14.886427,44.555988
14.886524,44.555935
14.887019,44.55586
14.887336,44.555833
14.887898,44.555929
14.887583,44.555695
14.887698,44.555532
14.887765,44.555504
14.887821,44.555477
15.266495,44.851814
15.257883,44.872069
14.880352,44.560414
14.880638,44.560217
14.880726,44.560128
14.880825,44.560418
14.880659,44.560551
14.880578,44.560596
14.884018,44.554705
15.076479,44.526379
15.077137,44.526246
15.077224,44.529988
15.713526,44.750068
15.717786,44.745468
15.072911,44.528675
15.072992,44.529881
15.074341,44.527531
15.065924,44.531731
15.072509,44.525932
15.071708,44.527634
15.072993,44.525969
15.073181,44.525683
15.073029,44.525927
15.073303,44.527065
15.073225,44.527183
15.722948,44.733699
15.723725,44.737743
15.722111,44.73858
15.721325,44.738321
15.721134,44.738296
15.721623,44.737916
15.701387,44.745121
15.699852,44.747754
15.699505,44.749243
15.702433,44.754104
15.699053,44.753866
15.700365,44.754668
15.697633,44.754265
15.696109,44.755455
15.69723,44.756097
15.696915,44.755943
15.694607,44.759846
15.69454,44.759038
15.692137,44.763418
15.699074,44.756528
15.695825,44.758161
15.371353,44.538074
15.744382,44.707377
15.752232,44.705443
15.753389,44.705382
15.747826,44.697826
15.749293,44.693911
15.749189,44.693628
15.142766,44.513133
15.144228,44.512492
15.217704,44.871939
15.041972,45.000161
15.356976,44.659423
15.358969,44.660729
14.884088,44.554722
14.884159,44.554753
14.887485,44.55977
15.612685,44.57438
14.884939,44.557148
14.885107,44.557182
14.885728,44.558087
14.886323,44.558962
14.887834,44.55791
15.791454,44.712631
15.183663,44.993542
15.338404,44.715746
15.339716,44.653625
15.337428,44.652605
15.336023,44.652197
15.333951,44.658891
15.346455,44.659834
15.382147,44.681765
15.376272,44.683322
14.879934,44.5605
15.711266,44.875703
15.711034,44.875182
15.711556,44.87483
15.717084,44.872048
15.720396,44.869878
15.716044,44.872433
14.887921,44.555438
14.888027,44.55539
14.884497,44.552304
15.097813,45.055764
15.097698,45.055956
15.097631,45.055934
15.120709,45.036555
15.121912,45.036353
15.280793,44.835496
15.264722,44.83924
15.403683,44.529611
15.034449,45.012201
15.105511,44.954287
15.734895,44.546055
15.736045,44.544778
15.737501,44.54355
15.738813,44.535155
15.736197,44.534641
15.729239,44.520337
15.72999,44.519943
15.730466,44.505725
15.733029,44.505212
15.73404,44.50235
15.729702,44.494255
15.738355,44.489421
15.737595,44.494524
15.721529,44.474026
15.709775,44.485705
15.717264,44.483059
15.665975,44.523358
15.666242,44.522899
15.667326,44.522337
15.66988,44.517893
15.670879,44.517438
15.675166,44.515876
15.676899,44.514747
15.673261,44.509264
15.673101,44.509122
15.675152,44.505635
15.673897,44.50876
15.676934,44.506622
15.676972,44.506771
15.680533,44.500704
15.690822,44.488561
15.691226,44.488358
15.685076,44.490238
15.72579,44.478247
15.726373,44.4782
15.726076,44.478603
15.72527,44.457641
15.724983,44.457752
15.9654,44.556884
15.069025,44.532128
15.070155,44.531295
15.070025,44.530962
15.777375,44.453766
15.780787,44.453153
15.786816,44.45915
15.821337,44.443915
15.101548,44.54437
15.109049,44.538703
15.108859,44.538983
15.107601,44.539261
15.104757,44.541091
15.765937,44.523423
15.773458,44.524644
15.770705,44.52462
15.781868,44.508972
15.781346,44.508902
15.781821,44.507965
15.774076,44.501411
15.774572,44.502156
15.762304,44.503215
15.764389,44.513433
15.763759,44.510272
15.654201,44.786247
15.653672,44.786447
15.652816,44.790169
15.652505,44.78808
15.74403,44.711493
15.740322,44.713804
15.738029,44.721881
15.738786,44.721801
15.693327,44.767683
15.699794,44.770191
15.691708,44.769677
15.700638,44.769776
15.703139,44.767245
15.704462,44.765908
15.714651,44.768303
15.715827,44.767817
15.716908,44.767167
15.718927,44.766388
15.7198,44.767321
15.671726,44.769306
15.119988,44.527887
15.122551,44.527812
15.123131,44.527481
15.123117,44.527668
15.13581,44.527041
15.960642,44.556323
15.690712,44.77287
15.690832,44.770918
15.689463,44.774848
15.689191,44.774732
15.688427,44.774427
15.688081,44.7753
15.689349,44.775512
15.689727,44.775669
15.68837,44.777154
15.687891,44.776838
15.687686,44.776711
15.689344,44.775861
15.689011,44.775735
15.688383,44.775857
15.685813,44.777255
15.685778,44.775554
15.685902,44.775258
15.6856,44.774179
15.686116,44.774191
15.68654,44.77477
15.684414,44.777234
15.684257,44.776777
15.686921,44.778358
15.68485,44.77827
15.681891,44.782834
15.676145,44.779723
15.682741,44.78398
15.682012,44.781932
15.685857,44.778991
15.686046,44.778808
15.686257,44.778573
15.686473,44.778221
15.687047,44.777678
15.688166,44.778144
15.688931,44.778554
15.687166,44.779104
15.689244,44.764015
15.682557,44.765931
15.682763,44.766537
15.683922,44.768006
15.68361,44.767763
15.682892,44.768527
15.682298,44.768553
15.681678,44.771515
15.681683,44.771709
15.677864,44.772257
15.680544,44.769516
15.680619,44.769501
15.680229,44.76851
15.67938,44.767744
15.679279,44.767756
15.675719,44.767647
15.674071,44.768101
15.673905,44.768038
15.674996,44.768507
15.671729,44.767895
15.670617,44.768059
15.670747,44.767748
15.670176,44.768272
15.668721,44.768034
15.668625,44.768711
15.668659,44.768526
15.665979,44.769298
15.716372,44.730181
15.690423,44.722119
15.766312,44.73314
15.721732,44.725815
15.727529,44.726488
15.261579,44.836762
15.736742,44.753944
15.740261,44.748524
15.744888,44.746064
15.744752,44.745595
15.733622,44.740242
15.942183,44.579444
15.942603,44.579915
15.947514,44.576515
15.936161,44.584081
15.96003,44.56743
15.63851,44.762338
15.627732,44.770422
15.772775,44.542676
15.562992,44.752772
15.563977,44.750719
15.776515,44.485172
15.776641,44.484897
15.779294,44.48456
15.780209,44.484359
15.779699,44.483648
15.782162,44.483783
15.782751,44.483053
15.781894,44.48284
15.784764,44.480523
15.784847,44.480358
15.793814,44.474993
15.814279,44.465274
15.816006,44.464857
15.799719,44.485571
15.806587,44.49185
15.588188,44.7581
14.884394,44.556082
15.236046,44.873803
14.884016,44.556429
14.884102,44.556433
14.884143,44.556473
14.884201,44.556496
14.884269,44.556522
14.884172,44.556249
14.884258,44.556396
14.887905,44.560524
14.887698,44.560596
14.8881,44.561311
14.892693,44.563746
14.891703,44.564621
14.891221,44.565248
14.889938,44.562153
14.890687,44.561868
14.891397,44.562087
14.887851,44.55919
14.888063,44.559054
14.88828,44.558951
14.888374,44.558708
14.888762,44.558547
14.889213,44.558184
14.88797,44.559673
14.888607,44.558997
14.888667,44.558942
14.889503,44.558378
14.889661,44.558241
14.885271,44.560564
14.885375,44.560664
14.885562,44.560598
14.88617,44.560648
14.886514,44.560659
14.889451,44.556808
14.890549,44.557372
14.897518,44.57203
14.900233,44.572397
14.885035,44.56283
14.884928,44.562995
14.886323,44.563348
14.885554,44.56284
14.878502,44.559505
14.878514,44.559798
14.87872,44.559656
14.878877,44.559984
15.863495,44.518049
15.808884,44.538728
15.810186,44.537027
15.703495,44.752702
15.706437,44.747797
15.708997,44.749167
15.704375,44.746963
15.706948,44.744114
15.70981,44.744728
15.348769,44.530199
15.378018,44.54478
15.709952,44.74018
15.709875,44.74399
15.709109,44.743307
15.709965,44.74347
15.708418,44.743788
15.70976,44.744226
14.887788,44.555745
14.888284,44.555464
14.888762,44.555392
14.888889,44.555474
14.888924,44.555427
14.889149,44.555406
14.889717,44.555199
15.708537,44.743353
14.886703,44.55559
14.886762,44.555552
14.886727,44.555319
14.887093,44.555508
14.887173,44.555444
14.887236,44.555387
14.887421,44.555319
14.887822,44.555326
14.887935,44.555273
14.888066,44.555154
14.887993,44.554865
16.02064,44.526864
14.888709,44.556169
14.888428,44.555739
14.88964,44.556354
14.890019,44.555857
14.889734,44.555354
14.890623,44.55593
14.890372,44.555736
14.890909,44.555891
14.890545,44.555455
14.890822,44.555545
14.891163,44.555619
14.891041,44.555729
14.891005,44.555789
15.705836,44.743798
15.705019,44.744555
15.704694,44.743964
15.70389,44.742767
15.707852,44.742501
14.885464,44.549469
14.886794,44.547321
14.883646,44.545879
14.881324,44.544411
14.880847,44.544138
14.888824,44.553835
14.882445,44.549085
15.708751,44.74234
14.888432,44.550519
14.896312,44.537262
14.896735,44.537402
14.896345,44.537451
14.896211,44.537629
15.706681,44.741124
15.706949,44.741199
15.707877,44.741726
15.705463,44.742679
15.740572,44.611319
15.740511,44.611259
15.74077,44.611052
15.737112,44.607415
15.738318,44.606359
15.739252,44.606051
15.739251,44.605935
15.739452,44.60557
15.739638,44.605705
15.736917,44.604772
15.73904,44.605816
15.737182,44.604234
15.737209,44.604098
15.737222,44.604
15.737254,44.603624
15.737726,44.603595
15.7378,44.603486
15.737744,44.603188
15.736938,44.60238
15.736655,44.601639
15.736715,44.60129
15.736958,44.601055
15.737346,44.600331
15.734525,44.598977
15.737845,44.599602
15.735282,44.599016
15.738007,44.59788
15.739234,44.598015
15.737455,44.597218
15.738723,44.597084
15.738857,44.597007
15.738712,44.596967
15.738161,44.596761
15.736997,44.59653
15.73824,44.596282
15.736969,44.596175
15.737997,44.595546
15.737449,44.595556
15.73799,44.593932
15.737943,44.593324
15.738573,44.592336
15.738727,44.591892
15.738593,44.591453
15.738668,44.589299
15.73933,44.589237
15.744925,44.583766
15.741957,44.581939
15.745994,44.583626
15.746288,44.583633
15.746872,44.583401
15.743811,44.580613
15.750179,44.581798
15.750638,44.581532
15.750236,44.581358
15.750922,44.58157
15.751146,44.581483
15.750741,44.581266
15.751009,44.581261
15.751347,44.580673
15.751327,44.580467
15.751513,44.579976
15.749411,44.577964
15.749731,44.577381
15.7499,44.57755
15.747673,44.576489
15.748968,44.576574
15.748493,44.576194
15.748994,44.575709
15.749269,44.575498
15.749506,44.575343
15.752019,44.575529
15.754975,44.575745
15.755347,44.575592
15.757544,44.576378
15.757459,44.576252
15.757818,44.576389
15.760439,44.576654
15.760586,44.576333
15.760106,44.573603
15.760168,44.573428
15.762006,44.572935
15.765182,44.573441
15.765889,44.573773
15.766062,44.573431
15.767719,44.572699
15.767154,44.572473
15.768507,44.572089
15.768401,44.571638
15.769711,44.571969
15.770995,44.570355
15.768503,44.569745
15.772462,44.566667
15.771227,44.567631
15.77378,44.564902
14.889123,44.552778
14.889253,44.552442
14.886505,44.552514
15.712171,44.74044
15.714819,44.739199
15.715015,44.739093
14.886422,44.55568
15.714871,44.736422
15.787231,44.71318
15.805005,44.701748
15.810489,44.690673
15.813067,44.687847
15.814713,44.686453
15.711761,44.739844
16.001851,44.528111
16.009819,44.518572
15.744218,44.690196
15.735586,44.689558
15.728002,44.688929
15.73839,44.677532
15.733158,44.682666
15.78017,44.675135
15.766201,44.677791
15.789656,44.685983
15.788432,44.684689
15.788131,44.684367
15.787714,44.684085
15.766282,44.544341
15.767522,44.545474
15.771117,44.54227
15.77327,44.54159
15.766082,44.543483
15.765829,44.543276
15.765728,44.542545
15.766702,44.542551
15.765604,44.542063
15.765419,44.539658
15.770415,44.540387
15.774248,44.538402
15.983577,44.535357
15.957514,44.537172
15.717981,44.73769
15.765172,44.543261
15.763796,44.53934
15.764582,44.53863
15.756618,44.536035
15.757041,44.536297
15.752784,44.535515
15.751434,44.536146
15.712874,44.740967
15.713291,44.740641
14.896865,44.536424
14.896935,44.536159
14.896257,44.536346
14.89611,44.536453
14.896246,44.536586
14.893648,44.55547
14.893742,44.555363
14.893888,44.55518
14.894028,44.555484
14.894163,44.555366
14.894164,44.555746
14.894704,44.555286
14.891834,44.557728
14.891819,44.557626
14.892438,44.557662
14.892919,44.557876
14.893226,44.557824
14.894864,44.55874
14.895056,44.558636
14.903715,44.556887
14.891563,44.558371
14.891387,44.558703
14.892341,44.558083
14.892762,44.558026
14.894763,44.559768
14.902987,44.559081
14.891427,44.557609
15.768832,44.529747
15.765935,44.528536
14.892643,44.555378
14.8889,44.559016
14.889984,44.558414
14.890204,44.559626
14.887365,44.560547
14.887274,44.560641
14.88708,44.56087
14.885564,44.561813
14.88521,44.561768
14.884636,44.561915
14.892771,44.555864
14.893073,44.555998
14.893174,44.556074
14.892431,44.556952
14.883825,44.55501
14.891478,44.555132
14.888677,44.555181
14.884819,44.556301
14.88646,44.558864
14.881086,44.561015
14.88093,44.560361
14.884151,44.558598
14.883405,44.559335
14.883226,44.5588
14.883381,44.55898
14.883979,44.559134
14.883818,44.559235
14.884061,44.559393
14.883478,44.559888
14.883514,44.559784
14.88318,44.559604
14.883222,44.561061
14.883578,44.560645
14.88294,44.560628
14.882645,44.560378
14.883636,44.560519
14.882865,44.561278
14.883656,44.561539
14.883547,44.56128
14.883958,44.561056
14.883971,44.560586
14.883942,44.560473
14.884138,44.560517
14.884123,44.560094
14.884141,44.559788
14.88415,44.559601
14.884296,44.559444
14.88763,44.553819
14.886838,44.552796
14.884914,44.551487
16.013963,44.575774
16.014965,44.576204
16.011253,44.579893
16.011059,44.580022
16.010645,44.580304
16.00998,44.580641
16.008898,44.580815
16.00806,44.580868
16.007996,44.581091
16.006943,44.581929
14.882859,44.550543
14.881408,44.558025
14.881325,44.558114
14.880941,44.558314
14.880545,44.558515
15.35514,44.692881
15.462237,44.684798
15.491244,44.705016
15.24217,44.870185
15.238726,44.861606
15.446004,44.724963
15.238604,44.875172
15.425632,44.515706
15.431376,44.518194
15.431032,44.518979
15.430252,44.519599
15.430012,44.520458
15.429994,44.520672
15.432909,44.521328
15.385849,44.544301
15.119155,44.825199
15.244916,44.888605
15.469187,44.488224
15.463275,44.487667
15.462767,44.490239
15.449058,44.481058
15.432002,44.517883
15.432757,44.517747
15.43395,44.51813
15.437374,44.518701
15.436015,44.51802
15.441799,44.51671
15.455219,44.498639
15.456198,44.498011
15.457599,44.497208
15.27431,44.838988
15.479767,44.534833
15.327783,44.514343
15.323015,44.512448
15.34276,44.517727
15.342797,44.516847
15.341636,44.516818
15.344757,44.514725
15.323119,44.513261
15.330685,44.515714
15.318495,44.512171
15.415804,44.520036
15.416224,44.519624
15.416204,44.519804
15.416362,44.520111
15.4157,44.520206
15.421785,44.514528
15.422281,44.515198
15.419259,44.51596
15.414223,44.521694
15.41462,44.522638
15.365375,44.534035
15.378982,44.543129
15.379624,44.542203
15.380445,44.541044
15.382151,44.540761
15.38321,44.540226
15.384499,44.539462
15.387952,44.538089
15.388077,44.537815
15.384197,44.539638
15.385338,44.539038
15.386129,44.538637
15.38698,44.53827
15.380381,44.542627
15.380146,44.542808
15.380722,44.542479
15.380769,44.542897
15.380901,44.543254
15.381712,44.543156
15.382089,44.543173
15.382476,44.542981
15.382482,44.54325
15.38286,44.543062
15.383162,44.543547
15.383456,44.543223
15.383695,44.543189
15.384224,44.543468
15.384897,44.5441
15.385422,44.544306
15.386283,44.539707
15.389425,44.537438
15.389719,44.537124
15.389953,44.537043
15.390338,44.53688
15.391477,44.536473
15.392033,44.536235
15.39269,44.53603
15.392926,44.535993
15.393189,44.535874
15.392904,44.536228
15.393955,44.535478
15.396482,44.535392
15.401244,44.531349
15.247743,44.8695
14.899333,44.989253
15.377536,44.544728
15.372578,44.547443
15.371689,44.548036
15.37893,44.545245
15.377777,44.545544
15.378821,44.546714
15.377363,44.546742
15.37822,44.547256
15.373977,44.544983
15.373161,44.545175
15.373034,44.546564
15.372693,44.546834
15.380316,44.530146
15.380121,44.529387
15.379732,44.528962
15.383903,44.539839
15.393634,44.535954
15.37814,44.527447
15.373944,44.525324
15.373433,44.525289
15.381044,44.527413
15.381099,44.527601
15.380825,44.527031
15.377429,44.526537
14.885009,44.555284
15.306379,44.535193
15.313976,44.533258
15.391854,44.579371
15.389311,44.571105
15.385661,44.56433
15.386252,44.561582
15.384148,44.561533
15.384056,44.561374
15.382874,44.559322
15.389352,44.571268
15.388174,44.568631
15.388228,44.56887
15.38832,44.569047
15.386728,44.566155
15.38363,44.560397
15.389242,44.570926
15.37818,44.551836
15.381371,44.553289
15.381685,44.553
15.380662,44.552136
15.378843,44.551072
15.379611,44.55101
15.381326,44.552213
15.381732,44.552503
15.380936,44.554686
15.380707,44.552772
15.376572,44.552318
15.3766,44.552008
15.376426,44.551869
15.375207,44.549617
15.385528,44.565162
15.385721,44.565427
15.379257,44.554256
15.37949,44.554661
15.380794,44.556738
15.380822,44.557036
15.388515,44.570844
15.387218,44.568327
15.389732,44.574388
15.389706,44.575143
15.390295,44.575971
15.378422,44.557544
15.378239,44.557657
15.377832,44.557905
15.378225,44.557979
15.378071,44.558118
15.359813,44.550189
15.361758,44.550181
15.369775,44.548113
15.364417,44.549881
15.364609,44.550239
15.363645,44.550359
15.357401,44.550881
15.368788,44.551123
15.36685,44.550426
15.369356,44.549781
15.371953,44.549148
15.370422,44.548278
15.369924,44.548727
15.369225,44.55017
15.367624,44.551508
15.367437,44.551352
15.367795,44.551687
15.369118,44.552347
15.369564,44.552563
15.368317,44.552632
15.368185,44.552759
15.370113,44.552579
15.361324,44.552432
15.360666,44.552327
15.359767,44.561748
15.359421,44.552192
15.356832,44.552576
15.35488,44.552951
15.359752,44.555272
15.363927,44.558535
15.38029,44.541777
15.380007,44.542582
15.382899,44.543447
15.383061,44.543116
15.384075,44.543407
15.391073,44.536607
15.396147,44.535127
15.387184,44.537301
15.387185,44.536293
15.38701,44.536088
15.386854,44.535872
15.386901,44.53651
15.386594,44.53556
15.386911,44.536345
15.386514,44.535421
15.386406,44.535269
15.386196,44.535566
15.386033,44.535335
15.385953,44.535248
15.386207,44.534994
15.395404,44.532127
15.395942,44.53177
15.393252,44.533139
15.386595,44.538083
15.387384,44.537471
15.388145,44.53747
15.38832,44.537404
15.389294,44.537018
15.389454,44.536964
15.389848,44.536767
15.389926,44.53658
15.390252,44.536533
15.390606,44.536502
15.391653,44.536108
15.391974,44.535993
15.39217,44.535915
15.392366,44.535847
15.392552,44.535657
15.392661,44.535732
15.393135,44.535526
15.393604,44.535345
15.39421,44.535064
15.394085,44.534763
15.39439,44.534977
15.39462,44.534902
15.394976,44.534737
15.395666,44.534356
15.395937,44.53421
15.396365,44.533949
15.397946,44.533013
15.398105,44.532899
15.39828,44.532816
15.398899,44.532429
15.39888,44.532057
15.400583,44.531081
15.401498,44.530798
15.403049,44.529965
15.394093,44.534914
15.375982,44.543095
15.375786,44.543165
15.376056,44.543643
15.376139,44.5437
15.376943,44.540729
15.377052,44.540284
15.373837,44.542419
15.374257,44.542228
15.374905,44.541933
15.376504,44.541225
15.376001,44.541711
15.376183,44.541647
15.37596,44.540421
15.376963,44.540605
15.377113,44.540057
15.377228,44.539514
15.380679,44.53318
15.380613,44.532741
15.380077,44.530378
15.379998,44.530184
15.375509,44.541122
15.372703,44.539055
15.372662,44.539002
15.373369,44.540149
15.373112,44.539904
15.372901,44.5398
15.372483,44.539272
15.372182,44.538846
15.371799,44.538433
15.371685,44.538324
15.388147,44.555641
15.389298,44.555766
15.36688,44.547333
15.364637,44.545049
15.364548,44.545223
15.367739,44.548719
15.364313,44.54748
15.369526,44.547047
15.370005,44.547217
15.366948,44.548401
15.371913,44.542819
15.371357,44.543538
15.371152,44.54357
15.349422,44.546006
15.356364,44.544603
15.35665,44.545087
15.354147,44.546
15.3527,44.545503
15.352338,44.546121
15.355386,44.544128
15.355348,44.544623
15.360498,44.544346
15.35595,44.544047
15.359337,44.546532
15.368632,44.545605
15.368529,44.545835
15.371253,44.545535
15.367417,44.54326
15.366525,44.544643
15.368407,44.545032
15.368243,44.544826
15.367721,44.545015
15.360473,44.543808
15.359484,44.54387
15.356619,44.543553
15.365297,44.544511
15.361236,44.543951
15.346132,44.536519
15.334615,44.53834
15.330739,44.539262
15.354534,44.542331
15.352543,44.537442
15.349748,44.53252
15.356837,44.504558
15.399314,44.549795
15.399273,44.550045
15.399165,44.547488
15.395657,44.545405
15.393563,44.542397
15.405764,44.479851
15.408026,44.481043
14.885266,44.557709
15.367873,44.548817
15.311035,44.520246
15.310802,44.520057
15.309374,44.519275
15.299161,44.503871
15.240408,44.5395
15.240038,44.539761
15.239919,44.538961
15.259207,44.526411
15.260069,44.526395
15.277392,44.536982
15.275502,44.529226
15.283432,44.525886
15.281709,44.518964
15.281858,44.522033
15.314308,44.532098
15.632971,44.558562
15.634146,44.559477
15.632962,44.560016
15.633432,44.559958
15.633662,44.560593
15.633874,44.561419
15.635534,44.563336
15.635132,44.565868
15.635404,44.566022
15.63948,44.565102
15.639871,44.564891
15.639918,44.564371
15.639994,44.564228
15.641486,44.562691
15.641587,44.562497
15.642444,44.562551
15.642977,44.562771
15.644431,44.562639
15.728537,44.518216
15.805982,44.69389
15.73895,44.677397
15.768062,44.572586
15.751352,44.576553
15.748085,44.449579
15.765624,44.533424
15.765353,44.533282
15.765113,44.533225
15.76479,44.533144
15.764335,44.533042
15.765185,44.532655
15.765114,44.532955
15.765033,44.532929
15.764935,44.532898
15.764818,44.53286
15.764891,44.532679
15.764896,44.532513
15.76458,44.530761
15.817826,44.499321
15.752334,44.704416
15.306665,44.51658
15.241507,44.850781
14.894666,44.53748
14.891323,44.554282
14.891339,44.554495
14.892119,44.554349
14.891813,44.55436
14.891739,44.554184
15.137498,44.826655
14.890008,44.557717
14.891128,44.557926
14.892365,44.557523
14.892904,44.557722
14.892023,44.558001
14.894509,44.557623
14.895103,44.557625
14.89525,44.55759
14.895728,44.55763
14.885417,44.54824
14.885842,44.558818
14.891559,44.554073
14.891806,44.553866
15.361255,44.554252
15.360881,44.554514
15.73425,44.725974
15.734389,44.725763
15.735517,44.725321
15.71896,44.735439
15.718548,44.735435
15.686083,44.771256
15.686834,44.771496
15.686388,44.771643
15.432652,44.518016
15.973854,44.549517
15.974072,44.550543
15.247637,44.859012
14.885496,44.553858
14.89032,44.554317
14.891124,44.533185
15.276085,44.847793
15.275666,44.84755
15.257703,44.845628
15.241494,44.868728
15.258129,44.842584
15.226541,44.871983
15.923989,44.574407
15.921799,44.577672
15.920671,44.580587
15.920944,44.584003
15.920977,44.584322
15.950393,44.559497
15.967931,44.559111
15.965944,44.558656
15.961094,44.554801
15.961215,44.554925
15.961279,44.554962
15.970418,44.546031
15.97053,44.55016
15.972961,44.549559
15.954601,44.554997
15.963424,44.553129
15.96345,44.553187
15.963658,44.553445
15.963696,44.553499
15.937743,44.545904
15.935167,44.540242
15.929785,44.535895
15.93977,44.526893
15.940005,44.526721
15.941748,44.525613
15.953945,44.555448
15.260241,44.849989
15.266365,44.851604
15.344198,44.515105
15.344084,44.514895
14.971776,44.970764
15.256269,44.854468
15.259076,44.866997
14.889662,44.557709
14.903973,44.992948
14.904001,44.989316
15.120993,44.840768
15.763642,44.523292
15.37489,44.525344
15.380268,44.529987
15.357794,44.543634
15.234566,44.867637
15.278331,44.831903
15.237337,44.872266
15.25061,44.846379
15.10119,44.960516
15.103535,44.960335
15.357013,44.552551
15.067159,45.0891
15.223342,44.870574
15.37069,44.555358
15.370948,44.55546
15.711397,44.739593
15.963265,44.555457
14.883592,44.559247
15.24836,44.869429
15.270438,44.844587
15.255645,44.874804
15.366867,44.547081
15.367018,44.546941
15.367093,44.546752
15.367131,44.546668
15.367209,44.546494
15.367255,44.546375
15.236478,44.874249
15.25678,44.855509
15.247207,44.869612
15.247491,44.840655
15.235957,44.873644
15.277734,44.848325
15.270297,44.835527
15.960401,44.555513
15.695708,44.757964
15.358368,44.548368
15.364641,44.551403
15.247254,44.858777
15.238328,44.877178
15.269385,44.841873
15.368274,44.545383
15.233391,44.868623
15.233511,44.868497
15.125478,44.866391
15.391898,44.534019
14.888023,44.559848
14.884335,44.557425
14.890196,44.557759
15.352481,44.546887
15.251766,44.867646
15.077347,44.528954
15.388329,44.539756
14.887642,44.557484
15.31274,44.529274
15.278413,44.846182
15.369099,44.549522
14.879102,44.559351
14.901781,44.988916
14.895658,44.554702
15.353133,44.545749
14.89814,44.989347
15.254538,44.867891
14.882936,44.558349
15.239044,44.874971
14.888573,45.026068
14.915171,44.986209
15.272331,44.840562
15.147041,44.825061
15.357454,44.545839
14.886595,44.558512
14.889356,44.557329
15.210495,44.872705
15.259259,44.854839
15.359327,44.555461
15.239029,44.874114
15.685076,44.77696
15.360258,44.544382
15.279912,44.846055
15.353022,44.543195
14.901598,44.99417
14.888573,44.551755
14.881344,44.561131
15.960308,44.556229
15.319705,44.541724
15.31974,44.541892
15.219696,44.872319
14.879162,44.560316
14.897591,44.536875
15.227179,44.867451
14.885083,44.563028
15.624746,44.769811
15.731097,44.728761
15.964102,44.554149
15.964764,44.553236
14.884109,44.559346
14.884149,44.55931
15.706764,44.740751
15.707485,44.748368
15.449616,44.490443
15.149701,44.855364
15.119689,44.839569
15.12242,44.83848
15.148108,44.821735
15.147361,44.82493
15.149919,44.823757
15.147484,44.824176
15.256537,44.849763
15.257854,44.850073
15.245449,44.850797
15.244864,44.850987
15.242785,44.851917
15.251306,44.840732
15.685198,44.776244
15.713758,44.739015
15.253814,44.867484
15.253975,44.867483
15.257817,44.867915
15.258981,44.870992
15.231231,44.875397
15.21561,44.870662
15.21424,44.869317
15.213409,44.866175
15.215939,44.863702
15.21492,44.8627
15.217212,44.871628
15.216748,44.871892
15.211353,44.870802
15.210412,44.870575
15.204777,44.871683
15.218463,44.872348
15.21574,44.873034
15.218632,44.872842
14.88409,44.560141
14.882771,44.560201
15.37264,44.548385
14.895965,45.011423
14.916277,44.985948
14.916451,44.985501
14.916686,44.985509
14.916813,44.985523
14.916959,44.985539
14.903003,44.994697
14.906396,44.996565
14.907733,44.988811
14.906606,44.989552
14.979164,44.981556
14.97169,44.970381
14.998953,44.951864
14.985471,44.931061
15.175437,44.842935
15.188258,44.833716
15.22388,44.822416
15.222381,44.818195
15.176619,44.816555
15.180874,44.818283
15.138474,44.826391
15.141216,44.826079
15.140218,44.824259
15.139891,44.821071
15.143162,44.825656
15.141189,44.827223
15.145548,44.826174
15.146312,44.822091
15.256459,44.853336
15.275335,44.843503
15.280784,44.850879
15.269524,44.83602
15.268165,44.841305
15.261681,44.836923
15.261531,44.8349
15.26438,44.833315
15.264628,44.833247
15.257049,44.84647
15.27444,44.838755
15.278236,44.83562
15.280232,44.834105
15.272769,44.835006
15.248597,44.86148
15.24929,44.86141
15.251398,44.859835
15.255353,44.855076
15.255612,44.854661
15.256949,44.853776
15.256285,44.853892
15.264057,44.849842
15.267013,44.849416
15.267321,44.84864
15.2581,44.854789
15.270033,44.846337
15.238858,44.869234
14.907538,44.554914
15.227337,44.867657
15.227555,44.868749
15.227847,44.869412
15.22624,44.869554
15.226001,44.867668
15.219457,44.858735
15.21815,44.85854
15.197225,44.86116
15.228127,44.87251
15.232382,44.86752
15.243576,44.862901
15.243531,44.862063
15.237831,44.874958
15.238665,44.873234
15.238721,44.874572
15.239128,44.874325
15.24241,44.871331
15.237318,44.868649
15.23924,44.870112
15.307198,44.51569
15.307574,44.515597
15.307648,44.515702
15.194628,44.886123
15.184123,44.893443
15.183865,44.894024
14.884961,44.549868
15.074377,44.965241
15.229355,44.980072
15.184505,44.893179
15.236628,44.874578
15.236081,44.874631
15.25155,44.867715
15.251678,44.868421
15.235474,44.873973
15.39058,44.566
15.356301,44.553321
15.356801,44.55311
15.713335,44.748651
15.373791,44.545941
15.238169,44.86881
15.376042,44.541369
14.903493,44.992076
15.262713,44.854334
14.878325,44.559133
15.265867,44.861396
14.884053,44.561682
15.356343,44.54651
15.242752,44.870192
14.885156,44.555049
14.88874,44.560687
14.890125,44.557845
15.350783,44.539894
14.887987,44.558321
15.209236,44.87705
14.885547,44.549642
14.889288,44.560587
15.319552,44.512451
15.188679,44.818809
14.892286,44.564127
15.266832,44.863166
15.364142,44.552049
15.437417,44.524214
14.889738,44.554766
15.351604,44.534562
15.352335,44.547837
15.740122,44.585949
15.636783,44.562875
15.475883,44.721413
14.888401,44.552245
14.900095,44.571773
15.27109,44.855493
15.270748,44.855995
14.88331,44.560727
15.37663,44.541509
15.096058,44.963085
15.358688,44.556029
15.34187,44.67134
15.38874,44.536934
15.980106,44.536135
15.356616,44.55297
14.964864,44.975386
14.984282,44.94085
14.903733,44.991218
15.362109,44.553657
15.388552,44.569524
15.074091,44.525578
14.885144,44.555103
15.734954,44.724488
15.766523,44.524016
15.710735,44.740726
15.706758,44.74013
15.235877,44.867415
15.236192,44.867547
15.236355,44.86692
15.072211,44.525974
14.890825,44.557605
15.238197,44.865927
15.072906,44.525073
15.946725,44.564192
15.94816,44.562741
14.882944,44.560308
15.305362,44.514114
15.371101,44.53793
15.725996,44.463864
15.356414,44.553548
14.890172,44.562162
15.369515,44.549921
14.904087,44.990159
15.966293,44.558952
14.899029,45.001384
14.886747,44.559116
14.897419,44.538435
14.897002,44.538769
15.251917,44.868168
14.897713,44.538117
15.072028,44.98936
15.712154,44.740071
15.25226,44.866218
15.025374,45.021772
15.710966,44.740929
14.889258,44.556054
15.366831,44.553549
15.359226,44.544424
14.905329,44.993896
15.452343,44.481683
15.372387,44.548257
15.406216,44.479556
15.357693,44.547281
15.066102,44.531119
15.068785,44.531012
15.894534,44.611834
15.345401,44.540783
14.901557,44.990204
15.142325,44.825462
15.388405,44.537102
15.377847,44.558237
15.213356,44.868821
15.319551,44.512085
14.889384,44.557194
15.958927,44.552841
14.88493,44.552713
15.358162,44.551895
14.883048,44.548229
15.256582,44.866155
15.246158,44.870378
14.903356,44.994534
15.250966,44.86842
14.896586,45.003863
14.897313,45.0036
14.90593,44.9927
15.324411,44.513181
15.389384,44.57335
15.383706,44.545733
14.903024,44.995378
15.445349,44.725838
15.96213,44.554192
15.376162,44.541915
15.376183,44.544994
14.877016,44.546732
15.375393,44.545558
14.896409,45.003064
14.889475,44.553172
15.346781,44.541397
15.346614,44.541354
15.387099,44.537692
15.357935,44.544155
15.376591,44.543194
15.437113,44.519182
15.372968,44.539318
15.07306,44.524874
15.073019,44.524904
15.072581,44.525681
15.072518,44.525658
15.357734,44.551556
15.367915,44.535379
15.362262,44.553893
15.362325,44.553987
15.350526,44.540996
15.075304,44.528137
15.075222,44.528096
15.319455,44.511973
15.31905,44.512068
15.3674,44.546814
15.27528,44.526629
15.387206,44.533539
15.377625,44.558278
15.237848,44.863617
15.239377,44.862542
15.238979,44.862678
15.239505,44.862404
15.240575,44.86228
15.240856,44.862251
15.241163,44.862244
15.242078,44.862088
15.24226,44.862098
15.24249,44.862222
15.244549,44.861895
15.245058,44.861799
14.900279,44.999668
15.378022,44.554817
14.904299,44.988794
15.420761,44.515359
15.700986,44.752785
15.377076,44.541668
15.369478,44.54701
14.918221,44.986833
14.899866,44.993761
15.481294,44.711837
15.142488,44.825444
14.887275,44.557916
15.431749,44.66265
14.887563,44.558123
15.365961,44.552794
14.888912,44.553277
14.883191,44.560107
15.985547,44.532994
15.985522,44.533027
15.964963,44.557796
15.372592,44.547617
15.711257,44.741102
14.90811,44.569219
15.768482,44.571851
15.763403,44.54197
14.889973,44.557804
15.372333,44.54736
14.911897,44.982699
15.381133,44.544892
14.906961,44.987634
15.326872,44.514347
14.882304,44.559596
15.959986,44.55587
15.961053,44.554755
15.372954,44.547148
15.372833,44.547242
15.372939,44.547311
15.073171,44.525934
15.073146,44.526166
15.07323,44.525818
15.073194,44.526094
15.073204,44.525892
15.073167,44.525877
15.073241,44.52602
14.886215,44.556527
14.890883,44.557136
14.889734,44.553466
15.237728,44.874798
15.23763,44.868275
15.228344,44.874202
15.231604,44.872248
15.231664,44.875919
15.234897,44.875937
15.234957,44.875352
15.258171,44.868352
15.237642,44.872665
15.247747,44.868073
15.256908,44.866084
15.248404,44.868259
15.216222,44.871477
15.219219,44.859161
15.235207,44.871359
15.071621,44.990012
15.25532,44.857191
15.266442,44.852219
15.246506,44.861677
15.103258,44.956298
15.10106,44.958362
15.088624,44.963774
15.100371,44.954912
15.100249,44.958911
15.248512,44.885392
15.237238,44.883825
15.240457,44.878185
15.248905,44.887271
15.248685,44.887401
15.237847,44.88352
15.249365,44.88387
15.245059,44.889198
15.243388,44.892732
15.232846,44.887823
15.464157,44.707249
15.269014,44.835982
15.345387,44.714054
14.896423,45.010908
15.353051,44.536951
14.887819,44.556764
14.902747,44.990384
14.902506,44.990516
14.902542,44.990494
14.902548,44.990436
14.902656,44.990513
14.902796,44.990478
14.902722,44.99044
14.902564,44.99032
14.902646,44.990344
14.902766,44.990297
14.911265,44.984567
14.910924,44.984351
14.910786,44.984242
14.911987,44.984681
14.911789,44.984577
14.911609,44.984443
14.911439,44.984209
14.911071,44.983955
14.901589,44.990538
14.901635,44.990059
14.901406,44.990034
14.9013,44.989989
14.912186,44.983298
14.912349,44.983919
14.912454,44.983483
14.912769,44.984203
14.912871,44.983726
14.912964,44.983789
14.913046,44.983936
14.904597,44.990432
14.904701,44.990606
14.904564,44.99074
14.904399,44.990857
14.905101,44.990517
14.904536,44.990959
14.905106,44.990717
14.904698,44.990867
14.904815,44.991025
14.905162,44.990954
14.905065,44.991018
14.904576,44.991153
14.907348,44.990573
14.905023,44.991268
14.905251,44.991709
14.905623,44.991658
14.905911,44.991241
14.906063,44.99113
14.906014,44.991272
14.906195,44.991099
14.906326,44.990987
14.906478,44.991014
14.906456,44.990883
14.908002,44.985336
14.908205,44.985432
14.908785,44.985553
14.909089,44.985571
14.902557,44.99073
14.9025,44.990832
14.902496,44.990923
14.902279,44.990771
14.902289,44.990856
14.902214,44.990895
14.911246,44.984907
14.910786,44.984662
14.910453,44.984337
14.91075,44.983682
14.911364,44.983002
14.91131,44.98321
14.913089,44.983597
14.912567,44.982408
14.912787,44.98282
14.912912,44.982961
14.913069,44.98306
14.913207,44.983177
14.914637,44.986535
14.912268,44.984529
14.911997,44.984454
14.912346,44.984199
14.912077,44.983734
14.911531,44.983882
14.911503,44.983663
14.911902,44.982824
14.912002,44.982552
14.895661,45.002891
14.895562,45.003107
14.895692,45.00517
14.895816,45.005849
14.89576,45.006009
14.895673,45.006171
14.900922,44.986943
14.903558,44.984681
14.903324,44.989859
14.903216,44.989976
14.903551,44.989733
15.377445,44.558088
14.901443,44.992135
14.900769,44.992366
14.900843,44.992268
14.901043,44.991862
14.901795,44.991403
14.90235,44.99123
14.902767,44.991298
14.904222,44.990796
14.902695,44.991226
14.904288,44.990773
14.90424,44.99063
14.906232,44.989011
14.905155,44.989972
14.905329,44.989921
14.905435,44.990006
14.905657,44.989835
14.905371,44.989681
14.905843,44.990082
14.906202,44.989319
14.906549,44.989131
14.906619,44.989075
14.906776,44.988894
14.906891,44.988761
14.906939,44.98871
14.907281,44.988406
14.907881,44.988108
14.909016,44.987671
14.90882,44.987515
14.908911,44.987488
14.902467,44.989332
14.903131,44.98934
14.902171,44.988979
14.902162,44.989322
14.902474,44.990598
14.902492,44.99054
14.902223,44.991103
14.90233,44.990928
14.908264,44.989891
15.377256,44.558175
14.904875,44.994646
14.9044,44.994532
14.90441,44.993614
14.904364,44.993168
14.904139,44.993386
14.904325,44.992869
14.903951,44.993167
14.904023,44.992886
14.904295,44.99269
14.904014,44.992784
14.904047,44.992646
14.904289,44.992527
14.903797,44.992556
14.904462,44.992473
14.904077,44.992515
14.904523,44.992407
14.90443,44.991793
14.909778,44.986637
14.910132,44.986524
14.909678,44.986639
14.909867,44.986499
14.902747,44.989729
14.902824,44.989706
14.902954,44.989734
14.903162,44.989653
14.903296,44.989603
14.903428,44.9898
14.903126,44.989969
15.376994,44.543867
14.900733,44.993603
14.900606,44.993563
14.900671,44.993991
14.901351,44.993872
14.901113,44.994043
14.902173,44.994281
14.902433,44.994344
14.903664,44.994634
14.904097,44.994644
15.122164,44.838489
14.887332,44.558333
14.88727,44.558538
14.884078,44.552823
14.88334,44.560022
14.882996,44.559946
15.195608,44.88543
15.347939,44.528035
15.68243,44.766651
15.251252,44.841058
15.348795,44.650468
15.348328,44.650482
15.455717,44.498806
15.454453,44.499772
15.454729,44.499452
15.305859,44.542946
14.902689,44.993908
14.902779,44.993754
14.903141,44.993841
14.902622,44.993576
14.902894,44.993487
14.903096,44.993616
14.903277,44.993711
14.903549,44.993595
14.903624,44.993863
14.908689,44.989037
14.909183,44.988764
14.909378,44.988919
14.909406,44.988602
14.909459,44.98848
14.909514,44.988411
14.908577,44.988788
14.908766,44.988736
14.909032,44.988658
14.909097,44.988541
14.909384,44.988163
14.901166,44.989611
14.901403,44.989664
14.901601,44.989705
14.912332,44.987208
14.912137,44.987489
14.911901,44.987258
14.911568,44.987302
14.911706,44.987566
14.900291,44.993498
14.899613,44.993866
14.900399,44.994243
14.897908,45.000844
14.897619,45.001483
14.899787,44.999108
14.899646,44.999436
14.899546,44.999486
14.897674,45.001777
14.896951,45.001478
14.899093,44.999703
14.898979,44.999985
14.898925,44.999855
14.898124,45.001122
14.897761,45.001212
14.907394,44.985397
14.907358,44.985275
14.907345,44.985124
14.897911,45.003585
14.897882,45.003982
14.897633,45.004242
14.897371,45.004387
14.897074,45.00438
14.896954,45.004702
14.897097,45.006153
14.897054,45.006329
14.897042,45.006428
14.910952,44.987781
14.911026,44.987711
14.911446,44.987751
14.911558,44.988355
14.91211,44.987725
14.911563,44.988031
14.912074,44.988273
14.91217,44.988153
14.911996,44.987993
14.912667,44.987898
14.912837,44.987803
14.913093,44.987629
14.913241,44.987457
14.902547,44.993062
15.714234,44.737045
14.902627,44.990749
14.902582,44.990827
14.902614,44.990609
14.902693,44.990831
14.902645,44.990574
14.902911,44.990881
14.902898,44.990662
14.902808,44.990754
14.903005,44.990676
14.90293,44.990765
14.90327,44.990731
14.903051,44.990876
14.902779,44.990908
14.902574,44.991081
14.902673,44.990997
14.902442,44.991135
14.902621,44.990974
14.902472,44.990988
14.902978,44.990709
14.904091,44.991782
14.904164,44.991622
14.903916,44.99156
14.901321,44.994548
14.900541,44.994284
14.900503,44.994543
14.900541,44.995337
14.900017,44.997255
14.899968,44.99748
14.900289,44.997602
14.899873,44.998285
14.900272,44.998084
14.899787,44.998417
14.899924,44.998708
14.899906,44.999243
14.899895,44.999371
14.899601,44.99966
14.900204,44.999044
14.900241,44.999288
14.899263,44.99995
14.900374,44.999489
14.898811,45.000357
14.900035,44.999879
14.899559,45.000155
14.899175,45.000486
14.898566,45.001286
14.89851,45.001447
14.900064,44.997095
14.903549,44.989046
14.903917,44.989282
14.904067,44.989371
14.904091,44.989389
14.904141,44.989414
14.904196,44.989452
14.902951,44.990236
14.903158,44.990291
14.903112,44.990213
14.903047,44.990188
14.89673,45.00497
14.896431,45.005448
14.896623,45.006325
14.901256,44.989915
14.901363,44.989946
14.901465,44.989981
14.901529,44.990065
14.902957,44.992777
14.903147,44.993287
14.903414,44.993105
14.903615,44.993235
14.904098,44.993613
14.902885,44.993195
14.901328,44.989026
14.901478,44.988979
14.910383,44.987473
14.910898,44.987157
14.911285,44.987181
14.91124,44.987
14.911482,44.987107
14.911684,44.987118
14.912396,44.986903
14.914354,44.985922
14.915415,44.985529
14.915547,44.98608
14.915478,44.98625
14.916156,44.985521
14.913426,44.986728
14.918932,44.985419
14.916958,44.98651
14.917279,44.986472
14.917881,44.986397
14.918859,44.986386
14.919639,44.986213
14.920549,44.985823
14.903184,44.988367
14.902619,44.988494
14.900892,44.988854
14.903231,44.994931
14.902649,44.99467
14.902412,44.994716
14.902535,44.995042
14.902385,44.995182
14.901931,44.995234
14.902215,44.99534
14.901813,44.995371
14.901903,44.995728
14.901854,44.995883
14.90079,44.989233
14.901037,44.989295
14.900725,44.989135
14.901201,44.989317
14.900662,44.989056
14.900857,44.989093
14.901237,44.989163
14.901111,44.989056
14.906776,44.991059
15.391671,44.548955
14.88537,44.558529
14.903403,44.99221
14.903292,44.992274
14.903498,44.992818
14.903258,44.992366
14.903817,44.992914
14.903145,44.992463
14.903787,44.992748
14.903149,44.992719
14.901975,44.994262
14.901801,44.994023
14.902374,44.994222
14.902557,44.994257
14.902827,44.994053
14.903046,44.994246
14.903285,44.994214
14.903088,44.99445
14.901388,44.990821
14.901712,44.990503
14.901795,44.990508
14.901561,44.98948
14.901608,44.989369
14.901535,44.989552
14.901776,44.989466
14.90184,44.989531
14.901643,44.989542
14.901403,44.999813
14.901395,44.999868
14.984031,44.943457
14.881971,44.548793
15.2372,44.867155
15.236987,44.867325
15.687118,44.777864
15.685766,44.776211
14.901211,44.997791
14.903858,44.989438
15.377267,44.543584
14.882344,44.549454
15.348706,44.712244
15.364215,44.55633
15.233961,44.871342
15.340037,44.518512
15.067447,44.989768
14.901292,44.99492
14.902002,44.994554
14.900944,44.995977
14.900933,44.996097
14.901577,44.995096
14.901505,44.995341
14.90059,44.997885
14.900569,44.998077
14.900596,44.998254
14.900605,44.998423
14.900583,44.998611
14.90098,44.998363
14.900489,44.998941
14.90097,44.998554
14.900543,44.99915
14.900662,44.999545
14.90104,44.999343
14.900256,45.000014
14.899994,45.000151
14.899847,45.00029
14.900776,45.00011
14.899503,45.000563
14.900512,45.000273
14.899383,45.000711
14.899232,45.000863
14.898986,45.001051
14.898936,45.001222
14.899756,45.000774
14.899456,45.001125
14.898773,45.001707
14.89927,45.001315
14.899181,45.001638
14.899119,45.001779
14.899106,45.001897
14.901466,44.994062
14.902174,44.993789
14.902387,44.993544
14.90241,44.993358
14.902654,44.992927
14.902693,44.99287
14.902905,44.992053
14.902868,44.99031
14.903065,44.990627
14.903092,44.99048
14.903144,44.990529
14.903029,44.990288
14.903125,44.990347
14.903245,44.990304
14.903301,44.990563
14.903306,44.995063
14.902971,44.995109
14.902409,44.995568
14.902201,44.995761
14.902084,44.995974
14.901638,44.998548
14.901265,44.998483
14.901587,44.998807
14.901256,44.998797
14.90125,44.998899
14.901636,44.999062
14.901311,44.999178
14.900346,45.001037
14.901355,44.999633
14.900207,45.001151
14.900038,45.001276
14.901294,45.000093
14.899729,45.001672
14.900953,45.000317
14.899645,45.001819
14.900524,45.000501
14.900324,45.000601
14.8998,45.001116
14.899695,45.001288
14.899573,45.001413
14.908584,44.988064
14.908783,44.988274
14.908833,44.988544
14.909514,44.987769
14.909267,44.987984
14.909109,44.988092
14.909198,44.988269
14.902794,44.989672
14.902896,44.989659
14.902994,44.989614
14.90288,44.989495
14.903023,44.989502
14.90319,44.989572
14.903307,44.989558
14.903275,44.989448
14.904167,44.989698
14.903877,44.98954
14.901199,44.989528
14.901026,44.989429
14.901493,44.989613
14.901121,44.98937
14.901414,44.989417
14.901316,44.989255
14.902091,44.989171
14.901678,44.988916
14.901962,44.988859
14.901948,44.988986
14.901789,44.989071
14.901817,44.989135
14.901893,44.989098
14.90469,44.993139
14.904746,44.993044
14.90483,44.993471
14.904782,44.99291
14.904956,44.993319
14.905361,44.992629
14.905094,44.992278
14.905545,44.992391
14.904829,44.994038
14.905247,44.993398
14.905508,44.993591
14.905559,44.993453
14.905635,44.99337
14.905697,44.99325
14.90579,44.993172
14.906855,44.991198
14.907917,44.990351
14.903174,44.99202
14.903638,44.992253
14.904522,44.991959
14.903976,44.992409
14.905004,44.991704
14.904771,44.992051
14.904652,44.992199
14.905242,44.991898
14.904864,44.992333
14.905449,44.992088
14.904892,44.988646
14.905321,44.988376
14.905566,44.988281
14.905466,44.987965
14.90579,44.987866
14.907801,44.987727
14.908458,44.98744
14.907334,44.987534
14.901974,44.989231
14.902045,44.989287
14.913671,44.986976
14.913926,44.987842
14.914011,44.986873
14.914595,44.986754
14.913932,44.987413
14.914403,44.987046
14.915426,44.987026
14.915631,44.987018
14.916816,44.987001
14.91863,44.986573
14.917164,44.986991
14.917999,44.986903
14.919008,44.986736
14.919167,44.986742
14.901964,44.990778
14.901863,44.990764
14.9011,44.990748
14.901275,44.991142
14.901679,44.991214
14.901277,44.991337
14.901246,44.991527
14.901179,44.991638
14.907273,44.989578
14.907617,44.989672
14.9076,44.989735
14.907522,44.989823
14.907673,44.989859
14.907912,44.989597
14.906448,44.989206
14.906604,44.989322
14.906722,44.989205
14.906916,44.989064
14.907006,44.989389
14.907166,44.989366
14.90815,44.989058
14.908374,44.98903
14.9092,44.989048
14.908811,44.989268
14.885285,44.557441
14.907249,44.988555
14.907385,44.988613
14.907075,44.988924
14.907429,44.989047
14.907547,44.988332
14.907722,44.988363
14.907568,44.98852
14.90751,44.98873
14.907848,44.988636
14.90803,44.988517
14.908185,44.988802
14.908045,44.988931
14.90792,44.989062
14.901613,44.990822
14.90171,44.990825
14.901792,44.990887
14.901731,44.990883
14.901844,44.990975
14.903038,44.989385
14.903162,44.98941
14.903,44.989457
14.901697,44.989355
15.251273,44.868384
15.947016,44.576583
15.946033,44.578568
15.945243,44.578433
15.945592,44.578513
15.945896,44.578356
15.376604,44.540541
15.376474,44.540444
15.376362,44.540363
15.375272,44.539861
15.375087,44.539934
15.374899,44.539786
15.375656,44.540315
15.375498,44.540407
15.375431,44.540278
15.375201,44.54022
15.374096,44.539618
15.373884,44.539783
15.375014,44.540133
15.37461,44.540151
15.374423,44.540077
15.374134,44.539788
15.376374,44.545145
15.376276,44.545079
15.376082,44.545174
15.37877,44.547225
15.378775,44.547125
15.378906,44.546992
15.379585,44.547043
15.379182,44.546965
15.379126,44.54676
15.379301,44.546723
15.378912,44.546605
15.37922,44.546641
15.379052,44.546377
15.379312,44.546509
15.379491,44.54661
15.379414,44.546372
15.37964,44.546273
15.379762,44.546188
15.379324,44.545961
15.379633,44.54594
15.379253,44.544501
15.379739,44.545743
15.379745,44.544674
15.379827,44.544577
15.379947,44.545244
15.380243,44.545198
15.379878,44.544402
15.379827,44.544207
15.379957,44.544048
15.380162,44.544675
15.380012,44.544006
15.380238,44.544552
15.380347,44.544441
15.380941,44.544788
15.380106,44.544794
15.377334,44.542856
15.377099,44.542689
15.3772,44.542105
15.377165,44.541972
15.377141,44.541853
15.365819,44.551104
15.366221,44.550756
15.380193,44.556822
15.379044,44.557204
15.378852,44.557622
15.378432,44.557857
15.370919,44.550749
15.370678,44.550729
15.371373,44.55059
15.371107,44.550504
15.370896,44.550441
15.370708,44.550368
15.369926,44.55052
15.36964,44.550311
15.370505,44.550298
15.370319,44.550233
15.370127,44.550167
15.375224,44.541727
15.375235,44.541332
15.37514,44.541262
15.375091,44.541193
15.3736,44.540384
15.373229,44.540003
15.372257,44.539322
15.372386,44.539141
15.372292,44.539008
15.371981,44.538591
15.372791,44.539192
15.371542,44.538216
15.372592,44.538897
15.371908,44.538106
15.37173,44.537922
15.371459,44.53764
15.369207,44.552188
15.371792,44.546583
15.371625,44.546526
15.371151,44.546588
15.371592,44.546424
15.371338,44.546441
15.371356,44.546158
15.370372,44.546538
15.370915,44.546374
15.370004,44.546678
15.370691,44.54637
15.369993,44.546531
15.369775,44.546498
15.369815,44.546712
15.370064,44.546863
15.369479,44.546483
15.370115,44.546207
15.369112,44.546445
15.368865,44.546436
15.369532,44.546284
15.369364,44.546025
15.369146,44.546218
15.377463,44.545977
15.377304,44.546113
15.376936,44.546324
15.376568,44.546576
15.376223,44.546733
15.374914,44.547773
15.377071,44.546438
15.376937,44.54653
15.376688,44.546892
15.376833,44.54673
15.376492,44.547332
15.376486,44.54664
15.366591,44.552035
15.366811,44.551914
15.367259,44.551613
15.375094,44.545475
15.375503,44.545402
15.375244,44.54516
15.375655,44.545306
15.375658,44.545099
15.375854,44.545292
15.376196,44.544772
15.376891,44.544657
15.376703,44.544854
15.377021,44.544535
15.376736,44.545018
15.376508,44.545027
15.377081,44.544673
15.363858,44.551454
15.364304,44.551551
15.363861,44.551754
15.36424,44.55167
15.365143,44.55206
15.365488,44.55222
15.365825,44.552324
15.365973,44.552417
15.365463,44.552523
15.365639,44.552607
15.366525,44.552782
15.365802,44.552698
15.366867,44.55304
15.367021,44.553167
15.36731,44.553342
15.366407,44.553074
15.366401,44.553285
15.367902,44.55384
15.368074,44.553973
15.367294,44.55376
15.367409,44.553837
15.367488,44.553921
15.36796,44.554283
15.368848,44.554795
15.369266,44.554916
15.369505,44.554971
15.369704,44.555026
15.369945,44.555096
15.378375,44.55456
15.378161,44.554716
15.377699,44.554709
15.373416,44.547708
15.380709,44.554571
15.378948,44.552796
15.37908,44.552922
15.381134,44.554852
15.37936,44.552948
15.379238,44.553051
15.379765,44.553519
15.379975,44.553701
15.38019,44.553827
15.380288,44.553947
15.383605,44.555459
15.381768,44.554734
15.381995,44.554804
15.382322,44.554859
15.383422,44.554826
15.383909,44.554846
15.377985,44.547102
15.379129,44.547229
15.380505,44.551778
15.362117,44.55457
15.362008,44.553523
15.361689,44.553808
15.360047,44.550629
15.360229,44.550818
15.360078,44.551121
15.375918,44.543142
15.375766,44.543245
15.375198,44.543612
15.366666,44.543567
15.366832,44.543388
15.367254,44.550798
15.367468,44.550765
15.367539,44.551471
15.368009,44.551474
15.368019,44.551933
15.368154,44.551589
15.368649,44.552092
15.36879,44.552224
15.360686,44.554623
15.360113,44.555009
15.365778,44.547745
15.364242,44.54725
15.375882,44.547019
15.36804,44.550715
15.373302,44.543619
15.372808,44.543557
15.372154,44.54353
15.372054,44.543579
15.377071,44.545625
15.379308,44.545491
15.357882,44.551933
15.357846,44.551675
15.357309,44.551411
15.357188,44.551252
15.357671,44.551427
15.357602,44.551216
15.375168,44.546131
15.375141,44.547082
15.374908,44.546371
15.374435,44.546135
15.374642,44.547026
15.374576,44.546527
15.374277,44.547355
15.373911,44.54733
15.373833,44.547405
15.373649,44.547448
15.373696,44.547545
15.373642,44.547598
15.373504,44.547755
15.37316,44.548049
15.37311,44.548102
15.372864,44.548075
15.372491,44.548637
15.376999,44.545475
15.376599,44.545563
15.376364,44.545466
15.361977,44.556762
15.372343,44.546547
15.371966,44.546524
15.372379,44.545931
15.372431,44.54584
15.372556,44.545647
15.372511,44.545716
15.372466,44.545784
15.372699,44.545448
15.374648,44.542069
15.37473,44.542031
15.375289,44.542067
15.376287,44.541294
15.379106,44.542978
15.377373,44.543834
15.379507,44.542377
15.380088,44.542125
15.379669,44.542446
15.380107,44.542052
15.379765,44.541902
15.380226,44.541949
15.379825,44.541771
15.379937,44.54156
15.377056,44.543131
15.376975,44.543115
15.376703,44.542973
15.37664,44.542933
15.376489,44.542805
15.376401,44.542714
15.376073,44.54273
15.375977,44.542532
15.376149,44.54227
15.376322,44.542193
15.37579,44.542285
15.374,44.546621
15.373654,44.546709
15.368218,44.546073
15.36808,44.546005
15.368503,44.545989
15.367986,44.546649
15.367522,44.547213
15.365815,44.550337
15.363039,44.550969
15.362974,44.550988
15.365379,44.550468
15.365158,44.550548
15.365073,44.550575
15.364761,44.550708
15.364584,44.550744
15.361621,44.551089
15.364268,44.550841
15.361725,44.551315
15.364083,44.550895
15.36385,44.550977
15.364092,44.551165
15.363628,44.551036
15.363752,44.551186
15.363301,44.55115
15.362964,44.55129
15.362859,44.551331
15.3605,44.551631
15.360308,44.55166
15.36264,44.551388
15.360128,44.551694
15.362475,44.551463
15.359943,44.551735
15.362259,44.551511
15.359765,44.551765
15.359615,44.55179
15.362059,44.551567
15.3619,44.551615
15.359221,44.551867
15.358803,44.551942
15.35864,44.551975
15.358344,44.55204
15.361088,44.551836
15.357983,44.552113
15.360504,44.551972
15.359185,44.552222
15.356776,44.552166
15.356382,44.552252
15.358824,44.552481
15.356008,44.552321
15.355801,44.552162
15.355655,44.552398
15.355443,44.552433
15.355019,44.552521
15.35405,44.552774
15.356587,44.552609
15.353826,44.552831
15.353622,44.552891
15.353423,44.552946
15.353188,44.553014
15.352979,44.553065
15.355257,44.552849
15.352661,44.553145
15.393575,44.534238
15.393314,44.534347
15.393416,44.533919
15.393353,44.533774
15.393275,44.533661
15.393408,44.533564
15.393214,44.533461
15.39209,44.533596
15.393172,44.533291
15.392863,44.533255
15.393414,44.532958
15.393339,44.532684
15.393802,44.532435
15.394179,44.532597
15.394172,44.532444
15.371186,44.546969
15.371484,44.548064
15.37206,44.547605
15.372254,44.547468
15.371272,44.547698
15.375078,44.546778
15.375815,44.546194
15.375735,44.54668
15.386555,44.538883
15.386429,44.539138
15.386623,44.539194
15.363968,44.559569
15.364464,44.559989
15.385324,44.539318
15.385465,44.539431
15.385776,44.539653
15.386027,44.539851
15.362907,44.544683
15.358517,44.543577
15.358562,44.543472
15.358374,44.54371
15.393484,44.534904
15.372405,44.549119
15.372521,44.549194
15.372434,44.54933
15.372093,44.549788
15.371903,44.550042
15.371756,44.550259
15.371262,44.551124
15.371122,44.551283
15.37068,44.551881
15.370529,44.552064
15.37042,44.552215
15.370329,44.552332
15.370223,44.552446
15.368604,44.554732
15.369865,44.552854
15.369617,44.552697
15.368306,44.554764
15.368183,44.554926
15.369754,44.552999
15.368383,44.55495
15.36801,44.555021
15.368114,44.555096
15.367806,44.555202
15.367627,44.555373
15.368801,44.553906
15.367123,44.555803
15.366776,44.556119
15.368397,44.554252
15.368168,44.55445
15.368022,44.554568
15.367628,44.554871
15.367328,44.555114
15.367191,44.555231
15.366867,44.555463
15.364579,44.557737
15.366742,44.555562
15.36605,44.556121
15.365905,44.556219
15.363811,44.558794
15.365747,44.556324
15.363687,44.558973
15.363543,44.559213
15.363399,44.559393
15.363291,44.559678
15.364447,44.557291
15.362742,44.559994
15.362535,44.560133
15.364266,44.557566
15.362437,44.560352
15.362316,44.560564
15.364023,44.557821
15.362112,44.560555
15.361957,44.560189
15.360423,44.561279
15.370899,44.551177
15.371094,44.55084
15.372204,44.549631
15.348765,44.545814
15.379597,44.553999
15.393947,44.541897
15.387611,44.544956
15.387855,44.545178
15.391356,44.548429
15.391115,44.548059
15.391521,44.549418
15.391361,44.548971
15.399468,44.547832
15.400182,44.547906
15.399609,44.550048
15.39945,44.550186
15.399157,44.550599
15.400186,44.548694
15.396891,44.543695
15.400037,44.54844
15.399454,44.549758
15.399467,44.542219
15.398795,44.542078
15.398731,44.541716
15.398813,44.550462
15.397646,44.542068
15.392358,44.5475
15.400044,44.542565
15.397909,44.541723
15.397326,44.542038
15.365892,44.551071
15.366567,44.550451
15.373898,44.546186
15.373136,44.546454
15.372857,44.546701
15.373234,44.546699
15.373141,44.546768
15.373016,44.54684
15.372935,44.546916
14.881071,44.559047
14.881115,44.558989
15.236133,44.872748
15.238295,44.87488
15.236684,44.874724
15.379156,44.554021
15.965578,44.559075
14.899572,44.988659
15.762919,44.532235
15.359488,44.554649
14.873333,44.547259
14.872814,44.547396
15.13568,44.825651
15.693227,44.76126
15.257507,44.872544
14.88822,44.554938
14.891646,44.532503
15.365222,44.544935
14.984528,44.93988
15.269581,44.852884
15.350196,44.540352
14.897361,44.538011
14.906688,44.985751
14.897418,45.004573
15.721787,44.738149
15.450314,44.525497
15.449884,44.525305
15.450838,44.52565
15.451514,44.525534
15.452264,44.525792
15.452847,44.526058
15.453378,44.531975
15.453248,44.533168
15.454127,44.532576
15.457397,44.530487
15.457214,44.529496
15.457043,44.529431
15.458816,44.53149
15.46865,44.53052
15.473322,44.529915
15.473131,44.530178
15.469061,44.53365
15.468689,44.533799
15.469272,44.533968
15.469631,44.534599
15.459035,44.541715
15.460687,44.542187
15.461105,44.541636
15.461311,44.541105
15.461865,44.540882
15.461715,44.541488
15.462379,44.541526
15.463403,44.541653
15.464767,44.541054
15.464908,44.541041
15.465103,44.541159
15.46518,44.540581
15.476973,44.540702
15.477281,44.540692
15.477502,44.540768
15.49847,44.549316
15.493921,44.548283
15.491475,44.54545
15.491334,44.54632
15.490539,44.546282
15.490076,44.546503
15.489301,44.546885
15.489226,44.547659
15.488032,44.550222
15.489568,44.552635
15.484924,44.554352
15.484718,44.554488
15.484551,44.554513
15.484108,44.554851
15.482002,44.554286
15.481634,44.554206
15.480721,44.554048
15.480194,44.553723
15.479599,44.553839
15.478368,44.55522
15.473481,44.554698
15.47664,44.555129
15.470397,44.550903
15.470549,44.551162
14.9007,44.993509
15.301552,44.65335
15.301758,44.653342
15.301629,44.653672
15.301982,44.653508
15.302513,44.653444
15.30268,44.653292
15.302968,44.652605
15.303974,44.652416
15.30607,44.652433
15.305891,44.652366
15.306248,44.65245
15.307036,44.652982
15.306892,44.652919
15.306952,44.652672
15.307584,44.653061
15.307912,44.653088
15.308018,44.653315
15.308057,44.653022
15.308479,44.653206
15.308279,44.652935
15.30882,44.653558
15.309559,44.65336
15.310201,44.653442
15.310473,44.653091
15.31037,44.653776
15.31099,44.653823
15.311143,44.653426
15.311048,44.653661
15.311525,44.65348
15.311599,44.653674
15.311768,44.653777
15.310601,44.653419
15.312329,44.653477
15.313732,44.654018
15.258503,44.841235
15.313659,44.655833
15.313325,44.656044
15.313661,44.655575
15.325499,44.654138
15.325567,44.654373
15.325202,44.654366
15.32582,44.65368
15.325989,44.653756
15.325629,44.653495
15.325951,44.65355
15.3261,44.652827
15.325922,44.652584
15.32654,44.652424
15.325853,44.653983
15.316421,44.652045
15.316854,44.651795
15.316794,44.651545
15.32251,44.645744
15.322311,44.645876
15.323024,44.644244
15.311792,44.650504
15.324036,44.650601
14.958685,44.977545
14.91268,44.983664
14.912831,44.983595
14.885672,44.55199
15.279198,44.525161
15.351849,44.542457
15.351988,44.542282
15.065839,44.531305
15.962827,44.55529
15.667966,44.767669
15.668239,44.767704
15.668079,44.768051
14.89293,44.554461
15.196917,44.828894
15.416099,44.519932
15.379631,44.551648
15.262472,44.851121
15.195931,44.827942
15.194654,44.828301
15.386288,44.538958
15.212551,44.874282
14.975165,44.980869
15.237533,44.868588
15.247698,44.858654
15.248168,44.858345
15.247465,44.85866
15.234701,44.866921
15.234486,44.866593
15.233691,44.865878
14.882155,44.557809
14.884751,44.553207
15.2386,44.863627
15.23586,44.866322
14.888817,44.55419
15.331654,44.51621
15.265498,44.861152
15.255621,44.866488
15.232345,44.869401
15.950933,44.559841
15.435247,44.527767
15.12518,44.835012
15.125432,44.835127
14.885142,44.55229
14.885558,44.552139
15.380555,44.530481
15.717112,44.738275
14.89706,45.006056
14.905042,44.988047
14.887005,44.557089
15.378898,44.552627
15.237059,44.865085
15.241147,44.869346
15.240952,44.869306
15.230609,44.873551
15.431644,44.703687
14.908061,44.989551
14.908078,44.98948
15.353255,44.537013
15.837655,44.524049
15.136957,44.825251
15.735556,44.534868
15.334958,44.659181
15.765347,44.527083
15.381892,44.542732
15.687029,44.778024
15.256883,44.865389
15.257055,44.86561
14.872297,44.561766
14.877791,44.563867
14.875784,44.562636
14.873738,44.565258
14.873594,44.564164
14.875785,44.559971
14.874543,44.565916
14.872866,44.565427
14.877895,44.567262
14.872805,44.563429
14.874458,44.561283
14.878119,44.560718
14.875704,44.566715
14.877908,44.561959
14.868055,44.564446
14.874424,44.561054
14.878016,44.559982
14.877528,44.565241
14.873375,44.561769
14.873474,44.565205
14.870942,44.562397
14.877171,44.565
14.872646,44.565339
14.872211,44.565004
14.873256,44.563466
14.873005,44.56523
14.879469,44.562172
14.873833,44.561966
14.876686,44.566525
14.879372,44.561992
14.869121,44.563728
14.887934,44.570986
14.877709,44.560078
14.876267,44.563159
14.872577,44.563829
14.869624,44.563594
14.878158,44.562596
14.875977,44.560262
14.870254,44.56429
14.873345,44.56537
14.875586,44.562895
14.874842,44.561789
14.875842,44.563816
14.873062,44.563269
14.877744,44.564704
14.875453,44.56342
14.878179,44.56492
14.873872,44.564123
14.864354,44.565731
14.870175,44.562544
14.878667,44.562327
14.86772,44.5651
14.876159,44.563451
14.869873,44.565847
14.875055,44.561686
14.866773,44.56492
14.867726,44.56366
14.873806,44.563867
14.87461,44.562683
14.875338,44.56275
14.869985,44.5637
14.871736,44.563494
14.877899,44.563635
14.87326,44.565082
14.871307,44.564281
14.873039,44.565007
14.880646,44.561531
14.871491,44.56415
14.874601,44.5612
14.874307,44.561844
14.877996,44.56177
14.876115,44.566591
14.873103,44.562745
14.870736,44.562592
14.880038,44.562134
14.878293,44.565161
14.871397,44.564612
14.880091,44.561484
14.875736,44.563456
14.876373,44.565428
14.875609,44.561749
14.878609,44.564243
14.875218,44.560436
14.878639,44.560274
14.872139,44.563822
14.875971,44.559845
14.876195,44.559739
14.869498,44.563403
14.87551,44.562441
14.878529,44.561034
14.87684,44.566196
14.873703,44.563707
14.86749,44.564166
14.874935,44.566463
14.876192,44.563762
14.877376,44.561369
14.871114,44.564221
14.87539,44.560754
14.873448,44.563302
14.878345,44.560514
14.877611,44.564226
14.872836,44.564808
14.878587,44.560665
14.873186,44.5627
14.880581,44.561825
14.873093,44.561058
14.885274,44.563385
14.870195,44.562837
14.877451,44.559743
14.868833,44.563515
14.874018,44.562722
14.874705,44.564993
14.870943,44.564305
14.878602,44.561738
14.872612,44.561251
14.876124,44.565925
14.871682,44.561789
14.869663,44.563249
14.874488,44.565257
14.872748,44.562092
14.874153,44.565684
14.877621,44.56358
14.871842,44.563406
14.879347,44.561238
14.87643,44.566151
14.879997,44.56226
14.871662,44.562534
14.870185,44.563851
14.874416,44.56306
14.871333,44.562628
14.875219,44.561945
14.878269,44.561481
14.875467,44.561431
14.866589,44.567033
14.878883,44.560565
14.873106,44.5637
14.865962,44.564209
14.874055,44.565042
14.887537,44.569685
14.867316,44.56434
14.872492,44.561947
14.877699,44.564066
14.870412,44.563746
14.878383,44.562962
14.871043,44.562877
14.873091,44.565571
14.872164,44.562821
14.873892,44.562524
14.875542,44.564656
14.872415,44.562318
14.872604,44.565373
14.872401,44.562658
14.875265,44.56663
14.871616,44.562369
14.875845,44.560702
14.87637,44.564278
14.870932,44.563497
14.87801,44.561326
14.874007,44.56302
14.872021,44.562367
14.87726,44.560598
14.876456,44.565064
14.875206,44.562261
14.87676,44.566405
14.874392,44.564834
14.875516,44.563683
14.884527,44.563122
14.874994,44.566314
14.876791,44.562719
14.875163,44.561055
14.866427,44.564722
14.87666,44.560995
14.87795,44.564882
14.872461,44.563662
14.872295,44.56395
14.878393,44.562184
14.878219,44.56477
14.875114,44.56266
14.876938,44.566687
14.879621,44.561085
14.885202,44.564225
14.874329,44.562824
14.876395,44.563824
14.872888,44.562288
14.876422,44.561309
14.873387,44.56233
14.875122,44.561438
14.880436,44.564765
14.866192,44.564316
14.876787,44.564771
14.867866,44.564819
14.878823,44.564479
14.87258,44.563235
14.872724,44.562472
14.873874,44.565324
14.873386,44.563005
14.876921,44.565949
14.877001,44.566461
14.873759,44.560435
14.875173,44.560294
14.870071,44.564425
14.871596,44.563083
14.876785,44.560862
14.878461,44.564952
14.872934,44.561506
14.874503,44.560288
14.869615,44.56281
14.872088,44.563596
14.876029,44.565031
14.874278,44.560888
14.876731,44.559959
14.877047,44.564236
14.868823,44.564747
14.876075,44.561186
14.874668,44.560182
14.86651,44.564527
14.872953,44.564166
14.871869,44.562608
14.871761,44.562255
14.875897,44.564627
14.874621,44.563639
14.874975,44.562402
14.873684,44.564237
14.874347,44.566157
14.874412,44.561311
14.877825,44.5605
14.874899,44.560892
14.87615,44.565764
14.872856,44.563937
14.87609,44.566099
14.874969,44.562911
14.876137,44.561166
14.871135,44.563319
14.876594,44.562884
14.875948,44.566807
14.877903,44.565186
14.875861,44.561249
14.875737,44.562021
14.876353,44.562699
14.876379,44.566753
14.877173,44.566285
14.876275,44.565634
14.878254,44.563131
14.872407,44.563004
14.875999,44.562486
14.875277,44.56356
14.875139,44.563196
14.878744,44.56092
14.87552,44.56608
14.86792,44.563828
14.878915,44.561285
14.872668,44.56166
14.877245,44.562266
14.869562,44.56424
14.874835,44.560058
14.874838,44.563443
14.870435,44.56241
14.875168,44.563644
14.873122,44.562103
14.874572,44.566241
14.876428,44.56305
14.877205,44.561539
14.878008,44.56475
14.873582,44.560818
14.872241,44.563435
14.872269,44.56144
14.87894,44.564319
14.87764,44.561774
14.877617,44.56508
14.870873,44.563062
14.876248,44.564536
14.870751,44.564009
14.867847,44.564348
14.877297,44.562072
14.87697,44.564464
14.871423,44.563174
14.87781,44.563133
14.868981,44.564335
14.877876,44.564434
14.866902,44.564201
14.876726,44.560414
14.874804,44.56066
14.872665,44.564413
14.877242,44.562857
14.878841,44.56078
14.879994,44.561873
14.87202,44.56323
14.873946,44.561797
14.869825,44.562941
14.87706,44.562156
14.872587,44.561716
14.873201,44.564322
14.87574,44.563926
14.87369,44.562067
14.869952,44.564141
14.876793,44.566335
14.874168,44.565499
14.876859,44.563295
14.87422,44.56139
14.870363,44.563342
14.868868,44.564464
14.874428,44.560798
14.877687,44.564836
14.875503,44.563372
14.879015,44.561131
14.869868,44.563398
14.874175,44.563734
14.873931,44.560579
14.872604,44.562543
14.885687,44.563469
14.876774,44.563704
14.866413,44.567004
14.874136,44.560367
14.868333,44.564046
14.873351,44.560891
14.870554,44.563612
14.876578,44.562023
14.867774,44.564592
14.868276,44.563389
14.867393,44.56495
14.880353,44.561379
14.870869,44.563936
14.877114,44.563025
14.879177,44.56139
14.871739,44.56374
14.871148,44.562032
14.87846,44.560835
14.879129,44.561931
14.879033,44.561219
14.869981,44.563117
14.876956,44.565694
14.877275,44.564565
14.875237,44.560016
14.872036,44.561796
14.875436,44.561857
14.886768,44.57083
14.87309,44.564624
14.873679,44.561545
14.875011,44.559989
14.872447,44.564085
14.868643,44.564311
14.87734,44.56349
14.870191,44.563228
14.876712,44.563501
14.878956,44.562198
14.87472,44.566011
14.87529,44.561575
14.872871,44.564424
14.877436,44.561951
14.875421,44.563763
14.876945,44.560643
14.876993,44.565155
14.877253,44.559913
14.886714,44.564238
14.873922,44.565973
14.871326,44.563991
14.87461,44.560938
14.878889,44.561724
14.870376,44.566101
14.869463,44.562945
14.867178,44.564024
14.870815,44.563973
14.874436,44.561675
14.871809,44.566638
14.879131,44.561109
14.876004,44.560944
14.876443,44.56194
14.86772,44.564049
14.874732,44.563174
14.87144,44.562788
14.868747,44.564201
14.873897,44.562208
14.878121,44.560338
14.868661,44.564685
14.873316,44.564478
14.873373,44.563875
14.874119,44.561028
14.876114,44.564772
14.876411,44.565574
14.878719,44.560954
14.877482,44.56267
14.875497,44.56487
14.877268,44.566733
14.874659,44.560745
14.878291,44.561288
14.870662,44.56414
14.873329,44.56172
14.870668,44.562886
14.87881,44.563183
14.877772,44.561644
14.873928,44.563389
14.876514,44.564058
14.878256,44.564299
14.868407,44.564351
14.878141,44.559928
14.878072,44.564115
14.875385,44.566252
14.876279,44.564442
14.877442,44.560284
14.872296,44.561557
14.878705,44.564628
14.865945,44.564448
14.875395,44.560255
14.877227,44.564834
14.876711,44.559647
14.875933,44.56328
14.876063,44.566663
14.877908,44.56045
14.87581,44.566479
14.875291,44.565775
14.876937,44.560356
14.877838,44.561614
14.87647,44.559715
14.885708,44.564896
14.873572,44.56245
14.87662,44.560094
14.877702,44.559642
14.885334,44.563667
14.876572,44.563637
14.87506,44.560344
14.880278,44.562065
14.875954,44.566285
14.874481,44.562412
14.869368,44.563068
14.875431,44.56116
14.872782,44.561895
14.870193,44.563597
14.872704,44.562823
14.867983,44.563611
14.877152,44.566059
14.877149,44.561172
14.875938,44.563595
14.875982,44.562967
14.875493,44.562125
14.872512,44.564541
14.87633,44.566392
14.870411,44.563006
14.877863,44.563697
14.873741,44.561242
14.878227,44.563951
14.873918,44.561484
14.873649,44.562867
14.869112,44.564181
14.875261,44.565825
14.876724,44.565635
14.875914,44.561654
14.877048,44.559997
14.871129,44.562704
14.873121,44.561638
14.88053,44.562096
14.877037,44.563185
14.871574,44.564707
14.877186,44.564039
14.874907,44.561546
14.874118,44.561991
14.870455,44.562704
14.885029,44.56441
14.879286,44.562435
14.876548,44.562553
14.876186,44.5628
14.871617,44.56213
14.872932,44.563593
14.872604,44.564225
14.872331,44.564709
14.875283,44.561918
14.887357,44.569874
14.878025,44.562792
14.875657,44.563208
14.869755,44.562513
14.873528,44.565623
14.87229,44.562105
14.878161,44.563283
14.867358,44.564638
14.872914,44.561857
14.87731,44.564243
14.877238,44.566554
14.867719,44.565574
14.875177,44.566563
14.87488,44.56249
14.878929,44.561999
14.874142,44.562345
14.870743,44.562147
14.876866,44.566143
14.86522,44.564718
14.879095,44.561657
14.875791,44.560362
14.874401,44.56218
14.87808,44.564508
14.867582,44.564712
14.877179,44.560266
14.871373,44.562219
14.874303,44.560275
14.877197,44.559488
14.873932,44.561116
14.876048,44.564839
14.868272,44.564551
14.874621,44.562007
14.872952,44.562969
14.877797,44.565375
14.870562,44.562259
14.864888,44.564496
14.875277,44.566442
14.875782,44.562259
14.877716,44.562144
14.870589,44.56317
14.876774,44.562338
14.872897,44.56464
14.873142,44.561362
14.875603,44.565908
14.867416,44.563909
14.868143,44.563927
14.877227,44.56608
14.879681,44.561033
14.876799,44.564637
14.873795,44.563472
14.878406,44.562041
14.871758,44.562967
14.876124,44.563077
14.869085,44.562762
14.868932,44.563151
14.875518,44.56005
14.874365,44.565579
14.866943,44.56475
14.871407,44.561902
14.880807,44.561654
14.868054,44.564892
14.873202,44.562051
14.873134,44.565523
14.868141,44.564237
14.873503,44.56403
14.891503,45.011939
15.345103,44.713917
14.906478,44.985503
15.367215,44.543646
14.904723,44.990358
15.390175,44.536979
15.349107,44.53834
14.906164,44.991204
14.906386,44.99109
14.906128,44.991225
14.914623,44.986275
14.898444,45.000879
15.344071,44.660575
14.902445,44.993222
15.735084,44.724226
14.910529,44.983845
15.368899,44.548469
15.368447,44.548228
15.368748,44.548306
15.263033,44.862032
15.262817,44.862144
15.354172,44.527402
15.131764,44.832175
15.369187,44.548456
15.375757,44.545251
14.904961,44.988253
15.10198,44.544009
15.362949,44.556134
15.362657,44.556309
15.362791,44.556218
15.066932,44.530775
15.160209,44.822428
15.778037,44.505623
15.711826,44.741391
14.884572,44.556373
15.476046,44.721275
14.900748,45.000409
14.902035,44.990594
15.4589,44.722565
14.885577,44.555005
15.961027,44.551257
15.077015,44.530275
14.908355,44.988169
15.238898,44.869151
15.962319,44.552273
14.901923,44.990601
14.982204,44.97043
14.98088,44.957247
14.950641,44.967412
14.975741,44.942323
14.991151,44.956663
14.980085,44.957436
14.955916,44.962364
14.981471,44.957471
14.967808,44.963331
14.950492,44.967674
14.984673,44.958565
14.974885,44.941784
14.991536,44.95623
14.954459,44.966092
14.901689,44.9982
14.901786,44.996262
14.884326,44.560275
15.334479,44.538877
14.897805,45.001007
14.902133,44.99119
14.881312,44.561431
14.901982,44.990156
15.366466,44.534979
14.883202,44.54981
15.251492,44.848912
15.688777,44.77406
15.071077,44.529367
15.071274,44.529376
15.070915,44.529448
15.371207,44.54822
15.961009,44.55253
15.961832,44.55215
15.961927,44.55227
15.960707,44.550417
14.907839,44.990069
15.068811,44.530744
14.889442,44.556267
14.889008,44.551829
15.336584,44.517499
15.710698,44.741884
14.876921,44.562462
15.707646,44.743374
15.707593,44.743413
15.272635,44.839648
14.900065,45.000829
14.900194,45.000723
14.913565,44.983999
14.878619,44.566064
15.38126,44.680533
15.381309,44.680475
14.885365,44.555759
14.882895,44.549641
14.882854,44.549598
15.254698,44.864607
14.877497,44.562505
14.916666,44.987032
14.902271,44.996578
14.887016,44.557862
14.886801,44.557993
15.06901,44.531035
15.363063,44.555992
15.307251,44.516137
15.237767,44.873298
15.307454,44.516613
15.075275,44.526516
15.445466,44.692887
14.91294,44.983474
15.706293,44.74472
15.380178,44.55097
15.368091,44.494978
15.433288,44.509931
14.90213,44.992506
15.069337,44.531908
15.70096,44.745724
14.884144,44.550188
14.88017,44.561706
15.742554,44.582384
14.90182,44.99368
14.880268,44.558763
14.880318,44.558748
15.711763,44.743751
15.376688,44.552196
15.376771,44.552143
14.900609,45.000752
15.716804,44.737766
14.892171,45.009428
14.892051,45.009239
14.891902,45.009227
15.236083,44.870468
14.89715,45.005875
15.362874,44.532631
15.120842,44.838914
15.709609,44.745732
15.713169,44.744945
15.688709,44.774664
15.360633,44.551305
15.360875,44.551592
15.349545,44.523073
15.31404,44.543845
15.25723,44.87221
15.682242,44.770263
14.901689,44.9992
15.26293,44.851175
15.073838,44.526752
15.076338,44.52626
15.210142,44.873995
15.381937,44.55766
15.18341,44.991071
15.252118,44.867518
15.218159,44.872794
15.961432,44.551584
15.368793,44.552587
15.368858,44.552651
15.232482,44.866806
14.882656,44.558674
15.136663,44.827911
15.237059,44.865533
15.228832,44.872679
15.369362,44.552344
14.899093,45.00207
15.693399,44.759798
15.693539,44.75965
15.742141,44.583131
15.239588,44.868171
14.984107,44.939298
15.253731,44.848411
15.210125,44.873822
14.883416,44.557124
15.158401,44.856851
15.23977,44.868173
15.132846,44.831752
14.902026,44.993555
15.680434,44.769948
14.955743,44.962998
15.237353,44.864673
15.236079,44.872039
14.867547,44.563736
15.392671,44.680983
15.712197,44.73665
15.360354,44.531913
15.360418,44.53175
14.880679,44.563903
15.69991,44.754218
15.238331,44.861899
15.366275,44.550959
15.703266,44.741701
14.906817,44.985634
15.379766,44.551879
15.70342,44.74186
15.375493,44.541963
15.366724,44.55803
15.077203,44.529646
14.882301,44.549214
14.886944,44.558942
15.722865,44.550399
14.879652,44.55951
14.903258,44.994013
14.903486,44.994038
14.919063,44.986349
14.91918,44.986464
15.364993,44.556862
15.379115,44.546253
15.741055,44.585473
15.070762,44.529378
14.901364,44.995495
14.904961,44.992637
15.764978,44.527731
14.886058,44.550495
15.257822,44.871785
15.231435,44.872566
15.715019,44.738664
15.108998,44.538793
14.900691,44.995896
15.351637,44.705799
15.366891,44.544579
15.768681,44.530838
15.705583,44.740781
15.723153,44.766731
15.689651,44.77317
14.886172,44.555913
14.95759,44.974416
14.957732,44.974318
15.708338,44.744416
15.705645,44.742278
14.904416,44.991132
15.254339,44.849639
14.892289,45.014588
15.255918,44.873594
14.8764,44.562646
15.378731,44.543312
15.342069,44.518064
15.240661,44.868757
15.332105,44.516033
15.713808,44.745387
15.713675,44.745318
14.880151,44.55975
15.482681,44.711813
15.070258,44.529587
14.888481,44.553767
15.305707,44.518857
15.30551,44.518734
15.229259,44.873619
14.911858,44.983623
14.896208,45.004651
15.251025,44.867836
15.423194,44.513837
15.423895,44.513633
15.424054,44.513883
15.423484,44.513679
15.424399,44.514203
15.426069,44.515625
15.425767,44.515874
15.425902,44.516059
15.426384,44.516247
15.430868,44.516794
15.43332,44.518111
15.434591,44.518191
15.43526,44.5189
15.433132,44.518413
15.432807,44.518584
15.431584,44.519119
15.431067,44.519611
15.430087,44.519731
15.429578,44.520255
15.43034,44.520449
15.432574,44.521319
15.433098,44.52127
15.433293,44.521317
15.433693,44.521316
15.434048,44.521071
15.434783,44.520783
15.434945,44.521217
15.435255,44.521019
15.436374,44.520598
15.436167,44.520088
15.436415,44.52001
15.436237,44.517953
15.434157,44.522025
15.434901,44.522406
15.437514,44.522272
15.437331,44.522965
15.437096,44.52251
15.437344,44.523196
15.440564,44.522666
15.438374,44.523373
15.440855,44.522793
15.439616,44.523397
15.438264,44.523661
15.440168,44.523316
15.438987,44.523354
15.435605,44.528204
15.435625,44.528279
15.435659,44.526811
15.439568,44.515634
15.441042,44.516016
15.435313,44.509597
15.434365,44.509992
15.43815,44.508315
15.436716,44.509169
15.432231,44.509374
15.434653,44.509464
15.437864,44.508342
15.436291,44.509344
15.432532,44.509372
15.440694,44.507312
15.440974,44.50706
15.44089,44.504113
15.436442,44.519172
15.43618,44.519294
15.433679,44.52159
15.438894,44.517376
15.439082,44.517236
15.439506,44.517101
15.437509,44.51727
15.437509,44.516996
15.438027,44.516748
15.438384,44.516272
15.440552,44.5163
15.436821,44.517987
15.436082,44.520341
15.440955,44.516355
14.976618,44.980718
14.957609,44.97295
14.969,44.972762
14.974012,44.969508
14.972806,44.97059
14.957685,44.973102
14.96854,44.973428
14.972634,44.970709
14.982924,44.970745
14.979491,44.974006
14.957675,44.977922
14.957557,44.973719
14.975824,44.968121
14.980428,44.980956
14.968608,44.973121
14.972848,44.970446
14.957642,44.973934
14.957547,44.973799
14.957659,44.973228
14.957575,44.978194
14.957621,44.978041
14.964912,44.97439
14.965018,44.974208
14.9856,44.977814
14.981371,44.965396
14.981379,44.965274
14.985474,44.964729
14.981773,44.957615
14.991771,44.95561
14.990995,44.94881
14.992633,44.949219
14.972359,44.951327
14.979151,44.956187
14.989943,44.948875
14.984698,44.958925
14.980914,44.94777
14.972422,44.951229
14.975321,44.942393
14.975608,44.943628
14.975379,44.943675
14.975533,44.943932
14.976054,44.944574
14.975764,44.944574
14.975459,44.943823
14.975029,44.941539
14.982823,44.938736
14.996921,44.937493
14.996633,44.937643
14.996674,44.931252
14.995371,44.932454
14.996663,44.937444
14.997106,44.937397
14.985838,44.930675
14.986022,44.929415
14.984966,44.930892
15.000459,44.925257
14.999165,44.928103
15.000603,44.925167
15.000459,44.925306
14.999024,44.927327
14.99916,44.927365
14.990397,44.923328
15.143748,44.512923
15.143683,44.512968
15.143358,44.512947
15.144473,44.512218
15.146963,44.509762
15.146707,44.509525
15.146998,44.509685
15.10218,44.545562
15.101257,44.548174
15.10147,44.547799
15.095391,44.55197
15.094493,44.552684
15.094362,44.557531
15.103318,44.558218
15.089454,44.553896
15.114399,44.527775
15.109101,44.537976
15.109305,44.538309
15.109343,44.538488
15.109102,44.538953
15.108366,44.539209
15.108672,44.539136
15.107781,44.538798
15.104919,44.540704
15.104833,44.541309
15.105044,44.541061
15.103677,44.542862
15.104345,44.542672
15.10474,44.542562
15.104622,44.542755
15.104125,44.542201
15.1035,44.543203
15.065926,44.544709
15.066665,44.545561
15.067888,44.54622
15.066514,44.5489
15.066357,44.548956
15.067321,44.548325
15.067425,44.548263
15.067902,44.548418
15.063303,44.550345
15.063457,44.549601
15.063624,44.550116
15.11892,44.524831
15.123396,44.52686
15.124587,44.527334
15.124383,44.527411
15.125226,44.527075
15.122727,44.527588
15.122086,44.527845
15.121198,44.527967
15.120074,44.528132
15.126188,44.525946
15.12574,44.526235
15.128239,44.525064
15.127722,44.524657
15.128297,44.524775
15.127441,44.525254
15.128368,44.525627
15.124631,44.524037
15.129023,44.5227
15.131697,44.521562
15.131155,44.521801
14.984021,44.943338
14.984244,44.943294
14.993234,44.939149
14.995164,44.939726
14.985608,44.931445
14.986411,44.932014
14.986432,44.932106
14.954573,44.965894
14.95431,44.965946
15.417592,44.517244
15.417345,44.517026
15.418772,44.516455
15.418607,44.516243
15.41918,44.516278
15.419417,44.516167
15.419527,44.515811
15.419693,44.515751
15.419253,44.515797
15.420331,44.515459
15.420972,44.515557
15.420958,44.51529
15.421574,44.515471
15.421202,44.515115
15.421868,44.515262
15.421992,44.514898
15.422078,44.515157
15.422314,44.515013
15.420833,44.513468
15.415908,44.5196
15.414034,44.522303
15.41686,44.498237
15.418814,44.497067
15.417358,44.49753
15.419605,44.497035
15.418356,44.497148
15.319339,44.542462
15.319879,44.542439
15.319249,44.542066
15.319713,44.542068
15.319257,44.541611
15.320035,44.543118
15.314734,44.544047
15.311836,44.543557
15.311207,44.543572
15.319013,44.540477
15.318802,44.540232
15.317195,44.538392
15.316254,44.536311
15.316106,44.536046
15.315982,44.535848
15.31128,44.539736
15.307382,44.544251
15.307461,44.54004
15.307608,44.540336
15.305731,44.543125
15.303773,44.543825
15.304171,44.543867
15.298648,44.54408
15.298812,44.543864
15.317211,44.537209
15.298262,44.538474
15.297907,44.538578
15.300399,44.538046
15.300533,44.537683
15.301081,44.537993
15.303169,44.537495
15.305473,44.53667
15.306932,44.537259
15.307223,44.537311
15.385494,44.500603
15.385879,44.501007
15.365887,44.498097
15.365107,44.501241
15.365049,44.495768
15.371792,44.494347
15.357138,44.501321
15.355322,44.504609
15.352072,44.506093
15.35191,44.506942
15.352273,44.506373
15.359469,44.517397
15.355299,44.519602
15.361464,44.519072
15.364831,44.522202
15.366442,44.522635
15.363024,44.50323
15.347546,44.478001
15.345649,44.480482
15.346328,44.484601
15.367272,44.544797
14.890599,44.544174
14.889381,44.558023
14.883156,44.557489
14.876935,44.559573
14.889898,44.555986
15.364118,44.646475
15.385123,44.643669
15.386257,44.650185
15.38219,44.652711
15.381747,44.652719
15.398721,44.630656
15.37783,44.659832
15.381993,44.65432
15.370982,44.641611
15.381312,44.654783
15.385096,44.637174
15.382027,44.652222
15.382534,44.652287
15.386467,44.642946
15.398194,44.631239
15.391417,44.648398
15.403993,44.631643
15.377534,44.659957
15.388577,44.64811
15.367576,44.653003
15.405075,44.631473
15.370698,44.641499
15.383698,44.659673
15.379033,44.647675
15.389594,44.640947
15.364108,44.65164
15.384382,44.649152
15.404269,44.624493
15.405105,44.631116
15.380612,44.648925
15.380269,44.649032
15.367278,44.65248
15.40408,44.625081
15.387917,44.638537
15.387013,44.649833
15.382697,44.651969
15.37972,44.658035
15.379138,44.658622
15.369017,44.65402
15.368947,44.647845
15.384059,44.658648
15.386549,44.651402
15.381958,44.655834
15.382232,44.659047
15.365424,44.645256
15.392056,44.650954
15.397416,44.632098
15.375444,44.645734
15.385094,44.642136
15.384543,44.647336
15.367259,44.650713
15.40535,44.622563
15.381881,44.652449
15.386385,44.648129
15.381658,44.652824
15.387253,44.650577
15.391499,44.654495
15.379323,44.654145
15.383411,44.648021
15.389822,44.648978
15.370792,44.64126
15.380696,44.656174
15.384172,44.650248
15.390888,44.631854
15.385152,44.65111
15.377298,44.660097
15.371844,44.648787
15.387072,44.633097
15.37322,44.647377
15.386163,44.638982
15.383408,44.650834
15.381902,44.648779
15.367207,44.646996
15.385449,44.648046
15.377104,44.654279
15.40388,44.622672
15.385173,44.647945
15.386752,44.637998
15.368778,44.654089
15.386709,44.648151
15.387044,44.648162
15.379465,44.648028
15.375751,44.645303
15.39767,44.634519
15.388937,44.64138
15.384355,44.637029
15.367383,44.652821
15.385329,44.641935
15.368604,44.654174
15.389257,44.639828
15.405355,44.622874
15.388734,44.632226
15.385261,44.650988
15.389235,44.64833
15.367412,44.652338
15.391757,44.652308
15.381595,44.648683
15.393567,44.627781
15.368073,44.653938
15.387385,44.650268
15.382757,44.651325
15.38532,44.642402
15.37747,44.646642
15.382847,44.651654
15.38861,44.647963
15.37115,44.641112
15.379082,44.647861
15.384577,44.647253
15.390979,44.631594
15.399152,44.63328
15.379911,44.65939
15.406739,44.63131
15.378922,44.647786
15.368389,44.655173
15.381816,44.649072
15.377338,44.646542
15.382057,44.654728
15.378085,44.659487
15.389877,44.649676
15.383896,44.650469
15.393808,44.62892
15.375392,44.648094
15.381801,44.652616
15.381521,44.657502
15.384275,44.648358
15.39079,44.655947
15.381606,44.657956
15.394276,44.626634
15.386429,44.651083
15.381469,44.656537
15.384623,44.660376
15.379685,44.648138
15.386799,44.638954
15.396221,44.633426
15.392785,44.647774
15.389502,44.655549
15.391105,44.654848
15.366432,44.651792
15.383808,44.659403
15.381412,44.656133
15.386653,44.648489
15.388087,44.64776
15.38316,44.650261
15.38938,44.642365
15.384349,44.650346
15.367354,44.653492
15.390529,44.648275
15.384723,44.650579
15.384906,44.647821
15.385402,44.645768
15.365524,44.647314
15.382508,44.649175
15.382726,44.649791
15.383815,44.650013
15.388531,44.650155
15.371097,44.64141
15.388975,44.651246
15.395169,44.647604
15.38715,44.650906
15.394003,44.647415
15.388624,44.631357
15.378709,44.6476
15.378137,44.65508
15.387969,44.648256
15.369951,44.649089
15.404164,44.62492
15.387239,44.648214
15.385494,44.650501
15.382089,44.657388
15.394228,44.647356
15.390039,44.649647
15.382581,44.651505
15.385314,44.650134
15.385142,44.634048
15.386396,44.65084
15.375198,44.648104
15.388682,44.639493
15.399219,44.629696
15.38263,44.652119
15.365205,44.646967
15.368904,44.642363
15.384174,44.660033
15.378541,44.647494
15.377954,44.646862
15.382924,44.650792
15.393869,44.626788
15.381968,44.656242
15.390679,44.648197
15.387591,44.649653
15.397016,44.632525
15.376321,44.64566
15.385971,44.639051
15.386604,44.650881
15.378782,44.659051
15.377181,44.659813
15.387535,44.649774
15.391315,44.649535
15.392299,44.637004
15.391967,44.650722
15.385417,44.650706
15.385555,44.646358
15.383353,44.63804
15.386914,44.651899
15.39372,44.626909
15.384173,44.648676
15.391868,44.650499
15.378091,44.654495
15.371635,44.648455
15.382372,44.659325
15.367077,44.652757
15.386115,44.650801
15.389849,44.655744
15.381615,44.654503
15.384009,44.64896
15.38486,44.636978
15.387942,44.648556
15.369109,44.642348
15.385104,44.65066
15.378228,44.647148
15.390614,44.631685
15.38877,44.64952
15.393676,44.627077
15.384458,44.648014
15.385666,44.650072
15.386475,44.638053
15.384011,44.648051
15.390433,44.655829
15.406015,44.631359
15.381156,44.64886
15.381337,44.648906
15.382957,44.651486
15.376038,44.645042
15.398809,44.630439
15.379489,44.655811
15.368115,44.65506
15.387252,44.648512
15.382813,44.651837
15.385474,44.646474
15.36944,44.649906
15.370342,44.641415
15.370204,44.641473
15.382152,44.658049
15.400131,44.624222
15.391828,44.650076
15.384035,44.650181
15.375292,44.648369
15.383246,44.648777
15.390724,44.649105
15.38688,44.648604
15.386619,44.638405
15.387626,44.649527
15.387416,44.648526
15.386703,44.650085
15.388007,44.652164
15.379168,44.643368
15.364008,44.652182
15.386089,44.637618
15.3821,44.65213
15.394261,44.629078
15.369473,44.649273
15.38156,44.648955
15.384208,44.648616
15.404923,44.623255
15.385357,44.64673
15.367698,44.642661
15.369369,44.642475
15.385792,44.634337
15.383053,44.659186
15.385175,44.647793
15.378434,44.659249
15.387635,44.642208
15.384445,44.648893
15.387095,44.651156
15.37162,44.647416
15.389967,44.649875
15.381155,44.648537
15.381219,44.656341
15.391522,44.65555
15.387907,44.648704
15.368063,44.647558
15.381681,44.652946
15.389387,44.650881
15.378441,44.658803
15.378309,44.647237
15.382125,44.649134
15.365501,44.643454
15.389087,44.655359
15.39362,44.627533
15.382101,44.651995
15.389155,44.640297
15.368414,44.642575
15.389551,44.641096
15.385983,44.64323
15.406454,44.631351
15.382164,44.653218
15.383327,44.651045
15.38448,44.647955
15.386236,44.64304
15.382369,44.652527
15.383177,44.650607
15.382829,44.651154
15.393004,44.636264
15.376819,44.654026
15.397182,44.632357
15.389086,44.65205
15.384178,44.64851
15.38602,44.639322
15.385879,44.637498
15.37053,44.64128
15.392768,44.665507
15.366177,44.651773
15.369363,44.642183
15.368004,44.654226
15.367437,44.653739
15.39124,44.655511
15.385787,44.651075
15.368645,44.655098
15.379507,44.65819
15.384676,44.641808
15.392279,44.651212
15.392436,44.651499
15.376437,44.645556
15.365415,44.652051
15.364921,44.646856
15.390481,44.648769
15.387745,44.649145
15.387667,44.648528
15.383674,44.650213
15.382303,44.651826
15.364283,44.646241
15.384299,44.641733
15.38342,44.649772
15.367805,44.653961
15.385718,44.648061
15.385636,44.651013
15.404587,44.623273
15.38154,44.655421
15.404273,44.631592
15.383758,44.650441
15.385405,44.642732
15.388269,44.65127
15.384503,44.650439
15.389575,44.649956
15.382846,44.650487
15.391991,44.630561
15.400337,44.624494
15.382128,44.657604
15.380613,44.653125
15.391217,44.654668
15.382057,44.657157
15.386511,44.661631
15.383231,44.647478
15.382525,44.648474
15.383924,44.650051
15.371683,44.641865
15.372333,44.648251
15.381943,44.652316
15.385253,44.650309
15.376854,44.646322
15.366907,44.652445
15.404403,44.623366
15.369189,44.642253
15.376316,44.644987
15.387344,44.650402
15.382878,44.651047
15.385726,44.646003
15.367516,44.65401
15.389007,44.631608
15.404333,44.623046
15.382932,44.649222
15.383521,44.648633
15.380917,44.656494
15.392385,44.651299
15.387657,44.649353
15.384089,44.648796
15.381509,44.655634
15.382449,44.650354
15.389566,44.649026
15.380412,44.649073
15.392235,44.630328
15.381661,44.653061
15.368468,44.642794
15.388357,44.641909
15.366547,44.642972
15.386138,44.643627
15.389723,44.648326
15.396782,44.632851
15.381821,44.656473
15.382326,44.648729
15.383467,44.659524
15.382021,44.655703
15.384942,44.650914
15.377674,44.658521
15.39373,44.647488
15.369579,44.650076
15.377158,44.646465
15.386005,44.651137
15.376033,44.648126
15.379316,44.658391
15.386882,44.651117
15.367799,44.650342
15.389286,44.655452
15.388915,44.649187
15.385598,44.645546
15.384272,44.649373
15.397642,44.634277
15.397999,44.631163
15.378808,44.652647
15.381478,44.654973
15.385607,44.650225
15.405402,44.623606
15.366174,44.646384
15.389191,44.6404
15.38195,44.656001
15.364323,44.646143
15.403596,44.625765
15.368309,44.650171
15.382097,44.649195
15.384801,44.647985
15.386353,44.65001
15.369174,44.648212
15.391463,44.649708
15.389133,44.650922
15.396882,44.632718
15.386472,44.649734
15.385232,44.647019
15.404997,44.622396
15.378829,44.65156
15.386688,44.633003
15.384906,44.641915
15.388506,44.63929
15.381532,44.654829
15.392553,44.647836
15.403448,44.626318
15.388681,44.64969
15.36419,44.646016
15.382176,44.649462
15.3906,44.648514
15.367233,44.65036
15.383174,44.649356
15.392824,44.636426
15.385542,44.650377
15.38785,44.648862
15.384532,44.647724
15.39348,44.639116
15.393748,44.639327
15.394123,44.640956
15.394993,44.641239
15.395486,44.641972
15.395984,44.642467
15.395752,44.643075
15.396221,44.644819
15.395525,44.645294
15.397208,44.647515
15.396756,44.646132
15.395591,44.64577
15.396961,44.645811
15.399243,44.648189
15.398365,44.64438
15.398366,44.644756
15.398567,44.645218
15.398693,44.646202
15.398877,44.645064
15.399203,44.644859
15.400686,44.644806
15.399931,44.644944
15.406936,44.647269
15.407685,44.647616
15.407492,44.647162
15.407935,44.646915
15.407597,44.646236
15.408245,44.645892
15.408065,44.646261
15.408468,44.646214
15.408428,44.646487
15.408678,44.646857
15.408446,44.646977
15.408351,44.64717
15.408922,44.647839
15.408756,44.647931
15.409183,44.648027
15.409488,44.6478
15.410136,44.648337
15.410826,44.648201
15.411699,44.649336
15.409702,44.649418
15.408446,44.649456
15.411441,44.64998
15.411111,44.649641
15.411566,44.650163
15.411763,44.650297
15.396247,44.646107
15.387763,44.650283
15.384195,44.650571
15.381481,44.657031
15.382442,44.641419
15.392544,44.65183
15.381631,44.653187
15.381909,44.659267
15.367106,44.653215
15.376796,44.660376
15.388479,44.632156
15.381484,44.656697
15.381544,44.6572
15.387688,44.648236
15.38356,44.65057
15.38369,44.650762
15.37917,44.648307
15.383602,44.650358
15.385876,44.650776
15.390979,44.648223
15.373507,44.655183
15.393515,44.638929
15.391237,44.649372
15.379687,44.659508
15.366698,44.65218
15.385717,44.639379
15.370864,44.655115
15.376763,44.656277
15.377462,44.656273
15.377244,44.655651
15.377159,44.65657
15.375766,44.654881
15.377859,44.655637
15.370858,44.654903
15.353897,44.542995
15.353682,44.542964
15.353436,44.542781
15.352239,44.54257
15.351825,44.543158
15.35164,44.543069
15.350626,44.54208
15.350546,44.541828
15.350357,44.54146
15.350692,44.541321
15.350264,44.541192
15.350825,44.541692
15.350672,44.542559
15.35034,44.540667
15.350045,44.540876
15.350067,44.540789
15.350293,44.540055
15.35049,44.539894
15.349506,44.540265
15.349627,44.540022
15.349248,44.54098
15.34983,44.541179
15.348931,44.540935
15.348734,44.54091
15.348774,44.538909
15.348902,44.538772
15.348663,44.537678
15.348607,44.538784
15.348683,44.538463
15.348303,44.537974
15.3481,44.537127
15.347345,44.53645
15.347819,44.537469
15.347644,44.537349
15.34747,44.536967
15.347205,44.536859
15.347202,44.535634
15.345211,44.534924
15.344559,44.534405
15.343823,44.53356
15.344775,44.535179
15.343906,44.533755
15.345238,44.541057
15.344826,44.540982
15.346165,44.54097
15.348114,44.540846
15.34945,44.541776
15.34909,44.541929
15.350949,44.533773
15.349875,44.532849
15.350632,44.533684
15.350059,44.533163
15.349246,44.532986
15.349627,44.533003
15.350846,44.533822
15.349781,44.532682
15.351602,44.534219
15.351515,44.534453
15.352493,44.535265
15.352608,44.535545
15.351773,44.534656
15.352401,44.535735
15.352053,44.535089
15.352339,44.53487
15.352473,44.535827
15.352858,44.536064
15.353241,44.537308
15.352629,44.536213
15.352982,44.536673
15.352902,44.536206
15.352613,44.537099
15.352934,44.536374
15.353453,44.53771
15.352961,44.53646
15.35282,44.53759
15.353683,44.53773
15.353435,44.537552
15.352943,44.537359
15.35303,44.537528
15.352128,44.537683
15.35154,44.53808
15.352021,44.538053
15.352123,44.537839
15.350806,44.539177
15.340443,44.539707
15.337296,44.542275
15.336796,44.542222
15.352815,44.535883
15.351319,44.542299
15.351284,44.542137
15.351132,44.542236
15.351222,44.542597
15.351029,44.542481
15.36956,44.536338
15.369289,44.536144
15.369077,44.536067
15.367607,44.535595
15.367697,44.535286
15.367299,44.534963
15.368221,44.535581
15.367507,44.535206
15.364046,44.535442
15.364013,44.535418
15.364935,44.535895
15.365344,44.534547
15.364774,44.535083
15.363952,44.533605
15.36417,44.533757
15.361471,44.532171
15.360667,44.531565
15.361775,44.532028
15.361111,44.53197
15.361928,44.53212
15.361724,44.532312
15.361422,44.53186
15.360755,44.5318
15.361281,44.532059
15.359442,44.531667
15.359411,44.531776
15.360251,44.531729
15.358039,44.530233
15.35775,44.529846
15.356296,44.528539
15.355849,44.528242
15.355996,44.528596
15.355977,44.528343
15.355593,44.528376
15.356526,44.528959
15.35653,44.528705
15.352608,44.526885
15.354603,44.527525
15.353677,44.527464
15.353867,44.527292
15.352678,44.527145
15.353246,44.527248
15.35377,44.526909
15.354096,44.527623
15.353413,44.527333
15.363307,44.533243
15.740967,44.451444
15.737556,44.534411
15.737656,44.534852
15.359159,44.649051
15.358975,44.649403
15.359032,44.649075
15.357974,44.649267
15.358003,44.64955
15.356283,44.649652
15.353147,44.649227
15.353559,44.64927
15.358363,44.651893
14.896621,45.00611
15.363656,44.682723
15.345362,44.680294
15.352052,44.689548
15.356108,44.689771
15.356412,44.689907
15.356316,44.689585
15.352553,44.690248
15.356784,44.689961
15.355025,44.69333
15.355743,44.6932
15.354836,44.693027
15.360027,44.691999
15.364845,44.690502
15.368632,44.691676
15.368219,44.691589
15.368148,44.691892
15.36702,44.690959
15.368433,44.69231
15.365139,44.685128
15.364836,44.685274
15.364342,44.684791
15.365413,44.685057
15.364741,44.68476
15.347397,44.678367
15.34741,44.679085
15.347478,44.678698
15.354962,44.686557
15.354912,44.686859
15.363486,44.690653
15.363394,44.690296
15.369336,44.691529
15.366595,44.685456
15.368302,44.691926
15.348198,44.666163
15.347706,44.667708
15.346403,44.667201
15.346234,44.667761
15.346991,44.667441
15.346115,44.668313
15.346369,44.668784
15.346616,44.668523
15.346676,44.668877
15.342317,44.669155
15.341999,44.668732
15.342393,44.671168
15.342089,44.671255
15.340274,44.671249
15.340415,44.670707
15.343004,44.670896
15.340735,44.67259
15.341392,44.672317
15.341155,44.672546
15.341426,44.672737
15.342121,44.672963
15.344515,44.674093
15.346584,44.666848
15.340453,44.670523
15.382356,44.673328
15.3833,44.673872
15.383022,44.677825
15.383574,44.677469
15.383095,44.677523
15.383595,44.677046
15.382628,44.679567
15.382238,44.679149
15.381524,44.681887
15.383887,44.682295
15.383629,44.681824
15.383231,44.6821
15.376654,44.681421
15.375963,44.68194
15.378241,44.682322
15.375823,44.681761
15.376625,44.682435
15.381428,44.687917
15.384837,44.685009
15.385795,44.689082
15.385025,44.689467
15.390411,44.689976
15.390553,44.688238
15.391972,44.685727
15.392067,44.6854
15.393162,44.68523
15.393299,44.684148
15.393955,44.682178
15.393481,44.681513
15.400471,44.678441
15.388489,44.676343
15.353282,44.701523
15.354416,44.703869
15.358748,44.705474
15.358278,44.707138
15.358802,44.706843
15.358824,44.706468
15.357738,44.707774
15.357646,44.707946
15.357756,44.708834
15.357374,44.70936
15.357747,44.709087
15.356478,44.710398
15.355992,44.710867
15.353788,44.711045
15.354231,44.71102
15.37552,44.715284
15.351033,44.70842
15.351118,44.708276
15.351379,44.707997
15.376016,44.718799
15.351228,44.706784
15.352556,44.707403
15.353079,44.70598
15.350853,44.706072
15.351442,44.70666
15.383016,44.718605
15.345508,44.705577
15.351396,44.711547
15.351308,44.711335
15.349478,44.710768
15.350394,44.711402
15.350423,44.712368
15.349949,44.712169
15.349486,44.712115
15.349866,44.710605
15.349342,44.712178
15.349529,44.711461
15.350415,44.711793
15.350732,44.711725
15.350411,44.712513
15.345955,44.714004
15.344953,44.713446
15.344998,44.713192
15.344411,44.714045
15.3443,44.71327
15.341661,44.714364
15.335144,44.715062
15.337703,44.714765
15.334234,44.715185
15.331629,44.71514
15.331394,44.714647
15.33301,44.715601
15.331262,44.714214
15.353489,44.701433
15.359208,44.706019
15.3495,44.710587
15.349395,44.71049
15.348636,44.710113
15.347561,44.70951
15.347347,44.709342
15.347433,44.708805
14.900322,44.997764
15.376973,44.680292
15.376566,44.68053
15.376522,44.68455
15.373933,44.684416
15.370056,44.686935
15.369875,44.686696
15.369067,44.687527
15.370192,44.687796
15.369661,44.687798
15.34428,44.647958
15.338675,44.647992
15.3401,44.648406
15.340991,44.647834
15.339515,44.650645
15.340322,44.650843
15.340732,44.651191
15.339439,44.652176
15.340346,44.651995
15.340394,44.651731
15.337173,44.652747
15.336012,44.652731
15.335954,44.652406
15.340077,44.653852
15.339629,44.653979
15.33935,44.653842
15.337579,44.654386
15.337035,44.654427
15.33443,44.65775
15.334031,44.658219
15.333881,44.658422
15.334592,44.659234
15.334167,44.658414
15.334167,44.658699
15.334516,44.658796
15.334155,44.659021
15.336009,44.659333
15.343085,44.661047
15.344215,44.661646
15.343702,44.660731
15.343046,44.660787
15.344578,44.662201
15.343651,44.660214
15.34393,44.661226
15.349783,44.660549
15.34877,44.659706
15.350935,44.660184
15.35239,44.660477
15.352288,44.66069
15.353068,44.6604
15.352643,44.660659
15.353093,44.660215
15.351459,44.656737
15.393466,44.684005
15.357229,44.659417
15.356944,44.660043
15.356647,44.659957
15.360085,44.660786
15.359677,44.660584
15.360851,44.661859
15.359233,44.660957
15.349419,44.650279
15.348143,44.650529
15.382085,44.693888
15.252079,44.858245
15.26315,44.854444
15.277107,44.84456
15.278355,44.845799
15.272121,44.855334
15.245711,44.842854
15.246895,44.842113
15.430636,44.661896
15.431364,44.662878
15.431295,44.66249
15.430692,44.662086
15.431539,44.662465
15.445109,44.675591
15.441198,44.727531
15.440775,44.727314
15.441096,44.72685
15.44165,44.722702
15.446089,44.725291
15.445432,44.725132
15.452818,44.724261
15.459517,44.722536
15.448918,44.693286
15.446759,44.694268
15.443824,44.694692
15.444561,44.694181
15.444338,44.693997
15.446135,44.694526
15.445708,44.694818
15.446262,44.694169
15.44464,44.694152
15.446502,44.69443
15.444791,44.693946
15.446337,44.692725
15.442495,44.694735
15.440889,44.695895
15.440956,44.695986
15.440968,44.696088
15.476549,44.709522
15.476209,44.709057
15.481752,44.711988
15.482063,44.711951
15.482319,44.712506
15.491585,44.705445
15.474754,44.702599
15.474641,44.701683
15.474612,44.701534
15.482696,44.685644
15.466511,44.686076
15.465768,44.686277
15.466553,44.686386
15.466153,44.686007
15.461179,44.684796
15.465466,44.698747
15.465054,44.699137
15.463204,44.707563
15.451223,44.706017
15.426357,44.687152
15.421995,44.687868
15.420903,44.709558
15.404605,44.703343
15.433673,44.716526
15.435058,44.715735
15.435979,44.710403
15.433937,44.71017
15.438109,44.710574
15.440369,44.706802
15.440633,44.70666
15.423689,44.73536
15.423096,44.735756
15.42349,44.734829
15.416641,44.72658
15.425927,44.725309
15.434008,44.727508
15.435673,44.72727
15.390841,44.746157
15.391306,44.746514
15.39017,44.745168
15.392276,44.746992
15.393171,44.747833
15.391923,44.747349
15.392068,44.747142
15.393352,44.747729
15.389105,44.751443
15.389466,44.751218
15.409238,44.744787
15.409646,44.74409
15.415051,44.738831
15.420545,44.733206
15.419616,44.732944
15.421389,44.733415
15.258532,44.865327
15.238921,44.869114
15.149855,44.849082
14.888811,45.028344
14.895076,45.018043
14.89688,45.00423
15.36352,44.555205
15.134086,44.876517
15.139705,44.870487
15.139717,44.871252
15.134691,44.876277
15.138396,44.874646
15.135525,44.877034
15.132017,44.878059
15.131497,44.878152
15.135486,44.876834
15.137831,44.873411
15.131089,44.878587
15.131671,44.878276
15.131494,44.878034
15.1319,44.878232
15.138575,44.874067
15.131109,44.878409
15.138484,44.872755
15.132022,44.878214
15.138625,44.871031
14.876181,44.560347
15.359519,44.649198
15.10197,44.543592
15.122907,44.52756
15.131626,44.521342
15.482506,44.540161
15.349735,44.710367
16.027665,44.53282
15.92275,44.584831
14.900901,44.995517
15.961501,44.550906
15.954883,44.575409
14.88572,44.562736
14.901178,44.992461
14.885079,44.552721
15.399984,44.542268
15.975617,44.552041
15.961461,44.550841
15.959056,44.556756
15.960844,44.58934
15.965896,44.560303
14.902155,44.98923
15.937677,44.528532
15.96117,44.550968
15.936818,44.577792
15.923854,44.573155
15.995211,44.541267
15.94036,44.525573
15.96193,44.550723
15.995636,44.541513
15.341694,44.515195
15.923901,44.574617
15.996816,44.540997
15.961121,44.554293
15.976952,44.547458
15.924613,44.586191
15.950384,44.558375
14.898639,44.999932
15.323906,44.513266
15.960683,44.555284
15.955463,44.553441
15.983798,44.534456
15.929603,44.565548
15.922267,44.57755
15.975637,44.551851
15.942334,44.579461
15.960561,44.555066
15.951946,44.55723
15.993726,44.580029
15.070768,44.528516
15.966897,44.548651
15.958651,44.555195
15.336476,44.652946
15.947706,44.560311
15.98752,44.546344
15.935911,44.584122
15.967047,44.559641
15.924073,44.573431
15.938711,44.527556
15.975942,44.545057
15.963759,44.557054
15.345906,44.536143
15.956068,44.553333
15.9717,44.549919
15.937812,44.528421
15.963001,44.531882
15.956191,44.553208
15.949174,44.558952
15.469951,44.532809
15.925106,44.572767
16.023735,44.531194
15.737921,44.606814
15.960571,44.549892
15.995716,44.541146
15.088836,44.964029
15.079985,44.964078
15.076039,44.964963
15.075712,44.965018
15.075394,44.965115
15.116771,44.963976
15.115333,44.964827
15.115256,44.964612
15.115967,44.964309
15.110691,44.965259
15.10964,44.966307
15.111653,44.963511
15.365943,44.547654
15.37232,44.648783
15.102476,44.956728
15.098659,44.955975
15.405974,44.479853
15.408428,44.481502
15.40519,44.477854
15.405271,44.478979
15.403699,44.474234
15.40338,44.473712
15.402918,44.473948
15.403014,44.474109
15.397541,44.474525
15.405719,44.47001
15.398923,44.466502
15.05151,44.965115
15.066212,44.968081
15.066675,44.969546
15.059483,44.968803
15.063436,44.970067
15.063646,44.970258
15.058719,44.968782
15.063022,44.96974
15.064143,44.970671
15.061164,44.968354
15.06329,44.969251
15.063523,44.970338
15.062801,44.969242
15.063941,44.970241
15.282559,44.520744
15.282596,44.52083
15.2815,44.522247
15.277217,44.524947
15.278714,44.52529
15.277527,44.525206
15.281076,44.524611
15.281407,44.524497
15.28364,44.526572
15.282193,44.526612
15.282134,44.526958
15.281846,44.527336
15.275859,44.527969
15.275039,44.529419
15.275801,44.528276
15.275206,44.529174
15.275229,44.529309
15.275178,44.528906
15.275159,44.533113
15.27569,44.533119
15.275378,44.532879
15.277047,44.537249
15.277228,44.537494
15.277531,44.526755
15.275371,44.526834
15.276072,44.526655
15.274922,44.525761
15.277558,44.52668
15.274809,44.525627
15.276884,44.525847
15.277585,44.526498
15.277112,44.526355
15.273396,44.527556
15.273069,44.528751
15.270578,44.528372
15.266768,44.528222
15.266647,44.528397
15.263811,44.530222
15.261678,44.530764
15.263287,44.530407
15.260071,44.529004
15.261296,44.526667
15.261134,44.526731
15.260975,44.526847
15.264511,44.525823
15.265986,44.527205
15.266163,44.526099
15.266488,44.52679
15.271105,44.526429
15.271468,44.526161
15.271707,44.526194
15.272923,44.524729
15.270974,44.524017
15.273185,44.521347
15.273513,44.521856
15.274075,44.521791
15.274077,44.520556
15.275476,44.520045
15.27009,44.521527
15.268491,44.520248
15.268972,44.520504
15.270747,44.521546
15.269274,44.520659
15.270268,44.521544
15.271856,44.517751
15.237715,44.539161
15.239588,44.538368
15.239332,44.541933
15.236524,44.544706
15.23635,44.544868
15.237009,44.544027
15.234329,44.541803
15.234213,44.542052
15.24207,44.532233
15.241496,44.532148
15.06858,44.985721
15.074445,44.979645
15.07471,44.98182
15.070384,44.979814
15.067561,44.984919
15.064889,44.984973
15.065787,44.984446
15.068697,44.985768
15.07437,44.979617
15.070288,44.983408
15.065056,44.983891
15.074675,44.979566
15.068313,44.98566
15.074517,44.982087
15.065045,44.984051
15.064662,44.984824
15.067262,44.984545
15.066502,44.983873
15.067457,44.984824
15.066962,44.984642
15.070018,44.983589
15.07444,44.98161
15.065323,44.984296
15.074308,44.979811
15.066587,44.984082
15.307567,44.516795
15.306728,44.51526
15.306718,44.519022
15.304697,44.518516
15.303513,44.518242
15.30546,44.51428
15.302837,44.510141
15.299488,44.504517
15.069444,44.986254
15.068773,44.986197
15.069224,44.985896
15.068456,44.986004
15.070192,44.986451
15.067993,44.985868
15.069355,44.985972
15.067783,44.985994
15.070252,44.988127
15.071298,44.987882
15.071029,44.98827
15.071528,44.988115
15.071607,44.987624
15.072338,44.987391
15.072824,44.987598
15.070567,44.988431
15.072047,44.98798
15.071835,44.987326
15.071684,44.988231
15.072249,44.987617
15.070673,44.987484
15.071928,44.988453
15.072602,44.987836
15.071962,44.98713
15.068993,44.989371
15.063954,44.989872
15.057534,44.995491
15.055732,44.995615
15.056595,44.995276
15.057083,44.995768
15.056204,44.995802
15.056119,44.992513
15.053764,44.992988
15.056368,44.991777
15.05962,44.992781
15.062365,44.991509
15.062868,44.991489
15.055886,44.992218
15.060601,44.992635
15.056047,44.991772
15.060461,44.992721
15.056125,44.992342
15.054211,44.993147
15.060167,44.993015
15.056301,44.992317
15.053957,44.993084
15.059,44.986674
15.05928,44.986146
15.058836,44.986145
15.059175,44.986372
15.457849,44.497612
15.458259,44.497172
15.4587,44.496594
15.460007,44.49233
15.460945,44.491603
15.460519,44.491397
15.460906,44.491723
15.464303,44.488135
15.464608,44.487777
15.465087,44.48738
15.466028,44.486577
15.466623,44.486237
15.467877,44.488006
15.469302,44.488407
15.4672,44.487874
15.460066,44.489548
15.460232,44.489116
15.460568,44.489657
15.460435,44.490614
15.460111,44.488292
15.460888,44.488563
15.45739,44.486319
15.455111,44.48799
15.456151,44.486425
15.45497,44.486668
15.452789,44.487361
15.457476,44.487455
15.456684,44.487731
15.456133,44.486759
15.456688,44.486242
15.456131,44.48661
15.454261,44.486444
15.453676,44.486746
15.448293,44.480473
15.451061,44.482029
15.452058,44.48275
15.453175,44.483482
15.452458,44.482986
15.452726,44.482862
15.450736,44.492726
15.451027,44.492659
15.449644,44.492593
15.447833,44.492359
15.44869,44.491771
15.448647,44.491315
15.447377,44.484448
15.451177,44.487264
15.448151,44.487559
15.45073,44.487587
15.446895,44.487775
15.447681,44.487166
15.44916,44.487489
15.450207,44.48764
15.44849,44.487691
15.448243,44.48775
15.449578,44.486114
15.451815,44.489058
15.451274,44.488947
15.451029,44.489077
15.451057,44.491698
15.96309,44.552703
15.951958,44.557736
15.311061,44.524136
15.31442,44.530288
15.314501,44.530943
15.314224,44.527681
15.314268,44.527514
15.31725,44.531002
15.45296,44.487266
14.900077,45.000495
15.348271,44.527898
15.348375,44.527622
15.348258,44.527445
15.347918,44.52767
15.347922,44.526862
15.347839,44.526563
15.347366,44.526734
15.347483,44.526921
15.348076,44.528404
15.348081,44.528501
15.349654,44.524293
15.349364,44.524377
15.348833,44.522692
15.348943,44.523021
15.340535,44.525563
15.340074,44.525926
15.337856,44.522151
15.337317,44.52179
15.338167,44.522256
15.337949,44.522249
15.337608,44.521949
15.338286,44.519568
15.339582,44.518949
15.339387,44.518907
15.340134,44.51889
15.340075,44.519127
15.340389,44.51845
15.34155,44.51787
15.342346,44.517849
15.341986,44.516975
15.341536,44.517034
15.341926,44.516407
15.342352,44.516425
15.342508,44.516216
15.344655,44.51638
15.3441,44.515685
15.338217,44.518379
15.337743,44.518023
15.337133,44.517621
15.337196,44.517329
15.336948,44.51784
15.336705,44.517707
15.336509,44.51827
15.336267,44.518436
15.335501,44.517359
15.335477,44.517564
15.335294,44.517581
15.334337,44.517288
15.335262,44.51942
15.334853,44.519822
15.334269,44.519585
15.334023,44.519816
15.333078,44.519659
15.333384,44.519725
15.332767,44.519746
15.332239,44.519144
15.331407,44.515639
15.33039,44.515302
15.329877,44.51513
15.329302,44.515163
15.328533,44.514873
15.328782,44.514964
15.328931,44.515001
15.328152,44.514769
15.327508,44.514627
15.327862,44.514642
15.326583,44.514247
15.32676,44.514298
15.326668,44.514024
15.326103,44.513813
15.325867,44.513683
15.32614,44.514056
15.325647,44.51385
15.326244,44.514097
15.325805,44.513913
15.325653,44.513606
15.325152,44.513624
15.325297,44.513678
15.324996,44.513361
15.325446,44.513527
15.324593,44.51348
15.324117,44.513315
15.324132,44.513089
15.324186,44.512951
15.323759,44.513017
15.323862,44.512736
15.323403,44.513107
15.323242,44.513133
15.323184,44.512822
15.323579,44.513153
15.322437,44.512954
15.32229,44.512871
15.322871,44.512981
15.321002,44.513089
15.321273,44.513072
15.320949,44.512397
15.320394,44.512341
15.319287,44.512356
15.318997,44.512271
15.318714,44.512235
15.318505,44.511942
15.317359,44.511963
15.31758,44.512032
15.317194,44.511923
15.321802,44.509046
15.344061,44.514582
15.343607,44.514468
15.343644,44.514651
15.343058,44.5145
15.342521,44.514505
15.3416,44.51509
15.342897,44.514483
15.337428,44.51675
15.332472,44.517157
15.332094,44.517397
15.333044,44.516952
15.332859,44.517234
15.323685,44.513207
15.083472,44.976985
15.080533,44.977686
15.081193,44.977294
15.091964,44.975536
15.091779,44.975348
15.074147,44.978736
15.044328,44.996826
15.044013,44.996939
15.043869,44.996546
15.043134,45.000722
15.042493,45.002576
15.041315,45.000499
15.041784,45.002529
15.039609,45.002224
15.041392,44.999623
15.032399,45.006721
15.030922,45.006196
15.032822,45.006248
15.032038,45.005575
15.031174,45.007137
15.03092,45.00647
15.031126,45.006402
15.034844,45.008061
15.034792,45.008186
15.035195,45.009724
15.035078,45.009524
15.028009,45.019648
15.021136,45.022529
15.021375,45.022426
15.020586,45.022346
15.018191,45.023047
15.020932,45.022433
14.916755,44.986554
14.904963,44.991392
14.902052,44.988633
14.903158,44.988617
14.904282,44.989202
14.904891,44.989128
14.903271,44.990062
14.903656,44.99036
14.903388,44.99044
14.903573,44.990385
14.90372,44.990319
14.903417,44.990541
14.90348,44.990493
14.903337,44.990508
14.900286,44.989263
14.90072,44.989312
14.900445,44.98934
14.900408,44.989168
14.900505,44.989108
14.900571,44.989191
14.900261,44.989304
14.900639,44.989262
14.900354,44.989318
14.900433,44.989257
14.90076,44.989367
15.11147,45.067191
15.101948,45.071587
15.102518,45.071648
15.099899,45.07226
15.082946,45.076503
15.074773,45.08264
15.085581,45.0752
15.071388,45.083104
15.089766,45.07815
15.090807,45.07819
15.077062,45.082923
15.074848,45.08261
15.0726,45.083633
15.072015,45.083357
15.074768,45.082974
15.076118,45.082515
15.082814,45.076343
15.086187,45.073165
15.086411,45.073103
15.059371,45.057117
15.060521,45.052768
15.048185,45.05278
15.059835,45.053811
15.059652,45.057023
15.047944,45.053503
15.061301,45.056017
15.053733,45.053115
15.048327,45.053665
15.06007,45.053648
15.053319,45.053757
15.058567,45.054792
15.047973,45.053858
15.058399,45.064263
15.05996,45.064624
15.060104,45.064233
15.059821,45.064776
15.06019,45.064025
15.060423,45.06443
15.073857,45.054907
15.074166,45.054222
15.073471,45.054503
15.729188,44.517468
15.084569,45.04423
15.084326,45.044092
15.073937,45.047068
15.084359,45.044424
15.084104,45.044238
15.08806,45.042127
15.084702,45.043795
15.083602,45.043469
15.08785,45.043193
15.085359,45.043597
15.083211,45.04375
15.087518,45.042133
15.076792,45.048073
15.085703,45.04324
15.091924,45.046923
15.073267,45.04287
15.082872,45.043812
15.177996,45.004271
15.178307,45.004537
15.075711,45.034547
15.075089,45.034
15.075313,45.033254
15.076063,45.034632
15.101263,45.032852
15.102903,45.027203
15.102729,45.027023
15.102522,45.032431
15.101357,45.032601
15.100941,45.027711
15.100895,45.030665
15.103086,45.026863
15.100963,45.031402
15.100785,45.032502
15.104237,45.027016
15.102386,45.032557
15.098174,45.032086
15.100615,45.031143
15.101558,45.030347
15.101054,45.03125
15.102339,45.032351
15.101856,45.030645
15.102688,45.026994
15.226997,44.980816
15.229699,44.980884
15.229766,44.980821
15.227456,44.980541
15.22957,44.980728
15.22989,44.98058
15.229186,44.980131
15.226531,44.981015
15.231018,44.979516
15.227743,44.980465
15.230343,44.979526
15.231795,44.97888
15.232328,44.978372
15.234235,44.976908
15.240178,44.977442
15.231536,44.979225
15.233942,44.97714
15.231649,44.974552
15.231536,44.974799
15.231314,44.974371
15.231193,44.974606
15.235127,44.974828
15.23543,44.974894
15.235017,44.974402
15.241061,44.977341
15.242163,44.977802
15.24164,44.977272
15.241699,44.976915
15.242104,44.977172
15.241545,44.977112
15.243906,44.972559
15.245152,44.972954
15.24495,44.972708
15.244507,44.972806
15.242091,44.97309
15.24448,44.972538
15.244953,44.973186
15.244371,44.972382
15.24492,44.972612
15.22514,44.977104
15.22002,44.98088
15.221805,44.979119
15.220356,44.981865
15.22163,44.979661
15.223684,44.982197
15.223979,44.982151
15.224582,44.98169
15.225138,44.981729
15.226448,44.981743
15.225151,44.981331
15.223894,44.981969
15.223522,44.981886
15.225016,44.982158
15.216379,44.983941
15.216777,44.984168
15.216786,44.983852
15.220214,44.984366
15.219429,44.984325
15.216325,44.98343
15.220167,44.984044
15.218717,44.98486
15.217123,44.984373
15.220333,44.983451
15.218194,44.985395
15.218562,44.98532
15.216643,44.984411
15.215373,44.98351
15.215936,44.983421
15.218204,44.987178
15.218666,44.988188
15.218453,44.988132
15.453679,44.533243
15.107806,45.038754
15.10665,45.037575
15.105542,45.041916
15.105787,45.044949
15.097387,45.044032
15.101056,45.043189
15.102309,45.043699
15.089968,45.065848
15.087746,45.063357
15.096579,45.057583
15.096753,45.057932
15.090141,45.065928
15.090011,45.066216
15.050522,45.034843
15.050396,45.035251
15.066817,45.028105
15.022963,45.035628
15.023376,45.035456
15.023723,45.034523
15.099898,45.072757
15.10087,45.072374
15.076272,45.083301
15.073913,45.054649
14.896574,44.536442
14.89661,44.536222
15.224936,44.866292
15.224982,44.865861
15.235735,44.8724
15.22794,44.873365
15.228663,44.873731
15.227465,44.873477
15.227241,44.873517
15.236601,44.872039
15.254327,44.876569
15.018736,45.000528
15.017136,45.001991
15.017037,45.002054
15.243439,44.871644
15.241254,44.881221
15.239438,44.88307
15.241419,44.881023
15.239579,44.882633
15.241618,44.880321
15.24066,44.881718
15.240816,44.882086
15.246838,44.869988
15.242423,44.869205
15.24826,44.868287
15.241628,44.887853
15.239543,44.887096
15.239094,44.886843
15.238022,44.884574
15.239268,44.886931
15.238568,44.884003
15.235432,44.886959
15.239336,44.892517
15.238954,44.888917
15.238769,44.88977
15.242711,44.888788
15.241465,44.890421
15.238999,44.889786
15.238776,44.890205
15.242487,44.892784
15.241664,44.893031
15.24644,44.888293
15.246751,44.888713
15.239063,44.868167
15.239491,44.868171
15.239926,44.868167
15.227973,44.872021
15.227806,44.872161
15.216981,44.873336
15.23335,44.866797
15.191178,44.889771
15.193683,44.88637
15.191281,44.889615
15.192913,44.887676
15.194762,44.889184
15.191453,44.890087
15.193635,44.886413
15.193859,44.886207
15.191345,44.890383
15.195572,44.891016
15.188653,44.891647
15.186457,44.892773
15.187969,44.89188
15.18697,44.892475
15.185917,44.893132
15.187969,44.891556
15.187412,44.892376
15.187647,44.8917
15.061509,45.05417
15.942328,44.579812
15.239695,44.883222
14.90037,44.997213
14.900278,44.997351
15.705703,44.742146
15.136963,44.822557
14.888044,44.558107
14.882956,44.558269
14.881632,44.548956
15.72819,44.524396
15.390087,44.648308
15.389885,44.648306
15.197405,44.860682
14.906395,44.991783
15.382295,44.543214
15.237938,44.538514
14.886126,45.027316
14.877945,44.566847
14.868007,44.564692
14.900443,44.999889
14.902125,44.988926
14.904856,44.991927
14.901697,44.988615
14.877543,44.559314
14.885124,44.557529
14.885253,44.5575
14.885042,44.557569
14.884627,44.561214
14.886275,44.553291
14.883772,44.55759
14.885986,44.550326
14.882889,44.558299
14.882479,44.558778
14.887975,44.555416
14.882196,44.557623
14.893125,44.54098
14.896923,44.536779
14.88493,44.551124
14.884649,44.550988
14.881024,44.559398
14.886083,44.554972
14.885885,44.555081
14.888009,44.556127
14.893413,44.541073
14.878934,44.558909
14.885565,44.558447
14.880391,44.560167
14.888118,44.557704
14.893532,44.540992
14.879726,44.558879
14.890842,44.557546
14.883587,44.557035
14.884565,44.551612
14.896881,44.536817
14.885819,44.555126
14.879546,44.559262
14.884914,44.551737
14.885974,44.557478
14.884995,44.550949
14.88084,44.558407
14.887873,44.55546
14.886017,44.550262
14.884939,44.557641
14.879339,44.55931
14.893485,44.540971
14.88191,44.559095
14.896968,44.536745
14.896839,44.536856
14.880628,44.558928
14.878469,44.55898
14.883024,44.558682
14.888066,44.555376
14.881141,44.558185
14.880721,44.558456
14.893438,44.541036
14.893235,44.541061
14.888729,44.557536
14.880389,44.558609
14.879515,44.560544
14.885274,44.560708
14.879887,44.55869
15.396391,44.545936
14.904311,44.991181
14.998896,44.927311
14.898593,45.000666
14.888793,44.551371
15.695498,44.758493
15.344564,44.534984
15.384029,44.563663
15.363999,44.547191
14.900232,44.998437
14.898082,45.002026
14.897797,45.001984
14.885375,44.558325
14.87822,44.566686
15.069721,44.531247
15.074296,44.526694
15.266589,44.839675
15.375679,44.54213
15.076052,44.52687
14.998765,44.927311
14.998917,44.927156
14.902772,44.995247
14.912967,44.987747
14.901349,44.990629
14.90882,44.987301
15.24792,44.858854
15.739931,44.585176
14.884342,44.551889
14.88763,44.551751
15.071501,44.529491
15.070879,44.529231
15.706816,44.747939
14.886889,44.551134
14.886586,44.551055
15.736842,44.600936
14.87642,44.566946
14.887569,44.555934
15.072231,45.043912
15.072935,45.043519
15.073194,45.043377
15.236979,44.87262
14.901564,44.993957
15.699314,44.756714
15.699647,44.756894
15.699597,44.756497
15.699812,44.756606
15.700036,44.75672
15.715588,44.738453
15.728077,44.524509
15.728108,44.524254
15.246741,44.861561
14.884573,44.550644
14.884337,44.557553
15.14467,44.867243
14.885815,44.557869
14.903675,44.98916
14.88585,44.55745
14.912398,44.982092
14.880733,44.560825
14.880091,44.564133
15.935465,44.546426
15.251941,44.857924
14.886243,45.026368
14.879759,44.562394
14.900275,44.99793
14.873426,44.56135
15.240231,44.869101
15.705528,44.747421
15.959393,44.557778
15.214971,44.821011
15.234593,44.874814
14.886252,44.55084
15.073419,44.524796
14.877062,44.5669
15.375957,44.654628
15.681555,44.761633
15.681129,44.76096
14.881206,44.562533
14.886962,44.550863
15.257676,44.842268
15.202828,44.877978
15.255117,44.874903
15.242699,44.869211
14.869324,44.565847
14.934011,44.96443
15.143797,44.825704
15.143774,44.825558
15.961658,44.552524
15.373237,44.655146
15.253592,44.857553
14.890024,44.550764
14.888997,44.552215
14.969591,44.973087
15.369051,44.553671
15.260953,44.854385
15.380367,44.55437
15.636825,44.563738
15.673069,44.768682
15.387858,44.540357
15.422091,44.688174
15.375848,44.54346
15.278108,44.851897
15.148679,44.823585
15.377227,44.552866
15.360629,44.552198
15.839541,44.530022
15.228588,44.871428
15.252792,44.84104
15.104124,44.542508
14.906959,44.985226
14.868949,44.565502
15.962177,44.550271
15.711914,44.744743
15.202659,44.876534
15.202787,44.876342
15.235173,44.873539
15.150285,44.823658
15.150183,44.823654
15.416662,44.497941
14.903739,44.992395
15.179354,44.815968
14.9013,44.996731
15.377977,44.550198
15.411936,44.650445
15.689107,44.777157
14.902922,44.995686
15.102846,44.956285
15.726435,44.705971
15.725996,44.706045
15.726412,44.705821
15.726632,44.705937
14.889666,44.558671
15.253635,44.868116
15.216944,44.821464
15.745024,44.692443
14.907639,44.987418
14.907752,44.987392
15.966395,44.559509
15.377504,44.552249
15.369454,44.552434
14.869574,44.565417
15.099951,45.072071
15.100726,45.072219
14.868957,44.565149
14.889042,44.558309
14.911939,44.982403
15.372009,44.654993
14.880654,44.558718
14.957639,44.973415
14.8767,44.566781
14.87856,44.559486
14.897497,44.536558
15.372841,44.645767
15.369305,44.552549
15.239307,44.883698
15.416863,44.533002
15.37811,44.551721
14.872737,44.566676
14.868171,44.565232
14.884854,44.557716
15.958802,44.552711
15.248105,44.858781
14.887536,44.559809
15.761964,44.531659
15.956957,44.540528
15.139616,44.824955
14.90529,44.994062
14.87368,44.562111
14.911963,44.98394
15.250876,44.858775
14.878451,44.559543
15.948708,44.559329
15.702439,44.738407
15.095923,44.959972
14.875194,44.565925
14.875162,44.565971
15.267107,44.860726
15.359654,44.555046
15.243331,44.868944
15.238302,44.864007
15.234881,44.866592
14.873754,44.560691
14.878535,44.564823
14.877656,44.561107
14.980873,44.957496
15.240466,44.868372
15.386724,44.539314
15.370253,44.550494
15.373716,44.525361
15.374431,44.541309
15.238736,44.888673
15.388973,44.570189
14.891422,44.55621
14.998895,44.928439
14.98288,44.940842
14.910778,44.984095
15.383476,44.540085
15.258249,44.855649
15.379707,44.544793
15.458902,44.486792
14.892079,44.555947
15.227204,44.873163
15.242083,44.893057
14.889099,44.56017
15.000247,44.924751
15.23361,44.866918
15.368534,44.545774
15.237975,44.868412
15.372674,44.539543
15.230176,44.87415
14.887509,44.560417
14.900244,44.996407
14.88899,44.560944
15.234937,44.876272
14.88966,44.559365
15.382853,44.560096
15.737391,44.752673
15.423688,44.513631
14.878638,44.562839
14.901299,44.988799
14.901202,44.988796
14.886022,44.552964
14.969166,44.973182
14.913877,44.987568
14.913899,44.987492
14.889431,44.553872
15.096166,44.960122
15.368493,44.548625
15.203356,44.860902
15.250551,44.846218
14.911112,44.98337
15.419603,44.496005
15.375076,44.525174
15.312825,44.543893
15.312551,44.543775
15.204748,44.871963
14.889227,44.565652
14.898055,44.536417
14.885368,44.556639
14.885602,44.556879
14.885622,44.556843
14.885638,44.556789
14.885687,44.556736
15.96266,44.552678
15.265106,44.838032
15.388123,44.642133
15.120212,44.839157
15.143963,44.851457
15.144062,44.851406
15.256166,44.854657
14.955313,44.962445
14.98451,44.939747
14.881172,44.558389
14.91449,44.986118
14.826762,44.599762
14.81085,44.625091
14.806279,44.61824
14.809878,44.615051
14.810795,44.61425
14.811255,44.614245
14.815682,44.615559
14.808373,44.617988
14.815523,44.615486
14.808213,44.615027
14.812015,44.61344
14.808564,44.615855
14.807471,44.626598
14.823431,44.615437
14.835072,44.598699
14.81283,44.615086
14.793734,44.627442
14.807984,44.617388
14.811822,44.614545
14.813547,44.61408
14.852826,44.58774
14.85278,44.587774
14.851859,44.587489
14.801147,44.636556
14.82457,44.610171
14.812569,44.614952
14.80641,44.618503
14.816513,44.61742
14.807317,44.618157
14.80733,44.619038
14.815852,44.616131
14.808688,44.618534
14.811681,44.624924
14.79926,44.625077
14.798683,44.624837
14.826779,44.608317
14.813305,44.613879
14.812966,44.616206
14.811612,44.624899
14.79489,44.629313
14.843667,44.592885
14.807929,44.617863
14.810794,44.614494
14.80725,44.617671
14.815179,44.61649
14.809069,44.618366
14.824809,44.609539
14.813414,44.615236
14.822651,44.611292
14.788197,44.630507
14.811087,44.624829
14.815183,44.615877
14.807143,44.61824
14.810957,44.614342
14.813267,44.615908
14.81607,44.616943
14.808143,44.618042
14.812333,44.6196
14.823397,44.615974
14.853093,44.586865
14.806269,44.62728
14.851835,44.588148
14.841182,44.602331
14.808323,44.617313
14.806949,44.619233
14.836087,44.598579
14.809545,44.618135
14.813361,44.614108
14.815724,44.617026
14.805479,44.627779
14.796501,44.631562
14.808531,44.619706
14.809212,44.618662
14.810949,44.615485
14.824704,44.609619
14.850576,44.58768
14.787753,44.630901
14.811098,44.614631
14.808964,44.619898
14.809951,44.618851
14.865558,44.578884
14.821685,44.611271
14.807379,44.618128
14.815695,44.616013
14.810432,44.615178
14.812749,44.614101
14.807531,44.618052
14.822228,44.611363
14.875073,44.568038
14.798341,44.625019
14.840798,44.601673
14.80758,44.618563
14.852876,44.587182
14.798442,44.624727
14.808198,44.625192
14.811415,44.61484
14.83609,44.599344
14.809612,44.61833
14.814844,44.616147
14.823331,44.616222
14.842504,44.601499
14.824832,44.61054
14.852737,44.587807
14.808671,44.618239
14.813212,44.613743
14.841355,44.60141
14.839614,44.598528
14.8066,44.628712
14.81125,44.61529
14.808125,44.617765
14.853423,44.588827
14.82361,44.615741
14.808388,44.614837
14.816899,44.616609
14.809608,44.619238
14.806788,44.618428
14.822311,44.611126
14.805357,44.627996
14.792152,44.630436
14.836505,44.600347
14.824396,44.609279
14.812092,44.613705
14.798647,44.624585
14.805607,44.627624
14.840619,44.601426
14.807413,44.626615
14.841126,44.600595
14.824527,44.610221
14.836687,44.599671
14.811824,44.613526
14.814138,44.614509
14.812076,44.613158
14.816337,44.617682
14.818768,44.616285
14.809489,44.618821
14.808874,44.618156
14.834405,44.59735
14.829604,44.600995
14.834033,44.595552
14.818844,44.616239
14.841341,44.601447
14.838156,44.600058
14.824417,44.609997
14.812747,44.613442
14.817329,44.6153
14.805579,44.627662
14.884457,44.571422
14.839961,44.601666
14.836634,44.59462
14.807457,44.619178
14.853247,44.587239
14.842037,44.596019
14.792925,44.627863
14.811703,44.614475
14.852994,44.587485
14.853649,44.587594
14.840417,44.59811
14.810161,44.613623
14.810258,44.613932
14.813105,44.613962
14.841019,44.60022
14.805604,44.628044
14.86561,44.578818
14.816382,44.617568
14.824758,44.609557
14.787741,44.630866
14.823752,44.615281
14.836629,44.599719
14.864909,44.57852
14.799465,44.624491
14.84137,44.601371
14.840098,44.601453
14.85328,44.58721
14.806402,44.618029
14.811793,44.613272
14.808854,44.620058
14.80924,44.617542
14.865032,44.578544
14.840596,44.601458
14.851633,44.588667
14.824025,44.609832
14.823277,44.615772
14.824991,44.609195
14.865438,44.578144
14.841849,44.60172
14.808422,44.618252
14.810595,44.615215
14.807704,44.619884
14.806528,44.627352
14.809906,44.613705
14.823725,44.609721
14.80972,44.624208
14.840306,44.601322
14.836905,44.600034
14.810715,44.613895
14.863694,44.579213
14.810603,44.615098
14.816623,44.617515
14.798312,44.625169
14.851749,44.58823
14.847535,44.583522
14.807822,44.619487
14.8266,44.599204
14.825189,44.609235
14.788238,44.630235
14.812981,44.614277
14.812265,44.613623
14.816734,44.615239
14.808675,44.614428
14.809948,44.614818
14.811007,44.614076
14.821181,44.611661
14.808877,44.61886
14.806519,44.617917
14.816078,44.620604
14.806962,44.61835
14.807705,44.618208
14.810977,44.616101
14.809721,44.618047
14.82369,44.609751
14.811436,44.614561
14.815814,44.617022
14.800816,44.636388
14.788075,44.63044
14.847771,44.585629
14.814629,44.62094
14.811619,44.615444
14.838796,44.5982
14.836418,44.59112
14.809664,44.614752
14.808223,44.618334
14.806812,44.618753
14.808742,44.626351
14.864901,44.578316
14.851847,44.588263
14.841094,44.600634
14.82245,44.615549
14.811245,44.614472
14.80734,44.618423
14.850581,44.588662
14.808832,44.618428
14.813201,44.615111
14.812404,44.613896
14.808157,44.619112
14.810616,44.62509
14.823971,44.610237
14.841871,44.601671
14.86537,44.578588
14.811856,44.615911
14.807696,44.619308
14.810645,44.616104
14.815742,44.616584
14.816726,44.616942
14.815367,44.627614
14.841668,44.601211
14.865087,44.57841
14.83905,44.598945
14.815922,44.612676
14.836606,44.598887
14.815452,44.616649
14.852566,44.586577
14.816315,44.617265
14.865199,44.578498
14.851891,44.588089
14.835457,44.597849
14.82262,44.61135
14.816392,44.616332
14.808359,44.619856
14.80843,44.61881
14.852876,44.587704
14.812003,44.614633
14.808667,44.617412
14.810086,44.624459
14.840822,44.601633
14.840058,44.59844
14.812803,44.612908
14.824832,44.609508
14.805462,44.629292
14.81316,44.613934
14.816101,44.617072
14.812185,44.614692
14.809344,44.618542
14.808308,44.617376
14.809659,44.618641
14.840759,44.597673
14.825032,44.609445
14.809438,44.615836
14.81256,44.613539
14.810349,44.625173
14.798381,44.624872
14.797925,44.637268
14.7991,44.6252
14.806583,44.627312
14.840871,44.601552
14.840373,44.596925
14.816503,44.616992
14.809402,44.617979
14.812707,44.613103
14.811397,44.614321
14.865326,44.578663
14.811416,44.615324
14.811824,44.615573
14.812648,44.613142
14.811874,44.625894
14.807473,44.626235
14.852811,44.58824
14.815884,44.615605
14.812897,44.61333
14.809338,44.618951
14.806831,44.617901
14.808888,44.614307
14.863192,44.579614
14.82289,44.611207
14.829319,44.600937
14.833886,44.602016
14.823005,44.611242
14.822682,44.611233
14.812333,44.614794
14.809904,44.618005
14.809476,44.614888
14.810601,44.624618
14.787727,44.631021
14.835649,44.600301
14.82445,44.612831
14.807994,44.620149
14.812022,44.619713
14.808127,44.619689
14.809807,44.613972
14.817499,44.615169
14.823487,44.615336
14.807378,44.618726
14.815336,44.616281
14.810206,44.614926
14.812556,44.612823
14.824037,44.616273
14.815524,44.61648
14.837768,44.598649
14.864262,44.578819
14.811659,44.614925
14.81892,44.616192
14.867882,44.577008
14.83807,44.595479
14.799614,44.625109
14.853314,44.58718
14.837803,44.599917
14.807901,44.61917
14.807401,44.61963
14.808375,44.614942
14.816545,44.617591
14.840274,44.601379
14.838658,44.598247
14.824395,44.610033
14.840206,44.597021
14.835507,44.600205
14.841228,44.596932
14.80983,44.617764
14.806861,44.619071
14.80859,44.617916
14.824055,44.609813
14.822822,44.616007
14.807248,44.61945
14.807931,44.618104
14.811615,44.613364
14.807804,44.620027
14.807658,44.617525
14.816279,44.616412
14.81039,44.614368
14.814374,44.614525
14.812283,44.615656
14.865152,44.57859
14.80755,44.626178
14.805247,44.628405
14.790834,44.629769
14.80772,44.617897
14.807092,44.618476
14.812662,44.613865
14.80557,44.627446
14.798703,44.624555
14.829867,44.600201
14.809717,44.614911
14.806994,44.61861
14.815567,44.616334
14.809788,44.618963
14.808673,44.619421
14.793724,44.627592
14.816036,44.615923
14.809189,44.617893
14.812951,44.613573
14.81788,44.616876
14.816486,44.616855
14.852925,44.587673
14.809697,44.619073
14.836418,44.598779
14.809026,44.618781
14.824665,44.609641
14.787788,44.631253
14.822194,44.61112
14.808576,44.618673
14.865273,44.578384
14.825127,44.609767
14.830891,44.60166
14.806206,44.627344
14.809555,44.619275
14.816671,44.617207
14.812183,44.615891
14.812262,44.613067
14.80776,44.619831
14.840644,44.601398
14.798982,44.624566
14.811292,44.614768
14.809023,44.617446
14.808599,44.62021
14.813689,44.614278
14.807304,44.618877
14.809223,44.619126
14.853175,44.587356
14.821111,44.611444
14.825494,44.60945
14.817842,44.617031
15.243383,44.869103
15.243317,44.868793
15.230453,44.816764
14.90177,44.990593
14.899199,44.988781
15.361569,44.531943
15.929774,44.548789
15.146637,44.855174
14.898971,45.000148
15.674529,44.515552
15.962261,44.552171
14.879998,44.56551
14.882069,44.548018
14.801195,44.625717
15.250629,44.84898
15.251949,44.848871
15.240307,44.868998
14.890189,44.554678
14.890126,44.5546
15.378448,44.543759
15.069878,44.530978
16.002508,44.508306
14.880212,44.563866
14.879944,44.563746
15.194527,44.889913
14.892091,45.014071
14.888641,44.557277
14.888654,44.557239
15.431004,44.517443
14.883107,44.560562
15.046657,45.000931
15.345484,44.535875
14.877533,44.563782
15.735658,44.760973
15.376685,44.540722
15.376926,44.540944
14.807576,44.619695
14.807627,44.619749
15.275643,44.843869
14.863033,44.579753
15.379955,44.529972
15.266814,44.83693
15.701176,44.746084
15.766618,44.533372
15.364406,44.544549
15.376873,44.655342
15.38652,44.535845
14.841569,44.60178
14.888592,44.558632
15.960028,44.557818
14.905038,44.986918
14.903145,44.988284
14.911298,44.986566
14.908471,44.9865
14.908488,44.986632
14.904964,44.986983
14.903339,44.988101
14.91086,44.986522
14.909924,44.986321
14.910386,44.986261
14.907086,44.986622
14.903335,44.987887
14.904385,44.987458
14.903952,44.987561
14.90414,44.98741
14.904469,44.987285
14.908652,44.986536
14.904791,44.987075
14.911451,44.986326
15.250158,44.842023
15.751651,44.704405
15.22764,44.872533
15.375069,44.543992
14.911284,44.986385
14.911269,44.986349
15.368371,44.54705
15.368475,44.54711
14.83829,44.596492
15.224302,44.982145
15.346185,44.535324
15.148086,44.824957
15.251933,44.858318
14.872952,44.566501
14.920419,44.985866
15.278511,44.846
15.397962,44.534168
14.838183,44.597982
14.902832,44.991131
14.864549,44.579355
15.100851,45.07214
15.96006,44.551278
15.184084,44.991404
15.21496,44.860475
14.852905,44.587945
15.27127,44.834476
15.067057,44.98492
15.168718,44.848899
15.348789,44.541847
15.304535,44.518465
14.90258,44.995417
15.378239,44.549304
15.252922,44.841304
15.242536,44.871589
15.072953,44.526
15.353461,44.526855
14.884296,44.560199
14.908173,44.988216
15.372002,44.539543
15.247813,44.843902
14.875661,44.565745
14.875735,44.565464
14.884102,44.551506
14.883417,44.551312
15.373076,44.540084
15.250735,44.868428
14.869986,44.565501
14.869873,44.565681
15.767142,44.531374
15.318197,44.512171
15.347995,44.528279
14.903902,44.992183
15.359477,44.555725
15.372685,44.654961
14.814333,44.613693
14.814185,44.613622
15.278679,44.835035
15.228806,44.873614
15.704953,44.743644
15.704982,44.743489
15.705069,44.743363
14.901661,44.99389
15.375006,44.54391
15.119675,44.528345
15.768358,44.546369
14.87897,44.565483
15.275606,44.837902
14.888925,44.557937
15.364832,44.559783
15.311533,44.543842
15.389884,44.575958
15.667818,44.520108
15.236076,44.875112
15.992927,44.51627
15.982588,44.543548
14.905506,44.990528
14.906209,44.990761
14.906328,44.990602
14.905943,44.990368
14.906109,44.990266
14.907087,44.989863
14.905812,44.99104
14.907164,44.98973
14.905384,44.99112
14.905994,44.990891
14.906665,44.990368
14.906779,44.990226
14.906916,44.99011
14.905393,44.990733
14.904581,44.991589
14.906522,44.990486
15.700626,44.74584
15.246975,44.841857
14.87333,44.561547
14.86843,44.565336
14.868694,44.565446
14.981655,44.970744
15.226888,44.867254
15.337022,44.541385
15.379913,44.648583
15.65303,44.789161
15.141802,44.826407
14.907905,44.986082
14.90774,44.985518
14.908521,44.985719
14.908125,44.985983
14.907392,44.985869
14.907165,44.985984
14.908358,44.985888
14.907927,44.985588
15.187122,44.820126
15.730894,44.728853
15.186103,44.837855
14.824399,44.613592
14.824381,44.613513
14.900802,44.994481
15.362532,44.53401
14.926545,44.965649
15.370594,44.551981
15.696868,44.750661
14.89021,44.557568
15.066466,44.545637
15.074518,44.526327
15.208799,44.869091
15.073077,44.525858
15.073153,44.525772
14.950345,44.967475
15.403293,44.529762
15.204798,44.818451
15.184417,44.817702
15.239155,44.861279
15.165114,44.819399
15.36186,44.544687
15.019925,45.022193
15.018895,45.022406
15.019011,45.022366
15.031405,45.00486
15.026116,45.020779
15.25671,44.848923
15.30471,44.51418
15.231972,44.876213
15.234635,44.546375
15.390704,44.547679
15.383122,44.561128
15.367379,44.5474
15.370267,44.545623
15.369586,44.544215
15.369781,44.544254
15.34972,44.523627
14.903661,44.990234
14.903748,44.990189
15.311606,44.520332
15.088056,44.964188
15.087846,44.964257
15.358548,44.687022
14.889323,44.552304
15.637133,44.563762
15.377892,44.55152
15.841462,44.528854
15.070017,44.986283
15.240341,44.871449
15.230369,44.869724
15.230434,44.869794
14.888241,44.551967
15.707293,44.748621
15.703877,44.749445
15.703637,44.749661
15.703655,44.749308
15.705251,44.748902
15.704015,44.748841
15.707388,44.748501
15.705078,44.747499
15.706264,44.748468
15.705798,44.748432
15.705489,44.748683
15.70647,44.748136
15.705904,44.748301
15.200653,44.869629
15.744005,44.707494
15.710419,44.741317
15.7109,44.74132
15.357401,44.551559
15.271918,44.523632
15.274183,44.521676
14.895748,45.010713
15.217918,44.872767
15.218279,44.872741
15.391764,44.547327
15.250481,44.868466
15.250373,44.868489
15.377936,44.546675
15.378169,44.54682
15.378501,44.546929
15.37845,44.547035
15.378074,44.54656
15.378313,44.546695
14.869189,44.565515
15.709865,44.739289
15.809816,44.69621
15.685746,44.779117
15.368694,44.549662
14.88571,44.563238
15.264573,44.862514
15.350599,44.552034
14.904196,44.990338
14.904767,44.98784
15.38061,44.651845
15.145972,44.82648
15.743323,44.580949
14.876148,44.560148
15.37721,44.541068
15.377261,44.540918
15.377334,44.540301
15.380792,44.540709
15.382265,44.540313
15.382657,44.540185
15.382751,44.540131
15.384,44.53945
15.374792,44.550561
15.382389,44.536828
15.382983,44.539004
15.375582,44.551176
15.375968,44.551301
15.375445,44.551254
15.375228,44.551372
15.375661,44.551512
15.375512,44.551616
15.373432,44.551335
15.372291,44.55093
15.371856,44.550776
15.373072,44.54849
15.380401,44.539147
15.372517,44.550139
15.37302,44.550061
15.372765,44.55023
15.373215,44.550132
15.373223,44.550681
15.373489,44.550288
15.373567,44.550566
15.373768,44.550626
15.374013,44.550816
15.374055,44.551098
15.373223,44.548906
15.37334,44.548669
15.37346,44.548969
15.373431,44.548714
15.374064,44.549474
15.373908,44.548994
15.374291,44.549153
15.372507,44.549712
15.372236,44.550046
15.372043,44.55041
15.371581,44.551141
15.3715,44.551276
15.371288,44.551554
15.371242,44.552056
15.370818,44.552264
15.369225,44.553938
15.369077,44.554058
15.343322,44.532376
15.340935,44.530703
15.339674,44.530726
15.34066,44.530188
15.339567,44.529843
15.33937,44.529811
15.338934,44.52947
15.337823,44.528146
15.338498,44.529255
15.336807,44.528001
15.335749,44.528968
15.334779,44.526304
15.333964,44.526023
15.332799,44.526174
15.332702,44.52578
15.331623,44.525806
15.331336,44.525781
15.330398,44.525614
15.32691,44.525132
15.326254,44.525934
15.325437,44.525462
15.325412,44.525239
15.322754,44.523923
15.320482,44.523867
15.319016,44.52191
15.382118,44.532092
15.379888,44.538835
15.381202,44.529334
15.384629,44.539062
15.379682,44.538778
15.381564,44.539355
15.382111,44.532168
15.380649,44.540733
15.381239,44.528645
15.379135,44.542351
15.377736,44.542818
15.372326,44.550351
15.381572,44.536902
15.384454,44.539168
15.37831,44.543176
15.384246,44.537321
15.382515,44.537601
15.336851,44.528487
15.335771,44.527577
15.381485,44.53698
15.342569,44.532985
15.343253,44.532912
15.340732,44.531238
15.336633,44.528733
15.331716,44.526134
15.327611,44.525364
15.325491,44.525703
15.323567,44.524312
15.319255,44.522034
15.319327,44.521955
15.319393,44.521843
15.319477,44.521718
15.319562,44.521597
15.319639,44.52147
15.319724,44.52134
15.319497,44.52124
15.319323,44.521193
15.318682,44.522386
15.316074,44.521004
15.317111,44.52103
15.317218,44.520808
15.316786,44.520639
15.316666,44.520831
15.338933,44.526623
15.333429,44.526299
15.381136,44.532072
15.381427,44.533414
15.379254,44.536012
15.37737,44.540716
15.377828,44.540556
15.377442,44.541835
15.37794,44.54334
15.377775,44.54296
15.37782,44.542659
15.377708,44.54197
15.373602,44.552182
15.37904,44.541908
15.379383,44.541997
15.379513,44.541681
15.378988,44.54134
15.378744,44.541366
15.378958,44.541095
15.378718,44.541122
15.377838,44.541154
15.377402,44.541052
15.379991,44.540813
15.380052,44.540626
15.380444,44.54079
15.380392,44.540573
15.381007,44.540646
15.38217,44.540211
15.383527,44.539716
15.3837,44.539603
15.38482,44.538944
15.384295,44.53927
15.384694,44.539033
15.385215,44.53872
15.38552,44.538566
15.385944,44.538196
15.385782,44.538105
15.385632,44.538018
15.385575,44.537762
15.384948,44.537764
15.384408,44.537366
15.384038,44.537516
15.382885,44.537236
15.383148,44.537042
15.380303,44.536286
15.381126,44.536389
15.381333,44.536471
15.382648,44.538833
15.382682,44.539056
15.382478,44.538957
15.378873,44.53874
15.379462,44.538986
15.381041,44.539484
15.381342,44.539429
15.381793,44.53919
15.381067,44.539878
15.381669,44.539668
15.382044,44.539366
15.383567,44.538403
15.383778,44.538433
15.382366,44.537517
15.379047,44.538532
15.379168,44.537761
15.379321,44.538696
15.379833,44.538447
15.3793,44.53744
15.379375,44.537598
15.379587,44.537578
15.379526,44.537892
15.379613,44.538081
15.380376,44.537958
15.380545,44.537921
15.38145,44.537117
15.381465,44.537276
15.381147,44.53835
15.380733,44.53881
15.381213,44.53693
15.380983,44.537196
15.381237,44.537545
15.381026,44.537965
15.382946,44.534774
15.381087,44.530773
15.37747,44.540001
15.377718,44.539561
15.37779,44.539425
15.377825,44.539368
15.377895,44.539216
15.377993,44.539043
15.378205,44.538845
15.378397,44.538578
15.378628,44.538015
15.378837,44.537646
15.378897,44.537478
15.379395,44.537148
15.379198,44.536193
15.379494,44.535419
15.379599,44.535156
15.379683,44.534955
15.381102,44.533513
15.381209,44.533198
15.32253,44.535214
15.379284,44.542179
15.340385,44.530935
15.37728,44.541422
15.370588,44.555056
15.370829,44.555134
15.371114,44.555244
15.385746,44.53783
15.382191,44.539225
15.381124,44.531784
15.378138,44.541381
15.381111,44.531939
15.383619,44.538055
15.377582,44.539867
15.333134,44.526229
15.369286,44.554176
15.373536,44.551176
15.379428,44.535587
15.370068,44.55489
15.384387,44.537621
15.329752,44.525858
15.380971,44.535078
15.380333,44.534722
15.380567,44.53463
15.381165,44.535635
15.381305,44.535781
15.380722,44.535192
15.380961,44.535568
15.380666,44.53474
15.380866,44.534979
15.380448,44.534508
15.38076,44.534858
15.383133,44.538132
15.323351,44.523639
15.340174,44.530282
15.373633,44.549076
15.373934,44.549292
15.37382,44.548939
15.374117,44.549029
15.381097,44.531245
15.385356,44.537919
15.385122,44.53783
15.384644,44.537651
15.384065,44.537276
15.383665,44.53719
15.383132,44.537301
15.383007,44.537009
15.382453,44.537081
15.382185,44.537149
15.382057,44.536983
15.381913,44.536916
15.381281,44.536735
15.380906,44.536312
15.381205,44.5367
15.381072,44.536647
15.380771,44.53651
15.380659,44.536461
15.380492,44.536365
15.380051,44.535907
15.383486,44.539486
15.382332,44.538684
15.37588,44.550971
15.376294,44.551101
15.375733,44.551075
15.376148,44.551187
15.37539,44.551292
15.37584,44.551384
15.375028,44.55142
15.374865,44.551445
15.374651,44.551456
15.373638,44.551857
15.37344,44.551806
15.3733,44.551687
15.373842,44.551449
15.373119,44.551546
15.372916,44.55161
15.373629,44.551397
15.372539,44.55134
15.373244,44.551264
15.372296,44.55136
15.373053,44.551198
15.37214,44.551204
15.372855,44.551122
15.372628,44.551062
15.372476,44.550994
15.372087,44.550853
15.377952,44.541374
15.378362,44.541378
15.378553,44.541374
15.378519,44.54113
15.378062,44.541144
15.378504,44.543091
15.379122,44.541718
15.379659,44.541418
15.382133,44.537956
15.382492,44.537777
15.383144,44.537583
15.382917,44.537967
15.38279,44.538111
15.383046,44.538246
15.382972,44.538373
15.382716,44.538245
15.372965,44.549021
15.372716,44.549459
15.372409,44.549878
15.37216,44.550221
15.371915,44.550675
15.371735,44.551407
15.371376,44.551498
15.370887,44.55208
15.370517,44.553286
15.369334,44.553823
15.371098,44.551807
15.368912,44.554224
15.368805,44.554346
15.368646,44.554463
15.381919,44.539492
15.379133,44.536374
15.379288,44.535836
15.379557,44.53531
15.379783,44.534698
15.380163,44.534167
15.380569,44.533926
15.381157,44.532982
15.380602,44.538496
15.380178,44.538955
15.383768,44.537456
15.315827,44.52102
15.371415,44.551447
15.338767,44.529316
15.372702,44.55141
15.383949,44.538513
15.323129,44.524063
15.323404,44.524144
15.327903,44.525923
15.379841,44.53446
15.342979,44.533743
15.342364,44.532638
15.343095,44.532456
15.342562,44.532418
15.342954,44.532749
15.340446,44.530975
15.341533,44.531817
15.34134,44.531626
15.340691,44.530989
15.341164,44.531466
15.340258,44.530373
15.34051,44.530714
15.340064,44.530183
15.340415,44.530091
15.33911,44.529569
15.339496,44.529506
15.33969,44.529531
15.339389,44.529433
15.339196,44.529196
15.338789,44.528897
15.339068,44.529101
15.338037,44.528304
15.337529,44.527966
15.336808,44.528651
15.336571,44.528253
15.336284,44.528294
15.336327,44.527803
15.335957,44.52874
15.335398,44.527963
15.33539,44.527479
15.334937,44.526765
15.334409,44.526416
15.334302,44.526083
15.332936,44.525836
15.332241,44.525809
15.332004,44.525828
15.332576,44.526153
15.332293,44.526139
15.330339,44.52584
15.330184,44.525595
15.329391,44.525642
15.329612,44.525866
15.328942,44.525544
15.326046,44.525777
15.326348,44.52576
15.323869,44.52478
15.324231,44.523968
15.32296,44.523571
15.321159,44.523335
15.322092,44.523222
15.320276,44.523772
15.319203,44.523174
15.316337,44.521113
15.314382,44.520927
15.313576,44.521272
15.313266,44.521389
15.335914,44.527826
15.330024,44.525818
15.322489,44.524559
15.374607,44.55195
15.371417,44.553729
15.340971,44.531551
15.380505,44.538661
15.318627,44.521825
15.378975,44.542209
15.38419,44.537588
15.380683,44.535107
15.378494,44.542828
15.380692,44.536205
15.331461,44.526096
15.380933,44.533652
15.381429,44.539744
15.381132,44.537847
15.379584,44.541539
15.379651,44.539051
15.379747,44.539086
15.378292,44.541146
15.371433,44.552824
15.383481,44.537724
15.340141,44.530455
15.340363,44.530476
14.908069,44.983679
14.908184,44.984203
14.909127,44.983202
14.909245,44.983479
14.90993,44.983027
14.910199,44.982837
14.911104,44.982281
14.909766,44.984598
14.910157,44.98324
14.910366,44.98312
14.909408,44.984812
14.909194,44.984453
14.910143,44.983863
14.910482,44.983403
14.910594,44.983342
14.911284,44.982452
14.907459,44.983204
14.908264,44.982679
14.908272,44.983326
14.908547,44.983964
14.911197,44.982608
14.911343,44.982602
14.910544,44.985169
14.910275,44.985093
14.910158,44.984929
14.909792,44.985213
14.909707,44.985049
14.909642,44.985009
14.90993,44.984855
14.90967,44.984381
14.909647,44.984238
14.909686,44.984085
14.909712,44.983917
14.909985,44.983413
14.910538,44.982964
14.910614,44.982641
14.908973,44.985258
14.909072,44.98531
14.910034,44.985303
14.909565,44.985304
14.908803,44.984863
14.909227,44.984654
14.908789,44.984613
14.909222,44.984297
14.909232,44.984096
14.910448,44.984842
14.910275,44.984718
14.909987,44.984187
14.909816,44.983754
14.910397,44.983553
14.910834,44.983089
14.911063,44.982753
14.907445,44.984268
14.90748,44.984036
14.907512,44.983866
14.907569,44.983639
14.907852,44.983672
14.908081,44.983505
14.907796,44.983379
14.908288,44.982598
14.908764,44.983088
14.908723,44.98277
14.906542,44.98399
14.908398,44.985046
14.908385,44.984864
14.907894,44.983939
14.908544,44.983493
14.908365,44.984001
14.908815,44.983297
14.908563,44.983876
14.90879,44.983716
14.909509,44.982867
14.90975,44.982711
14.90948,44.983343
14.909864,44.98257
14.909684,44.983223
14.909774,44.983169
14.910247,44.982331
14.910485,44.982244
14.910123,44.982907
14.910704,44.982143
14.910884,44.982001
14.91078,44.982523
14.907725,44.984388
14.907501,44.98471
14.908843,44.984989
14.910745,44.983148
14.907937,44.98499
14.908562,44.985239
15.245358,44.875977
15.246441,44.875615
15.246287,44.875724
15.245172,44.876118
15.246145,44.875832
15.245821,44.876103
15.24491,44.876165
15.245335,44.876257
15.244672,44.876251
15.245026,44.87634
15.244771,44.876479
15.244823,44.876829
15.244317,44.876355
15.244097,44.876688
15.245485,44.877348
15.244111,44.876034
15.244007,44.875702
15.246133,44.877488
15.246357,44.877499
15.243872,44.877034
15.246867,44.877683
15.243373,44.877016
15.246274,44.878312
15.244576,44.876958
15.246053,44.878583
15.244764,44.877144
15.245228,44.879248
15.245428,44.877497
15.247165,44.877769
15.246382,44.877988
15.247464,44.877908
15.245332,44.878875
15.249224,44.877803
15.244811,44.879198
15.249897,44.878392
15.247322,44.878106
15.252825,44.880349
15.247399,44.878374
15.247132,44.878282
15.253491,44.880659
15.247689,44.878079
15.253887,44.880003
15.249398,44.87838
15.251662,44.879105
15.25133,44.879567
15.244678,44.872555
15.244194,44.87263
15.244831,44.87272
15.245007,44.873022
15.245135,44.873323
15.244538,44.872971
15.245145,44.873392
15.244591,44.873127
15.245263,44.873575
15.244663,44.873273
15.245364,44.87369
15.244747,44.873422
15.244516,44.873758
15.245562,44.873903
15.245289,44.874221
15.245638,44.87401
15.245385,44.874331
15.245504,44.874479
15.245879,44.874254
15.246092,44.87485
15.24614,44.874437
15.24628,44.874534
15.246619,44.875152
15.246512,44.874621
15.246909,44.875302
15.246666,44.874771
15.246788,44.874845
15.247401,44.875555
15.247568,44.875646
15.247014,44.874973
15.247926,44.875652
15.247251,44.875119
15.248034,44.875338
15.248316,44.875411
15.248736,44.875516
15.248343,44.875769
15.249089,44.875824
15.248608,44.875883
15.249189,44.875923
15.24883,44.876054
15.249361,44.876027
15.249075,44.876251
15.249369,44.876474
15.249568,44.876611
15.249743,44.876718
15.249548,44.876161
15.250018,44.876792
15.250451,44.877026
15.249712,44.876266
15.250642,44.877113
15.249956,44.876437
15.250816,44.87721
15.250205,44.876604
15.250613,44.876785
15.251333,44.877495
15.250987,44.876953
15.251397,44.877206
15.251995,44.877906
15.252154,44.877505
15.252506,44.878103
15.252243,44.877544
15.252686,44.878226
15.252443,44.877613
15.252871,44.878335
15.253122,44.878001
15.252903,44.877897
15.253183,44.878068
15.25341,44.878164
15.253569,44.87825
15.254952,44.879258
15.249664,44.875699
15.249387,44.875451
15.250843,44.875646
15.249945,44.875332
15.251338,44.875526
15.250672,44.875307
15.251371,44.875244
15.254108,44.87486
15.250442,44.875309
15.251002,44.875307
15.248661,44.875361
15.249769,44.878667
15.245708,44.874744
15.252698,44.87488
15.253533,44.874783
15.254344,44.879812
15.254442,44.879496
15.245461,44.873794
15.25428,44.879026
15.251061,44.875651
15.253998,44.878868
15.24701,44.877648
15.250192,44.87881
15.244939,44.872839
15.247659,44.875734
15.250764,44.876867
15.253783,44.878307
15.251841,44.879699
15.254229,44.880022
15.249341,44.875138
15.248641,44.87817
15.251827,44.875382
15.251751,44.877781
15.251668,44.877301
15.240219,44.874697
15.250165,44.875629
15.25206,44.879826
15.244362,44.876783
15.252393,44.880343
15.248123,44.875713
15.24455,44.872404
15.244889,44.873673
15.253087,44.878484
15.252048,44.875948
15.238327,44.875571
15.248059,44.877588
15.248519,44.876356
15.24441,44.872846
15.244382,44.872925
15.704449,44.745976
15.704333,44.746104
15.704184,44.746256
15.70385,44.746282
15.703737,44.746723
15.703693,44.746377
15.703601,44.74651
15.703499,44.746636
15.7036,44.746996
15.703563,44.747167
15.703579,44.747468
15.703463,44.747808
15.70341,44.747931
15.703324,44.748061
15.703469,44.748213
15.70337,44.748326
15.703009,44.748123
15.702845,44.747998
15.703013,44.748442
15.7031,44.74904
15.702933,44.7493
15.702846,44.749429
15.70162,44.749791
15.701197,44.749545
15.70265,44.750666
15.702538,44.75058
15.70221,44.751052
15.702162,44.750838
15.701416,44.750763
15.701638,44.75089
15.701431,44.751997
15.703182,44.747093
15.703052,44.746494
15.702862,44.74693
15.702543,44.746393
15.702638,44.746501
15.702657,44.746843
15.701986,44.746177
15.702386,44.74673
15.702741,44.747181
15.702902,44.747385
15.702293,44.747657
15.703046,44.747693
15.701982,44.747903
15.702876,44.747842
15.701845,44.748192
15.702564,44.747761
15.701691,44.748368
15.702468,44.747891
15.701951,44.748493
15.702393,44.748716
15.702219,44.749072
15.702207,44.748627
15.70143,44.748269
15.701813,44.748878
15.701265,44.748167
15.701555,44.748747
15.701341,44.748621
15.701158,44.748548
15.700904,44.748436
15.700744,44.748336
15.700598,44.74824
15.701065,44.747868
15.699982,44.748184
15.701479,44.74764
15.700261,44.748042
15.701666,44.74747
15.701801,44.747341
15.702115,44.747355
15.70206,44.74713
15.700952,44.747412
15.70221,44.746979
15.701162,44.747227
15.701323,44.747122
15.701391,44.746923
15.701689,44.74681
15.703377,44.745565
15.703176,44.74546
15.701937,44.751509
15.701379,44.748234
15.701857,44.751216
15.702595,44.748822
15.703519,44.747663
15.703299,44.748578
15.702541,44.747339
15.702243,44.747234
15.703063,44.747188
15.701962,44.749017
15.702856,44.747542
15.703121,44.746757
15.703178,44.748842
15.702134,44.748323
14.868223,44.579503
14.867542,44.579312
14.878695,44.561946
14.822681,44.606281
14.824022,44.606234
14.885717,44.556534
14.814896,44.612226
15.745187,44.583645
15.726895,44.450966
15.826514,44.551031
15.70305,44.745819
15.7111,44.740282
15.702475,44.748495
15.702644,44.748332
15.705237,44.766503
14.816528,44.616007
14.812856,44.614017
14.811523,44.6144
14.805429,44.627125
14.806876,44.619586
14.808092,44.620394
14.808493,44.619266
14.808247,44.619545
14.807977,44.618364
14.806813,44.618914
14.806995,44.617802
14.823282,44.616278
14.835682,44.598638
14.874429,44.566667
14.88431,44.560663
14.876531,44.565934
14.863354,44.579953
14.8859,44.557665
14.888402,44.558008
14.889647,44.552219
14.886073,44.55789
14.886167,44.557835
15.320795,44.512904
15.390443,44.746014
15.343749,44.681707
15.393366,44.534533
15.393415,44.534667
15.393112,44.533957
15.355005,44.528053
15.376642,44.660439
15.311518,44.520658
15.309561,44.519471
15.369033,44.505582
15.389502,44.485302
15.363673,44.496649
15.363914,44.499877
15.356216,44.504633
15.363293,44.533531
15.366739,44.535102
15.33624,44.540477
15.34972,44.540302
15.311273,44.65133
15.37793,44.546019
15.242762,44.868975
15.15891,44.856444
14.904015,44.989533
14.876472,44.566004
15.09512,44.552229
15.672665,44.768496
14.809025,44.617675
15.381614,44.540505
15.714021,44.749691
15.183743,44.849244
15.449364,44.492916
15.302337,44.509017
14.900563,44.994363
15.000473,44.925379
15.34226,44.517617
15.342075,44.517354
15.397769,44.543201
15.397415,44.543265
15.371811,44.539319
14.869103,44.564855
14.842004,44.595453
15.125127,44.527173
15.358723,44.686605
15.358469,44.686792
15.379548,44.546126
15.364192,44.55581
15.251624,44.875472
15.137173,44.823601
15.234968,44.871362
15.234896,44.871364
15.127558,44.825466
15.63451,44.562008
15.380783,44.540494
15.745646,44.71062
15.757247,44.70646
15.785061,44.459912
14.887543,44.552299
14.887496,44.552371
15.237376,44.54368
15.800423,44.484618
15.319775,44.523612
15.140939,44.871576
14.891742,44.556065
15.26154,44.836496
15.195481,44.828205
15.634505,44.561837
15.379293,44.538213
14.873664,44.565487
14.90286,44.994713
14.904703,44.987116
14.886799,44.554432
15.707907,44.743329
14.875052,44.565226
14.837636,44.596435
15.344021,44.534387
15.37128,44.655307
15.96322,44.604072
15.490623,44.705246
15.345065,44.535432
15.31685,44.510701
15.380381,44.534043
15.689366,44.761268
15.933203,44.533554
15.680279,44.770598
14.903996,44.990467
14.904381,44.990277
15.381166,44.688149
15.764366,44.528128
14.808279,44.618974
15.390357,44.637214
15.119895,44.528214
15.766763,44.533057
15.182144,44.838663
15.718846,44.870705
15.249394,44.860284
14.885302,44.559484
15.245776,44.868813
14.89267,45.02604
14.892658,45.025966
15.405491,44.479229
15.447662,44.492061
15.447453,44.491902
14.88861,44.560739
15.07068,44.528832
14.901116,44.99474
14.912051,44.982777
15.23344,44.875049
14.892446,44.554735
15.712826,44.739443
15.712545,44.739247
15.712404,44.739166
15.256154,44.852424
14.887624,44.552995
15.383855,44.563741
15.382987,44.560556
14.87279,44.56592
14.873058,44.565887
15.410587,44.668534
15.420947,44.651278
15.400143,44.673785
15.381723,44.663474
15.413293,44.666682
15.400758,44.671335
15.395623,44.671267
15.398474,44.673284
15.404042,44.667941
15.409387,44.66893
15.411095,44.668817
15.400623,44.674058
15.382112,44.666607
15.420363,44.648417
15.381668,44.661855
15.381583,44.666609
15.409055,44.669091
15.380884,44.660119
15.382458,44.670357
15.405008,44.665594
15.381478,44.667957
15.41426,44.665573
15.38164,44.669959
15.403032,44.668037
15.400901,44.668659
15.401049,44.668246
15.381718,44.66279
15.411393,44.659491
15.420005,44.657309
15.420849,44.647899
15.427543,44.654238
15.420516,44.657017
15.429096,44.653622
15.382124,44.666176
15.421428,44.650598
15.381942,44.667867
15.41676,44.663344
15.382012,44.664498
15.381223,44.663269
15.381988,44.668459
15.427345,44.654071
15.414606,44.665585
15.427533,44.653927
15.412663,44.667263
15.414686,44.648748
15.381315,44.661977
15.381334,44.665384
15.38168,44.66138
15.400756,44.668394
15.420026,44.65723
15.399002,44.67301
15.381892,44.664231
15.38093,44.660934
15.396091,44.670513
15.41304,44.666848
15.400196,44.671226
15.382317,44.669728
15.404724,44.666383
15.403778,44.667895
15.404133,44.667598
15.420625,44.649062
15.410554,44.659828
15.412173,44.658855
15.3817,44.669019
15.412032,44.65936
15.396777,44.672999
15.410006,44.661455
15.381683,44.66851
15.381704,44.66941
15.415159,44.64831
15.404782,44.666907
15.412714,44.667956
15.400428,44.671312
15.417419,44.65471
15.381993,44.668112
15.410459,44.660086
15.416959,44.660006
15.381719,44.669193
15.404209,44.666988
15.416331,44.654697
15.381181,44.662599
15.412341,44.667777
15.381611,44.666832
15.412035,44.658886
15.403934,44.668698
15.400054,44.668748
15.39802,44.673306
15.420372,44.648794
15.395625,44.67097
15.381884,44.664066
15.382937,44.665526
15.382389,44.665659
15.421383,44.665358
15.403057,44.668235
15.409521,44.675001
15.381706,44.661568
15.381197,44.663845
15.381745,44.670575
15.411587,44.6592
15.382049,44.665673
15.381881,44.663165
15.382112,44.669451
15.395723,44.671168
15.380732,44.66317
15.411333,44.659559
15.418848,44.658352
15.381867,44.662256
15.381917,44.66245
15.402591,44.668121
15.416792,44.654215
15.404843,44.667171
15.40127,44.668143
15.412022,44.659162
15.400938,44.671022
15.415453,44.6639
15.418689,44.658343
15.403046,44.66848
15.416718,44.654538
15.381476,44.666024
15.422481,44.660377
15.412058,44.667732
15.40039,44.668631
15.382185,44.668637
15.400852,44.671291
15.381531,44.668684
15.417132,44.663218
15.425928,44.652535
15.415865,44.654567
15.381958,44.663569
15.38108,44.661859
15.414999,44.648468
15.400779,44.673393
15.41983,44.649199
15.381222,44.662441
15.418749,44.668049
15.420203,44.656857
15.736789,44.683534
15.255449,44.855632
15.892017,44.612165
15.359263,44.555844
15.446094,44.483003
15.198077,44.988489
15.236055,44.869777
15.238225,44.864559
14.88092,44.562684
15.370496,44.539598
15.377676,44.655752
15.238054,44.875997
15.763657,44.520128
15.368027,44.535428
15.26869,44.527195
14.905499,44.989952
15.733842,44.682971
15.150032,44.820306
14.922399,44.984947
15.672476,44.768785
15.672406,44.768947
14.868619,44.565865
15.25093,44.84787
14.903037,44.992598
14.887057,44.553811
14.886918,44.55391
14.886927,44.553953
14.909073,44.985113
14.884534,44.557533
14.884551,44.557584
14.884545,44.557623
14.884562,44.557484
14.88463,44.557459
14.884659,44.55743
15.140692,44.825511
14.903561,44.989338
14.903393,44.989465
15.254715,44.856923
14.840263,44.601773
15.25601,44.866448
14.901214,44.996142
15.431496,44.517623
15.870503,44.516275
14.864394,44.578326
14.897184,45.003817
15.389459,44.65258
15.389318,44.651623
15.40573,44.479567
15.329662,44.515287
15.38109,44.542645
15.234424,44.539612
15.394151,44.679604
14.90459,44.988351
15.375739,44.559016
15.259598,44.86422
14.807982,44.62675
15.073421,44.525578
15.074716,44.525988
15.716249,44.738167
14.904591,44.994234
15.34967,44.660206
15.349645,44.659586
15.349109,44.659663
15.352288,44.701683
15.352817,44.701755
15.351675,44.702493
15.419775,44.496191
14.868338,44.563701
14.897321,44.537196
14.897844,44.536227
14.903559,44.995387
15.305989,44.543156
15.140105,44.825461
14.808989,44.615757
14.80884,44.61517
14.808307,44.615226
15.228768,44.868163
15.368875,44.548906
15.414515,44.522813
14.906391,44.992532
14.908696,44.984434
15.926109,44.586219
15.003923,44.589345
15.024043,44.560382
15.02127,44.564805
15.035047,44.554532
15.023088,44.560179
15.02927,44.557504
15.023625,44.560085
15.007841,44.583449
15.030313,44.556887
15.03369,44.557188
15.023996,44.56205
15.031365,44.563604
15.029077,44.557113
15.032222,44.556894
15.044789,44.549894
15.033141,44.560586
15.023362,44.562879
15.078277,44.533053
15.020959,44.56411
15.022357,44.561262
15.070058,44.532519
15.031085,44.558548
15.096692,44.52294
15.093611,44.524977
15.092101,44.525448
15.093669,44.524547
15.03414,44.556241
15.025459,44.567956
15.030691,44.558678
15.024542,44.561043
15.03129,44.558598
15.035564,44.554335
15.020795,44.564
15.094243,44.523804
15.035004,44.554922
15.038798,44.552428
15.035027,44.553874
15.021308,44.564472
15.028579,44.557591
15.031329,44.563417
15.014549,44.567751
15.025193,44.561901
15.003455,44.583067
15.035171,44.555053
15.017084,44.569636
15.037821,44.553093
15.034943,44.555511
15.044676,44.550043
15.017489,44.569614
15.033913,44.556497
15.022357,44.560896
15.024314,44.56096
15.021014,44.564152
15.034476,44.555946
14.986187,44.5824
15.024876,44.560871
15.022983,44.563114
15.022193,44.561135
15.021442,44.564164
15.029907,44.557056
15.040067,44.55259
15.033103,44.558198
15.02895,44.557235
15.023412,44.561998
15.010692,44.578766
15.031353,44.556178
15.020221,44.564859
15.024101,44.560836
15.020768,44.564414
15.034863,44.554982
15.003843,44.58291
15.092541,44.525733
15.031922,44.556715
15.021389,44.564189
15.032459,44.557657
15.078776,44.532804
15.037234,44.553325
15.037585,44.553382
15.032263,44.557889
15.022688,44.563424
15.033522,44.557664
15.031346,44.558809
15.015937,44.566875
15.010505,44.578607
15.025421,44.562512
15.037659,44.552986
15.035988,44.554054
15.024173,44.561613
15.034875,44.554355
15.038553,44.552721
15.032059,44.55581
15.037837,44.552862
15.032043,44.557604
14.998973,44.577406
15.004143,44.589232
15.030412,44.558329
15.003937,44.589724
15.030251,44.556501
15.038649,44.552473
15.022978,44.560508
15.021642,44.564152
15.03436,44.555098
15.024448,44.561395
15.024626,44.561517
15.032391,44.55712
15.031475,44.558632
14.986357,44.582303
15.078334,44.53304
15.031953,44.559213
15.022356,44.562953
15.023262,44.561918
15.029266,44.557723
15.042399,44.551928
15.03838,44.552589
15.03909,44.552657
15.030022,44.556537
15.030736,44.5565
15.028882,44.557499
15.035145,44.555361
15.035432,44.553653
15.021134,44.564825
15.034487,44.55535
15.042689,44.5511
15.07778,44.5331
15.039385,44.552386
15.035355,44.55374
15.034057,44.556362
15.024615,44.561863
15.077694,44.533044
15.020736,44.565477
15.018129,44.569346
15.089947,44.526487
15.023764,44.562289
15.038947,44.552696
15.020867,44.565023
15.031562,44.556765
15.023834,44.561064
15.010543,44.579085
15.017009,44.569483
15.044412,44.549569
15.032447,44.558207
15.023193,44.560015
15.017441,44.569645
15.070275,44.532486
15.035381,44.554542
15.022509,44.561399
15.009776,44.579472
15.022252,44.563372
15.03629,44.554312
15.037642,44.555378
15.024346,44.561683
15.035742,44.553996
15.017851,44.569131
15.037405,44.553568
15.02408,44.562441
15.093539,44.524233
15.032099,44.558238
15.034005,44.55588
15.060812,44.536894
15.020433,44.564745
15.070102,44.532604
15.032555,44.557935
15.025365,44.562144
15.046493,44.549601
15.024036,44.561162
15.019885,44.56377
15.046724,44.550079
15.032123,44.558871
15.019878,44.564684
15.035759,44.554483
15.042778,44.550937
15.02025,44.563806
15.019458,44.564535
15.028688,44.557536
15.021254,44.565581
15.093496,44.524824
15.031693,44.556022
15.029956,44.558349
14.986467,44.581699
15.031855,44.559293
14.986754,44.581356
15.031697,44.558642
14.998543,44.57806
15.09199,44.525642
15.03666,44.554258
15.093819,44.524278
15.032177,44.557745
15.025489,44.56808
15.077907,44.532865
15.030971,44.556271
15.03179,44.556966
15.112888,44.501154
15.032245,44.55568
15.034585,44.555856
15.021166,44.565451
15.032003,44.558959
15.034832,44.555587
15.035576,44.554054
15.03179,44.557782
15.040743,44.552576
15.000995,44.587648
15.036393,44.554395
15.020097,44.564921
15.091738,44.526185
15.035391,44.55393
15.034433,44.554997
15.032199,44.557302
15.023228,44.56099
15.019934,44.564346
15.000886,44.587798
15.031693,44.556502
15.031583,44.556398
15.033889,44.555523
15.032699,44.557265
15.035299,44.554002
15.021928,44.563726
15.039619,44.552585
15.031906,44.557084
15.000664,44.588444
15.022348,44.560261
15.076526,44.532018
15.014653,44.567703
15.032364,44.558075
15.07757,44.532795
15.023058,44.561783
15.085741,44.525944
15.078594,44.532939
15.039255,44.5524
15.044546,44.549774
15.037269,44.553286
15.031508,44.556065
14.996055,44.578266
15.078311,44.532867
15.041934,44.55144
15.019959,44.563803
15.034691,44.554259
15.044103,44.549911
15.085877,44.526335
15.030945,44.558749
15.04198,44.551387
15.037632,44.5533
15.035041,44.555444
15.021231,44.565064
15.031934,44.557461
15.091877,44.524938
14.998797,44.577689
14.986279,44.582347
15.010721,44.579067
15.038011,44.555142
15.0224,44.560949
15.021117,44.565688
15.025836,44.561551
15.014838,44.567656
15.025711,44.561897
15.044204,44.549329
15.037935,44.552803
15.089937,44.526002
15.031378,44.555907
15.030906,44.556112
15.020072,44.565061
15.034734,44.554135
15.020331,44.56475
15.040096,44.552384
15.024296,44.560547
15.044541,44.549103
15.03226,44.557023
15.034899,44.555292
15.093461,44.52489
15.0375,44.553053
15.021379,44.564058
15.020757,44.564153
15.021994,44.563614
15.019824,44.564844
15.031834,44.555687
15.022285,44.563242
15.042275,44.550746
15.0213,44.564296
15.04413,44.550645
15.111896,44.501542
15.035394,44.554211
15.033044,44.562369
15.02105,44.564617
15.028863,44.557323
15.03928,44.552629
15.090587,44.525932
15.023654,44.562649
15.004801,44.582331
15.091079,44.525177
15.046455,44.55001
15.042481,44.552126
15.034832,44.554056
15.030797,44.563828
14.99885,44.577601
15.031635,44.561873
15.034641,44.555523
15.010745,44.578882
15.112018,44.501449
15.023076,44.56308
15.022831,44.561651
15.029352,44.556979
15.035735,44.5548
15.020809,44.565569
15.020729,44.564944
15.029635,44.557687
15.048801,44.551222
15.038088,44.555083
15.021177,44.56397
15.034767,44.555104
15.034684,44.555768
15.023635,44.562178
15.021209,44.565029
15.043674,44.54942
15.035932,44.554371
15.023117,44.561435
15.017285,44.56946
15.034599,44.555287
15.017927,44.569495
15.044226,44.550172
15.095581,44.523033
15.025443,44.562349
15.032738,44.558062
15.019757,44.563911
15.090499,44.52609
15.03821,44.552646
15.020379,44.564555
15.033049,44.558052
15.026412,44.567318
15.031003,44.55672
15.038326,44.552885
15.020908,44.56422
15.032249,44.558362
15.077049,44.533437
15.030934,44.556453
15.004097,44.582665
15.023369,44.560598
15.034962,44.554264
15.03381,44.556659
15.021214,44.564319
15.023788,44.559769
15.033778,44.557038
15.036952,44.55361
15.023155,44.562994
15.031963,44.561674
15.019728,44.565017
15.020092,44.564336
15.021158,44.564966
15.035208,44.554725
15.030065,44.558442
15.030796,44.563417
14.986436,44.581503
15.021392,44.565132
15.022328,44.563076
15.020226,44.564215
15.041823,44.551774
15.035035,44.554183
15.021737,44.564319
15.032902,44.562517
15.03742,44.553153
15.035565,44.554933
15.003221,44.589232
15.043164,44.549506
15.03142,44.556659
15.029849,44.558339
15.022762,44.561171
15.035165,44.554807
15.042151,44.551133
15.090422,44.525743
15.041759,44.551949
15.043439,44.549428
15.041878,44.552054
15.032567,44.56214
15.037667,44.553266
15.038106,44.552729
14.9976,44.577472
15.037333,44.553234
15.033992,44.555633
15.024393,44.56213
15.003738,44.589505
15.035832,44.553904
15.03911,44.552415
15.017309,44.569706
15.112809,44.50121
15.000392,44.588975
15.020564,44.56477
15.032472,44.557508
15.021081,44.564876
15.031704,44.556873
15.03186,44.555934
15.034517,44.554893
15.031466,44.556282
15.035688,44.553782
15.03613,44.554259
15.035483,44.554453
15.023481,44.561683
15.023003,44.560664
14.999019,44.577268
15.04417,44.550173
15.035225,44.554333
15.034813,44.555073
15.038925,44.55242
15.092221,44.525299
15.02293,44.563386
15.010878,44.578747
15.037003,44.55377
14.995808,44.578352
15.007385,44.58373
15.037752,44.553175
15.025261,44.561091
15.02113,44.564315
15.044347,44.549831
15.023633,44.560947
15.038009,44.553007
15.035981,44.554345
15.03492,44.554606
15.039437,44.552603
15.034724,44.555181
15.024561,44.562341
15.032354,44.558778
15.032087,44.55681
15.030384,44.556413
15.034254,44.555769
15.036964,44.55413
15.034741,44.554751
15.043139,44.551019
15.039753,44.552375
15.020074,44.564161
15.010471,44.578735
15.032551,44.557805
15.034675,44.554802
15.024569,44.561832
15.00551,44.58572
15.040535,44.552294
15.007196,44.584031
15.033901,44.556093
15.031161,44.555997
15.029924,44.556603
15.025688,44.561375
15.034405,44.555143
15.077715,44.532733
15.021439,44.564892
15.023865,44.561919
15.024258,44.561259
15.016478,44.567352
15.035128,44.553775
15.035701,44.554241
15.030229,44.558238
15.038823,44.552704
15.032338,44.557395
15.093905,44.523456
15.039586,44.552377
15.023961,44.561517
14.997642,44.577308
15.034921,44.553936
15.010779,44.578812
15.02272,44.561565
15.030616,44.556294
15.031105,44.556359
14.99905,44.577452
15.021882,44.563783
15.021426,44.564543
14.998732,44.577768
15.037452,44.553118
15.040298,44.552371
15.076917,44.53334
15.021616,44.56436
15.023054,44.56084
15.03231,44.558543
15.00383,44.58981
15.020215,44.564583
15.01718,44.569537
15.032702,44.558394
15.112191,44.50136
15.037302,44.553686
15.017132,44.569372
15.030758,44.556739
15.024758,44.56199
14.998793,44.577303
15.032539,44.55718
15.031939,44.558612
15.030848,44.563749
15.031961,44.557932
15.035206,44.554097
15.022156,44.564434
15.023357,44.560421
15.033573,44.557495
15.096877,44.522579
15.037811,44.552826
15.023715,44.56262
15.025054,44.56231
15.093197,44.524235
15.020043,44.563826
15.023564,44.56273
15.025449,44.561733
14.999133,44.577486
15.090371,44.526146
15.007533,44.583636
15.029763,44.556689
14.998924,44.579257
15.038436,44.552846
15.022788,44.56326
15.018191,44.569311
15.018006,44.569427
15.078781,44.523561
15.037524,44.553505
15.038445,44.552547
15.046552,44.549876
15.034124,44.555318
15.019388,44.564481
15.035501,44.553855
15.030426,44.556649
15.036089,44.554141
15.023575,44.561274
15.042233,44.550959
15.020785,44.565669
15.037183,44.553418
15.033232,44.562149
15.031649,44.555749
15.035275,44.554619
15.031811,44.556603
15.014747,44.567679
15.091038,44.526293
15.031781,44.561761
15.034366,44.556031
15.093088,44.524361
15.03219,44.562169
15.00331,44.588695
15.077161,44.533273
15.002889,44.58345
15.039776,44.552612
15.02328,44.561556
15.004985,44.585985
15.003465,44.589681
15.020704,44.564858
15.033811,44.556887
15.0234,44.561147
15.031538,44.55585
15.033978,44.555381
15.03045,44.556812
15.031544,44.55636
15.019906,44.564377
15.020918,44.565389
15.021405,44.563836
15.020931,44.564715
15.034365,44.555611
15.032547,44.558712
15.021625,44.564613
15.007311,44.583544
15.040316,44.552632
15.038128,44.554873
15.030581,44.556555
15.045119,44.549836
15.03495,44.555252
15.038168,44.552968
15.033519,44.557863
15.024819,44.561627
15.085663,44.52578
15.09086,44.524993
15.034756,44.555407
15.021065,44.565578
15.044386,44.549215
15.043899,44.549951
14.999055,44.577532
15.077366,44.532559
15.030104,44.55697
15.035069,44.555154
15.02414,44.562195
15.023622,44.56211
15.03724,44.553845
15.021322,44.56422
15.037843,44.555232
15.036947,44.553961
15.023681,44.561815
15.019654,44.564833
15.022916,44.561314
15.017451,44.56912
15.021393,44.56472
15.035828,44.554151
15.031374,44.556849
15.019875,44.564405
15.032045,44.557194
14.998802,44.578211
15.035142,44.554439
15.030774,44.558457
15.038217,44.554519
15.04374,44.549681
15.029708,44.557305
15.031218,44.556456
15.090253,44.526989
15.022795,44.560984
15.020163,44.563967
14.986507,44.582111
15.035302,44.555197
15.092953,44.524528
15.032801,44.55745
15.003619,44.589617
15.043988,44.549402
15.032722,44.558219
15.020292,44.564257
15.025116,44.560976
14.998674,44.577942
15.024415,44.56173
15.020939,44.565135
15.024863,44.5612
15.022884,44.561695
15.039953,44.552399
15.02116,44.564482
15.023241,44.562918
15.022507,44.56354
15.033934,44.558234
15.034814,44.554425
15.020997,44.565498
15.022541,44.561437
15.035481,44.554123
15.029899,44.558006
15.029837,44.563935
14.864326,44.579083
15.374406,44.52531
15.025607,44.562058
15.369118,44.552865
15.369169,44.552925
14.865992,44.578857
14.875304,44.565331
15.246624,44.851405
15.246283,44.851135
15.346023,44.660351
15.366797,44.549932
15.366943,44.550162
14.908221,44.983011
15.391003,44.536363
15.124234,44.833838
15.12481,44.833942
15.962982,44.552572
15.225814,44.817345
14.879693,44.561738
15.234049,44.875092
15.135476,44.825561
14.883676,44.549753
14.883161,44.54925
14.88383,44.549034
15.733659,44.683053
14.868516,44.564168
14.868761,44.562969
15.962316,44.554334
14.887962,44.552225
14.888771,44.551929
14.80692,44.619777
15.957361,44.588065
14.835671,44.598397
14.835799,44.59829
14.869419,44.565619
14.868015,44.565597
14.868219,44.565697
14.86839,44.565805
15.384717,44.64151
15.837314,44.525238
14.863908,44.580435
15.837199,44.525165
15.837476,44.525283
15.376048,44.645586
14.852122,44.588182
15.376121,44.645476
14.898172,44.536869
15.406116,44.646898
15.794303,44.474076
15.376426,44.655555
15.377867,44.655897
14.906992,44.985088
15.738343,44.591056
15.387449,44.649935
15.333739,44.658584
14.889455,44.551166
14.817571,44.627625
14.855499,44.578952
14.882523,44.557644
14.872172,44.562185
14.863462,44.579773
15.782066,44.483421
14.82686,44.611862
14.844572,44.593527
14.844013,44.593496
14.843385,44.593416
15.735354,44.54547
14.812427,44.61321
15.695545,44.755128
14.880282,44.563538
15.695635,44.754924
15.695202,44.754792
15.695003,44.754733
15.694655,44.754651
15.694507,44.754817
15.694909,44.754971
15.69516,44.755065
14.912094,44.982357
15.696776,44.75076
15.69686,44.750895
15.696826,44.751018
15.072203,44.527425
15.071695,44.529462
15.063753,44.549754
14.883275,44.55912
15.02568,44.567755
15.029045,44.557392
15.029122,44.557288
15.034231,44.556134
15.033011,44.562736
14.875309,44.560945
15.26829,44.836244
14.871989,44.561527
15.686377,44.778064
15.75102,44.704611
14.900243,44.99663
15.705569,44.741054
14.872113,44.562545
15.239118,44.863163
15.712265,44.745468
14.872307,44.565969
15.676268,44.780958
15.552029,44.753438
14.886921,44.559226
15.217599,44.872967
15.70826,44.688767
15.708871,44.68905
15.704676,44.687544
15.379562,44.534317
15.082292,45.082994
14.891301,45.011779
15.383606,44.540238
15.388221,44.536042
15.36142,44.54996
15.379202,44.552488
15.379494,44.55143
15.39871,44.532535
15.386772,44.538022
15.405622,44.528388
15.405316,44.528672
15.380233,44.543272
15.367413,44.546183
15.358513,44.556255
15.375528,44.558623
15.37887,44.542434
15.383827,44.539136
15.384063,44.53858
15.384408,44.538606
15.460795,44.49208
15.461123,44.540873
15.46626,44.486511
15.426157,44.51548
14.984002,44.939873
15.436938,44.509102
14.98237,44.941837
14.883253,44.556705
14.883058,44.556742
14.883376,44.556735
14.883173,44.556659
14.883303,44.556714
14.883287,44.556812
14.883028,44.556654
14.883378,44.556829
15.214012,44.868217
14.880353,44.561554
14.883776,44.54932
14.901169,44.99625
15.135794,44.82803
15.242706,44.850943
15.147164,44.821911
15.140797,44.827357
15.302183,44.508991
15.393745,44.682386
15.440779,44.727655
15.767695,44.529356
14.809276,44.616024
15.38864,44.53556
15.982288,44.532099
14.883581,44.560318
15.966903,44.559952
14.883836,44.559632
15.76699,44.532111
15.767046,44.531894
15.766994,44.53187
15.76708,44.531865
14.893896,45.010475
15.323606,44.523753
14.878488,44.567069
14.907737,44.989741
14.90775,44.989686
15.926787,44.567478
15.219589,44.871435
15.76712,44.531112
15.151693,44.823399
15.344786,44.51499
14.868369,44.576563
14.881922,44.548325
15.227533,44.876299
15.219201,44.871512
14.906917,44.990836
15.968328,44.546041
14.86924,44.565281
14.884002,44.547098
14.863773,44.579543
14.864,44.579394
14.864065,44.579336
14.808612,44.620385
14.80892,44.620271
15.841951,44.455538
15.682088,44.497425
15.682704,44.497543
15.345861,44.660966
15.246482,44.851192
15.240056,44.869412
14.885971,45.027644
15.26872,44.527059
15.377163,44.549405
15.410674,44.668895
14.878654,44.565852
15.973063,44.549928
15.714464,44.749165
15.714177,44.749306
15.077941,44.532973
14.884665,44.556947
14.884428,44.557047
14.884455,44.556974
14.884543,44.556983
14.884547,44.557082
14.88481,44.556971
14.884615,44.557088
14.88463,44.557029
14.884484,44.557076
14.884504,44.556963
14.884535,44.557191
14.884579,44.557146
14.884521,44.557252
14.884665,44.557271
14.864022,44.580154
14.863823,44.579922
14.863624,44.580025
14.864148,44.580059
14.905959,44.987707
15.469721,44.535087
15.947877,44.559738
14.903884,44.990696
14.910738,44.984976
15.362072,44.55128
15.371713,44.549853
15.388012,44.534987
15.708449,44.688898
14.901038,44.995174
14.900948,44.995145
15.144887,44.867468
15.381185,44.532679
14.900798,44.990018
14.900716,44.990018
14.900744,44.989973
14.901044,44.989985
14.900794,44.989952
14.900919,44.989904
14.900978,44.989796
14.840709,44.591272
14.840113,44.591881
14.840394,44.59156
15.376839,44.543501
15.253297,44.847127
14.87664,44.563881
15.736717,44.756201
15.954762,44.555039
15.240379,44.86939
15.255857,44.857537
15.186091,45.002913
15.694507,44.755189
14.844088,44.582301
14.984646,44.94005
14.984649,44.940173
15.267188,44.526282
15.362436,44.551715
15.383015,44.545492
15.380285,44.543092
15.375236,44.55197
14.853833,44.591226
15.359514,44.554174
15.822596,44.528813
15.368182,44.546327
14.905515,44.990975
15.131305,45.000029
15.130868,44.999872
15.130785,44.999646
15.130641,45.001905
15.130562,44.999477
15.130465,44.999338
15.130379,44.999258
15.130157,44.999131
15.129868,44.999018
15.129772,44.998993
15.129544,44.999059
15.129421,44.998875
15.129132,44.998797
15.129008,44.998778
15.128009,44.998602
15.126286,44.997864
15.127715,44.998518
15.126079,44.99779
15.125863,44.997694
15.127391,44.998469
15.126283,44.997572
15.127307,44.998413
15.126194,44.997551
15.127056,44.998383
15.126167,44.99735
15.126571,44.998246
15.125914,44.997438
15.126357,44.998195
15.125412,44.997575
15.125997,44.998096
15.125242,44.997487
15.125711,44.997948
15.125092,44.99753
15.125417,44.997844
15.124875,44.997558
15.125189,44.997837
15.124804,44.997556
15.124804,44.997796
15.123954,44.997565
15.124354,44.997547
15.12434,44.997806
15.123941,44.997762
15.123723,44.997263
15.123714,44.997762
15.123238,44.997203
15.123963,44.998032
15.1235,44.997091
15.121313,44.99613
15.120995,44.995738
15.123522,44.997667
15.120353,44.995781
15.119811,44.995423
15.119486,44.995152
15.12232,44.997005
15.118537,44.994594
15.122148,44.996903
15.121938,44.996799
15.121179,44.996968
15.1163,44.99272
15.121656,44.996751
15.116595,44.992858
15.121603,44.996548
15.116591,44.992389
15.12158,44.996431
15.116225,44.992618
15.121019,44.996301
15.115148,44.992948
15.115573,44.992936
15.120814,44.996573
15.110797,44.993744
15.120706,44.99618
15.109816,44.993781
15.117679,44.997207
15.109404,44.99381
15.119425,44.996045
15.107164,44.994219
15.119475,44.99565
15.106812,44.994202
15.119299,44.995576
15.104748,44.992972
15.103973,44.991984
15.117524,44.994492
15.111527,44.993948
15.111041,44.993955
15.111213,44.993952
15.110878,44.993995
15.110739,44.993996
15.10975,44.994124
15.109389,44.994104
15.109106,44.994198
15.107219,44.994471
15.106938,44.994469
15.10335,44.995079
15.09408,44.993876
15.135688,44.986402
15.137363,44.986194
15.137139,44.985722
15.137466,44.985243
15.138366,44.985394
15.139129,44.985169
15.139368,44.985
15.15245,45.003914
15.151936,45.00377
15.151287,45.003702
15.15101,45.0037
15.156074,45.004755
15.15338,45.005084
15.150899,45.006746
15.150732,45.006905
15.148384,45.007692
15.144512,45.007395
15.142302,45.006946
15.141523,45.00669
15.160939,44.988503
15.160595,44.988719
15.160217,44.989228
15.15964,44.989247
15.164073,44.988968
15.164427,44.988884
15.171303,44.988753
15.170438,44.989026
15.17026,44.989516
15.167438,44.99109
15.166575,44.990993
15.166346,44.991406
15.162269,44.99222
15.162323,44.992179
15.16198,44.992322
15.162291,44.99248
15.161974,44.992608
15.156821,44.992038
15.156889,44.992127
15.113853,45.025828
15.114389,45.025252
15.114163,45.025442
15.114289,45.024996
15.113605,45.02502
15.114959,45.024271
15.122335,45.013182
15.122671,45.013119
15.122804,45.012946
15.122846,45.012774
15.122387,45.012378
15.121787,45.00846
15.122459,45.012741
15.121549,45.020146
15.121564,45.020558
15.122522,45.020035
15.122151,45.020676
15.120748,45.019421
15.117175,45.022895
15.117324,45.022694
15.117711,45.022877
15.115819,45.022825
15.117749,45.023133
15.117977,45.023248
15.11804,45.022982
15.115199,45.023745
15.118121,45.023159
15.12521,45.024503
15.123728,45.027579
15.122835,45.029513
15.122598,45.029782
15.122573,45.029934
15.146488,45.011817
15.151798,45.013812
15.152227,45.014021
15.15208,45.013798
15.152266,45.014464
15.151305,45.015247
15.158422,45.005139
15.157384,45.004946
15.156833,45.005254
15.156807,45.005011
15.158002,45.005416
15.126141,44.993317
15.125981,44.99376
15.126389,44.993186
15.128036,44.993863
15.128354,44.993757
15.12848,44.993551
15.127537,44.994365
15.128125,44.994471
15.127899,44.995045
15.12812,44.995556
15.127936,44.995241
15.128817,44.996205
15.129284,44.995955
15.12973,44.996055
15.129546,44.995735
15.129778,44.995491
15.129508,44.995165
15.130177,44.995324
15.13005,44.995181
15.129409,44.995473
15.130502,44.994674
15.129949,44.99467
15.129969,44.991859
15.1294,44.991743
15.128912,44.992589
15.128241,44.998941
15.128575,44.99883
15.126718,45.001256
15.128492,44.999012
15.125871,45.00257
15.128327,45.000338
15.12799,45.000254
15.124809,45.004683
15.128556,45.0003
15.129071,45.000338
15.128812,45.000568
15.128576,45.000579
15.127561,45.000744
15.127269,45.001043
15.127582,45.00256
15.127323,45.002099
15.125989,45.009007
15.124168,45.006841
15.111833,45.003499
15.107522,45.002899
15.107167,45.003675
15.10691,45.004091
15.106728,45.004506
15.106028,45.005502
15.105144,45.004365
15.105334,45.004525
15.104741,45.004187
15.102892,45.007218
15.102768,45.007585
15.10308,45.007927
15.092606,45.009656
15.091845,45.009548
15.089958,45.00958
15.089802,45.009809
15.090191,45.009934
15.090257,45.010494
15.090336,45.010494
15.090028,45.010075
15.089955,45.010084
15.093658,45.013606
15.093152,45.013406
15.093509,45.013386
15.093441,45.012787
15.093011,45.012575
15.09345,45.012548
15.102683,45.010193
15.10583,45.008989
15.11044,45.006542
15.11257,45.005643
15.116376,45.006962
15.112098,45.00994
15.11318,45.010523
15.112564,45.010081
15.113471,45.010688
15.113173,45.010895
15.113384,45.010914
15.11275,45.013739
15.112142,45.013905
15.114776,45.013219
15.114608,45.012838
15.114871,45.014826
15.115757,45.014539
15.117183,45.013616
15.118716,45.013799
15.118747,45.01348
15.113907,45.001993
15.11332,45.000259
15.113777,45.000241
15.113412,45.000093
15.113181,45.001993
15.106101,45.006135
15.105722,45.006073
15.105798,45.006303
15.105384,45.006201
15.105493,45.00647
15.105155,45.006269
15.105175,45.006657
15.104927,45.006347
15.10492,45.006788
15.104712,45.006433
15.104473,45.006514
15.104345,45.006276
15.105035,45.005929
15.10525,45.005907
15.131466,45.000119
15.133331,45.001327
15.13408,45.002715
15.131623,45.00015
15.136117,45.007246
15.131808,45.000253
15.132378,45.001087
15.13248,45.000912
15.132877,45.001621
15.132978,45.001815
15.133067,45.002036
15.133463,45.002591
15.134489,45.003899
15.133447,45.019115
15.129833,45.021046
15.13332,45.01667
15.13239,45.015716
15.13168,45.015884
15.131043,45.014352
15.132783,45.014336
15.132732,45.01381
15.133063,45.012486
15.132171,45.010526
15.131678,45.010369
15.131888,45.009974
15.13476,45.013448
15.136031,45.012902
15.13454,45.012141
15.136653,45.011047
15.139018,45.010124
15.14826,44.984076
15.148428,44.984073
15.14878,44.983819
15.148947,44.983982
15.149025,44.983785
15.149527,44.9838
15.151344,44.983558
15.152425,44.983693
15.153072,44.98394
15.153077,44.984301
15.154245,44.985014
15.155068,44.985143
15.155082,44.985373
15.148445,44.986084
15.147193,44.986784
15.14645,44.986882
15.12226,44.997628
15.122227,44.997827
15.122494,44.997832
15.121559,44.998138
15.122062,44.998634
15.122234,44.99865
15.122408,44.998666
15.121319,44.998388
15.127832,45.013867
15.128018,45.014129
15.128698,45.013799
15.128,45.013562
15.128947,45.014547
15.128428,45.013578
15.125214,44.996095
15.124499,44.996164
15.124766,44.99538
15.124916,44.99524
15.125065,44.995094
15.12521,44.994954
15.126573,44.995259
15.126857,44.995211
15.127258,44.9951
15.11692,44.993974
15.116909,44.994229
15.117277,44.994354
15.115326,44.993716
15.113257,44.994098
15.113241,44.994293
15.113193,44.994084
15.11285,44.994239
15.112885,44.994045
15.11192,44.994028
15.112736,44.994026
15.112642,44.993992
15.138902,44.995383
15.139129,44.995346
15.139686,44.994966
15.139866,44.994925
15.139759,44.995151
15.139763,44.995255
15.144508,44.993379
15.144676,44.993037
15.1484,44.991623
15.148289,44.991835
15.147965,44.991973
15.148711,44.991798
15.148813,44.991732
15.149318,44.991125
15.149347,44.99082
15.1501,44.990041
15.150341,44.990303
15.150434,44.989831
15.150647,44.99004
15.151596,44.992118
15.15134,44.992114
15.150761,44.992484
15.150335,44.992132
15.133352,44.993718
15.131485,44.995546
15.133702,44.993826
15.133009,44.993149
15.133563,44.993668
15.133059,44.992696
15.133392,44.993354
15.134028,44.990778
15.133301,44.993142
15.133249,44.992792
15.134601,44.99173
15.134647,44.991142
15.134474,44.990892
15.094918,44.991281
15.094759,44.991551
15.103986,44.989142
15.104384,44.988739
15.103971,44.988463
15.103758,44.988546
15.104358,44.987418
15.104548,44.987615
15.104227,44.986932
15.103564,44.986928
15.103552,44.986406
15.103911,44.98624
15.105344,44.988145
15.105817,44.987849
15.106276,44.988375
15.106455,44.988509
15.106424,44.988792
15.106782,44.9889
15.107051,44.988816
15.1072,44.988575
15.106909,44.988319
15.106261,44.987915
15.117212,44.98754
15.117729,44.987482
15.118196,44.987537
15.120349,44.986558
15.120343,44.986872
15.119491,44.987936
15.120755,44.986869
15.121312,44.987072
15.122886,44.988076
15.135029,45.00177
15.154537,44.998132
15.164094,44.999178
15.123354,44.988314
15.146706,44.994038
15.139502,45.006306
15.14842,44.99651
15.13271,45.000139
15.137963,45.004846
15.160674,44.996936
15.144093,44.996775
15.151147,44.997678
15.136692,45.003618
15.156126,45.000343
15.135824,45.00283
15.145767,44.996647
15.143345,44.99607
15.149458,44.997066
15.162842,44.999339
15.150475,44.996682
15.144832,44.995355
15.132483,45.000095
15.139044,45.005817
15.13453,45.001287
15.136054,45.002947
15.164627,44.9974
15.137788,45.004703
15.140825,44.996134
15.15165,45.014179
15.155621,44.999483
15.133364,45.001094
15.130689,45.000014
15.135168,45.001922
15.141121,44.996114
15.140165,45.007061
15.146624,44.994229
15.12248,44.988053
15.134027,45.000959
15.149014,44.99735
15.136203,45.003119
15.150879,44.997034
15.145534,44.995623
15.134695,45.001442
15.160936,44.996406
15.163093,44.992036
15.138164,45.005064
15.151006,44.997323
15.132215,45.000068
15.144759,44.995095
15.154894,44.998548
15.155741,44.999637
15.146953,44.996244
15.139235,44.996294
15.135607,45.002446
15.144695,44.996378
15.151581,44.998014
15.113711,44.994834
15.147622,44.996551
15.156221,45.000876
15.134863,45.001593
15.1429,44.996396
15.133083,45.00025
15.145872,44.996426
15.15556,45.000225
15.134392,45.001191
15.136304,45.00324
15.114126,45.001875
15.124755,45.004458
15.151833,44.997858
15.123089,44.988415
15.158098,44.99882
15.145479,44.996112
15.138588,45.005371
15.140311,45.007325
15.155322,44.999038
15.148185,44.996418
15.138884,44.996571
15.133122,45.00078
15.141391,44.996701
15.12226,45.020255
15.139199,44.996616
15.143036,44.996676
15.135345,45.00453
15.126526,44.997301
15.140649,45.008757
15.115522,45.014696
15.139462,44.996627
15.125916,45.00232
15.127861,45.005962
15.128681,45.007174
15.134484,45.002205
15.123215,44.99771
15.116844,44.99292
15.109636,44.993818
15.093695,44.993843
15.107307,44.988428
15.119823,44.988109
15.129097,44.993003
15.146667,45.01194
15.144604,45.021254
15.150965,44.983184
15.159853,44.98974
15.144086,44.996467
15.144145,44.993395
15.151824,44.992027
15.1503,44.992531
15.158521,45.005727
15.157142,45.005088
15.157807,45.00433
15.151521,45.003478
15.155786,45.005249
15.121037,45.019797
15.119774,45.020274
15.091455,45.009589
15.128258,45.013379
15.128395,44.999125
15.135129,45.004281
15.12494,45.030732
15.167352,44.99029
15.157672,45.005121
15.157746,45.005349
15.127368,44.99873
15.127964,45.000517
15.170738,44.989123
15.157412,45.005385
15.113593,45.024878
15.137263,45.004294
15.129386,44.994044
15.116407,44.994414
15.113867,44.994479
15.111711,44.994132
15.115124,44.993769
15.114552,44.993822
15.132275,44.995113
15.133895,45.018949
15.133384,45.01852
15.105379,45.004855
15.113418,44.994519
15.154064,44.985172
15.122097,44.997333
15.121938,44.997679
15.126902,44.992865
15.111526,44.993583
15.113948,45.025191
15.11375,45.025092
15.125851,45.008823
15.113042,44.994069
15.096953,45.009454
15.121321,44.986428
15.147817,44.996368
15.148795,44.997506
15.144645,45.020463
15.154852,45.015779
15.158713,45.00855
15.158331,45.006323
15.159043,45.006625
15.158279,45.008543
15.157951,45.006459
15.155364,45.0156
15.155056,45.015607
15.158268,45.006536
15.166837,45.008724
15.162202,45.006414
15.111045,45.028326
15.11134,45.028535
15.154743,45.015997
15.137376,45.00445
15.124223,45.006973
15.149725,45.005326
15.134879,45.013097
15.117766,45.006018
15.16445,44.99739
15.138611,44.995237
15.138563,44.994664
15.107785,44.994078
15.16662,45.008487
15.126195,44.998137
15.151632,44.989576
15.130362,45.021099
15.152859,44.984428
15.158134,45.004596
15.153437,44.985245
15.113136,45.024664
15.112852,44.993834
15.127741,45.000613
15.125611,44.99763
15.123834,44.997546
15.131545,44.995252
15.136364,45.007975
15.116788,45.022459
15.117808,44.993928
15.148249,44.996709
15.117532,44.993995
15.109183,44.999306
15.129259,45.006014
15.127492,45.007222
15.123967,44.994499
15.107157,45.003747
15.159551,44.99107
15.151595,45.005741
15.158979,45.004965
15.150176,44.989833
15.130478,44.99902
15.130283,44.998502
15.130064,44.998653
15.128949,44.998491
15.128698,44.998455
15.1285,44.998421
15.12831,44.998299
15.127836,44.998268
15.127757,44.998252
15.127547,44.998225
15.127369,44.99813
15.127069,44.998095
15.133523,44.999955
15.133291,44.999274
15.133712,44.998641
15.134089,44.998326
15.133723,44.997967
15.134343,44.99755
15.134221,44.997838
15.134051,44.997226
15.134488,44.997265
15.134256,44.997094
15.135103,45.000149
15.134924,45.000341
15.134927,45.000071
15.134749,45.000261
15.134744,44.99999
15.134636,45.000209
15.134627,44.999935
15.134415,45.000107
15.134427,44.999849
15.134251,45.000033
15.134233,44.999751
15.134137,44.99998
15.136005,45.001016
15.13468,44.999134
15.137081,44.999423
15.136208,44.999381
15.139441,45.001189
15.140377,45.001922
15.140756,45.001668
15.144986,45.002443
15.129785,44.997081
15.13082,44.997418
15.130836,44.997002
15.130591,44.996784
15.130967,44.997611
15.13106,44.997031
15.13124,44.997416
15.131266,44.997047
15.13172,44.997319
15.132046,44.997083
15.132276,44.997351
15.132341,44.997118
15.132434,44.997408
15.133526,44.997229
15.139519,45.004476
15.133737,45.000242
15.141213,45.008808
15.131347,44.999712
15.135664,44.999979
15.136786,45.003247
15.13915,45.005181
15.135563,45.001439
15.138454,45.004529
15.13552,45.00019
15.134748,45.000895
15.135886,45.002189
15.139589,45.00569
15.139067,45.004632
15.134941,45.001005
15.131022,44.999533
15.14124,45.008313
15.137776,45.004186
15.140906,45.007532
15.13709,45.003559
15.135758,45.00159
15.140631,45.007033
15.137228,45.003702
15.140984,45.006905
15.131197,44.999667
15.13874,45.005096
15.136241,45.00276
15.134318,45.00064
15.133554,45.000159
15.13992,45.005843
15.135875,45.001863
15.133257,44.999838
15.140837,45.007395
15.144252,45.009386
15.138354,45.000417
15.14049,45.005926
15.137396,45.00036
15.133176,44.997206
15.138661,45.004526
15.132348,44.997502
15.136045,44.999531
15.136839,45.000904
15.135967,45.001272
15.135795,44.999862
15.135286,45.000691
15.137278,44.998229
15.139343,45.005449
15.133566,44.999775
15.133627,44.999505
15.141312,45.008568
15.134058,45.000466
15.135442,45.000833
15.135349,45.00106
15.13089,44.999378
15.128046,44.998316
15.140647,45.00611
15.13063,45.000272
15.267815,44.840965
15.998141,44.538642
15.382163,44.667136
15.420953,44.657286
14.889238,44.558632
14.889329,44.558534
14.8894,44.558473
14.889363,44.558498
15.416526,44.659854
15.412596,44.658307
14.807789,44.625817
15.400344,44.670998
15.428938,44.653802
15.421533,44.651465
15.404939,44.665963
14.898719,45.002256
15.397712,44.66873
14.837581,44.598843
15.381051,44.662152
15.400167,44.673575
15.400828,44.673247
15.400398,44.673524
15.400507,44.668968
15.400642,44.668711
15.400715,44.668779
15.401124,44.668931
15.136487,44.82555
15.240549,44.862074
15.447912,44.492014
15.692931,44.761375
15.475757,44.710007
15.704945,44.765987
14.807932,44.61943
16.009046,44.520261
15.482103,44.540247
15.483082,44.54022
15.482688,44.540291
15.483242,44.540082
14.879932,44.561126
15.140029,44.826036
15.368257,44.540572
14.855808,44.592085
15.721292,44.491701
15.123602,45.027735
15.123413,45.027952
14.815448,44.616026
14.815488,44.615952
14.903614,44.994404
15.972754,44.54823
15.077292,44.533517
15.183619,44.816871
15.959086,44.571419
15.358551,44.54854
14.889223,44.55176
14.90772,44.989631
15.392156,44.54755
15.462474,44.555367
14.890773,44.554105
15.170154,44.989177
14.89182,44.557894
15.437636,44.523259
15.437738,44.523351
15.38307,44.537736
15.383023,44.537802
15.066292,44.545578
15.466132,44.686332
15.077404,44.533416
15.363306,44.664238
15.245562,44.860146
15.265657,44.862672
14.908024,44.982788
15.382563,44.556476
15.351862,44.707721
15.244168,44.85106
15.220212,44.871586
14.874736,44.565762
14.874831,44.565647
14.874907,44.5655
15.090605,45.047133
15.093366,45.045829
15.09326,45.046073
14.876249,44.562342
14.876084,44.561843
14.876418,44.562226
14.885013,44.553999
14.903455,44.989042
14.903556,44.988954
14.908309,44.989733
14.868606,44.576382
15.765416,44.53307
15.765346,44.533047
15.765273,44.533021
15.765194,44.532997
15.765482,44.5331
14.885916,44.555261
14.885771,44.555187
15.231871,44.872203
15.685371,44.778051
14.864397,44.580633
15.378889,44.542658
15.378814,44.542794
15.378876,44.542734
15.690923,44.460043
15.378757,44.543774
15.363262,44.543365
14.903517,44.994344
15.66323,44.768596
15.257764,44.842045
15.95936,44.568596
15.959347,44.5688
15.813053,44.684561
14.904922,44.990303
14.904971,44.990341
14.885336,44.561324
15.124588,45.030499
16.030898,44.593887
16.030994,44.590626
16.034608,44.598388
16.044431,44.604023
16.041249,44.592932
16.025753,44.603257
16.027138,44.602573
16.034094,44.605679
16.034144,44.605799
16.028188,44.607457
16.034637,44.607679
16.034018,44.607421
16.034548,44.607928
16.034929,44.607716
16.034099,44.607672
16.034737,44.607897
16.033901,44.607857
16.041299,44.611098
16.042117,44.611597
16.041144,44.613313
16.042374,44.616267
16.042151,44.616603
16.038078,44.616665
16.040273,44.617449
16.046455,44.618494
16.049218,44.616703
16.04732,44.615826
15.498463,44.711394
15.261955,44.835765
15.767721,44.531515
15.957651,44.537221
15.965912,44.557914
15.298294,44.5444
14.885035,44.553942
14.884796,44.554027
14.884791,44.553892
14.884821,44.553799
15.17635,44.844366
14.88545,44.561122
15.666083,44.77175
15.66609,44.771673
15.322113,44.513057
14.824355,44.60081
15.396983,44.542009
14.912753,44.983351
15.379174,44.536536
14.885709,44.555911
14.885777,44.555931
15.405098,44.703038
15.624727,44.770581
15.624875,44.770179
15.639817,44.764971
15.639519,44.765278
15.666828,44.768406
15.667012,44.768146
15.683065,44.767772
15.683259,44.767537
15.377464,44.646375
15.393419,44.532407
15.995762,44.602503
14.897908,44.537049
15.101494,44.543711
15.43938,44.688436
14.8891,45.02626
15.959147,44.539345
15.960474,44.554715
14.887274,44.555103
14.887451,44.555156
15.820296,44.551227
15.238027,44.863107
15.238225,44.863744
14.917279,44.986014
14.917418,44.986093
14.917704,44.986014
14.854061,44.587513
14.853872,44.587636
15.010262,44.57859
15.747978,44.698284
14.906223,44.992216
15.961287,44.554191
14.901312,44.995924
15.367011,44.544379
15.805532,44.701067
15.722033,44.550214
14.898607,45.002068
14.8822,44.548513
14.882638,44.548481
14.882824,44.548359
14.905494,44.991743
15.257976,44.865003
15.264706,44.862988
15.136056,45.000532
15.378154,44.551307
15.366268,44.54544
15.961652,44.551506
15.462028,44.555517
14.890037,44.551764
15.720498,44.737657
15.162526,44.820086
15.444823,44.6936
14.899752,44.997927
14.917726,44.986418
15.072629,44.527813
14.903692,44.994196
15.363172,44.664224
15.259772,44.837484
15.279249,44.832742
15.717925,44.872048
14.873145,44.566335
14.873557,44.566307
14.87336,44.566079
14.903813,44.993008
14.903739,44.993165
15.744281,44.746314
15.355048,44.544135
15.693791,44.761295
15.451915,44.526398
16.011638,44.579778
15.240721,44.879155
15.240799,44.879379
15.221217,44.870899
15.121533,44.83652
15.141661,44.822529
15.32233,44.513027
15.11685,44.992628
15.317883,44.649589
14.880607,44.564137
14.8805,44.564302
14.891762,44.554781
15.949291,44.576369
15.948698,44.576118
15.639975,44.562775
15.960394,44.558168
15.967029,44.560089
15.966742,44.559811
15.966565,44.559668
15.965451,44.558682
15.956515,44.554119
15.842025,44.455341
15.842095,44.455207
15.976524,44.529413
14.878233,44.565307
14.8766,44.565411
14.876674,44.56489
14.878125,44.565693
14.877268,44.565572
14.877563,44.565613
14.876966,44.565512
14.87785,44.565649
14.87819,44.565482
14.901219,44.993993
15.220833,44.871053
15.725641,44.455951
15.754393,44.4543
15.446371,44.694476
14.885976,44.556303
14.886018,44.556279
14.904664,44.991733
14.904805,44.990482
15.711518,44.741589
14.879833,44.561253
15.717886,44.492509
15.717595,44.490688
15.394579,44.679424
15.394541,44.679356
15.348116,44.528631
15.336849,44.520491
15.331139,44.515532
15.465088,44.487638
15.447361,44.487359
15.295886,44.539237
14.885423,44.556279
14.885374,44.55634
14.88628,44.550544
14.884803,44.557591
14.884346,44.557812
15.720096,44.870197
15.77505,44.486948
14.884703,44.557518
15.263708,44.851244
15.267275,44.849906
15.27036,44.845766
15.279362,44.846064
15.271068,44.841957
15.261798,44.837059
15.261593,44.836154
15.258579,44.840881
15.245876,44.850978
15.253173,44.84749
15.252844,44.847346
15.250192,44.845499
15.318924,44.541241
15.318839,44.541114
15.252332,44.841141
15.25288,44.841573
14.905831,44.98926
14.906405,44.988878
14.907024,44.988534
14.907358,44.988326
14.909181,44.987552
14.904101,44.993696
14.904399,44.992212
14.904028,44.991956
14.904577,44.992349
14.905094,44.992062
14.902277,44.993734
14.905123,44.993566
14.907645,44.990671
14.90306,44.989703
14.902967,44.98881
14.901187,44.989968
14.900601,44.989423
14.900521,44.989375
14.912941,44.987115
15.266878,44.86012
14.978791,44.959442
14.90929,44.987366
14.90901,44.987429
14.909125,44.987388
14.903882,44.989914
14.903959,44.989919
14.903867,44.989724
14.903938,44.989757
14.904049,44.989845
14.903963,44.989795
14.903832,44.989768
14.903486,44.990015
14.903423,44.990048
14.903618,44.989956
14.903667,44.989864
14.903753,44.989834
14.903812,44.989889
14.903741,44.990048
14.902653,44.989828
14.902876,44.989807
14.902831,44.989848
14.902921,44.989827
14.902903,44.989894
14.902964,44.989866
14.903041,44.989888
14.903242,44.989786
14.903122,44.989838
14.903155,44.989749
14.903364,44.989688
14.903315,44.989749
14.902083,44.989473
14.902037,44.98956
14.902134,44.989529
14.901959,44.989471
14.901977,44.989381
14.902015,44.989436
14.901925,44.989337
14.901835,44.989362
14.901892,44.989416
14.901868,44.989293
14.90183,44.989265
14.901782,44.989298
14.901634,44.989271
14.901587,44.989239
14.902895,44.990142
14.902981,44.990066
14.902819,44.990092
14.902877,44.990044
14.902761,44.990062
14.902653,44.990004
14.902878,44.990182
14.902819,44.990197
14.902991,44.990127
14.903065,44.990072
14.902764,44.990161
14.902711,44.990131
14.902646,44.990104
14.902552,44.990063
14.902435,44.989992
14.902483,44.989932
14.902964,44.989965
14.917571,44.986705
14.917775,44.986931
14.900139,44.996645
14.899735,44.998581
14.899721,44.998837
14.897642,45.001639
14.899304,44.999593
14.898379,45.00064
14.898205,45.000975
14.898076,45.001323
14.898136,45.001705
14.911412,44.984659
14.901352,44.994203
14.907535,44.985606
14.902777,44.990842
14.902811,44.990594
14.903207,44.990252
14.903106,44.990142
14.903169,44.99018
14.912602,44.983577
14.901199,44.989728
14.901057,44.989687
14.901089,44.98979
14.901172,44.989802
14.901247,44.989813
14.901361,44.989847
14.901362,44.989779
14.901646,44.989866
14.901531,44.989899
14.901479,44.989807
14.901558,44.989832
14.901709,44.989901
14.901807,44.989879
14.901896,44.989915
14.901781,44.989953
14.901915,44.990002
14.902033,44.989992
14.901989,44.989945
14.901875,44.989728
14.901957,44.989797
14.901799,44.989783
14.902086,44.989701
14.902139,44.989614
14.902216,44.989583
14.912855,44.984359
14.901339,44.995607
14.900964,44.998759
14.900932,44.99894
14.900972,44.999183
14.901033,44.99959
14.901061,44.999794
14.900953,44.999997
14.89991,45.000629
14.899597,45.000968
14.899215,45.001478
14.905264,44.990896
14.905249,44.99158
14.905394,44.991627
14.915009,44.986285
14.916222,44.986487
14.917555,44.986453
14.919432,44.986384
14.92028,44.985971
14.899733,44.989156
14.903051,44.988414
14.902405,44.988603
14.901363,44.988789
14.902093,44.995549
14.901559,44.995768
14.899743,44.989383
14.871153,44.564445
14.906251,44.988168
14.906629,44.988367
14.906911,44.988245
14.906575,44.988074
14.907548,44.987815
14.906476,44.987568
14.90803,44.987583
14.907037,44.987581
14.907976,44.987209
14.907508,44.985283
14.907801,44.985275
14.900894,44.989478
14.900839,44.989316
14.900887,44.989156
14.900812,44.989043
14.903907,44.99398
14.902005,44.997044
14.901824,44.997583
14.901238,44.998199
14.901248,44.998651
14.901615,44.998947
14.901663,44.999423
14.901252,44.999275
15.376601,44.655647
14.90131,44.999381
14.90138,44.99952
14.899881,45.001377
14.899831,45.001552
14.901153,45.000212
14.902075,44.99421
14.902776,44.994341
14.904012,44.994411
14.904205,44.994255
14.907012,44.991047
14.900841,44.995698
14.900374,44.995947
14.900657,44.996132
14.900644,44.996337
14.900693,44.996249
14.900585,44.996539
14.900238,44.998835
14.899759,45.000007
14.899008,45.000639
14.898876,45.000797
14.898749,45.000958
14.898664,45.001131
14.903589,44.99257
14.901746,44.989601
14.889363,44.555504
14.902344,44.990654
14.902385,44.990793
14.909004,44.988415
14.906572,44.985354
14.910974,44.984801
14.910646,44.984507
14.91093,44.983524
14.912512,44.983048
14.912403,44.981908
14.913222,44.983709
14.913331,44.983333
14.912499,44.98434
14.91182,44.984249
14.912081,44.98399
14.911848,44.982939
14.901501,44.989129
14.902017,44.989049
14.903549,44.989632
14.904292,44.989657
14.904653,44.993815
14.903468,44.989612
14.901691,44.989033
14.901612,44.988946
14.90383,44.989211
14.904041,44.989343
14.904736,44.993632
14.905029,44.992482
14.911665,44.987774
14.91145,44.98822
14.902939,44.990567
14.912478,44.987508
15.779443,44.675506
15.827394,44.521213
15.835228,44.526871
15.859065,44.518079
15.808163,44.534793
15.681437,44.770164
15.949287,44.576577
15.965937,44.559098
14.8916,45.028674
14.905154,44.988535
14.887884,45.027799
14.893338,45.016013
14.896147,45.010739
14.891534,45.014235
14.896534,45.014664
14.901163,44.989904
14.896055,45.011281
15.239343,44.867169
15.966163,44.559287
14.892706,45.026376
14.892818,45.026264
15.920299,44.579925
15.72529,44.458162
14.894667,45.018447
14.89256,45.026117
14.900864,44.990241
15.734336,44.505259
14.892815,45.026185
14.881601,44.563616
14.885884,44.5556
14.885797,44.555682
14.885843,44.555625
14.885927,44.555585
14.885992,44.555554
14.886032,44.555527
14.88612,44.555716
15.71715,44.872449
15.717352,44.872442
15.931888,44.562526
15.80878,44.522178
15.852401,44.523452
15.433565,44.521254
15.337938,44.519527
14.889423,44.555839
14.889509,44.555712
14.875199,44.564383
14.87449,44.564285
14.875304,44.563895
14.874931,44.564803
14.874962,44.564232
14.874728,44.564115
14.875033,44.563775
14.874107,44.564016
14.875348,44.564504
14.875104,44.564578
14.875577,44.564126
14.874273,44.564379
14.874754,44.564421
14.874964,44.564699
14.874764,44.563932
14.875063,44.564081
14.873417,44.564767
14.87387,44.564491
14.874091,44.564674
14.873591,44.56461
14.873575,44.564851
14.873767,44.564939
14.883483,44.550014
15.120861,44.836689
15.150461,44.823561
14.873378,44.562612
14.873455,44.562607
14.88241,44.559127
14.869431,44.564525
14.869926,44.564563
14.869227,44.564467
14.869763,44.564337
15.639758,44.562919
15.336844,44.520705
14.878886,44.562975
14.89107,44.55436
14.901365,44.99018
14.91657,44.985499
15.353128,44.660393
14.884903,44.550984
14.885313,44.549093
14.885197,44.549055
15.959216,44.5713
14.885509,44.555293
14.885468,44.55534
14.878714,44.566874
14.87882,44.566734
15.149488,44.823361
15.175561,44.816582
14.851123,44.58871
14.885115,44.555512
14.885107,44.555598
14.885038,44.555486
14.884951,44.555485
14.884901,44.555496
14.884839,44.555439
14.88494,44.555437
14.88486,44.555633
14.885082,44.555567
14.885063,44.555525
14.884823,44.555492
14.884902,44.555644
14.88497,44.555634
14.884808,44.555622
15.675618,44.768092
15.675427,44.768117
15.950425,44.558776
15.654203,44.789339
14.876679,44.561511
15.070889,44.53215
14.8879,44.551866
14.90094,44.995461
14.902593,44.995985
15.146549,44.509981
14.904838,44.988289
14.900131,44.996893
14.906135,44.989799
15.400186,44.678467
15.3861,44.538295
15.306666,44.652491
15.227062,44.866792
15.35126,44.705488
15.123727,44.997961
15.313354,44.654305
15.313463,44.655435
15.32531,44.652688
15.322456,44.645425
15.322512,44.645088
14.882833,44.562642
14.900501,44.997007
14.902109,44.991085
14.900476,45.000873
14.913266,44.984076
14.904895,44.991435
15.146522,44.509877
15.121442,44.525857
15.310238,44.543643
15.100738,44.958314
15.276967,44.844462
15.143413,44.996746
14.90313,44.993138
15.237536,44.86513
15.345489,44.680317
15.355678,44.692946
15.363928,44.690134
15.400331,44.678254
15.399965,44.67825
14.904824,44.991534
14.888922,44.557544
14.888951,44.557397
15.35858,44.706373
15.355904,44.710341
15.341263,44.714586
15.349205,44.659997
15.369554,44.686952
15.376925,44.660276
15.394132,44.679283
15.444297,44.694654
15.439771,44.706507
15.348523,44.522651
15.422964,44.735354
15.423268,44.735599
15.423481,44.735521
14.910958,44.987009
14.9026,44.990655
14.912031,44.986981
15.366825,44.68574
14.90198,44.99387
14.90239,44.988869
14.903162,44.98947
14.901824,44.991247
14.903399,44.990156
14.901112,44.99175
14.902894,44.989311
14.900363,44.993918
14.904239,44.991384
14.904473,44.991233
14.902738,44.989279
14.902813,44.989152
14.902954,44.989268
14.885042,44.555677
14.885109,44.555679
15.393541,44.629167
15.23666,44.868192
15.963168,44.549948
15.963329,44.549909
15.337095,44.520579
15.330223,44.515233
15.344441,44.515227
15.344447,44.514735
15.324951,44.513579
15.378278,44.659384
15.720438,44.487892
14.900884,44.99812
14.901031,44.998166
15.134343,44.821702
15.134577,44.821622
14.903672,44.989555
14.903744,44.989536
14.903556,44.989521
14.901199,44.99124
14.901757,44.990749
14.900965,44.993096
14.901265,44.993687
14.904288,44.994833
14.902477,44.990561
14.901671,44.989659
14.907684,44.985731
15.30864,44.653501
15.688586,44.775292
14.902342,44.991103
14.912512,44.98402
14.902079,44.990854
14.901,44.990214
14.903229,44.98991
14.902971,44.994431
14.902967,44.994956
15.251727,44.858108
14.902749,44.994968
15.277544,44.844544
14.902068,44.989875
14.91142,44.984342
14.900255,44.998291
14.902968,44.991807
14.908935,44.988884
14.912629,44.983203
14.904567,44.994011
14.918641,44.986353
14.902274,44.989865
14.902338,44.989787
14.902297,44.989668
15.953694,44.556302
15.929421,44.548487
15.929497,44.548198
14.875121,44.562012
14.875068,44.562037
15.94936,44.558871
15.9296,44.58435
14.900653,44.994064
14.902137,44.99069
14.906356,44.990067
14.910985,44.984442
14.904359,44.991994
14.904542,44.995056
14.902022,44.994966
14.902681,44.989947
14.90677,44.987674
14.903838,44.994537
14.899538,44.992918
14.906646,44.987742
14.906561,44.987495
14.906678,44.98752
14.90202,44.991023
14.899407,44.993128
14.900917,44.989215
14.899621,44.998137
15.252743,44.849164
14.904769,44.994193
14.901085,44.990398
15.330604,44.525542
14.907765,44.984199
14.908191,44.984749
14.908266,44.983637
14.909312,44.982988
14.909054,44.983619
14.910034,44.982458
14.910828,44.982368
14.908772,44.984788
14.910171,44.984535
14.910051,44.984039
14.910233,44.983699
14.910954,44.982921
14.907121,44.983749
14.907221,44.983569
14.907315,44.98336
14.907672,44.982982
14.907947,44.98321
14.908441,44.983193
14.90838,44.982901
14.90889,44.982239
14.909835,44.98358
14.908709,44.984235
14.909422,44.985105
14.907793,44.984905
14.901404,44.990324
14.901629,44.991981
14.906864,44.99086
14.900785,44.990089
14.9009,44.990055
14.90074,44.989894
14.900868,44.989855
14.900682,44.989787
14.900861,44.989722
14.88005,44.563443
14.903553,44.989809
15.710305,44.741511
15.070356,44.979645
15.137468,45.004603
14.879758,44.56626
14.879427,44.566218
14.879143,44.566173
15.372319,44.525138
14.899849,44.997964
15.235281,44.866381
15.445234,44.483012
15.242818,44.863023
15.749963,44.702605
15.110275,44.994682
15.382396,44.664963
15.367085,44.544128
14.950036,44.967184
14.949846,44.967309
14.949629,44.967117
14.949811,44.967007
14.798466,44.625098
14.903249,44.990419
14.90346,44.990269
14.903513,44.99023
15.382399,44.540721
15.382188,44.540617
15.257347,44.84882
14.900542,44.995147
14.900608,44.994945
14.900679,44.994729
14.998012,44.578032
15.31914,44.541248
15.826058,44.542893
15.084453,44.526942
15.084199,44.526881
15.319917,44.512508
14.888133,44.550606
14.887893,44.550691
14.887619,44.550652
14.887439,44.550481
15.959268,44.570962
14.881762,44.562071
14.881501,44.562191
14.882084,44.558986
14.826122,44.606694
15.400158,44.468642
14.888929,44.550368
14.888736,44.550574
14.884322,44.55628
15.133323,44.993198
15.009868,44.579429
15.009974,44.579367
15.00986,44.57934
15.010123,44.579341
15.382882,44.648451
15.382944,44.648291
15.184382,44.817909
15.379247,44.543506
15.416353,44.655021
15.805328,44.70169
15.381296,44.553936
15.751051,44.580046
15.763871,44.598947
15.714247,44.749928
15.364368,44.555929
15.764749,44.531166
15.764774,44.53131
15.707799,44.752433
15.127967,44.525106
15.127889,44.524969
15.393485,44.576878
15.366323,44.547912
15.366402,44.547775
14.901945,44.990969
14.90185,44.99108
14.913535,44.987017
15.306395,44.652524
15.306424,44.652419
14.907161,44.988095
14.888439,44.552572
14.888519,44.552789
14.888791,44.552729
15.214196,44.867998
15.202035,44.8605
15.244013,44.861822
15.865805,44.514498
15.378146,44.543255
14.887946,44.538985
15.12948,44.997174
14.907199,44.997596
14.903348,44.990345
15.230717,44.873334
15.370251,44.551388
15.240085,44.87357
15.749439,44.712835
15.239548,44.862912
15.25243,44.857712
14.882161,44.562744
14.881953,44.563066
14.881836,44.562563
14.881479,44.562861
14.881762,44.562897
15.703888,44.746569
15.703963,44.746489
15.386513,44.571921
15.386633,44.571841
15.431837,44.51907
14.880352,44.56178
14.918715,44.562188
15.381124,44.532274
14.890387,44.5545
15.361667,44.552999
14.917806,44.986661
15.123505,44.997775
15.716445,44.738035
15.431366,44.518706
15.766587,44.530533
15.766514,44.530467
14.901691,44.991583
14.885116,44.553501
14.885286,44.553471
15.726691,44.688246
15.692877,44.765756
14.870525,44.565764
14.866174,44.566842
15.697432,44.756191
15.962769,44.552825
15.962871,44.552949
15.320238,44.512516
14.883183,44.548941
15.450262,44.491885
15.450289,44.492025
14.870398,44.565908
14.885096,44.556813
14.902476,44.994006
15.396947,44.629054
15.707905,44.748556
14.889047,44.558766
14.88087,44.563746
14.881047,44.563584
14.906781,44.987471
14.897325,44.537695
15.720035,44.703846
15.383466,44.637725
15.383655,44.638587
14.884792,44.549177
14.884853,44.549203
15.349375,44.522887
14.879555,44.565421
15.133617,44.992237
15.420854,44.664653
15.253574,44.856962
14.918186,44.98643
14.874908,44.561225
15.733126,44.70394
14.820919,44.611569
14.821176,44.612236
15.140404,44.82604
14.894309,44.554695
14.8941,44.554601
14.889164,44.548452
14.893494,44.545431
14.906167,44.53499
14.889148,44.549257
14.88934,44.548281
14.916754,44.554193
14.901595,44.549129
14.894052,44.554429
14.888275,44.549812
14.887801,44.549107
14.89009,44.549794
14.896412,44.554336
14.889509,44.548165
14.887957,44.548887
14.888224,44.549849
14.890294,44.548542
14.89582,44.546274
14.888219,44.549195
14.894942,44.533042
14.890411,44.549471
14.889967,44.550235
14.888857,44.548488
14.894545,44.532828
14.888516,44.549629
14.890774,44.548559
14.888374,44.548483
14.891848,44.54659
14.892256,44.531895
14.889848,44.549512
14.888364,44.549372
14.887871,44.549075
14.890558,44.548423
14.889713,44.549639
14.895475,44.548438
14.888419,44.549067
14.895908,44.549597
14.888533,44.549985
14.918222,44.554746
14.896699,44.548267
14.91371,44.540323
14.893936,44.54741
14.899033,44.547453
14.898684,44.541544
14.892434,44.531374
14.894549,44.532568
14.890803,44.5509
14.887166,44.549473
14.898784,44.538047
14.890875,44.549356
14.890593,44.548697
14.889988,44.548215
14.894083,44.532902
14.89289,44.547145
14.898114,44.549296
14.917365,44.554508
14.89118,44.551094
14.898908,44.539653
14.894058,44.554792
14.890952,44.548984
14.887572,44.549609
14.898331,44.53616
14.895186,44.545958
14.89328,44.531838
14.888659,44.549853
14.891146,44.549134
14.891563,44.546394
14.913732,44.539741
14.890816,44.549987
14.897635,44.546341
14.890433,44.549749
14.892452,44.531528
14.889398,44.549923
14.888453,44.548725
14.89063,44.549248
14.890527,44.549384
14.888711,44.549795
14.894076,44.545834
14.890994,44.551038
14.891164,44.548768
14.889659,44.54851
14.917738,44.554756
14.890063,44.548641
14.894901,44.53282
14.889901,44.549458
14.896378,44.535852
14.89073,44.54916
14.896455,44.54726
14.895025,44.533312
14.891081,44.550077
14.897995,44.536029
14.893837,44.53309
14.89114,44.550645
14.887236,44.549164
14.890118,44.550109
14.897412,44.542816
14.887407,44.54926
14.895515,44.545372
14.896666,44.549103
14.888771,44.549092
14.894008,44.554557
14.890533,44.550338
14.914931,44.538398
14.890514,44.549786
14.88895,44.550012
14.889235,44.550106
14.887637,44.548981
14.888201,44.548583
14.894926,44.552924
14.894219,44.544898
14.91403,44.539079
14.888617,44.549208
14.890734,44.549545
14.899979,44.539425
14.897412,44.548707
14.88898,44.548945
14.889291,44.548784
14.897142,44.549192
14.894267,44.545606
14.888975,44.549389
14.914382,44.542453
14.913681,44.540977
14.88816,44.54944
14.889565,44.549338
14.894464,44.533202
14.889793,44.548343
14.890299,44.548341
14.894976,44.548119
14.917954,44.554942
14.889102,44.549754
14.892681,44.531271
14.889551,44.549776
14.890687,44.550173
14.894886,44.545126
14.894774,44.545748
14.894785,44.546293
14.887799,44.549735
14.891363,44.548909
14.894994,44.55279
14.88859,44.548612
14.895916,44.548017
14.890863,44.550328
14.88879,44.548263
14.897866,44.547497
14.894409,44.547924
14.889877,44.550322
14.895487,44.547029
14.904655,44.538991
14.890221,44.549663
14.88894,44.548739
14.895177,44.532913
14.899269,44.989463
14.898921,44.989531
14.899267,44.989574
14.80924,44.619586
14.809278,44.619543
14.929686,44.984245
14.891434,44.550277
15.305073,44.54319
15.305355,44.543034
14.824477,44.610407
15.259163,44.864182
15.258834,44.864417
14.882887,44.549413
14.882977,44.549482
14.896535,45.004768
14.887869,44.551558
15.717625,44.493445
15.274757,44.838787
15.377582,44.526682
14.84085,44.601929
14.90394,44.990078
15.406074,44.479451
14.841275,44.602201
14.888935,44.571391
14.847609,44.580358
14.883068,44.549142
14.882869,44.548958
14.882759,44.548834
14.889886,44.555506
15.712796,44.746101
14.906414,44.992784
14.875751,44.564328
15.362465,44.55472
14.884208,44.548633
14.88406,44.54848
15.460459,44.542143
14.896604,44.535919
14.896935,44.537578
15.149921,44.996686
14.869351,44.56495
15.114877,44.527363
15.11514,44.527148
15.114943,44.526925
15.11599,44.526683
15.422143,44.514824
15.145203,44.826254
15.379516,44.556767
15.379816,44.556621
14.905272,44.991201
15.370768,44.546536
15.370648,44.546547
15.146794,45.012052
15.805356,44.701989
15.129176,45.000529
15.755943,44.460019
15.376976,44.547441
15.348471,44.527495
14.874548,44.564732
14.788107,44.631593
14.788152,44.631636
15.362303,44.531959
15.110839,45.006191
15.949519,44.558807
15.262556,44.851262
15.058152,44.989984
15.118183,44.985787
15.267101,44.836841
14.883957,44.558164
15.265064,44.860773
14.884425,44.548717
15.252828,44.846915
15.181866,44.816809
15.35084,44.534087
14.889778,44.553638
15.265922,44.851979
15.032936,44.557599
15.35492,44.544016
15.124572,44.523868
15.378662,44.543003
15.966951,44.548502
15.95645,44.53671
15.305032,44.651916
15.343835,44.534258
15.453136,44.484026
14.889319,44.560971
14.812103,44.615637
15.102155,44.957094
14.882096,44.560973
14.882153,44.561166
14.885015,44.55543
14.898049,44.546585
15.63457,44.566234
14.888346,44.559594
14.888229,44.559615
14.888177,44.559388
15.417441,44.507956
15.706261,44.748074
15.811023,44.68932
15.769944,44.571676
14.787933,44.631436
14.787991,44.631502
15.078617,44.533064
15.020894,44.564326
15.020968,44.564299
14.883649,44.555844
14.883989,44.555705
14.884043,44.555722
14.884048,44.555701
14.883958,44.55576
14.883744,44.551399
15.438078,44.508765
15.464829,44.554482
14.80944,44.619417
14.809371,44.619385
14.809352,44.619441
15.156765,44.844484
15.375542,44.54005
14.89923,45.00011
15.156781,44.844732
15.960506,44.551923
15.77522,44.507056
15.709721,44.739924
14.902418,44.994065
14.899567,45.001991
15.737201,44.751467
15.404315,44.622325
15.160509,44.822586
15.351746,44.542227
15.375612,44.541607
14.866963,44.564465
15.841524,44.534907
14.886043,44.556723
14.886028,44.556779
14.894194,44.57021
15.784879,44.480221
14.820445,44.611928
15.766054,44.534082
15.184262,44.829689
14.90091,44.989385
14.894913,45.018265
15.248544,44.844141
15.250626,44.839824
15.25133,44.83955
15.250845,44.840079
15.00773,44.583223
15.70667,44.74931
15.717033,44.871799
15.960189,44.555074
15.127933,44.994295
15.067271,45.088463
14.883568,44.548867
14.883463,44.548654
14.883716,44.54851
14.88325,44.54854
15.234627,44.868813
15.389135,44.53738
14.882738,44.556303
14.882884,44.556109
15.37705,44.655541
14.871024,44.565141
14.871165,44.564937
15.382821,44.679402
15.377027,44.680056
15.375795,44.680486
15.37459,44.680927
15.374809,44.68099
14.852133,44.580034
15.383062,44.692646
15.388854,44.691074
15.390176,44.687489
15.375903,44.684561
15.374737,44.684133
15.369999,44.686548
15.132136,44.832332
15.277477,44.526367
14.898295,44.547869
14.875539,44.560478
14.796107,44.627949
15.12287,44.997295
15.699857,44.77004
15.699818,44.76963
14.882298,44.562317
14.88213,44.562465
14.883239,44.562304
14.883254,44.561819
15.697267,44.752112
15.116072,44.526627
15.836603,44.525793
14.903783,44.993508
14.90333,44.993513
15.211939,44.871561
14.903356,44.993321
14.90053,44.98929
14.90064,44.989362
14.884984,44.555884
14.885014,44.555843
14.88618,44.55821
15.121875,44.989379
14.901614,44.989033
14.901641,44.989059
15.18277,44.816907
14.8897,44.550126
15.813275,44.688206
15.81348,44.6882
15.233382,44.977529
15.363049,44.559702
15.147412,44.825057
15.189614,44.81948
15.812627,44.682605
14.879296,44.560891
14.887135,44.570601
14.875736,44.561007
15.806079,44.693466
15.383079,44.681738
15.377083,44.685241
15.377823,44.686488
15.393439,44.683803
15.393295,44.681686
15.382425,44.673633
14.888206,44.548862
14.887943,44.548714
14.884999,44.559801
14.853513,44.588293
14.852869,44.588435
14.853176,44.588581
14.853127,44.58824
14.85336,44.588407
14.853806,44.588156
14.853493,44.587949
15.705511,44.741293
15.216675,44.870296
15.258877,44.840519
14.890017,44.54925
14.890157,44.549114
14.890265,44.54897
14.889707,44.548893
14.889749,44.549128
14.890402,44.548836
14.88992,44.548786
15.717186,44.872729
15.716882,44.872431
15.393044,44.665216
15.393033,44.665417
14.878711,44.563462
14.878494,44.563395
15.719195,44.739448
15.134532,45.000782
14.888791,44.558397
14.919829,44.986114
14.874987,44.560522
14.875143,44.560709
15.39685,44.534039
15.278142,44.84552
15.076122,45.047221
15.705674,44.744252
15.705608,44.744309
15.705516,44.74434
14.882399,44.558521
14.882273,44.558573
14.882043,44.558606
14.881886,44.558652
14.881691,44.558665
15.755655,44.543627
15.191926,44.88952
14.889719,45.02632
15.959432,44.570836
15.959172,44.57036
15.959448,44.570708
15.382147,44.53893
15.73877,44.590845
14.852411,44.588611
15.252985,44.848737
14.907691,44.988949
15.132774,45.00124
15.238705,44.873591
16.041218,44.613143
15.924867,44.57161
15.879149,44.627188
15.925022,44.589112
15.967437,44.559989
15.966453,44.559094
15.940281,44.55923
15.942623,44.559224
14.968587,44.970086
14.982905,44.94181
15.959152,44.555409
14.997788,44.935923
15.958998,44.555506
15.964813,44.554481
15.964352,44.553734
15.958725,44.551582
15.959478,44.551172
15.953292,44.556254
15.957315,44.552518
15.960831,44.555644
15.95898,44.556242
15.960186,44.555825
15.961996,44.555584
15.996916,44.54249
15.981974,44.530544
15.982922,44.533337
15.983362,44.535211
15.683322,44.812304
15.6726,44.807969
15.682736,44.807023
15.683697,44.812304
15.680141,44.818039
15.679789,44.814453
15.679806,44.814614
15.679888,44.814363
15.670203,44.806349
15.683236,44.811547
15.683251,44.811723
15.670079,44.80666
15.682671,44.812646
15.682946,44.807249
15.684151,44.812083
15.673477,44.809997
15.679798,44.814861
16.00254,44.530368
16.001907,44.530401
15.996854,44.512059
16.001878,44.521406
16.010714,44.580674
16.000631,44.604216
15.706154,44.749165
15.123332,44.997609
14.90219,44.989902
15.706006,44.749303
15.337836,44.518123
15.718868,44.733162
15.717989,44.7355
15.71674,44.735202
15.362285,44.551241
14.889383,45.026335
15.036059,44.554569
15.963057,44.551189
15.955725,44.554284
14.881824,44.563234
15.274679,44.525155
15.707149,44.743798
15.707356,44.743883
15.706954,44.743824
15.707332,44.743975
15.235883,44.870646
15.373473,44.539748
15.415314,44.692201
15.414592,44.691749
15.959598,44.557373
14.816012,44.616597
15.217791,44.819897
15.381317,44.68214
15.381365,44.681219
15.256491,44.84806
15.935603,44.579249
15.016597,45.023852
14.876024,44.567385
15.359328,44.554535
15.252607,44.875264
14.85237,44.586742
15.262357,44.835849
15.671466,44.509421
15.671396,44.509307
15.071586,44.989047
15.268466,44.526628
15.071922,44.526398
15.380478,44.536093
14.885536,44.550132
14.889809,44.557057
14.879745,44.561522
15.381499,44.655992
15.705591,44.742416
14.878522,44.560333
15.381254,44.542747
15.382697,44.543018
15.385033,44.544235
15.385151,44.544282
15.384856,44.543785
15.72834,44.518208
14.88791,44.551037
14.888121,44.551242
14.888136,44.550898
14.888424,44.551078
14.888333,44.55077
14.869504,44.563883
14.883803,44.548354
15.176632,44.816802
15.391998,44.577711
14.84143,44.602022
15.369734,44.546071
15.160453,44.996642
15.174524,44.844811
15.298958,44.50364
14.907229,44.985704
14.907095,44.985517
15.39016,44.574021
15.390357,44.57411
14.89165,44.558031
15.389346,44.546331
15.389627,44.54658
15.067401,44.984763
14.875844,44.565314
15.379311,44.555305
15.338032,44.518273
15.364962,44.645268
14.898572,45.000267
14.898607,45.000199
14.882312,44.560483
15.361773,44.553182
15.369696,44.547932
14.884957,44.556711
14.884883,44.556691
14.884998,44.556721
14.88504,44.556732
14.885195,44.556784
14.884718,44.556801
14.884733,44.556771
14.884771,44.556705
15.137233,44.824118
15.3701,44.550982
15.234492,44.871375
14.869817,44.56493
14.869596,44.564828
14.869742,44.564708
14.869662,44.565093
15.189385,45.000406
14.88841,44.55501
14.88848,44.555048
14.884652,44.552542
15.342872,44.516288
14.885553,44.557466
14.881135,44.559617
14.834798,44.598209
14.899882,44.989363
14.899815,44.989273
14.882351,44.556732
14.900529,44.989477
14.90033,44.989527
14.900105,44.989363
14.884034,44.555601
14.884192,44.555624
14.884235,44.555563
14.884157,44.555534
14.883945,44.555583
14.883999,44.555544
14.884027,44.55551
14.885314,44.552634
15.806262,44.693055
14.885414,44.555999
14.885471,44.555957
14.885338,44.555901
14.884046,44.555335
14.884,44.555316
14.884087,44.555339
14.88419,44.555371
14.88424,44.555384
14.882831,44.558576
14.887585,44.558029
14.88501,44.555711
14.885144,44.555743
14.885074,44.555727
15.975332,44.541882
15.380785,44.545838
15.371063,44.551407
15.370953,44.551559
15.370769,44.551425
14.879914,44.559365
14.883899,44.555235
14.88399,44.555195
14.87423,44.567089
14.875569,44.567295
14.876317,44.567071
14.876918,44.567132
14.884018,44.560794
15.717681,44.738232
14.894335,44.537543
14.883032,44.55943
14.88611,44.549373
15.238418,44.862499
15.721527,44.869059
14.892454,44.554435
15.368403,44.552248
14.885411,44.555475
14.885466,44.555501
15.103082,45.044391
14.885076,44.556329
14.871962,44.562766
14.885179,44.556361
14.955998,44.962578
14.880164,44.560081
14.869713,44.564039
14.885948,44.558434
15.960735,44.553217
15.960378,44.553133
15.959535,44.553231
14.884714,44.55394
14.884778,44.553963
14.893079,44.553248
15.716801,44.871815
14.883788,44.555626
15.37308,44.546265
15.373263,44.546378
14.885431,44.550266
14.885251,44.550216
14.903014,44.993033
14.884661,44.559341
15.368482,44.54944
15.368564,44.549403
15.368326,44.549229
15.947256,44.576644
15.357517,44.551999
15.139361,44.819578
15.766327,44.529916
14.885473,44.557213
14.876588,44.563409
14.886203,44.554673
14.908185,44.984539
14.908301,44.984484
14.878753,44.558973
14.893388,44.554314
14.879625,44.560036
15.717378,44.738077
15.273493,44.521621
14.877006,44.560143
14.882101,44.550777
15.372821,44.546105
15.019506,45.022234
15.725619,44.723428
15.358286,44.543444
14.881613,44.558946
14.881437,44.559154
14.824017,44.610576
14.889245,44.549536
14.88929,44.549428
14.888891,44.556484
14.88393,44.556161
14.88398,44.556273
14.884025,44.55621
14.884073,44.556144
14.884129,44.556084
14.885821,44.561132
14.88432,44.559717
14.884406,44.559715
14.884406,44.559835
14.824052,44.615601
14.882337,44.548342
14.86937,44.562583
15.236859,44.887375
15.709281,44.741855
15.108727,44.999048
15.031984,44.558071
15.309975,44.653791
15.841104,44.524888
15.254922,44.864442
15.319371,44.512125
15.314149,44.655898
14.86433,44.578544
14.864043,44.578466
15.07686,44.533599
15.23376,44.866861
15.233927,44.866811
14.813234,44.613119
14.890463,44.55257
15.066533,44.545222
15.063487,44.550117
15.367148,44.525335
15.364013,44.550655
15.371988,44.548833
15.3782,44.554362
15.376105,44.540558
15.377596,44.545071
15.377431,44.545133
15.377445,44.545235
15.307908,44.519557
15.24879,44.87804
14.883744,44.555679
15.194889,44.890906
15.384656,44.543651
14.883687,44.555758
14.870857,44.565366
15.837246,44.524982
15.42,44.496903
15.139527,44.826976
15.697027,44.465089
15.359036,44.545132
15.23195,44.869453
14.891181,44.554916
14.823518,44.610138
14.890334,45.026358
14.890697,44.557091
14.890647,44.557139
14.890748,44.557042
14.873533,44.565779
14.873392,44.565712
14.873634,44.565843
15.044233,44.996991
14.876603,44.559724
15.371914,44.544825
15.371824,44.544903
15.77172,44.530676
15.058887,44.968816
14.840847,44.601591
15.7108,44.764854
15.414469,44.521647
15.717812,44.493509
14.892353,44.554157
14.892111,44.554078
15.10167,44.548072
15.257053,44.846632
15.23721,44.884054
14.908398,44.988461
14.908413,44.988544
15.128148,44.825513
15.228953,44.868631
15.209646,44.860332
15.133616,44.991539
15.705871,44.743935
15.705212,44.742565
15.633582,44.558952
15.234452,44.868229
15.165523,44.850222
14.88519,44.561084
14.88509,44.560803
14.886877,44.560074
14.889228,44.559399
14.889981,44.554661
15.38971,44.536852
15.701822,44.746399
15.367218,44.549458
16.025345,44.541381
14.901791,44.99212
15.726793,44.741107
14.886307,44.557571
15.706407,44.746236
14.913775,44.987376
14.874306,44.560552
14.904085,44.988482
15.065921,44.530885
15.066002,44.530887
15.065988,44.530921
15.379664,44.53418
15.418296,44.497378
15.417894,44.497247
15.366485,44.555781
15.366317,44.555593
15.718743,44.73285
15.373185,44.548371
14.902106,44.990148
14.902148,44.990102
14.902249,44.990104
14.90228,44.990053
15.190501,44.841836
15.688186,44.773852
15.735754,44.761312
15.685923,44.494745
15.716689,44.714252
15.733325,44.504982
15.777149,44.454007
15.962415,44.606722
15.765765,44.545268
15.695416,44.754891
15.698242,44.756165
15.257338,44.866992
15.809478,44.696749
15.959709,44.550299
15.973854,44.548503
15.162525,44.878886
15.460821,44.491902
15.310682,44.650491
15.700848,44.757645
15.135192,45.001211
15.243446,44.972931
14.896997,45.006578
15.686789,44.777571
15.724902,44.457576
15.452867,44.483648
15.135761,45.002651
15.140646,45.00692
15.468458,44.530254
15.379897,44.533749
15.380955,44.537102
15.380309,44.53882
15.381072,44.537314
15.381036,44.538535
15.38031,44.534329
15.380942,44.535386
15.380766,44.53793
15.380049,44.538669
15.380358,44.538284
15.386556,44.539504
15.385627,44.539555
15.382198,44.537472
15.383288,44.537921
15.386985,44.537384
15.386725,44.535724
15.387324,44.537176
15.38048,44.527013
15.380867,44.529081
15.380725,44.529001
15.381173,44.529518
15.381248,44.527774
15.379943,44.535465
15.385486,44.538186
15.385263,44.537614
15.385007,44.537538
15.383643,44.537604
15.379569,44.535966
15.382712,44.536799
15.383316,44.539376
15.383418,44.539188
15.383011,44.539329
15.707561,44.742749
15.377725,44.65987
16.026203,44.532088
15.702754,44.750392
15.382575,44.537269
15.382823,44.539159
15.720471,44.766345
15.720507,44.766258
15.237417,44.866777
14.913245,44.986056
15.261244,44.836444
14.901296,44.997274
15.720563,44.710336
15.370367,44.550884
15.182405,44.992722
15.424417,44.515287
15.935861,44.578946
15.936146,44.578762
15.813629,44.677518
15.737945,44.595368
15.79081,44.686122
15.726636,44.453819
15.701558,44.751451
15.701846,44.751605
14.887268,44.558711
15.35584,44.545286
14.892567,44.552325
14.892728,44.553005
14.892837,44.552479
14.892887,44.552862
14.892309,44.551808
14.892631,44.55209
15.355639,44.545755
15.727517,44.450078
15.735403,44.447604
15.746198,44.445023
15.747369,44.445376
14.920027,44.986008
15.113777,44.994611
15.128416,44.995868
15.139003,44.825811
15.128747,45.015259
15.311274,44.653649
15.150284,45.006595
15.821069,44.549726
15.7646,44.52832
14.872379,44.564321
14.872071,44.564611
14.887639,44.555345
14.887024,44.558221
14.884419,44.560568
14.884577,44.560485
14.882017,44.558289
14.885977,44.55606
14.885907,44.55603
14.881947,44.55806
15.121893,45.013254
15.252773,44.846775
15.256137,44.874386
14.99862,44.925771
15.749871,44.702977
15.243753,44.972229
14.88528,44.556845
14.894414,44.54493
15.750013,44.701648
15.141313,44.825886
14.894178,44.545326
14.893804,44.545831
14.898351,44.548706
14.897697,44.548961
14.894409,44.547162
15.380909,44.542509
14.900934,44.547817
15.734149,44.689505
14.877303,44.566946
14.884191,44.557027
14.8843,44.556993
14.884342,44.556879
14.884331,44.55684
14.884215,44.556881
14.884072,44.556962
14.884127,44.556863
14.884174,44.556802
14.883935,44.556915
14.883998,44.556829
14.883839,44.556899
14.883496,44.556808
14.883289,44.556506
14.883232,44.556575
14.883449,44.556599
14.883497,44.556514
15.245288,44.875844
14.889855,44.550697
14.883647,44.556481
14.883615,44.556411
14.883711,44.556512
14.883641,44.55656
14.883733,44.556582
14.883813,44.556648
14.884,44.556699
14.884114,44.556689
14.884218,44.556736
14.884236,44.556688
14.884148,44.556592
14.884276,44.556623
14.884347,44.556659
14.884474,44.556671
14.884449,44.556721
14.883293,44.556231
14.883247,44.556203
14.883152,44.556161
14.883197,44.556177
14.884759,44.549752
14.883124,44.556249
14.883096,44.556335
14.883041,44.556302
14.883007,44.556394
14.883093,44.556463
14.882966,44.556568
14.882924,44.556612
14.88283,44.556672
14.882755,44.556641
14.882857,44.556517
14.882761,44.556578
14.882905,44.556455
14.882466,44.556539
14.906846,44.985555
14.879388,44.560606
15.894202,44.641397
14.883488,44.556065
14.883537,44.555994
14.883611,44.556096
14.8837,44.556136
14.883757,44.556156
14.883797,44.555896
14.883818,44.555855
14.883855,44.555713
14.883903,44.555667
14.883998,44.555797
14.883944,44.555879
14.883629,44.555914
14.883794,44.561997
15.378433,44.545143
15.37853,44.545188
15.385039,44.538838
15.45373,44.486269
14.883701,44.555486
14.883806,44.555415
14.883834,44.55529
14.884073,44.555244
14.884303,44.555208
14.884167,44.555115
14.884235,44.555064
14.884428,44.555029
14.884642,44.554893
14.884632,44.555169
14.88467,44.555292
14.884663,44.555333
14.884652,44.555379
14.884632,44.55563
14.884609,44.555764
14.884589,44.555811
15.730551,44.505893
14.884943,44.556779
14.884922,44.556816
14.884885,44.556883
14.884975,44.555998
14.885093,44.556031
14.885181,44.55605
14.885254,44.556073
14.885363,44.556109
14.885467,44.55616
14.885532,44.556195
15.149472,45.007589
15.434309,44.518164
15.765685,44.523414
15.76321,44.510129
15.759317,44.509098
15.404943,44.666007
15.255883,44.854869
15.775782,44.504736
15.77372,44.501177
15.774457,44.518592
15.781567,44.507661
15.773448,44.500653
15.764015,44.501269
15.770548,44.498975
15.799518,44.485036
15.799289,44.485735
15.799315,44.486011
15.74655,44.58218
15.433941,44.518684
15.433945,44.518476
15.38828,44.537877
15.771454,44.452837
15.781208,44.452663
14.991964,44.95486
15.236254,44.871614
15.376325,44.54649
15.376305,44.546568
14.88161,44.561635
15.233131,44.87167
15.232983,44.871707
14.883945,44.548762
15.382076,44.540353
14.890161,44.552738
14.871787,44.564872
14.871842,44.564834
14.869179,44.563216
15.670862,44.509266
16.020954,44.527511
15.101981,44.953622
14.89018,44.550474
14.889444,44.555086
14.889379,44.554942
14.905809,44.987734
14.808561,44.615533
15.530008,44.909145
14.885636,44.553384
15.38054,44.533037
15.110786,45.067853
15.367215,44.691349
14.816765,44.617339
14.905584,44.989893
15.391507,44.74665
14.808671,44.618992
15.160182,44.989567
15.277754,44.526121
14.947775,44.579254
14.871744,44.564403
15.248735,44.884438
15.11502,45.014958
14.884892,44.557674
14.878387,44.562724
15.708259,44.745187
15.708528,44.745003
15.708702,44.745069
15.708759,44.745322
15.708925,44.745389
15.709138,44.745379
15.707918,44.745054
15.70809,44.74512
15.707726,44.744976
15.381692,44.540743
14.890561,44.551377
15.747906,44.698156
15.749966,44.694568
14.886133,44.559064
15.745214,44.712295
15.745202,44.712536
15.965634,44.5489
14.884558,44.560702
15.670768,44.768639
15.689372,44.774465
14.877765,44.566974
14.879705,44.559988
15.957636,44.587905
15.762354,44.530777
15.76259,44.530707
15.761734,44.530485
15.763029,44.530514
15.763295,44.5304
15.76289,44.53017
15.763728,44.530245
15.763926,44.530355
15.763964,44.530613
15.763702,44.5306
15.763779,44.530821
15.764055,44.530772
15.764121,44.530936
15.763845,44.530971
15.764179,44.531119
15.7639,44.531126
15.763978,44.531289
15.764251,44.531248
15.764307,44.531396
15.764393,44.53152
15.763174,44.530139
15.763434,44.530147
15.764069,44.531545
15.762507,44.530416
15.761977,44.530473
15.257428,44.854725
15.780797,44.507541
14.885954,44.554812
14.871952,44.566102
14.871526,44.565933
14.87216,44.566182
14.872063,44.565869
14.87265,44.566367
14.872306,44.566541
14.872399,44.566232
14.872514,44.565714
14.871691,44.565657
14.871307,44.565836
14.871299,44.566108
14.878616,44.563938
15.072438,44.532527
15.129048,44.995811
15.129316,44.996215
15.130519,44.999715
15.130633,44.999554
14.88502,44.556153
14.885096,44.556171
15.765535,44.527825
15.691869,44.764739
15.445191,44.726068
14.886293,44.553644
14.886087,44.553707
15.387651,44.649447
15.411655,44.658801
15.70872,44.742754
15.070027,44.527396
15.728146,44.723101
14.886549,44.557368
14.886665,44.557401
15.961295,44.550919
15.375321,44.543817
15.375234,44.543877
15.375678,44.543702
15.375578,44.544026
15.375604,44.543618
15.375642,44.54399
15.375888,44.543824
15.375818,44.543872
15.375664,44.543906
15.375732,44.543934
15.070553,44.531256
14.881573,44.558411
14.881437,44.558458
15.765827,44.532891
14.877798,44.565878
15.186809,44.892656
15.446608,44.482979
15.71083,44.741839
15.702367,44.747565
15.755669,44.575628
15.249478,44.877846
14.808038,44.614707
15.272975,44.526179
15.16878,44.989558
15.342677,44.533238
14.900086,44.99262
15.706474,44.743593
15.70667,44.743485
15.706217,44.743254
15.706175,44.743454
15.706381,44.743294
15.706287,44.743512
15.706934,44.743371
15.707169,44.743238
15.70713,44.743647
15.706166,44.743872
15.706007,44.743801
14.879573,44.56179
15.668235,44.520677
14.884342,44.556206
14.896441,44.529341
14.89613,44.529341
14.896096,44.529341
14.897204,44.530227
14.897771,44.530211
14.897701,44.529855
14.895052,44.529682
14.895051,44.529742
14.895341,44.530007
14.895077,44.530194
14.895442,44.530001
14.895363,44.530558
14.89498,44.530833
14.894829,44.530942
14.896172,44.530618
14.896609,44.530931
14.896653,44.530961
14.896735,44.531011
14.89656,44.530898
14.895942,44.530615
14.896171,44.530541
14.897182,44.531133
14.897183,44.531067
14.894241,44.530769
14.894056,44.531142
14.895315,44.531143
14.897848,44.530627
14.899091,44.532076
14.899167,44.532077
14.899047,44.532017
14.899185,44.532046
14.899076,44.531987
14.898491,44.531537
14.897228,44.530764
14.898015,44.530818
14.897923,44.531583
14.897482,44.531758
14.896747,44.53006
14.89856,44.531201
14.895985,44.532745
14.898037,44.529366
14.895142,44.532635
14.896317,44.532458
14.896015,44.531653
14.89408,44.531506
14.897165,44.530074
14.894788,44.532043
14.897173,44.531982
14.895448,44.53286
14.89639,44.532024
14.89545,44.531861
14.896698,44.531882
14.895932,44.532782
14.896024,44.532056
14.895413,44.532835
14.894792,44.531499
14.898994,44.532818
14.896398,44.529341
14.896761,44.528889
14.896255,44.529341
14.898686,44.530256
14.898583,44.529682
14.898852,44.530211
14.897414,44.530244
14.89776,44.529894
14.897759,44.529853
14.896341,44.530254
14.896747,44.53009
14.896746,44.529979
14.896512,44.529965
14.896423,44.530221
14.894992,44.529679
14.897289,44.529183
14.895537,44.530156
14.894744,44.52998
14.895171,44.529665
14.895176,44.530693
14.89514,44.530714
14.89528,44.530909
14.895482,44.530746
14.896161,44.530915
14.896216,44.530875
14.896137,44.531076
14.895974,44.531027
14.897356,44.531102
14.894139,44.531143
14.893962,44.530818
14.894246,44.530651
14.895481,44.531003
14.898022,44.530551
14.898952,44.532017
14.899,44.532046
14.89849,44.531638
14.898581,44.531916
14.898649,44.531899
14.89849,44.531589
14.89849,44.531613
14.898961,44.531986
14.898064,44.531102
14.897283,44.530804
14.897317,44.531068
14.897483,44.531997
14.895486,44.532525
14.894231,44.531999
14.896362,44.530029
14.897908,44.532881
14.89487,44.532483
14.8978,44.531587
14.898908,44.532842
14.898028,44.532647
14.897851,44.529322
14.895351,44.532011
14.897482,44.532035
14.895489,44.532648
14.897206,44.532055
14.89544,44.531985
14.896733,44.531647
14.899022,44.532342
14.896147,44.532387
14.898513,44.532752
14.897906,44.53291
14.896668,44.531521
14.896053,44.532603
14.898051,44.531653
14.898836,44.532891
14.897368,44.532425
14.899487,44.53333
14.895483,44.532344
14.896043,44.532548
14.897221,44.5321
14.896013,44.532765
14.896664,44.531667
14.894682,44.531497
14.898445,44.52988
14.89548,44.530941
14.895515,44.531862
14.895253,44.531884
14.896473,44.529043
14.899138,44.53025
14.898852,44.530254
14.898532,44.530116
14.897446,44.529854
14.897786,44.529696
14.89499,44.529722
14.897409,44.529094
14.89476,44.5299
14.894665,44.530164
14.895078,44.530235
14.895484,44.530034
14.893809,44.530955
14.895041,44.531143
14.895066,44.530765
14.89486,44.53092
14.896611,44.529655
14.896472,44.529937
14.894773,44.530982
14.896335,44.530729
14.89597,44.53069
14.896725,44.530728
14.895933,44.531
14.897394,44.531136
14.897317,44.531135
14.897802,44.531147
14.897502,44.531104
14.897948,44.531148
14.897328,44.530546
14.89914,44.532017
14.899041,44.531986
14.897471,44.53107
14.897314,44.530779
14.897913,44.531148
14.897392,44.531755
14.89768,44.531521
14.895313,44.531679
14.897805,44.532423
14.895961,44.532802
14.899256,44.53252
14.896452,44.530708
14.899203,44.532632
14.898024,44.532751
14.897435,44.532375
14.89359,44.531634
14.89667,44.531457
14.898445,44.52968
14.896698,44.531855
14.89802,44.530623
14.897625,44.531592
14.895488,44.532583
14.8961,44.532054
14.897549,44.532375
14.896737,44.531522
14.899095,44.532743
14.896258,44.529754
14.897853,44.532529
14.897918,44.532659
14.894994,44.531876
14.899172,44.532608
14.897946,44.52932
14.893438,44.531531
14.898582,44.532552
14.89608,44.529887
14.896733,44.531668
14.898626,44.532599
14.899274,44.533498
14.89759,44.532424
14.897458,44.530126
14.898046,44.529763
14.897843,44.529853
14.896342,44.53022
14.896211,44.529951
14.898731,44.531328
14.895262,44.530195
14.895445,44.530238
14.894244,44.530682
14.895265,44.531143
14.896177,44.529973
14.89665,44.530876
14.896665,44.530684
14.896556,44.530611
14.896597,44.530638
14.89594,44.530756
14.896074,44.530775
14.896396,44.53101
14.897475,44.530653
14.893645,44.531138
14.893811,44.53114
14.893686,44.531138
14.895507,44.530722
14.897398,44.530886
14.898021,44.530574
14.898554,44.531663
14.898873,44.532074
14.899077,44.532046
14.899004,44.531986
14.897402,44.532425
14.896521,44.531099
14.897183,44.5311
14.898018,44.530691
14.898489,44.531714
14.897862,44.531444
14.899209,44.532539
14.899151,44.532672
14.898429,44.532765
14.895451,44.52969
14.896412,44.531957
14.896034,44.532711
14.897971,44.532645
14.8961,44.532018
14.897716,44.530872
14.895511,44.53151
14.896766,44.531911
14.897554,44.532582
14.895323,44.53277
14.895259,44.532734
14.894913,44.530233
14.897957,44.532943
14.899236,44.532607
14.899128,44.53269
14.895919,44.531562
14.893904,44.531846
14.898483,44.532728
14.89784,44.530263
14.894738,44.53149
14.894798,44.532438
14.89529,44.532756
14.895449,44.531808
14.895516,44.531914
14.900067,44.532873
14.897905,44.532942
14.896028,44.530744
14.895214,44.532391
14.894032,44.531933
14.894284,44.530554
14.896574,44.529341
14.896751,44.529159
14.89903,44.530251
14.898972,44.530252
14.898469,44.530193
14.897931,44.530257
14.897278,44.529712
14.896175,44.530218
14.896457,44.529771
14.899366,44.531673
14.898487,44.531168
14.895113,44.529668
14.895225,44.52971
14.895262,44.530236
14.894633,44.530184
14.895218,44.531143
14.894928,44.530871
14.896412,44.530678
14.896287,44.530615
14.896007,44.530668
14.896777,44.53069
14.897799,44.530874
14.893725,44.531139
14.894247,44.530622
14.895481,44.530972
14.898865,44.532016
14.899185,44.532017
14.898697,44.531937
14.898554,44.53164
14.897632,44.532424
14.897731,44.5311
14.897338,44.530843
14.897764,44.531147
14.897913,44.531442
14.893973,44.531585
14.897966,44.532751
14.897879,44.532548
14.896514,44.532374
14.894236,44.531862
14.893531,44.531594
14.894237,44.531837
14.897475,44.530025
14.894207,44.531649
14.898574,44.532711
14.893858,44.53074
14.896748,44.528924
14.897435,44.532425
14.896766,44.531856
14.896256,44.530219
14.896357,44.532004
14.895517,44.531968
14.89551,44.531462
14.895164,44.532666
14.897401,44.532375
14.895953,44.532019
14.895446,44.531573
14.897911,44.532801
14.898041,44.529318
14.896695,44.530706
14.898721,44.532443
14.896737,44.531541
14.894919,44.532053
14.897965,44.532777
14.895218,44.532527
14.898788,44.52988
14.897912,44.532777
14.896667,44.531561
14.89874,44.532872
14.896749,44.529039
14.896751,44.529191
14.898972,44.530209
14.898596,44.530257
14.897459,44.530092
14.89746,44.530056
14.897952,44.530191
14.896422,44.530255
14.896592,44.530222
14.896254,44.530253
14.896746,44.530031
14.896551,44.529697
14.894866,44.529833
14.899418,44.531721
14.898815,44.531362
14.897469,44.529362
14.895459,44.530269
14.894837,44.529848
14.895205,44.530235
14.893524,44.531137
14.894968,44.531143
14.896521,44.529722
14.895958,44.529786
14.896229,44.530655
14.896774,44.530961
14.896348,44.530975
14.896414,44.531101
14.897791,44.530617
14.895539,44.530704
14.898021,44.530598
14.898555,44.531565
14.89888,44.531794
14.897627,44.531451
14.894786,44.529882
14.896324,44.530956
14.896344,44.529184
14.896698,44.531835
14.899019,44.532799
14.893856,44.531666
14.893888,44.531644
14.896025,44.532018
14.898567,44.532609
14.89473,44.532394
14.893828,44.531688
14.896697,44.531994
14.899667,44.532826
14.895257,44.529948
14.895513,44.531694
14.897732,44.530627
14.894966,44.532545
14.893659,44.531678
14.894993,44.531929
14.896738,44.531489
14.896193,44.531512
14.895483,44.532318
14.897472,44.532375
14.897859,44.52919
14.897276,44.531101
14.898774,44.532894
14.896669,44.531474
14.894936,44.532525
14.894229,44.532029
14.896528,44.529341
14.896351,44.529341
14.8992,44.530249
14.89892,44.530253
14.898557,44.530195
14.897452,44.530216
14.897995,44.529749
14.897452,44.529663
14.897764,44.530261
14.897374,44.529863
14.897843,44.529706
14.897275,44.530074
14.896752,44.529789
14.899548,44.531827
14.895172,44.529834
14.895387,44.529696
14.895227,44.529662
14.895332,44.529656
14.895169,44.529714
14.894768,44.529965
14.89517,44.531143
14.895162,44.530994
14.896027,44.529839
14.896114,44.530022
14.896173,44.530253
14.896128,44.530588
14.896119,44.530885
14.897396,44.531069
14.897878,44.531148
14.893562,44.531137
14.894239,44.530799
14.89548,44.530802
14.898003,44.530849
14.897841,44.530874
14.898554,44.5319
14.89797,44.532673
14.896467,44.531138
14.897384,44.530578
14.898027,44.531148
14.898015,44.530789
14.897232,44.531067
14.897862,44.531515
14.898768,44.532941
14.894727,44.531856
14.898667,44.532405
14.895364,44.531143
14.896736,44.531561
14.895985,44.53188
14.897633,44.532375
14.894764,44.532417
14.895514,44.53175
14.896735,44.531604
14.89466,44.532025
14.898808,44.532869
14.898869,44.532483
14.897964,44.532802
14.896669,44.531488
14.898027,44.532674
14.899237,44.532657
14.897495,44.529015
14.896598,44.530817
14.895484,44.532405
14.896136,44.53263
14.899045,44.532779
14.898708,44.532893
14.899085,44.530251
14.896766,44.531883
14.896766,44.531966
14.896697,44.532052
14.894987,44.531532
14.896176,44.532017
14.899235,44.532505
14.898023,44.532777
14.893697,44.53152
14.896074,44.532638
14.895287,44.532054
14.896305,44.529341
14.896752,44.529252
14.896749,44.529002
14.89675,44.529102
14.898769,44.530255
14.899139,44.530207
14.89847,44.530061
14.898532,44.530059
14.898516,44.529681
14.897323,44.530243
14.898036,44.530108
14.896745,44.529844
14.89639,44.529821
14.896126,44.529662
14.895531,44.529625
14.895022,44.530234
14.894692,44.52999
14.895278,44.529707
14.894748,44.530109
14.895112,44.529718
14.894235,44.530896
14.894242,44.530743
14.894261,44.53057
14.893753,44.530913
14.894883,44.531143
14.894955,44.53085
14.894857,44.530566
14.896626,44.530842
14.895906,44.530649
14.896126,44.530812
14.893698,44.530872
14.89548,44.530914
14.897951,44.531102
14.898489,44.531662
14.899093,44.532017
14.898553,44.53177
14.898555,44.531614
14.89911,44.532046
14.898707,44.532009
14.898017,44.530713
14.897679,44.53159
14.897482,44.531838
14.897737,44.531588
14.896044,44.531871
14.897923,44.531655
14.897914,44.53275
14.89544,44.532046
14.897511,44.532375
14.896766,44.531994
14.894988,44.531461
14.895312,44.529909
14.895216,44.532459
14.896546,44.528997
14.896073,44.530851
14.897902,44.532566
14.898459,44.532789
14.896669,44.531504
14.893944,44.531602
14.899109,44.532713
14.896159,44.531691
14.897511,44.532424
14.89796,44.532881
14.898965,44.534087
14.895445,44.531461
14.894987,44.531601
14.89654,44.530007
14.896766,44.531938
14.896449,44.532418
14.897753,44.529191
14.898655,44.532344
14.898702,44.532376
14.894234,44.531912
14.897484,44.530713
14.896416,44.531896
14.896166,44.529341
14.896749,44.528964
14.89675,44.529073
14.896751,44.529223
14.89675,44.52913
14.898596,44.53021
14.898686,44.530212
14.897843,44.529903
14.897454,44.529727
14.896746,44.530005
14.894811,44.529866
14.895392,44.530205
14.898409,44.531083
14.898633,44.531225
14.895523,44.530061
14.894788,44.529948
14.895206,44.530195
14.895357,44.529941
14.895213,44.529916
14.894768,44.530031
14.894927,44.531143
14.895272,44.530623
14.896018,44.530092
14.896424,44.530091
14.89483,44.530785
14.894927,44.530604
14.896343,44.530655
14.896268,44.530997
14.89623,44.53057
14.896392,44.531084
14.897231,44.5311
14.893799,44.530696
14.898909,44.532016
14.898624,44.531882
14.898673,44.531917
14.899146,44.532046
14.899266,44.532
14.898488,44.531742
14.899146,44.531987
14.898866,44.531986
14.897277,44.531068
14.897881,44.531101
14.89724,44.531949
14.89724,44.531983
14.898026,44.5327
14.894992,44.531954
14.896576,44.532342
14.896667,44.531541
14.896734,44.531626
14.894228,44.532065
14.896081,44.531433
14.895513,44.531635
14.895259,44.530867
14.897828,44.53251
14.898864,44.53244
14.897432,44.530862
14.898801,44.532437
14.893767,44.531472
14.895023,44.532577
14.89609,44.531112
14.893346,44.531469
14.897928,44.532514
14.897222,44.529702
14.898709,44.532936
14.899239,44.532561
14.897778,44.532474
14.893865,44.530995
14.896379,44.53251
14.896129,44.531139
14.897483,44.531958
14.89642,44.53184
14.89491,44.531666
14.898745,44.532407
14.896617,44.529341
14.896243,44.531556
14.895517,44.532904
14.898474,44.532478
14.897725,44.532702
14.896765,44.532022
14.898802,44.532916
14.899243,44.531621
14.896483,44.529341
14.896244,44.529083
14.89877,44.530211
14.898507,44.530244
14.898516,44.529881
14.898028,44.530187
14.897167,44.529712
14.896505,44.530221
14.896745,44.529878
14.896745,44.529816
14.896356,44.529846
14.895566,44.530184
14.897514,44.528987
14.89724,44.529222
14.897442,44.529071
14.895267,44.529878
14.895381,44.530037
14.894236,44.530864
14.895005,44.531143
14.896646,44.530597
14.895939,44.530672
14.896493,44.531079
14.894675,44.531052
14.899019,44.532075
14.898824,44.531759
14.898601,44.531863
14.898725,44.531955
14.896061,44.531023
14.897469,44.531137
14.897503,44.53107
14.89726,44.53074
14.898019,44.530669
14.897231,44.531134
14.897483,44.531921
14.899186,44.531579
14.899292,44.530251
14.898022,44.532802
14.898629,44.532666
14.894789,44.531867
14.896248,44.53205
14.897778,44.532403
14.897759,44.529323
14.898943,44.532075
14.897206,44.532016
14.898619,44.532371
14.894,44.531564
14.898951,44.532826
14.897851,44.529369
14.894679,44.532344
14.894016,44.531141
14.896357,44.531635
14.897961,44.532854
14.899744,44.533143
14.894941,44.532024
14.899176,44.532655
14.895311,44.531494
14.899306,44.533072
14.893378,44.531486
14.894968,44.532006
14.894003,44.53191
14.896732,44.531688
14.894743,44.531003
14.895213,44.532324
14.897252,44.528913
14.899277,44.530206
14.895449,44.531752
14.895174,44.531679
14.896756,44.528861
14.895981,44.529341
14.898466,44.530117
14.898531,44.530168
14.897843,44.530212
14.897992,44.530244
14.898034,44.530032
14.899495,44.531772
14.898945,44.531444
14.895464,44.530099
14.894663,44.530077
14.89533,44.529703
14.895424,44.530071
14.893932,44.531141
14.893852,44.53114
14.893768,44.531139
14.894231,44.530994
14.893974,44.531141
14.894233,44.53093
14.895079,44.531143
14.896377,44.530758
14.896686,44.530903
14.896343,44.53105
14.897843,44.531101
14.898016,44.530764
14.897356,44.531069
14.893602,44.531138
14.894005,44.530848
14.89548,44.530884
14.897756,44.530873
14.898554,44.531714
14.898771,44.531721
14.899109,44.531987
14.897473,44.532424
14.897989,44.531102
14.897989,44.531148
14.897241,44.53191
14.893873,44.531824
14.896137,44.531472
14.894828,44.532043
14.896738,44.531505
14.898657,44.532928
14.89791,44.532827
14.898533,44.53257
14.894833,44.532461
14.895344,44.532794
14.896364,44.531893
14.895952,44.532058
14.897482,44.531795
14.894684,44.531666
14.897951,44.532532
14.895484,44.532373
14.895977,44.530966
14.898679,44.532914
14.8963,44.531596
14.896107,44.532587
14.897666,44.532665
14.897968,44.5327
14.894768,44.531671
14.893917,44.531623
14.89632,44.532048
14.897988,44.531653
14.893688,44.531701
14.899053,44.532366
14.899324,44.531672
14.898971,44.532379
14.89759,44.532375
14.899205,44.532585
14.896249,44.532016
14.896697,44.531965
14.899909,44.532966
14.894993,44.531904
14.895512,44.531572
14.899,44.532405
14.898918,44.53021
14.898716,44.52988
14.898856,44.529881
14.898583,44.529881
14.899029,44.530209
14.897458,44.530168
14.89738,44.530255
14.897271,44.530242
14.897948,44.529896
14.896747,44.530143
14.895021,44.530194
14.899042,44.531493
14.897473,44.529045
14.895517,44.530201
14.894914,44.530193
14.895526,44.529669
14.895279,44.529659
14.8941,44.531142
14.894238,44.530832
14.894229,44.531025
14.896319,44.529866
14.896489,44.529745
14.89669,44.530991
14.896632,44.530662
14.896606,44.530571
14.895991,44.530722
14.895977,44.530785
14.896168,44.531163
14.896445,44.531043
14.897766,44.531101
14.894709,44.53103
14.898488,44.531769
14.898019,44.530647
14.897208,44.530703
14.897174,44.530727
14.897738,44.531448
14.897482,44.532072
14.897923,44.531513
14.897988,44.531581
14.895483,44.53288
14.897756,44.532457
14.893408,44.531511
14.895244,44.531679
14.89871,44.530534
14.896062,44.532732
14.897963,44.532827
14.896766,44.531818
14.893936,44.531869
14.897729,44.529705
14.896698,44.531818
14.898688,44.53295
14.894233,44.53194
14.895486,44.532469
14.894672,44.531866
14.894232,44.53197
14.895451,44.531909
14.896314,44.532016
14.895487,44.532553
14.896739,44.531458
14.897827,44.532439
14.893969,44.531893
14.897173,44.531868
14.895171,44.531494
14.897988,44.53151
14.897304,44.532425
14.896666,44.531603
14.89907,44.53276
14.89927,44.532584
14.896208,44.529341
14.896059,44.529341
14.895942,44.529341
14.897976,44.530157
14.897975,44.530028
14.89791,44.530201
14.897294,44.529873
14.896747,44.530117
14.896592,44.530257
14.895322,44.530196
14.895223,44.529847
14.897353,44.528912
14.895415,44.53027
14.894708,44.52998
14.895171,44.529884
14.894695,44.530142
14.894745,44.530042
14.895335,44.53058
14.895002,44.530819
14.896424,44.529796
14.896504,44.530256
14.89605,44.530068
14.89642,44.531027
14.895976,44.53064
14.896716,44.530645
14.896367,44.531068
14.896371,44.530992
14.897436,44.53107
14.897395,44.531103
14.897803,44.531101
14.89789,44.530875
14.894243,44.530715
14.899184,44.531987
14.898556,44.531538
14.898554,44.531687
14.898489,44.531687
14.898655,44.53197
14.897916,44.532699
14.897851,44.532456
14.898027,44.531102
14.897502,44.531137
14.897371,44.530819
14.897241,44.531869
14.898021,44.532828
14.896735,44.531582
14.898555,44.531589
14.896766,44.531835
14.89802,44.532855
14.897483,44.531882
14.896176,44.532052
14.895352,44.532054
14.895239,44.530648
14.897458,44.529788
14.894995,44.531821
14.896367,44.531838
14.897902,44.532495
14.896704,44.531436
14.898785,44.532477
14.894975,44.531666
14.895486,44.532498
14.896512,44.532421
14.894864,44.532043
14.894758,44.530733
14.898936,44.531829
14.898539,44.53269
14.898924,44.532414
14.898739,44.532919
14.897173,44.531909
14.898875,44.53287
14.896074,44.531687
14.899084,44.530208
14.8992,44.530207
14.897977,44.530098
14.897473,44.529999
14.897217,44.529868
14.89546,44.529629
14.899285,44.531622
14.898891,44.531402
14.898985,44.531444
14.897371,44.52931
14.897335,44.529149
14.895301,44.529979
14.895399,44.52997
14.894232,44.530964
14.893913,44.530782
14.894834,44.531137
14.895121,44.531143
14.895304,44.5306
14.896526,44.531142
14.895908,44.53059
14.896215,44.531127
14.897317,44.531102
14.897355,44.531135
14.89548,44.530828
14.897941,44.53089
14.897276,44.531134
14.899226,44.532
14.898865,44.532046
14.89849,44.531565
14.89863,44.531952
14.898681,44.531989
14.897967,44.532724
14.898017,44.530739
14.897801,44.531446
14.896177,44.532358
14.897366,44.532375
14.894699,44.532038
14.898578,44.532658
14.895006,44.530659
14.895497,44.532021
14.895515,44.531808
14.895451,44.531948
14.895928,44.531868
14.895231,44.532713
14.897312,44.531825
14.899817,44.532713
14.893502,44.531574
14.894248,44.531619
14.89596,44.531611
14.896446,44.532468
14.894235,44.531886
14.895244,44.531494
14.898025,44.532725
14.899511,44.532965
14.899279,44.532536
14.894742,44.532043
14.896078,44.532677
14.894903,44.532504
14.898437,44.532505
14.898487,44.532541
14.899175,44.53256
14.895412,44.532009
14.896765,44.532052
14.895253,44.53185
14.893843,44.531803
14.89598,44.532508
14.894995,44.532561
14.897613,44.53262
14.895945,44.53253
14.896257,44.532473
14.897336,44.532425
14.896583,44.529675
14.896286,44.529142
14.897929,44.529846
14.898047,44.529682
14.89722,44.530065
14.896746,44.529946
14.896746,44.529913
14.895322,44.530236
14.898408,44.531155
14.895372,44.53027
14.894725,44.530059
14.894686,44.530061
14.894723,44.530124
14.895392,44.529651
14.894047,44.530881
14.893892,44.53114
14.89512,44.530968
14.896285,44.530694
14.896731,44.530929
14.896682,44.530622
14.896748,44.530668
14.896175,44.531101
14.896469,44.531061
14.897434,44.531136
14.897435,44.531103
14.89773,44.531147
14.894248,44.530593
14.894801,44.530962
14.89548,44.530856
14.897917,44.531101
14.898577,44.531845
14.898553,44.531742
14.899044,44.532046
14.898604,44.531935
14.897467,44.530935
14.89743,44.530616
14.898063,44.531148
14.897626,44.531523
14.897681,44.531449
14.896665,44.531625
14.898751,44.531977
14.89621,44.532383
14.896259,44.532421
14.896196,44.532425
14.89356,44.531613
14.893471,44.531551
14.896697,44.531911
14.894052,44.531526
14.898021,44.529854
14.897909,44.532854
14.895447,44.531637
14.896001,44.53257
14.895488,44.532616
14.896099,44.53057
14.894184,44.53169
14.89636,44.53195
14.895378,44.532812
14.897876,44.532475
14.896081,44.530043
14.898527,44.532515
14.896121,44.532686
14.897313,44.531754
14.894841,44.531671
14.896666,44.531582
14.897915,44.532723
14.89776,44.529371
14.895253,44.531817
14.898709,44.530602
14.897959,44.532911
14.894967,44.530193
14.896697,44.532022
14.896664,44.531646
14.895197,44.532693
14.896018,44.531056
14.894027,44.531545
14.898943,44.532447
14.897369,44.529359
14.895097,44.530925
14.89602,44.529341
14.897982,44.52982
14.897996,44.52968
14.896392,44.530061
14.896195,44.529708
14.895143,44.530235
14.89538,44.530234
14.895143,44.530194
14.89747,44.529313
14.897375,44.52912
14.894967,44.530234
14.895205,44.530671
14.895219,44.53084
14.894895,44.530895
14.896145,44.529997
14.896243,44.529926
14.896294,44.531014
14.896023,44.530817
14.896173,44.530845
14.896317,44.531032
14.896438,44.531118
14.896772,44.531043
14.896017,44.530994
14.89747,44.531104
14.894699,44.530693
14.895104,44.530744
14.895481,44.531031
14.89548,44.530777
14.897968,44.530868
14.898913,44.531986
14.898529,44.53188
14.898999,44.532017
14.897549,44.532424
14.897501,44.530912
14.897801,44.531517
14.898052,44.531508
14.897862,44.531585
14.898052,44.531579
14.893624,44.531657
14.89773,44.532437
14.894111,44.531484
14.899611,44.533247
14.894995,44.531848
14.896739,44.531474
14.895448,44.531695
14.896575,44.532376
14.894064,44.531956
14.895446,44.531511
14.895287,44.532011
14.897482,44.532112
14.896663,44.531688
14.897173,44.531949
14.896315,44.532509
14.896697,44.531938
14.897841,44.531147
14.896381,44.532459
14.895485,44.532438
14.897335,44.532376
14.897313,44.531789
14.8947,44.532369
14.894991,44.531985
14.897803,44.532491
14.897304,44.532376
14.897946,44.529367
14.894144,44.531464
14.899115,44.531533
14.897961,44.531441
14.897391,44.53179
14.897208,44.531831
14.897208,44.531796
14.897208,44.531757
14.898909,44.532046
14.898953,44.532046
14.897364,44.530017
14.898697,44.533658
14.899126,44.53323
14.898931,44.533378
14.899956,44.534704
14.900439,44.534331
14.897127,44.531639
14.899522,44.530321
14.898027,44.531443
14.895491,44.530124
14.895553,44.530081
14.897391,44.531826
14.897738,44.531519
14.898019,44.532882
14.896205,44.528591
14.899889,44.533869
14.890045,44.555158
15.417692,44.517161
15.704508,44.766996
15.65181,44.790055
15.721936,44.735708
14.878377,44.564555
14.878493,44.564399
15.690714,44.761697
15.690934,44.761791
15.691161,44.761953
15.962818,44.552381
15.236071,44.643058
15.226483,44.645358
15.223161,44.646311
15.225967,44.633116
15.225868,44.634174
15.228334,44.6344
15.238431,44.634659
15.24168,44.636774
15.241555,44.635038
15.23713,44.631812
15.24975,44.623273
15.221334,44.634637
15.221191,44.634824
15.21992,44.636984
15.21844,44.632844
15.207183,44.632304
15.258117,44.636453
15.249765,44.639816
15.248517,44.637338
15.180048,44.526474
15.174184,44.526542
15.168867,44.527411
15.14329,44.532898
15.148121,44.537723
15.150463,44.539006
15.503528,44.437507
15.502505,44.437837
15.502202,44.438676
15.515258,44.429184
15.188396,44.647273
15.192526,44.648001
15.192993,44.64872
15.192722,44.65083
15.191918,44.651748
15.197162,44.649238
15.199866,44.646735
15.198019,44.646157
15.196937,44.646165
15.192868,44.645453
15.190911,44.644046
15.194965,44.647008
15.1883,44.642467
15.175856,44.650569
15.258628,44.756721
15.258413,44.757322
15.258057,44.75743
15.254169,44.759046
15.253067,44.759225
15.251999,44.759676
15.25126,44.759853
15.253151,44.761084
15.250311,44.760546
15.249389,44.760605
15.248886,44.760315
15.248516,44.760165
15.248731,44.761163
15.247685,44.76014
15.247234,44.760215
15.246125,44.760247
15.245356,44.760601
15.244348,44.761013
15.24301,44.761349
15.242465,44.761487
15.226346,44.765254
15.219833,44.765854
15.217778,44.765982
15.205669,44.770076
15.194393,44.770594
15.194241,44.774227
15.192518,44.773988
15.19143,44.772485
15.190628,44.773079
15.188347,44.774495
15.18724,44.773087
15.155296,44.778701
15.145078,44.776624
15.15098,44.779072
15.27317,44.741377
15.269288,44.744615
15.26888,44.745918
15.268916,44.746425
15.268223,44.747927
15.266583,44.748529
15.265581,44.748808
15.25879,44.749102
15.258043,44.748841
15.257272,44.749064
15.261408,44.751944
15.262859,44.752238
15.204151,44.626402
15.194767,44.619599
15.191312,44.620202
15.198672,44.618463
15.189579,44.621417
15.189681,44.622444
15.19772,44.632455
15.197996,44.634319
15.196528,44.635889
15.196144,44.635864
15.295465,44.632532
15.296256,44.632541
15.295757,44.631912
15.297835,44.631812
15.298454,44.634913
15.293627,44.638703
15.29387,44.638451
15.293972,44.637959
15.301652,44.638182
15.304172,44.642007
15.29913,44.643055
15.303895,44.643944
15.304442,44.642851
15.314076,44.635518
15.309583,44.62936
15.305405,44.629519
15.567861,44.429677
15.567311,44.427777
15.570012,44.427154
15.52644,44.421393
15.532955,44.414027
15.423626,44.603448
15.423934,44.603871
15.422778,44.6034
15.422392,44.603181
15.423096,44.603956
15.423072,44.604129
15.410939,44.597907
15.4106,44.596906
15.410415,44.596667
15.410236,44.596383
15.410118,44.596282
15.405958,44.622332
15.406339,44.622698
15.406465,44.622599
15.406873,44.622275
15.40648,44.621625
15.406901,44.621452
15.407171,44.622004
15.407465,44.621504
15.407803,44.620051
15.40887,44.620578
15.408223,44.619424
15.409287,44.619123
15.408702,44.618997
15.409912,44.618542
15.409349,44.617928
15.410127,44.617402
15.410133,44.616723
15.411678,44.615832
15.412508,44.615677
15.411948,44.615266
15.411675,44.614792
15.412384,44.61429
15.412486,44.61416
15.412495,44.61391
15.412855,44.613768
15.412959,44.61356
15.4133,44.613353
15.412214,44.613225
15.412115,44.612334
15.411716,44.611864
15.411046,44.611904
15.409534,44.611582
15.408691,44.61136
15.40791,44.611579
15.407733,44.611726
15.408307,44.611364
15.411854,44.611577
15.411408,44.611595
15.4127,44.611151
15.41282,44.610242
15.413241,44.610512
15.413671,44.610236
15.413362,44.610181
15.413727,44.609879
15.412752,44.609762
15.412947,44.609478
15.413792,44.609604
15.414642,44.609567
15.413257,44.609251
15.413791,44.608915
15.413149,44.608985
15.412568,44.608448
15.413449,44.60847
15.413608,44.608202
15.413449,44.607943
15.413538,44.607763
15.413722,44.607754
15.41382,44.607756
15.413488,44.607433
15.412708,44.607025
15.41372,44.607295
15.413853,44.606615
15.413349,44.606523
15.414063,44.606048
15.413664,44.605761
15.41325,44.604281
15.412528,44.604025
15.412341,44.603869
15.411641,44.603565
15.410405,44.603063
15.40821,44.599748
15.408088,44.599543
15.40679,44.599556
15.406128,44.600143
15.405824,44.599788
15.405587,44.597778
15.40439,44.59653
15.405297,44.596395
15.4056,44.595881
15.405908,44.595421
15.423983,44.60398
15.424472,44.603997
15.423922,44.604287
15.424436,44.604328
15.424281,44.605046
15.422184,44.604685
15.422283,44.603986
15.422609,44.604713
15.423021,44.604742
15.422738,44.604253
15.42344,44.604772
15.423346,44.60429
15.423849,44.604801
15.424518,44.604735
15.425013,44.604408
15.424974,44.604946
15.425488,44.604473
15.425515,44.604893
15.425709,44.604487
15.425954,44.604502
15.426501,44.604836
15.426565,44.604489
15.427069,44.604521
15.42724,44.604275
15.427691,44.604426
15.427522,44.604048
15.427976,44.604246
15.428359,44.604065
15.428689,44.603933
15.426841,44.603818
15.427252,44.603644
15.428076,44.603286
15.424204,44.602122
15.42414,44.602801
15.423803,44.602269
15.423683,44.602694
15.423406,44.602241
15.423469,44.602679
15.422811,44.602248
15.42301,44.602783
15.422547,44.602627
15.41488,44.604929
15.41525,44.605099
15.418728,44.605706
15.417059,44.605084
15.419979,44.606016
15.420185,44.606055
15.42057,44.606332
15.421788,44.606244
15.422169,44.606272
15.422336,44.606282
15.423677,44.606371
15.425343,44.606483
15.426074,44.6066
15.427687,44.606593
15.428743,44.606588
15.429,44.60658
15.421536,44.596469
15.423522,44.597115
15.425878,44.594986
15.426513,44.593565
15.426996,44.593579
15.424234,44.599783
15.423984,44.599735
15.256908,44.73482
15.238101,44.742381
15.223139,44.747984
15.185324,44.760792
15.185183,44.760318
15.172625,44.651166
15.506161,44.456581
15.507282,44.455748
15.509756,44.455982
15.5071,44.454823
15.506661,44.454325
15.506819,44.454467
15.49847,44.451083
15.499809,44.449954
15.499259,44.45047
15.495621,44.449993
15.49712,44.451105
15.501926,44.44737
15.510488,44.450361
15.525773,44.440023
15.524533,44.441078
15.524339,44.441195
15.52366,44.44172
15.521253,44.446585
15.519776,44.447065
15.546873,44.427341
15.540973,44.425662
15.552833,44.43626
15.536633,44.441555
15.521715,44.455071
15.523973,44.455278
15.62119,44.483422
15.617934,44.486761
15.611961,44.49102
15.610892,44.490329
15.591582,44.489172
15.577016,44.500035
15.573873,44.49537
15.590999,44.500658
15.58844,44.500452
15.584611,44.504969
15.570883,44.498088
15.572703,44.498118
15.570863,44.496074
15.567661,44.500072
15.557605,44.503811
15.558578,44.501143
15.563782,44.510524
15.556135,44.510359
15.558952,44.509255
15.398473,44.603677
15.397978,44.603878
15.397877,44.604442
15.396864,44.604706
15.39647,44.604805
15.395217,44.605057
15.393221,44.604904
15.38568,44.604029
15.385592,44.603457
15.385869,44.603207
15.384713,44.601852
15.385497,44.609652
15.385294,44.609697
15.380357,44.612424
15.380481,44.612624
15.367244,44.615891
15.365983,44.61749
15.362851,44.617277
15.356597,44.620125
15.347124,44.622302
15.447004,44.572287
15.449328,44.570859
15.450429,44.569639
15.452777,44.566682
15.285193,44.624883
15.282261,44.627084
15.273914,44.625281
15.273625,44.623332
15.271964,44.621683
15.270258,44.619158
15.280056,44.615925
15.2827,44.613948
15.290542,44.616495
15.309086,44.606459
15.309503,44.606709
15.305918,44.60256
15.306693,44.601101
15.306898,44.6009
15.31027,44.603189
15.309343,44.59914
15.308547,44.599052
15.312071,44.595682
15.539238,44.519254
15.535597,44.513376
15.539,44.511146
15.53819,44.511698
15.539767,44.513213
15.544616,44.508407
15.450015,44.445871
15.480699,44.458343
15.489769,44.457559
15.475098,44.450504
15.470289,44.450037
15.463188,44.449944
15.461998,44.443252
15.208774,44.652086
15.203645,44.653535
15.203634,44.654695
15.199013,44.658055
15.196995,44.658339
15.172608,44.641362
15.171817,44.641807
15.171406,44.637073
15.1834,44.638201
15.182526,44.641235
15.182523,44.641548
15.186692,44.641563
15.186895,44.641517
15.191086,44.639732
15.288541,44.589696
15.285787,44.591606
15.286116,44.597229
15.282058,44.599717
15.280139,44.59796
15.279223,44.597349
15.277843,44.594252
15.275161,44.601976
15.269815,44.605346
15.29345,44.495294
15.296104,44.493906
15.296164,44.493582
15.298935,44.492276
15.303169,44.491306
15.317155,44.564775
15.321972,44.563794
15.319456,44.561529
15.319237,44.560641
15.320435,44.559765
15.319535,44.560095
15.319699,44.560035
15.320267,44.559925
15.324681,44.562734
15.323911,44.562653
15.335247,44.557585
15.339485,44.556193
15.343531,44.555194
15.344656,44.555328
15.344839,44.556572
15.344863,44.555262
15.345072,44.555238
15.34579,44.55506
15.341061,44.555427
15.341733,44.555588
15.342976,44.555533
15.339941,44.555664
15.345879,44.554717
15.346369,44.554653
15.346745,44.554965
15.347506,44.554753
15.346599,44.554972
15.346934,44.554562
15.34942,44.55638
15.349054,44.555655
15.348745,44.555039
15.348365,44.555075
15.348826,44.55584
15.34971,44.557174
15.349381,44.557344
15.349639,44.556872
15.349533,44.556558
15.348409,44.554231
15.34897,44.554426
15.348577,44.554528
15.350826,44.553968
15.349485,44.554541
15.348774,44.552635
15.346103,44.552308
15.326586,44.549376
15.324245,44.548701
15.323756,44.549044
15.324001,44.54922
15.32019,44.559065
15.313957,44.555582
15.303598,44.555222
15.303814,44.555928
15.303423,44.556521
15.302008,44.558437
15.30235,44.558528
15.301798,44.55817
15.300021,44.5578
15.287625,44.558696
15.300371,44.562901
15.298059,44.565695
15.303929,44.575415
15.310695,44.574542
15.309934,44.577235
15.306111,44.568907
15.307136,44.567811
15.310068,44.567585
15.310303,44.567408
15.31176,44.566413
15.312207,44.566086
15.311748,44.566085
15.312621,44.565846
15.312447,44.565658
15.317397,44.573427
15.314458,44.574921
15.316526,44.576749
15.321838,44.577333
15.325433,44.577778
15.326206,44.577262
15.327984,44.579988
15.327554,44.580504
15.335492,44.578153
15.36546,44.578318
15.366269,44.577002
15.367407,44.577591
15.36785,44.576739
15.36094,44.564255
15.360166,44.5623
15.357027,44.563257
15.354427,44.563733
15.354684,44.564071
15.381386,44.585024
15.448256,44.612605
15.45525,44.615801
15.454961,44.617863
15.457551,44.614653
15.457411,44.614245
15.457619,44.613232
15.462725,44.614721
15.458756,44.605496
15.450807,44.59844
15.451308,44.598461
15.452639,44.62066
15.477917,44.623357
15.479472,44.623177
15.26656,44.646706
15.266517,44.650274
15.258622,44.645626
15.258396,44.645191
15.261084,44.641318
15.259929,44.642206
15.265893,44.64134
15.343747,44.590769
15.337736,44.596294
15.338095,44.596617
15.343148,44.595997
15.344724,44.596492
15.336026,44.62278
15.336344,44.622988
15.334351,44.626244
15.154492,44.654454
15.148395,44.654784
15.1394,44.660133
15.139202,44.660885
15.150717,44.658309
15.123992,44.683905
15.123998,44.685786
15.127219,44.684117
15.129066,44.683776
15.158718,44.695451
15.159015,44.695706
15.282711,44.631578
15.284531,44.631071
15.279528,44.631556
15.27618,44.631876
15.274689,44.631866
15.272914,44.631946
15.511382,44.527861
15.514683,44.531384
15.512562,44.540557
15.502812,44.546213
15.502066,44.541818
15.503147,44.527242
15.499082,44.527275
15.51576,44.519935
15.251926,44.504053
15.399317,44.585947
15.409344,44.611322
15.240948,44.583053
15.236088,44.596484
15.452527,44.57227
15.399528,44.583421
15.256843,44.503907
15.397186,44.588745
15.391976,44.586055
15.245367,44.574802
15.52237,44.438998
15.27171,44.500056
15.277699,44.499345
15.5044,44.521905
15.414169,44.605616
15.399133,44.586539
15.239945,44.587645
15.396606,44.588294
15.260895,44.503412
15.395128,44.58528
15.260239,44.503437
15.268073,44.500824
15.398957,44.582431
15.235699,44.505483
15.342038,44.555537
15.257525,44.503737
15.185996,44.641688
15.174966,44.648531
15.398803,44.582847
15.309435,44.490944
15.410119,44.601887
15.366343,44.575579
15.18991,44.621443
15.276679,44.499008
15.275416,44.498683
15.399172,44.586278
15.186506,44.772931
15.418233,44.60573
15.395458,44.58823
15.240039,44.584308
15.399411,44.58419
15.271239,44.501375
15.289864,44.499239
15.25411,44.505315
15.398631,44.582503
15.248931,44.759909
15.316577,44.577648
15.241891,44.590789
15.401612,44.593645
15.313732,44.565792
15.243902,44.582153
15.265932,44.502427
15.264145,44.503091
15.17588,44.526377
15.454739,44.614782
15.271212,44.500191
15.240398,44.598659
15.427236,44.606562
15.395154,44.588049
15.267826,44.501754
15.276928,44.499284
15.399025,44.583473
15.546056,44.509273
15.231934,44.594297
15.240963,44.582685
15.240275,44.584405
15.355458,44.563472
15.243859,44.504658
15.245747,44.59472
15.243443,44.761163
15.225744,44.643052
15.396377,44.588298
15.258025,44.645341
15.353396,44.581214
15.250313,44.572339
15.398648,44.581845
15.241876,44.504253
15.249762,44.5044
15.266931,44.502022
15.277859,44.498927
15.244854,44.579029
15.455466,44.614853
15.291935,44.590034
15.399227,44.583926
15.180536,44.524082
15.501036,44.526297
15.396694,44.582306
15.455712,44.617014
15.423584,44.604304
15.425007,44.601921
15.426361,44.602847
15.424606,44.606099
15.430665,44.606321
15.423904,44.606392
15.424207,44.606402
15.424702,44.606495
15.426743,44.606523
15.428549,44.606598
15.414296,44.604688
15.418467,44.605692
15.419555,44.605919
15.41979,44.60598
15.421398,44.606194
15.422539,44.606292
15.423043,44.606324
15.423305,44.606351
15.253779,44.505051
15.25434,44.503782
15.235051,44.503774
15.265498,44.502647
15.279804,44.499376
15.279187,44.499349
15.278153,44.498801
15.27223,44.499786
15.266586,44.748295
15.110338,44.579758
15.179746,44.526337
15.179574,44.526279
15.179384,44.526035
15.161223,44.527589
15.148506,44.538064
15.148946,44.537752
15.150295,44.536717
15.148709,44.536759
15.161357,44.538293
15.163693,44.539734
15.161616,44.538448
15.165804,44.543271
15.366003,44.575715
15.124622,44.56329
15.238194,44.741942
15.340757,44.735186
15.268496,44.745371
15.261865,44.750036
15.258175,44.750407
15.262545,44.752803
15.244507,44.75886
15.227131,44.764934
15.216536,44.766332
15.216317,44.766299
15.195815,44.769723
15.191411,44.772116
15.196184,44.770228
15.185663,44.778857
15.188475,44.779704
15.18841,44.779244
15.18353,44.780337
15.183179,44.780473
15.183106,44.780562
15.522273,44.522019
15.368271,44.616173
15.367944,44.615919
15.364019,44.616372
15.362066,44.617148
15.39736,44.60426
15.396774,44.604174
15.387635,44.607949
15.384036,44.610584
15.372694,44.613464
15.309866,44.631221
15.308615,44.644894
15.311988,44.644117
15.313158,44.642574
15.301788,44.63907
15.30195,44.638972
15.325243,44.638936
15.321972,44.633587
15.31551,44.633163
15.291567,44.638855
15.29699,44.636282
15.299315,44.636963
15.303685,44.641635
15.303018,44.642139
15.299177,44.642818
15.298846,44.644662
15.309941,44.606671
15.311298,44.598459
15.311294,44.598629
15.311232,44.599464
15.287853,44.630282
15.279492,44.631401
15.505043,44.526252
15.505521,44.532462
15.505768,44.534978
15.511016,44.532271
15.509972,44.528926
15.511082,44.527914
15.504798,44.521968
15.505349,44.534066
15.505386,44.533073
15.509953,44.538305
15.510414,44.540694
15.505927,44.53604
15.498306,44.541672
15.50024,44.541103
15.503076,44.539982
15.506313,44.538
15.503862,44.537197
15.505533,44.536291
15.505182,44.535572
15.504771,44.530073
15.50472,44.529456
15.501751,44.52655
15.501109,44.529688
15.502531,44.529352
15.49727,44.529506
15.496966,44.529664
15.498539,44.529201
15.501808,44.521062
15.500892,44.526241
15.497612,44.527335
15.496839,44.528925
15.49553,44.52902
15.494821,44.529125
15.450444,44.599815
15.452505,44.60877
15.463905,44.608134
15.452504,44.619789
15.474724,44.623903
15.480177,44.622566
15.440476,44.625846
15.530922,44.516019
15.450392,44.549816
15.435503,44.574225
15.44953,44.569236
15.453299,44.562609
15.444508,44.572915
15.452955,44.560828
15.426281,44.600932
15.31417,44.587004
15.51448,44.43457
15.512805,44.431809
15.528675,44.421914
15.398763,44.590046
15.395004,44.5881
15.393733,44.586989
15.395212,44.586806
15.39943,44.585147
15.394792,44.582354
15.396644,44.57819
15.408971,44.618657
15.411209,44.615778
15.411911,44.61621
15.409306,44.611624
15.408977,44.61131
15.412643,44.610461
15.412722,44.607441
15.413826,44.60706
15.413573,44.606068
15.23898,44.585374
15.245297,44.58434
15.247138,44.578842
15.250436,44.579889
15.25466,44.576601
15.403003,44.60339
15.40711,44.598605
15.408452,44.600718
15.411145,44.603699
15.414002,44.604604
15.567334,44.427282
15.504937,44.453841
15.519444,44.446935
15.530973,44.444189
15.508004,44.455868
15.535141,44.430657
15.269459,44.606239
15.283983,44.599081
15.283594,44.59926
15.285929,44.593137
15.289646,44.590113
15.271741,44.617128
15.340769,44.591676
15.439943,44.463664
15.591926,44.488121
15.591434,44.488171
15.593506,44.489709
15.591205,44.500109
15.579813,44.503058
15.577422,44.499711
15.590963,44.489439
15.571566,44.498096
15.572384,44.501009
15.569218,44.501269
15.555134,44.507735
15.550587,44.506908
15.198944,44.618375
15.198306,44.622974
15.204851,44.630272
15.197436,44.632372
15.198536,44.634637
15.187435,44.640815
15.189047,44.642179
15.174719,44.640138
15.190972,44.651679
15.164185,44.650531
15.171548,44.647077
15.218152,44.632809
15.218605,44.636419
15.233743,44.633844
15.226145,44.634152
15.238125,44.634748
15.229065,44.634902
15.235203,44.643683
15.221791,44.646857
15.198446,44.656199
15.198325,44.656242
15.191776,44.65741
15.366975,44.577044
15.388121,44.581952
15.353099,44.584763
15.353073,44.584498
15.346891,44.587615
15.316693,44.575486
15.322855,44.577189
15.335808,44.578466
15.356775,44.563355
15.359553,44.562478
15.506935,44.444718
15.312917,44.587389
15.314287,44.587253
15.311696,44.588092
15.299473,44.576335
15.312064,44.554197
15.306495,44.554151
15.313782,44.555645
15.324346,44.548229
15.333808,44.557713
15.348488,44.555194
15.345666,44.55241
15.336102,44.556274
15.332312,44.557853
15.332323,44.559037
15.328088,44.561225
15.323406,44.562479
15.424706,44.596352
15.42492,44.596098
15.425037,44.595761
15.148165,44.654891
15.150458,44.653607
15.126772,44.683983
15.316406,44.728987
15.326748,44.57733
15.334065,44.556761
15.517378,44.417933
15.517941,44.418016
15.445178,44.448625
15.258837,44.503628
15.293994,44.622668
15.154763,44.651097
15.311092,44.575635
15.191035,44.657464
15.591437,44.493358
15.359233,44.565153
15.36103,44.568328
15.360027,44.56895
15.359661,44.56925
15.250902,44.634066
15.26845,44.747625
15.189836,44.773003
15.509928,44.455591
15.310588,44.57695
15.189085,44.647104
15.476933,44.623725
15.514269,44.434622
15.514584,44.434393
15.297625,44.634874
15.293071,44.495862
15.297349,44.633823
15.200463,44.655872
15.53725,44.429954
15.323685,44.577553
15.297733,44.633826
15.297727,44.634111
15.297542,44.6344
15.297656,44.635042
15.297546,44.633645
15.523609,44.441551
15.308788,44.490991
15.312818,44.557303
15.352217,44.621038
15.35228,44.62127
15.339604,44.621157
15.40014,44.585703
15.518075,44.434221
15.241888,44.506286
15.182517,44.641684
15.258182,44.636895
15.342898,44.555709
15.251414,44.504275
15.310748,44.600587
15.31625,44.564924
15.446388,44.572685
15.22404,44.634838
15.601349,44.462358
15.603366,44.462102
15.275461,44.498791
15.314335,44.560848
15.34713,44.621969
15.56843,44.500972
15.252825,44.504146
15.262194,44.624126
15.174512,44.639065
15.426064,44.600502
15.322039,44.637781
15.229264,44.644355
15.399203,44.584332
15.407013,44.621341
15.279552,44.634531
15.306982,44.554149
15.558718,44.500998
15.260303,44.6418
15.260368,44.641914
15.44214,44.598856
15.292953,44.588946
15.291948,44.620507
15.292216,44.620368
15.291366,44.621378
15.293876,44.624255
15.291942,44.621183
15.291484,44.620962
15.241899,44.591592
15.328342,44.549428
15.511533,44.450891
15.562751,44.502821
15.246434,44.593439
15.31071,44.559614
15.357695,44.616635
15.357709,44.616614
15.345956,44.622324
15.545483,44.426609
15.178968,44.526812
15.395357,44.604594
15.265412,44.502246
15.254556,44.576907
15.25436,44.576999
15.254291,44.576432
15.423409,44.599672
15.527144,44.409944
15.526077,44.409819
15.273824,44.499759
15.167061,44.525907
15.418993,44.605827
15.453283,44.562836
15.239734,44.594274
15.266718,44.502194
15.271613,44.499382
15.41493,44.605358
15.303189,44.555453
15.411753,44.604037
15.555936,44.510147
15.556522,44.510387
15.203872,44.655052
15.428186,44.60227
15.230279,44.763993
15.297822,44.568341
15.270227,44.61896
15.1736,44.527229
15.397546,44.578343
15.215935,44.633512
15.19335,44.758194
15.299597,44.576264
15.324025,44.547833
15.324064,44.547789
15.502179,44.523113
15.422524,44.604241
15.426098,44.604976
15.39411,44.58202
15.323497,44.563266
15.31727,44.564716
15.317009,44.56477
15.317983,44.564148
15.318574,44.564469
15.318457,44.563092
15.319425,44.5639
15.322084,44.563382
15.323381,44.562921
15.323025,44.563412
15.319691,44.560748
15.325085,44.562145
15.328798,44.560727
15.328681,44.560257
15.330017,44.559699
15.329859,44.560303
15.332653,44.558907
15.333408,44.558066
15.333915,44.556857
15.336816,44.556183
15.340032,44.556139
15.340921,44.555806
15.34139,44.555327
15.341627,44.555258
15.342283,44.555496
15.343194,44.555503
15.34379,44.555476
15.344232,44.555396
15.334958,44.557763
15.349124,44.556448
15.349547,44.556657
15.348592,44.554194
15.349166,44.554048
15.350117,44.553849
15.349277,44.554657
15.350552,44.554045
15.350921,44.553609
15.349264,44.552891
15.34643,44.55253
15.330729,44.5515
15.330944,44.551146
15.330539,44.549019
15.327865,44.550145
15.327814,44.547703
15.32369,44.548609
15.324416,44.54849
15.323372,44.549726
15.323728,44.549799
15.324816,44.551299
15.321407,44.558242
15.318105,44.55833
15.314238,44.555801
15.313559,44.55508
15.313149,44.554962
15.312893,44.554814
15.312661,44.554674
15.312394,44.554635
15.311952,44.554398
15.311516,44.554348
15.311002,44.554256
15.303208,44.556752
15.30314,44.557545
15.349172,44.554363
15.345017,44.55642
15.346003,44.555682
15.346405,44.555008
15.347081,44.55486
15.346834,44.554332
15.347932,44.554367
15.348198,44.554576
15.288115,44.558464
15.303796,44.559357
15.30518,44.559336
15.305376,44.559657
15.308668,44.55945
15.302055,44.558286
15.300867,44.558622
15.300744,44.558879
15.300286,44.55906
15.300266,44.558689
15.298909,44.558846
15.296075,44.559994
15.289805,44.563187
15.289685,44.562792
15.299921,44.562167
15.299075,44.562024
15.298755,44.562953
15.298485,44.563031
15.298607,44.563438
15.298674,44.563132
15.298532,44.568204
15.2986,44.568344
15.298384,44.568985
15.298903,44.569797
15.300663,44.569257
15.290239,44.578296
15.289697,44.579797
15.289592,44.580088
15.289905,44.581259
15.297533,44.577489
15.298899,44.576104
15.300249,44.575486
15.301235,44.575096
15.30195,44.574854
15.301998,44.574719
15.302385,44.577566
15.302596,44.578282
15.303604,44.575654
15.304588,44.575435
15.304832,44.575448
15.305067,44.575273
15.303345,44.57367
15.303148,44.573295
15.303624,44.57301
15.303921,44.572744
15.303809,44.572886
15.305039,44.572398
15.305365,44.572363
15.305097,44.572057
15.304628,44.572216
15.308698,44.574952
15.310155,44.577891
15.309505,44.578817
15.313632,44.587237
15.304155,44.571731
15.306008,44.568653
15.307603,44.568813
15.310771,44.569628
15.314807,44.570829
15.315595,44.570278
15.314607,44.570295
15.31566,44.568638
15.308976,44.56824
15.309219,44.568145
15.310869,44.567088
15.31155,44.566567
15.312498,44.565904
15.312932,44.565889
15.313178,44.565748
15.309603,44.574492
15.265982,44.502049
15.266255,44.501953
15.475869,44.62388
15.566249,44.431965
15.546511,44.426463
15.165011,44.772009
15.592704,44.48972
15.257454,44.636613
15.25893,44.637037
15.253306,44.641179
15.252304,44.640872
15.251605,44.641522
15.251415,44.64061
15.250068,44.638719
15.25006,44.640048
15.250378,44.639858
15.250915,44.639111
15.251402,44.639286
15.250754,44.639024
15.258102,44.636739
15.22301,44.748189
15.249343,44.636427
15.250176,44.635588
15.247884,44.634489
15.251536,44.634934
15.247506,44.637801
15.250866,44.634109
15.252657,44.633289
15.252153,44.633061
15.248579,44.641833
15.247377,44.64168
15.240686,44.642903
15.239091,44.643517
15.237695,44.644405
15.236195,44.646074
15.235986,44.645934
15.235484,44.645873
15.235222,44.646066
15.233113,44.643603
15.232291,44.643406
15.231308,44.643307
15.231118,44.643498
15.231335,44.643816
15.231842,44.643807
15.229725,44.64415
15.228937,44.644454
15.227702,44.644721
15.227273,44.644949
15.227831,44.644974
15.227657,44.64508
15.227349,44.645269
15.222228,44.646507
15.222427,44.646755
15.225358,44.633238
15.228433,44.635044
15.228352,44.634519
15.228873,44.634987
15.229443,44.634702
15.229336,44.634609
15.230196,44.634574
15.232284,44.633279
15.23352,44.63335
15.233586,44.633597
15.237734,44.634363
15.239059,44.635836
15.237165,44.631716
15.236669,44.631296
15.236756,44.629922
15.236418,44.630878
15.244032,44.628409
15.242799,44.626979
15.250939,44.628018
15.24794,44.625534
15.249702,44.623432
15.249929,44.622932
15.566974,44.432049
15.220488,44.703807
15.220352,44.703384
15.219826,44.703605
15.219731,44.703372
15.219777,44.70349
15.215391,44.704131
15.216184,44.704312
15.214845,44.704187
15.215156,44.704021
15.219736,44.708928
15.219217,44.708882
15.21819,44.707532
15.217795,44.708492
15.217414,44.708576
15.217228,44.708824
15.217234,44.708716
15.232651,44.700768
15.232377,44.700684
15.231935,44.700336
15.229896,44.699939
15.228761,44.699765
15.224519,44.702803
15.225448,44.703827
15.220709,44.707117
15.219762,44.707237
15.216664,44.708897
15.216374,44.70925
15.215659,44.709276
15.215405,44.709345
15.215053,44.709622
15.214681,44.70983
15.214168,44.709893
15.214045,44.710006
15.213595,44.71031
15.213447,44.710568
15.212875,44.710567
15.212779,44.710974
15.212472,44.71078
15.211201,44.7111
15.210918,44.711404
15.210572,44.711104
15.210373,44.711765
15.210045,44.711854
15.209512,44.704941
15.207798,44.713209
15.207832,44.712647
15.207597,44.712534
15.20689,44.706585
15.205786,44.707757
15.205435,44.707841
15.19547,44.708681
15.194199,44.708508
15.193493,44.708448
15.203925,44.712664
15.203575,44.712652
15.202744,44.71275
15.20268,44.71298
15.202414,44.712509
15.20237,44.712948
15.202151,44.712723
15.201098,44.712759
15.199867,44.712852
15.199346,44.712662
15.199489,44.712829
15.199183,44.712769
15.196875,44.712808
15.194434,44.712072
15.193906,44.712383
15.194018,44.71224
15.191348,44.712099
15.191046,44.711903
15.190727,44.712121
15.188364,44.711383
15.185432,44.710673
15.185171,44.710598
15.182439,44.710021
15.180394,44.710494
15.178202,44.710367
15.176118,44.706101
15.172995,44.706482
15.174149,44.709512
15.173036,44.708694
15.172724,44.70864
15.168136,44.708474
15.160909,44.70873
15.159187,44.708913
15.156711,44.708518
15.155239,44.70897
15.155025,44.708827
15.15454,44.708638
15.153704,44.708539
15.152862,44.708407
15.151959,44.708473
15.149887,44.708533
15.149501,44.708595
15.146754,44.708436
15.141727,44.709362
15.139346,44.709061
15.132988,44.709952
15.129843,44.710855
15.111501,44.71596
15.18875,44.520737
15.185757,44.520793
15.184896,44.520993
15.184629,44.521244
15.178123,44.525141
15.178063,44.524764
15.18795,44.529295
15.178799,44.527202
15.177898,44.529097
15.178489,44.526061
15.17792,44.526259
15.177885,44.526009
15.175547,44.526134
15.17532,44.526333
15.175114,44.526399
15.174765,44.526491
15.17491,44.526163
15.174368,44.526575
15.174909,44.527066
15.172293,44.52723
15.171042,44.527177
15.16781,44.527449
15.167585,44.527303
15.167596,44.52757
15.167454,44.527584
15.167068,44.527379
15.166721,44.527457
15.161847,44.527311
15.161591,44.527509
15.159388,44.530585
15.157933,44.527632
15.158574,44.527529
15.157638,44.526504
15.148658,44.537802
15.161125,44.538248
15.162931,44.539824
15.163117,44.539743
15.164065,44.539888
15.163979,44.539934
15.163733,44.540066
15.164731,44.538579
15.149216,44.537496
15.449002,44.595149
15.382323,44.611225
15.326886,44.561264
15.594047,44.489938
15.35485,44.564036
15.271078,44.500953
15.172297,44.635229
15.255338,44.759096
15.187983,44.646122
15.41026,44.602883
15.308079,44.606223
15.253543,44.505178
15.558268,44.501258
15.345858,44.580321
15.454056,44.615058
15.453666,44.602716
15.280816,44.634232
15.156507,44.528273
15.30304,44.641004
15.162291,44.770727
15.299889,44.627325
15.260782,44.750491
15.199554,44.646677
15.410861,44.597279
15.382278,44.610939
15.382342,44.610983
15.457032,44.614374
15.278471,44.542915
15.423226,44.603244
15.426789,44.604936
15.427096,44.60487
15.449236,44.547745
15.125143,44.682359
15.450542,44.554947
15.151115,44.654217
15.151103,44.653974
15.151519,44.65425
15.170408,44.638226
15.442638,44.449123
15.421753,44.469974
15.52643,44.440244
15.271065,44.500222
15.353683,44.555624
15.349873,44.553289
15.515567,44.443062
15.511716,44.436767
15.400514,44.603001
15.590826,44.500207
15.28888,44.639362
15.319431,44.564279
15.300482,44.56258
15.31974,44.561635
15.448392,44.546981
15.425811,44.581939
15.425769,44.582849
15.426814,44.582612
15.392644,44.605472
15.260534,44.642251
15.191001,44.643781
15.144716,44.668244
15.384069,44.610192
15.34891,44.554131
15.200261,44.657399
15.303645,44.643667
15.513329,44.436218
15.513822,44.436123
15.517987,44.434572
15.518226,44.434533
15.51672,44.434892
15.517316,44.434994
15.516979,44.435046
15.517411,44.434479
15.510927,44.437369
15.521772,44.432621
15.520612,44.432916
15.521197,44.432938
15.514834,44.428937
15.516205,44.429445
15.515444,44.428857
15.516002,44.428949
15.513258,44.431345
15.51353,44.431638
15.505748,44.436778
15.502315,44.437671
15.503274,44.437506
15.502355,44.438493
15.501818,44.438591
15.501382,44.440015
15.500087,44.440448
15.500996,44.440651
15.500539,44.44043
15.501706,44.439868
15.500888,44.440335
15.505588,44.42603
15.506085,44.425719
15.505344,44.426193
15.501951,44.431322
15.501525,44.431768
15.503198,44.428957
15.503482,44.428271
15.503257,44.429429
15.281595,44.498968
15.280065,44.499029
15.280273,44.499008
15.280308,44.498804
15.276404,44.498943
15.277293,44.499016
15.274683,44.499742
15.274457,44.499654
15.27488,44.499556
15.274645,44.499602
15.274825,44.499689
15.274116,44.499444
15.274523,44.499391
15.273696,44.499547
15.273043,44.499927
15.2728,44.499998
15.271968,44.500244
15.271725,44.500349
15.270134,44.500538
15.270595,44.500466
15.270938,44.501145
15.270748,44.500822
15.269423,44.50118
15.269204,44.501263
15.269088,44.501405
15.26984,44.501012
15.268538,44.501458
15.268247,44.501691
15.267979,44.501642
15.267425,44.501927
15.267592,44.501811
15.265111,44.50272
15.264861,44.503118
15.264483,44.502591
15.260654,44.503053
15.26059,44.503527
15.259115,44.50369
15.258087,44.503751
15.257831,44.503737
15.255541,44.504448
15.254893,44.504539
15.253967,44.505067
15.253079,44.503928
15.252657,44.503982
15.252213,44.503983
15.250675,44.504191
15.248558,44.50457
15.248219,44.505105
15.2444,44.504656
15.242202,44.504475
15.242615,44.50464
15.228601,44.502699
15.291717,44.496206
15.292838,44.495458
15.293251,44.49596
15.293503,44.495094
15.294205,44.494718
15.296911,44.493559
15.296083,44.493794
15.296466,44.493694
15.296398,44.493741
15.298148,44.492428
15.300124,44.491616
15.299359,44.491686
15.302538,44.491571
15.302458,44.491929
15.304632,44.491127
15.305612,44.491418
15.305156,44.49195
15.308045,44.491607
15.308958,44.491291
15.309267,44.491135
15.310121,44.490114
15.309906,44.490551
15.252225,44.572535
15.248054,44.573213
15.250257,44.579886
15.238391,44.578492
15.239674,44.584516
15.239534,44.587308
15.231126,44.588308
15.231021,44.589162
15.230539,44.589509
15.241562,44.592004
15.241113,44.591915
15.242017,44.592035
15.236071,44.59619
15.234937,44.596076
15.234699,44.595938
15.228638,44.594727
15.227311,44.594251
15.222509,44.597563
15.219999,44.603568
15.21907,44.603613
15.249074,44.591671
15.240918,44.597662
15.247655,44.573905
15.241435,44.576234
15.233577,44.581377
15.23322,44.581726
15.231337,44.583316
15.182098,44.644205
15.183673,44.644345
15.186361,44.645984
15.186688,44.646364
15.186463,44.646207
15.188791,44.646303
15.189057,44.647043
15.188563,44.647168
15.188946,44.647346
15.191202,44.643788
15.189927,44.643161
15.190105,44.643266
15.189029,44.642872
15.196394,44.649355
15.19801,44.649661
15.195479,44.649709
15.19787,44.649892
15.198296,44.649831
15.197095,44.649446
15.195598,44.649461
15.195831,44.649618
15.193,44.648455
15.192402,44.650279
15.192645,44.649759
15.191428,44.652084
15.190935,44.651397
15.1491,44.556435
15.199338,44.646842
15.198327,44.64633
15.1982,44.646312
15.197739,44.646183
15.196555,44.645968
15.196693,44.646106
15.196266,44.646104
15.194535,44.646156
15.19526,44.645972
15.195628,44.645746
15.194965,44.646154
15.195839,44.646021
15.195314,44.647009
15.196041,44.646615
15.196291,44.646636
15.230519,44.625191
15.228811,44.62524
15.22761,44.625967
15.223787,44.635014
15.223517,44.634979
15.222436,44.634437
15.221545,44.634325
15.219837,44.63406
15.219904,44.635005
15.219988,44.635348
15.220734,44.635047
15.220427,44.635423
15.22001,44.636817
15.21976,44.636772
15.218415,44.632971
15.215744,44.633208
15.218328,44.636422
15.219913,44.63272
15.213701,44.633239
15.209097,44.632898
15.209511,44.633046
15.207157,44.631988
15.206456,44.631651
15.207054,44.632067
15.207456,44.632357
15.204842,44.626183
15.203247,44.625107
15.200805,44.627415
15.20183,44.629159
15.198284,44.6313
15.19796,44.632636
15.197478,44.634076
15.195625,44.629176
15.194081,44.627331
15.194585,44.627567
15.193552,44.627547
15.187925,44.62473
15.18764,44.624655
15.190739,44.624367
15.191391,44.621049
15.192443,44.619603
15.194049,44.618791
15.195279,44.621594
15.19647,44.622034
15.195349,44.621331
15.195209,44.621037
15.198692,44.622833
15.197659,44.618459
15.200214,44.618407
15.199877,44.617964
15.201341,44.619169
15.20186,44.619157
15.204302,44.619289
15.20367,44.619375
15.199554,44.624471
15.174963,44.647712
15.176317,44.648968
15.176313,44.649648
15.176377,44.648709
15.176055,44.648928
15.175791,44.648615
15.176156,44.648681
15.179367,44.651129
15.178774,44.651114
15.17601,44.650054
15.179474,44.6513
15.17526,44.646235
15.175406,44.646028
15.170198,44.646471
15.170581,44.646555
15.169721,44.646394
15.170599,44.64677
15.170883,44.648527
15.170585,44.652089
15.169853,44.652274
15.170142,44.65224
15.170815,44.652204
15.172082,44.651722
15.17411,44.652792
15.173468,44.653499
15.165862,44.649387
15.16544,44.649828
15.167303,44.648284
15.166588,44.649821
15.170627,44.644136
15.171622,44.641651
15.174525,44.643859
15.178282,44.642386
15.175948,44.641003
15.175157,44.640375
15.173488,44.640976
15.176399,44.640648
15.175094,44.639412
15.171848,44.637274
15.17111,44.637713
15.169496,44.636416
15.169347,44.636054
15.176147,44.635762
15.176238,44.636479
15.177184,44.634392
15.176978,44.634621
15.177673,44.633829
15.177551,44.633707
15.175797,44.632056
15.174884,44.632148
15.181222,44.640003
15.182433,44.6375
15.185748,44.639978
15.183777,44.641768
15.187805,44.641336
15.187088,44.641543
15.187871,44.642023
15.185992,44.641319
15.189899,44.641303
15.195729,44.638291
15.195312,44.637533
15.194019,44.636702
15.192519,44.637324
15.186068,44.636218
15.188274,44.637231
15.157766,44.649813
15.157415,44.649544
15.157699,44.649495
15.154662,44.654208
15.149522,44.653816
15.14971,44.653772
15.143964,44.657001
15.144881,44.657165
15.144012,44.658164
15.150831,44.658114
15.150485,44.658279
15.151287,44.65904
15.152856,44.657942
15.152796,44.65693
15.146708,44.663165
15.145036,44.667354
15.144775,44.667771
15.14487,44.667573
15.144881,44.668245
15.14992,44.671696
15.137383,44.66379
15.136395,44.663765
15.139899,44.659897
15.124462,44.682609
15.124798,44.682569
15.124227,44.683344
15.124257,44.684033
15.124221,44.685296
15.164841,44.77185
15.164074,44.771566
15.165474,44.772044
15.166549,44.770868
15.165095,44.771378
15.163867,44.771301
15.159802,44.77073
15.162678,44.769909
15.162656,44.76961
15.162294,44.77086
15.162066,44.770729
15.166696,44.770565
15.166834,44.770363
15.167048,44.77048
15.166243,44.770563
15.159827,44.772592
15.161095,44.772702
15.15372,44.770346
15.154392,44.771771
15.154314,44.773758
15.149083,44.77063
15.174826,44.767046
15.174301,44.765983
15.175098,44.767005
15.161181,44.770107
15.185197,44.760946
15.185698,44.760635
15.185693,44.760325
15.186149,44.760168
15.186629,44.76005
15.187099,44.760201
15.187352,44.760215
15.187663,44.759625
15.187828,44.759736
15.189135,44.759885
15.189141,44.760139
15.18856,44.760233
15.19076,44.758842
15.190619,44.758121
15.19166,44.758298
15.193471,44.758108
15.19387,44.75775
15.195407,44.756868
15.194536,44.75742
15.194306,44.757544
15.196435,44.755294
15.196856,44.755283
15.195943,44.755324
15.195704,44.755608
15.197096,44.755192
15.199096,44.754589
15.199377,44.754411
15.203852,44.753675
15.200475,44.753837
15.202566,44.753749
15.201413,44.753846
15.202779,44.753766
15.203056,44.753719
15.200178,44.753894
15.203641,44.75355
15.203436,44.753769
15.202094,44.753904
15.201214,44.753818
15.201604,44.753859
15.205203,44.753456
15.20497,44.753225
15.204327,44.753144
15.204291,44.753558
15.205848,44.753261
15.205676,44.753334
15.204078,44.753601
15.204665,44.75319
15.206476,44.752832
15.216228,44.750894
15.216135,44.750751
15.21656,44.750847
15.217127,44.750503
15.217504,44.750447
15.216827,44.75057
15.214888,44.751276
15.216587,44.750679
15.217401,44.750496
15.21632,44.750722
15.21496,44.751068
15.217706,44.750521
15.217772,44.750769
15.218005,44.75035
15.217977,44.750564
15.218278,44.750282
15.218189,44.750378
15.256252,44.733653
15.256568,44.73453
15.256631,44.735154
15.25533,44.73641
15.250409,44.736832
15.250638,44.737012
15.250837,44.737257
15.25144,44.737471
15.25044,44.737051
15.251697,44.737325
15.250696,44.737182
15.250595,44.736483
15.248538,44.736011
15.247493,44.737138
15.247671,44.736926
15.242784,44.740443
15.242757,44.740299
15.242554,44.74068
15.241691,44.740987
15.239882,44.741737
15.239733,44.742556
15.238265,44.742564
15.238943,44.742141
15.238736,44.742592
15.239063,44.742646
15.227991,44.746479
15.228227,44.746356
15.227802,44.74656
15.227172,44.747114
15.227313,44.746748
15.22675,44.747152
15.227633,44.74661
15.227167,44.74689
15.22623,44.747626
15.225733,44.747623
15.222602,44.748136
15.222269,44.748461
15.22239,44.74826
15.322393,44.577421
15.322894,44.577393
15.325323,44.577357
15.326373,44.577625
15.326785,44.577585
15.327316,44.577544
15.32958,44.577923
15.329228,44.577928
15.331708,44.578101
15.333339,44.576677
15.329224,44.579428
15.328397,44.57982
15.327858,44.580103
15.316611,44.574721
15.314868,44.575012
15.313713,44.57494
15.313594,44.575718
15.313408,44.575222
15.313136,44.575416
15.313569,44.575938
15.314883,44.576578
15.314488,44.576473
15.31567,44.576658
15.344061,44.586862
15.344401,44.58653
15.34464,44.58646
15.345423,44.587132
15.346987,44.587942
15.346906,44.588171
15.352448,44.587875
15.351806,44.58752
15.352794,44.587039
15.350241,44.586799
15.354898,44.577847
15.353022,44.580899
15.354098,44.579153
15.35561,44.563398
15.355086,44.563482
15.386936,44.581377
15.387046,44.581185
15.362475,44.578711
15.364523,44.582642
15.364208,44.582755
15.36785,44.583425
15.366679,44.577492
15.366313,44.57706
15.366836,44.57617
15.368067,44.576939
15.368032,44.57679
15.380525,44.586423
15.380054,44.587099
15.380994,44.584339
15.384736,44.58497
15.316153,44.729203
15.314388,44.728521
15.314217,44.728479
15.320109,44.729796
15.318016,44.729472
15.318252,44.730091
15.318979,44.729604
15.320148,44.729234
15.319686,44.729419
15.323246,44.728686
15.315898,44.744062
15.347094,44.731565
15.347537,44.731695
15.352042,44.73466
15.342531,44.737049
15.273095,44.741582
15.272692,44.742494
15.272021,44.743924
15.271615,44.743996
15.270477,44.744472
15.270166,44.744874
15.269558,44.745073
15.270055,44.745448
15.269213,44.745566
15.269151,44.745389
15.269257,44.747181
15.268519,44.7466
15.269409,44.746969
15.270646,44.747062
15.268537,44.747303
15.268962,44.747435
15.270114,44.748524
15.270188,44.747896
15.269787,44.748484
15.275138,44.748476
15.268035,44.748354
15.26592,44.748506
15.265419,44.748401
15.265328,44.748554
15.265233,44.748883
15.266316,44.749356
15.265055,44.749272
15.263861,44.74998
15.263553,44.750141
15.262111,44.750822
15.260796,44.750177
15.259975,44.750454
15.258613,44.748981
15.257674,44.748978
15.258333,44.749294
15.257746,44.749308
15.257475,44.749511
15.257539,44.749783
15.257198,44.749302
15.256985,44.747825
15.25721,44.748686
15.257568,44.748664
15.25716,44.748375
15.257111,44.748153
15.255378,44.74693
15.256178,44.746925
15.255802,44.746928
15.256556,44.747042
15.263249,44.751429
15.262921,44.751711
15.261337,44.751417
15.262712,44.75287
15.26256,44.753953
15.262826,44.753435
15.262921,44.752772
15.262024,44.753908
15.261649,44.753931
15.262349,44.753769
15.260522,44.754446
15.259898,44.754922
15.259619,44.756073
15.259373,44.755765
15.259628,44.75537
15.258529,44.755493
15.258609,44.757135
15.256851,44.757439
15.256541,44.757991
15.253267,44.759306
15.252017,44.759459
15.252276,44.75929
15.252583,44.759236
15.252099,44.759289
15.2529,44.759434
15.252845,44.759225
15.25183,44.75968
15.251038,44.760393
15.249388,44.752493
15.249011,44.751025
15.248716,44.751087
15.24972,44.751727
15.249713,44.751448
15.25028,44.761431
15.250414,44.759911
15.250069,44.760243
15.250062,44.759952
15.249341,44.760229
15.24914,44.760541
15.249117,44.760354
15.248718,44.760074
15.248578,44.760313
15.248019,44.76009
15.248229,44.760135
15.247931,44.760273
15.247606,44.760267
15.247335,44.760211
15.247489,44.760139
15.246871,44.760278
15.246528,44.760509
15.246714,44.760237
15.246245,44.760383
15.246973,44.760464
15.246332,44.760215
15.246921,44.760344
15.246356,44.759969
15.245166,44.760449
15.2459,44.760287
15.245929,44.760589
15.245507,44.760553
15.244742,44.760818
15.244971,44.760946
15.245054,44.76077
15.244448,44.760885
15.244693,44.760973
15.248098,44.761275
15.246905,44.76099
15.245663,44.758814
15.244887,44.758883
15.244684,44.75908
15.245406,44.758585
15.243769,44.758827
15.243818,44.761182
15.243312,44.76121
15.242818,44.761437
15.241852,44.761447
15.241096,44.761647
15.240965,44.761773
15.240685,44.761886
15.240715,44.761668
15.241255,44.761604
15.240871,44.761796
15.240001,44.762386
15.239063,44.762778
15.239261,44.762523
15.238625,44.762934
15.239505,44.762492
15.237928,44.759327
15.237888,44.758813
15.237951,44.759197
15.23791,44.763133
15.231492,44.763945
15.230628,44.763892
15.231636,44.763947
15.231134,44.763902
15.231988,44.764121
15.228915,44.76418
15.229154,44.764274
15.229845,44.764038
15.227696,44.764845
15.228054,44.764615
15.225074,44.765313
15.22018,44.76594
15.220669,44.765997
15.221973,44.76583
15.219253,44.766228
15.219809,44.765721
15.218828,44.766197
15.219828,44.766159
15.219744,44.766009
15.219415,44.766149
15.218174,44.766198
15.217985,44.765666
15.218448,44.765557
15.218626,44.766069
15.218155,44.765608
15.218557,44.765911
15.218459,44.765817
15.217864,44.765841
15.21723,44.766025
15.216377,44.766132
15.2171,44.765866
15.216116,44.765828
15.216784,44.766047
15.216818,44.765751
15.215239,44.765977
15.215875,44.76587
15.214985,44.766377
15.215644,44.7659
15.214971,44.765994
15.215801,44.766246
15.214114,44.766209
15.206023,44.769703
15.206461,44.769204
15.20601,44.769124
15.206572,44.769404
15.204569,44.770391
15.203143,44.770619
15.198588,44.768911
15.195887,44.769404
15.196309,44.77082
15.202177,44.771227
15.193978,44.770135
15.190821,44.772852
15.186602,44.772697
15.18643,44.773638
15.187532,44.772813
15.182483,44.771654
15.183724,44.771842
15.183249,44.774868
15.161168,44.776675
15.163447,44.776327
15.170498,44.773166
15.157951,44.775687
15.147941,44.780078
15.148168,44.779874
15.147396,44.779897
15.1358,44.781042
15.135975,44.781285
15.183998,44.777431
15.18516,44.777833
15.183072,44.778486
15.186002,44.776927
15.202437,44.770543
15.194574,44.772754
15.193571,44.773413
15.193434,44.77426
15.192173,44.773673
15.192634,44.773868
15.191081,44.774499
15.189669,44.774571
15.189422,44.774597
15.190303,44.776987
15.190241,44.777671
15.18322,44.779393
15.574771,44.414697
15.578521,44.413052
15.569286,44.408191
15.570479,44.406121
15.566059,44.404689
15.564608,44.404728
15.564437,44.404412
15.564348,44.405076
15.562568,44.408761
15.567189,44.400897
15.567823,44.401652
15.582778,44.409036
15.583057,44.409136
15.581245,44.418549
15.584153,44.420003
15.585263,44.419383
15.582617,44.419404
15.586036,44.419538
15.585713,44.419552
15.577992,44.423718
15.599264,44.433619
15.598066,44.433292
15.600013,44.434226
15.600093,44.434494
15.574969,44.403896
15.609478,44.427202
15.603807,44.424229
15.601587,44.410323
15.60274,44.415922
15.147074,44.775813
15.145896,44.776018
15.143949,44.775213
15.145142,44.775876
15.138288,44.775011
15.136458,44.775272
15.132567,44.777941
15.13019,44.779043
15.3405,44.590664
15.340468,44.591492
15.34018,44.592012
15.340444,44.591881
15.340443,44.591651
15.340167,44.593182
15.340378,44.592521
15.340623,44.592602
15.340505,44.592887
15.340176,44.592969
15.340674,44.592512
15.339889,44.594199
15.339005,44.594667
15.338784,44.595777
15.339169,44.595235
15.338094,44.597198
15.338345,44.596951
15.338863,44.5965
15.342323,44.596803
15.342899,44.596167
15.34265,44.596483
15.343256,44.596176
15.344282,44.596618
15.343162,44.606607
15.344065,44.60843
15.341876,44.612368
15.350148,44.611616
15.350951,44.612787
15.351223,44.613092
15.346397,44.611771
15.347189,44.611919
15.339917,44.623283
15.336663,44.622796
15.334792,44.624651
15.334127,44.624427
15.335083,44.624291
15.334604,44.625705
15.333243,44.627563
15.333377,44.627962
15.334158,44.626635
15.23101,44.744792
15.231262,44.744575
15.222092,44.748938
15.221027,44.749052
15.338629,44.632053
15.338487,44.632304
15.337855,44.632292
15.342294,44.593207
15.218299,44.650085
15.218877,44.65003
15.217718,44.648047
15.21847,44.647896
15.20905,44.651699
15.208496,44.652069
15.208605,44.651963
15.208221,44.652186
15.207608,44.65229
15.207238,44.652427
15.206044,44.653293
15.204545,44.654132
15.20578,44.653615
15.205105,44.653847
15.204696,44.65382
15.204651,44.654036
15.20438,44.654431
15.202345,44.654744
15.199903,44.657357
15.200677,44.657585
15.2008,44.657164
15.194015,44.657391
15.193816,44.657303
15.197085,44.658466
15.197058,44.658106
15.196334,44.658054
15.196588,44.658433
15.191915,44.657195
15.191258,44.657273
15.1921,44.654983
15.192256,44.654486
15.192659,44.654222
15.192501,44.654117
15.258196,44.640774
15.260746,44.641251
15.260617,44.641641
15.262137,44.642579
15.257067,44.648496
15.257158,44.647988
15.256921,44.650392
15.261767,44.642948
15.265403,44.641882
15.267311,44.64923
15.266788,44.649617
15.26591,44.650332
15.258285,44.645446
15.294706,44.63173
15.290996,44.631013
15.291303,44.631295
15.291653,44.631476
15.287302,44.632074
15.289098,44.631582
15.288015,44.631832
15.286538,44.632074
15.286361,44.631965
15.286107,44.632056
15.280082,44.631487
15.276141,44.631505
15.274793,44.631589
15.272223,44.631725
15.269071,44.63626
15.269288,44.636585
15.270174,44.636994
15.265075,44.635708
15.264216,44.634859
15.279039,44.630033
15.277711,44.630698
15.281089,44.634958
15.28033,44.633938
15.282181,44.635834
15.278978,44.634808
15.27711,44.634728
15.278602,44.634973
15.288037,44.632329
15.562516,44.436284
15.562051,44.43654
15.561028,44.435947
15.564068,44.435719
15.56552,44.43418
15.566318,44.433165
15.565651,44.433022
15.566569,44.432491
15.566668,44.432799
15.566762,44.432227
15.566297,44.431508
15.566768,44.430916
15.567151,44.431088
15.567612,44.43061
15.567217,44.43025
15.568317,44.43032
15.567858,44.430118
15.568829,44.429411
15.56858,44.429558
15.568767,44.429174
15.568305,44.429337
15.569174,44.428621
15.56933,44.428458
15.569885,44.426297
15.56854,44.426673
15.56874,44.426639
15.568025,44.426721
15.567054,44.427429
15.567385,44.427868
15.567683,44.428352
15.57133,44.425243
15.571478,44.424547
15.571419,44.424952
15.572513,44.423324
15.511564,44.417721
15.517801,44.426784
15.517003,44.426226
15.5169,44.426497
15.516648,44.426266
15.517118,44.426621
15.516322,44.426161
15.524371,44.427641
15.524836,44.427708
15.524184,44.427733
15.525697,44.42458
15.525382,44.424499
15.528971,44.421495
15.52733,44.421419
15.527897,44.421849
15.526482,44.422122
15.525814,44.421333
15.52472,44.421816
15.52455,44.421607
15.52434,44.421618
15.525368,44.421763
15.524689,44.422395
15.525038,44.422202
15.523329,44.421706
15.523458,44.421612
15.524005,44.421666
15.519299,44.416506
15.519811,44.41716
15.519723,44.41768
15.519839,44.417419
15.520375,44.412062
15.534338,44.415573
15.535633,44.414737
15.535389,44.41443
15.533631,44.414351
15.532543,44.414232
15.532665,44.413688
15.528139,44.421674
15.295758,44.632769
15.298431,44.631749
15.298276,44.632127
15.297634,44.631889
15.297959,44.632028
15.300269,44.631765
15.298835,44.633468
15.298422,44.634255
15.297682,44.634609
15.298896,44.633252
15.295965,44.636515
15.296955,44.636043
15.294888,44.635095
15.299055,44.6371
15.299099,44.636735
15.302672,44.633274
15.298122,44.632574
15.290382,44.638983
15.289568,44.639128
15.289395,44.639237
15.288148,44.638801
15.288422,44.640552
15.287776,44.641718
15.291029,44.640815
15.289891,44.641162
15.290165,44.641042
15.292241,44.63903
15.292292,44.639291
15.297915,44.638283
15.301776,44.638817
15.302063,44.638644
15.297063,44.640105
15.296872,44.640382
15.296695,44.640127
15.297506,44.641159
15.297371,44.640984
15.303472,44.641554
15.299042,44.644681
15.300679,44.647124
15.302328,44.645098
15.302608,44.644567
15.304413,44.646971
15.304585,44.642516
15.308419,44.646169
15.308875,44.645765
15.309605,44.645657
15.307988,44.644976
15.313007,44.642528
15.315931,44.640631
15.315861,44.640194
15.323886,44.637876
15.325197,44.639269
15.317362,44.637228
15.317826,44.636951
15.315166,44.636764
15.313625,44.636422
15.314133,44.635311
15.309373,44.636795
15.310979,44.636309
15.308215,44.634277
15.307235,44.634485
15.30773,44.632422
15.306038,44.630485
15.303594,44.629455
15.30291,44.630787
15.299219,44.629197
15.299596,44.628125
15.299621,44.626638
15.299946,44.626755
15.300385,44.622795
15.300155,44.622442
15.300387,44.622217
15.298536,44.622437
15.290379,44.624685
15.290148,44.624671
15.290045,44.624986
15.290532,44.623955
15.286,44.627189
15.282417,44.626333
15.281583,44.627224
15.274819,44.626126
15.274399,44.626324
15.274036,44.623102
15.272704,44.62708
15.271236,44.627117
15.270625,44.626444
15.269234,44.625935
15.266252,44.627388
15.264488,44.625211
15.271938,44.621489
15.271727,44.621788
15.271579,44.620376
15.270407,44.617914
15.270888,44.617563
15.271307,44.617385
15.271611,44.616648
15.275618,44.617272
15.276267,44.617243
15.279534,44.616907
15.281209,44.619081
15.281818,44.615465
15.282153,44.614703
15.283169,44.616918
15.286165,44.614719
15.284491,44.615725
15.286589,44.616964
15.289574,44.616285
15.2886,44.616191
15.290351,44.616554
15.291405,44.616372
15.292885,44.618183
15.293048,44.620285
15.29412,44.622231
15.293605,44.613708
15.296326,44.612794
15.296746,44.612696
15.296998,44.612621
15.295146,44.608265
15.293586,44.600731
15.293121,44.598621
15.304589,44.606213
15.306905,44.601117
15.306492,44.601421
15.310775,44.601152
15.31034,44.601389
15.31052,44.60001
15.309213,44.598931
15.309968,44.598484
15.310329,44.598161
15.309511,44.598747
15.309332,44.598841
15.310102,44.598501
15.311053,44.597906
15.310671,44.59924
15.313669,44.591484
15.313619,44.590682
15.328281,44.595424
15.328494,44.59581
15.282131,44.625789
15.274846,44.625871
15.277691,44.617608
15.503338,44.523837
15.505198,44.522227
15.506182,44.522459
15.506655,44.522631
15.506388,44.522253
15.505094,44.522022
15.50596,44.522342
15.507055,44.521625
15.506456,44.521752
15.507007,44.521503
15.506752,44.521498
15.507587,44.524936
15.507859,44.524779
15.508889,44.525018
15.507949,44.525627
15.508253,44.525592
15.506184,44.526877
15.506057,44.526682
15.505518,44.526499
15.506301,44.52762
15.506373,44.527321
15.510433,44.529324
15.510509,44.528825
15.512078,44.527846
15.511598,44.527966
15.512612,44.5276
15.520289,44.531659
15.520781,44.531229
15.520197,44.531028
15.515427,44.530406
15.512469,44.531649
15.513912,44.532698
15.513324,44.532206
15.511025,44.53575
15.511413,44.535484
15.510604,44.535429
15.510974,44.535924
15.509636,44.538311
15.509352,44.538139
15.509664,44.539286
15.507108,44.538726
15.507036,44.538996
15.506217,44.537799
15.505054,44.534759
15.504759,44.533938
15.505065,44.533599
15.505406,44.533688
15.505173,44.530341
15.504494,44.529557
15.504736,44.529053
15.503065,44.527748
15.504603,44.526567
15.504545,44.52637
15.501686,44.521367
15.49787,44.522965
15.498204,44.523089
15.499164,44.523519
15.500153,44.524139
15.500524,44.523979
15.501396,44.526043
15.500382,44.529185
15.500915,44.529411
15.500741,44.529131
15.497431,44.526951
15.49807,44.528924
15.497961,44.529118
15.498353,44.529083
15.499664,44.52897
15.49463,44.528394
15.495905,44.528788
15.497012,44.529005
15.496837,44.529208
15.565165,44.436862
15.13961,44.660816
15.156568,44.694234
15.156276,44.694627
15.158188,44.695349
15.159751,44.696215
15.159202,44.696026
15.159238,44.696157
15.15922,44.696277
15.403015,44.594302
15.402648,44.593894
15.401931,44.593942
15.398987,44.590261
15.399291,44.590532
15.396744,44.58909
15.395979,44.58784
15.396871,44.588681
15.395445,44.588054
15.395885,44.588475
15.396939,44.588539
15.397563,44.588991
15.396324,44.588822
15.394338,44.587426
15.394971,44.587819
15.394041,44.58734
15.392614,44.586366
15.393065,44.586195
15.394973,44.58588
15.392229,44.586178
15.392949,44.586534
15.394526,44.586451
15.395077,44.585699
15.395075,44.586423
15.394727,44.583239
15.394923,44.58271
15.396893,44.582241
15.39658,44.582673
15.396835,44.582495
15.397324,44.582635
15.395639,44.581872
15.399199,44.585812
15.398966,44.584101
15.3998,44.585771
15.398745,44.584646
15.399198,44.585153
15.39889,44.584817
15.398672,44.585184
15.398981,44.586637
15.399898,44.584311
15.399611,44.583289
15.399166,44.582929
15.399248,44.583555
15.399073,44.583315
15.39903,44.58271
15.398598,44.582634
15.399014,44.583046
15.399512,44.583193
15.398457,44.582212
15.398329,44.5815
15.395319,44.585067
15.395502,44.584333
15.398012,44.578794
15.399021,44.578221
15.39894,44.578342
15.397855,44.57913
15.397059,44.577789
15.397819,44.578738
15.39871,44.578404
15.409129,44.59965
15.410872,44.598157
15.409628,44.599356
15.409818,44.59586
15.410324,44.596542
15.410418,44.597367
15.409941,44.596035
15.410019,44.596153
15.410716,44.597085
15.423679,44.603853
15.422813,44.603791
15.422599,44.603777
15.423437,44.603837
15.413443,44.604744
15.411482,44.60392
15.41365,44.60446
15.411952,44.604087
15.411189,44.603867
15.409568,44.602006
15.410347,44.601526
15.410766,44.603388
15.408803,44.601138
15.409716,44.601429
15.410691,44.603314
15.410234,44.602056
15.410627,44.602561
15.408656,44.600956
15.409945,44.601548
15.40602,44.600031
15.406615,44.598874
15.405739,44.597919
15.406457,44.599698
15.406071,44.599347
15.405981,44.599241
15.408302,44.599952
15.406165,44.599442
15.408842,44.599262
15.404868,44.597034
15.405223,44.597423
15.405006,44.597192
15.405708,44.595745
15.428471,44.603104
15.427667,44.603467
15.414677,44.60525
15.419191,44.605865
15.417632,44.604472
15.417257,44.604783
15.417291,44.605185
15.420405,44.606141
15.420997,44.606155
15.420972,44.606519
15.428306,44.606598
15.426407,44.606503
15.427868,44.606592
15.425784,44.606506
15.427503,44.606588
15.42502,44.606144
15.426944,44.606534
15.425601,44.600274
15.425332,44.599979
15.425383,44.600174
15.424976,44.599979
15.426295,44.60058
15.425675,44.600636
15.425878,44.60073
15.425846,44.600398
15.425012,44.600337
15.425767,44.60036
15.42522,44.600411
15.427946,44.582046
15.425453,44.582705
15.427381,44.582288
15.426474,44.582966
15.423192,44.597431
15.426194,44.593834
15.426246,44.594334
15.423677,44.596987
15.425974,44.593976
15.425295,44.594788
15.425735,44.594325
15.425534,44.594536
15.42563,44.594457
15.427152,44.592984
15.426829,44.593304
15.427764,44.592011
15.428948,44.587311
15.431355,44.589408
15.428469,44.588937
15.428562,44.588546
15.428225,44.590013
15.430522,44.589257
15.430138,44.588533
15.425021,44.583778
15.515757,44.51961
15.513156,44.522848
15.513839,44.522141
15.516015,44.522466
15.514575,44.521929
15.515635,44.52299
15.522585,44.522973
15.524333,44.523519
15.523737,44.522445
15.525869,44.523631
15.528166,44.525754
15.529917,44.526382
15.526647,44.526057
15.527147,44.526319
15.528666,44.525518
15.527481,44.526158
15.529158,44.524777
15.536778,44.525819
15.536262,44.52596
15.536682,44.525879
15.514133,44.528386
15.25049,44.622138
15.181748,44.709946
15.233176,44.581298
15.191476,44.644403
15.19126,44.651775
15.259136,44.755672
15.247401,44.76086
15.241499,44.761495
15.236952,44.631579
15.238228,44.644914
15.239628,44.643405
15.218347,44.708417
15.214822,44.70446
15.220151,44.703601
15.175363,44.706383
15.190481,44.712072
15.201804,44.71272
15.202331,44.713031
15.193239,44.708413
15.204475,44.708042
15.211985,44.711089
15.212274,44.710502
15.21338,44.71074
15.220284,44.707204
15.224659,44.702749
15.251737,44.759145
15.324812,44.546658
15.297057,44.640475
15.356861,44.620217
15.50788,44.455395
15.144218,44.657
15.380847,44.612424
15.189682,44.773005
15.311664,44.554346
15.500775,44.446625
15.270431,44.747322
15.201899,44.655011
15.290316,44.641211
15.21918,44.765995
15.324528,44.547478
15.316618,44.575207
15.314988,44.574837
15.269455,44.632554
15.344389,44.555361
15.494604,44.528706
15.495967,44.53022
15.482685,44.535283
15.481544,44.533983
15.509267,44.524717
15.505584,44.528187
15.511267,44.526138
15.51115,44.532217
15.510885,44.532669
15.502183,44.54199
15.501498,44.541988
15.498503,44.541795
15.498418,44.541435
15.497924,44.541499
15.50219,44.539576
15.501974,44.539512
15.501803,44.539118
15.503628,44.538208
15.504073,44.536939
15.506056,44.535584
15.505446,44.535754
15.498736,44.527477
15.500438,44.528875
15.502112,44.52338
15.403309,44.60328
15.407345,44.602186
15.405666,44.602401
15.406242,44.60239
15.407622,44.602843
15.400115,44.604004
15.402076,44.603044
15.399363,44.604361
15.401349,44.603561
15.398616,44.604332
15.398215,44.604486
15.397402,44.603931
15.397664,44.604488
15.398389,44.604635
15.396982,44.603871
15.394313,44.604857
15.395816,44.604844
15.394086,44.605133
15.392761,44.605591
15.393148,44.606025
15.387041,44.606781
15.389062,44.608513
15.389927,44.608662
15.389599,44.608566
15.390871,44.608867
15.387402,44.608495
15.38762,44.608508
15.3868,44.608624
15.38713,44.608583
15.385654,44.609571
15.385834,44.609188
15.384344,44.610169
15.384502,44.610134
15.38493,44.609881
15.384807,44.609949
15.384656,44.610034
15.383821,44.610405
15.382732,44.610883
15.383469,44.610594
15.383679,44.610479
15.382633,44.610624
15.383029,44.610768
15.383536,44.610523
15.382911,44.610846
15.38266,44.611018
15.381669,44.611608
15.381203,44.611865
15.38101,44.612045
15.382021,44.611346
15.381828,44.611584
15.38144,44.611796
15.381332,44.611837
15.381698,44.611459
15.381109,44.611911
15.381788,44.611399
15.381495,44.611694
15.380644,44.612253
15.380504,44.612313
15.380043,44.612521
15.379942,44.612581
15.378976,44.613101
15.376762,44.613543
15.377567,44.613812
15.377336,44.613574
15.376447,44.613839
15.366118,44.615913
15.366845,44.615613
15.367303,44.615416
15.366318,44.615917
15.366738,44.615789
15.368325,44.616317
15.365361,44.617941
15.3657,44.617681
15.364876,44.61791
15.363574,44.616683
15.363813,44.616536
15.363381,44.616803
15.363624,44.618279
15.358704,44.620049
15.358779,44.619218
15.359023,44.618999
15.359309,44.618857
15.35879,44.616709
15.357972,44.620746
15.356756,44.619777
15.356364,44.619831
15.355048,44.619466
15.352555,44.620948
15.348887,44.621559
15.349799,44.621274
15.35026,44.621245
15.34689,44.622031
15.346859,44.622963
15.346677,44.622716
15.290365,44.58834
15.288559,44.589497
15.289236,44.588208
15.289473,44.588157
15.288616,44.590009
15.287217,44.587977
15.286719,44.590866
15.285424,44.592337
15.285806,44.592289
15.284689,44.592022
15.285967,44.592845
15.286313,44.592923
15.285762,44.597169
15.277418,44.59432
15.277893,44.595213
15.277691,44.595584
15.275897,44.597572
15.278496,44.598514
15.275001,44.600611
15.274951,44.600822
15.273627,44.60494
15.270442,44.605264
15.271421,44.605276
15.273244,44.604626
15.266286,44.607107
15.266563,44.607779
15.266489,44.608086
15.266941,44.607821
15.266333,44.607315
15.265658,44.608799
15.264671,44.609091
15.265506,44.608613
15.265278,44.608944
15.400623,44.602029
15.386632,44.604767
15.386393,44.604363
15.386512,44.604029
15.386203,44.603774
15.385568,44.602584
15.381319,44.599787
15.39165,44.609279
15.37568,44.61479
15.375542,44.614958
15.375242,44.615246
15.370657,44.617053
15.368874,44.618254
15.438059,44.573629
15.438331,44.576105
15.440311,44.576175
15.443198,44.574231
15.442778,44.574747
15.444183,44.573419
15.442385,44.573966
15.444138,44.573653
15.445463,44.57273
15.445122,44.572864
15.446145,44.572569
15.447841,44.571609
15.447699,44.571883
15.450115,44.570513
15.45011,44.570339
15.450548,44.570316
15.451869,44.570154
15.452456,44.572051
15.452299,44.568688
15.452429,44.567242
15.453115,44.563212
15.453328,44.561644
15.451861,44.557255
15.45189,44.556471
15.45178,44.558093
15.45177,44.557677
15.451527,44.558987
15.45179,44.558839
15.451724,44.558533
15.451842,44.556929
15.451313,44.551384
15.451149,44.551094
15.450837,44.554301
15.446821,44.546262
15.44692,44.54597
15.447346,44.545823
15.44938,44.547445
15.444675,44.543194
15.434175,44.546152
15.430388,44.544537
15.429769,44.544462
15.431597,44.544326
15.429585,44.544712
15.433509,44.546181
15.455376,44.574034
15.456629,44.574308
15.526561,44.515463
15.526725,44.515751
15.529292,44.513926
15.528876,44.514275
15.528843,44.514621
15.531466,44.514415
15.531503,44.514711
15.529847,44.515769
15.530716,44.51596
15.530258,44.516
15.53107,44.515894
15.532454,44.516446
15.53452,44.511945
15.532342,44.510838
15.539589,44.513116
15.539687,44.51216
15.539249,44.512388
15.538524,44.511581
15.538572,44.510677
15.542742,44.511271
15.542176,44.511518
15.541494,44.510237
15.540988,44.509605
15.54182,44.50904
15.541961,44.5086
15.541332,44.508989
15.543143,44.507216
15.544166,44.508993
15.547019,44.509764
15.546783,44.509949
15.546415,44.509199
15.545489,44.509377
15.545274,44.507689
15.528292,44.519127
15.529231,44.518822
15.529743,44.51852
15.53915,44.519527
15.535423,44.519535
15.53576,44.52019
15.538627,44.519269
15.537001,44.519269
15.545873,44.522861
15.548318,44.5217
15.54771,44.519579
15.528573,44.515495
15.534282,44.517546
15.535448,44.509768
15.530576,44.507804
15.52836,44.508468
15.53061,44.509243
15.530079,44.508983
15.530166,44.509557
15.514224,44.495186
15.539327,44.510908
15.453115,44.615844
15.453106,44.615537
15.455124,44.615252
15.454933,44.614987
15.454461,44.615336
15.454933,44.614159
15.455298,44.613862
15.45518,44.613285
15.457309,44.615942
15.456846,44.6158
15.457545,44.615536
15.457035,44.615501
15.455026,44.617592
15.453476,44.618818
15.453941,44.618387
15.451848,44.619526
15.452226,44.619474
15.452174,44.61985
15.452993,44.620171
15.452408,44.620162
15.4532,44.620274
15.452488,44.620297
15.449793,44.620408
15.447586,44.622316
15.44746,44.622485
15.456211,44.616899
15.457833,44.615202
15.458861,44.612642
15.463597,44.614044
15.46584,44.620274
15.469233,44.619911
15.469983,44.621996
15.462593,44.618452
15.460702,44.618303
15.461358,44.618635
15.462877,44.618013
15.461667,44.618701
15.466687,44.617613
15.460405,44.62193
15.461293,44.621791
15.47369,44.625018
15.473777,44.626199
15.47082,44.627433
15.47406,44.625199
15.472548,44.626311
15.47771,44.623512
15.475545,44.623897
15.475669,44.624009
15.475789,44.623605
15.476607,44.623908
15.469043,44.628044
15.48587,44.620291
15.483046,44.620744
15.484914,44.620318
15.483882,44.621044
15.484284,44.620893
15.484054,44.620548
15.485841,44.618363
15.480476,44.622345
15.487599,44.630157
15.511897,44.683479
15.494096,44.644665
15.493586,44.643769
15.49418,44.644346
15.494132,44.643887
15.495293,44.643154
15.495236,44.645066
15.453561,44.611325
15.453911,44.611328
15.45387,44.611618
15.452997,44.610229
15.452683,44.609483
15.45309,44.609805
15.45052,44.609737
15.452733,44.610018
15.45246,44.609891
15.451044,44.609395
15.450694,44.606775
15.45898,44.609815
15.463223,44.609365
15.46278,44.609232
15.463796,44.608694
15.463267,44.609613
15.463305,44.609121
15.463901,44.608915
15.464036,44.608352
15.464329,44.608941
15.461817,44.606849
15.459849,44.60572
15.463255,44.607399
15.461768,44.606688
15.460588,44.605874
15.460132,44.60582
15.460416,44.60594
15.460603,44.605488
15.458285,44.605364
15.458985,44.604466
15.456045,44.602634
15.449138,44.600453
15.450399,44.600349
15.450799,44.599821
15.451393,44.59963
15.451226,44.598705
15.450572,44.599279
15.451084,44.59922
15.451019,44.598338
15.451178,44.598098
15.450212,44.59736
15.451314,44.597555
15.446531,44.594579
15.448292,44.595271
15.447962,44.595173
15.447115,44.594991
15.447777,44.595105
15.447469,44.595007
15.446947,44.594699
15.444237,44.594213
15.443819,44.593522
15.444267,44.593684
15.443905,44.594383
15.444838,44.593855
15.443808,44.59293
15.441132,44.591758
15.442356,44.591658
15.453397,44.61438
15.462624,44.608622
15.451355,44.603019
15.440469,44.621867
15.440262,44.622063
15.439846,44.621409
15.440325,44.620749
15.441855,44.62123
15.476008,44.62392
15.441165,44.620659
15.44117,44.621538
15.4426,44.623984
15.44338,44.626273
15.44339,44.625422
15.451023,44.625277
15.451701,44.625827
15.452356,44.626118
15.453267,44.628764
15.452634,44.629222
15.452436,44.629067
15.4587,44.636306
15.456895,44.63665
15.456068,44.637769
15.443346,44.45005
15.44401,44.449415
15.442976,44.449914
15.443663,44.449864
15.447839,44.446185
15.44462,44.445866
15.446755,44.447136
15.447364,44.446605
15.444993,44.446037
15.445315,44.445828
15.444873,44.446683
15.44965,44.445986
15.450467,44.445799
15.450144,44.446122
15.440058,44.447183
15.439246,44.446019
15.436943,44.44857
15.442518,44.448865
15.436559,44.448339
15.439084,44.447696
15.438938,44.449195
15.439062,44.445825
15.439265,44.445717
15.435798,44.447576
15.435671,44.447364
15.428248,44.443875
15.428536,44.445531
15.426613,44.444365
15.429264,44.444291
15.428808,44.445142
15.463611,44.451109
15.463528,44.45066
15.463865,44.450953
15.469385,44.451492
15.470498,44.448646
15.475947,44.449444
15.47616,44.449772
15.475263,44.449632
15.481963,44.453631
15.479956,44.45418
15.480068,44.453306
15.48673,44.452974
15.487915,44.452301
15.483375,44.45043
15.486601,44.449024
15.46199,44.444856
15.48687,44.458738
15.483142,44.458144
15.48358,44.459023
15.479339,44.458214
15.485975,44.457355
15.48236,44.458101
15.48771,44.459167
15.468305,44.463801
15.468388,44.464022
15.467913,44.463333
15.468275,44.462167
15.449824,44.46577
15.449122,44.468072
15.448694,44.46773
15.448435,44.468224
15.450919,44.465785
15.44799,44.467826
15.421498,44.469569
15.420263,44.469661
15.429397,44.461889
15.429797,44.460751
15.429882,44.462132
15.443962,44.460761
15.443588,44.462232
15.443691,44.461959
15.44532,44.458481
15.440762,44.462832
15.443264,44.456888
15.457066,44.45951
15.456417,44.459176
15.456728,44.45896
15.450332,44.463965
15.431311,44.466069
15.447035,44.468543
15.477431,44.463171
15.487951,44.4495
15.627099,44.476354
15.626801,44.476698
15.626063,44.4774
15.625796,44.477773
15.624974,44.479332
15.624479,44.479353
15.623823,44.480311
15.621822,44.482368
15.622056,44.48139
15.620671,44.481661
15.622198,44.481499
15.622162,44.481708
15.620428,44.48397
15.620023,44.484089
15.618899,44.483956
15.620833,44.483477
15.620587,44.483703
15.61855,44.484304
15.620038,44.483788
15.61811,44.485226
15.618136,44.486752
15.616916,44.48694
15.616518,44.487293
15.616773,44.487136
15.616279,44.487494
15.617494,44.486778
15.617392,44.486943
15.612707,44.490872
15.612342,44.491021
15.611733,44.490511
15.611991,44.489937
15.610775,44.490459
15.614473,44.489134
15.613357,44.489648
15.613001,44.48964
15.612529,44.490659
15.612272,44.490846
15.614638,44.488991
15.61297,44.490331
15.612696,44.490444
15.610619,44.490351
15.610798,44.49
15.608453,44.489694
15.60323,44.492673
15.607503,44.490514
15.606789,44.49221
15.606014,44.491951
15.60539,44.491808
15.604039,44.492344
15.607897,44.490229
15.607292,44.491177
15.605627,44.491599
15.605038,44.491166
15.604555,44.492197
15.603594,44.491987
15.604564,44.491143
15.597426,44.492799
15.596563,44.494065
15.598667,44.493359
15.601886,44.49372
15.601449,44.492814
15.599437,44.493511
15.595101,44.494628
15.594479,44.49484
15.591697,44.493364
15.592295,44.492255
15.5945,44.49461
15.587357,44.490891
15.591273,44.488953
15.585477,44.488188
15.590297,44.48952
15.589188,44.490009
15.590643,44.489262
15.584159,44.489439
15.583042,44.487581
15.584093,44.489164
15.5835,44.487623
15.581576,44.490919
15.581755,44.491236
15.581861,44.491784
15.581747,44.491554
15.579822,44.492031
15.57883,44.488669
15.578766,44.488398
15.578587,44.488662
15.590603,44.484658
15.590304,44.478885
15.589806,44.477607
15.590329,44.479124
15.561734,44.485431
15.562095,44.48533
15.574122,44.49558
15.577587,44.497353
15.577263,44.498246
15.575915,44.499099
15.570586,44.498547
15.570309,44.498717
15.578937,44.499099
15.578407,44.498994
15.578564,44.499375
15.576601,44.500122
15.568826,44.503209
15.571838,44.503174
15.572135,44.50343
15.569104,44.503007
15.569143,44.503405
15.570643,44.505052
15.558948,44.500931
15.55971,44.501259
15.559164,44.501292
15.560854,44.502327
15.560607,44.503408
15.560164,44.503663
15.559384,44.504254
15.557794,44.501437
15.55847,44.501239
15.560846,44.505894
15.560771,44.506396
15.560154,44.505548
15.561123,44.505751
15.560619,44.506202
15.560309,44.506236
15.559901,44.507137
15.558762,44.507601
15.557756,44.508424
15.55877,44.508861
15.555988,44.509893
15.556594,44.509938
15.558833,44.513497
15.551873,44.507619
15.549197,44.506341
15.552013,44.50283
15.55049,44.503744
15.54718,44.504057
15.568816,44.490441
15.585101,44.486503
15.58511,44.486764
15.605373,44.487031
15.581595,44.494394
15.579554,44.492593
15.579879,44.492748
15.580416,44.493477
15.59199,44.498636
15.591221,44.500472
15.590687,44.500277
15.588762,44.500557
15.588122,44.501083
15.58795,44.501056
15.588514,44.501042
15.587878,44.500813
15.587198,44.501214
15.586533,44.503724
15.582582,44.501456
15.5839,44.505033
15.581914,44.503331
15.561473,44.501709
15.503623,44.459647
15.503482,44.459491
15.503498,44.459994
15.505095,44.456956
15.505831,44.456753
15.504051,44.45828
15.509706,44.456871
15.509158,44.455174
15.509624,44.456449
15.509505,44.45494
15.507678,44.455988
15.509635,44.455279
15.508329,44.456006
15.508711,44.455382
15.508603,44.455687
15.508272,44.455603
15.508242,44.455174
15.506579,44.454573
15.506808,44.454804
15.509161,44.454401
15.505354,44.453569
15.505332,44.453951
15.504691,44.453682
15.500282,44.451014
15.499585,44.45049
15.503506,44.451359
15.500542,44.451027
15.503361,44.451152
15.50034,44.450809
15.499986,44.450659
15.501195,44.450952
15.501184,44.451423
15.503757,44.451425
15.508918,44.450372
15.507309,44.45054
15.510472,44.450209
15.510083,44.4528
15.510181,44.45053
15.511425,44.450117
15.509418,44.45003
15.50856,44.450002
15.496737,44.45122
15.497043,44.451853
15.496094,44.450188
15.497474,44.450003
15.496835,44.449988
15.49668,44.451033
15.495883,44.449836
15.496995,44.452093
15.497727,44.448546
15.497356,44.448591
15.497559,44.448221
15.496868,44.448576
15.497657,44.448448
15.502207,44.446535
15.503088,44.446224
15.50223,44.446139
15.502825,44.445766
15.506828,44.444994
15.506226,44.445653
15.506396,44.445393
15.506528,44.445233
15.509079,44.444413
15.505967,44.444508
15.513148,44.444532
15.513045,44.44469
15.512633,44.446303
15.515043,44.444777
15.514761,44.443505
15.512814,44.445676
15.513899,44.446429
15.51588,44.443463
15.512431,44.444845
15.516443,44.442667
15.516984,44.442354
15.522835,44.439848
15.521353,44.440186
15.523222,44.439546
15.5178,44.441994
15.521126,44.439838
15.520618,44.440548
15.517265,44.442099
15.523527,44.443565
15.52374,44.442785
15.523651,44.443768
15.531195,44.445834
15.528222,44.443788
15.528793,44.44508
15.531305,44.446229
15.528405,44.444754
15.528604,44.445933
15.530272,44.444754
15.535897,44.443279
15.533927,44.442766
15.536671,44.442965
15.535126,44.443419
15.537287,44.440079
15.53754,44.44012
15.53861,44.442308
15.545633,44.440812
15.548043,44.440498
15.543317,44.44008
15.547109,44.440869
15.546038,44.440748
15.545795,44.440615
15.544872,44.440975
15.543111,44.440297
15.545638,44.441262
15.546036,44.440912
15.543761,44.440904
15.548655,44.440566
15.526632,44.43784
15.522236,44.439193
15.523422,44.438599
15.525846,44.437098
15.525426,44.439106
15.526156,44.43856
15.525362,44.439327
15.52712,44.438447
15.530583,44.436103
15.528932,44.435701
15.53155,44.431154
15.533709,44.430128
15.533995,44.431431
15.53642,44.431089
15.536406,44.429373
15.532388,44.431856
15.536401,44.430011
15.545007,44.426156
15.545162,44.42905
15.54459,44.426204
15.545087,44.426653
15.543402,44.428787
15.540606,44.425853
15.541974,44.428488
15.541496,44.426107
15.542344,44.428451
15.546061,44.42915
15.538818,44.420132
15.538986,44.419516
15.539612,44.41966
15.539644,44.419289
15.539085,44.419775
15.539887,44.419144
15.55605,44.440042
15.558533,44.435008
15.556646,44.433975
15.559588,44.435232
15.511053,44.459751
15.517155,44.461332
15.523414,44.460789
15.523763,44.461009
15.564752,44.452729
15.509353,44.457099
15.508069,44.447694
15.511733,44.44563
15.525395,44.440263
15.52553,44.440722
15.52525,44.440373
15.524894,44.440802
15.524766,44.440894
15.522832,44.446226
15.522464,44.446632
15.520833,44.447122
15.520573,44.446889
15.51699,44.446587
15.516517,44.446429
15.513441,44.455421
15.513794,44.455745
15.513928,44.45589
15.514481,44.456125
15.514401,44.456694
15.515007,44.456643
15.518602,44.455272
15.518818,44.455259
15.518545,44.455648
15.537345,44.429437
15.552292,44.436518
15.551379,44.436219
15.551683,44.436407
15.550797,44.435643
15.514632,44.458915
15.515231,44.458753
15.51461,44.458632
15.514818,44.45922
15.514464,44.458336
15.510635,44.458316
15.509888,44.457568
15.511574,44.458247
15.50918,44.462153
15.506926,44.466868
15.510934,44.445786
15.511764,44.446196
15.52426,44.455088
15.523703,44.454801
15.269001,44.501054
15.244343,44.579485
15.298372,44.577265
15.338949,44.621652
15.427802,44.591902
15.277014,44.498972
15.346403,44.731029
15.346737,44.731232
15.295215,44.6326
15.298648,44.631922
15.244653,44.503954
15.242625,44.761588
15.242383,44.761557
15.245796,44.568092
15.254027,44.577216
15.251711,44.633643
15.391694,44.610586
15.565858,44.404814
15.502219,44.429091
15.297667,44.635392
15.414492,44.605189
15.424737,44.603931
15.425243,44.604186
15.424831,44.602896
15.424067,44.603306
15.36153,44.571974
15.452017,44.600548
15.449323,44.601034
15.446631,44.595668
15.566208,44.436988
15.503608,44.524717
15.236296,44.596349
15.591404,44.48947
15.453617,44.561645
15.344278,44.555106
15.234261,44.643311
15.266065,44.749113
15.423618,44.594997
15.399334,44.583098
15.260687,44.641494
15.124654,44.682313
15.340227,44.735085
15.25139,44.737167
15.214686,44.602999
15.424766,44.59988
15.249287,44.736179
15.249633,44.736279
15.409752,44.598724
15.45202,44.567176
15.327964,44.563086
15.359408,44.569959
15.244279,44.640984
15.191804,44.636891
15.410498,44.60239
15.323678,44.594192
15.506944,44.42247
15.509343,44.418044
15.509774,44.418281
15.509115,44.418301
15.510391,44.418728
15.594002,44.487042
15.324781,44.551028
15.443481,44.596554
15.270806,44.632571
15.32506,44.562581
15.189805,44.643537
15.271675,44.50068
15.167269,44.527516
15.312356,44.642446
15.312397,44.642709
15.155513,44.528233
15.291517,44.637593
15.29165,44.637559
15.449505,44.570792
15.184629,44.641375
15.321294,44.558113
15.286075,44.593684
15.335163,44.622869
15.258494,44.503751
15.317757,44.565872
15.262483,44.567821
15.335196,44.62299
15.280837,44.49892
15.479884,44.623119
15.183255,44.525242
15.316037,44.641006
15.430297,44.58826
15.52873,44.422709
15.569821,44.407887
15.569691,44.407758
15.513802,44.522331
15.280659,44.634404
15.333735,44.621295
15.156735,44.694041
15.461102,44.606436
15.453872,44.611512
15.454632,44.61296
15.468893,44.622446
15.451218,44.638463
15.451388,44.626784
15.452487,44.626401
15.443847,44.626752
15.44447,44.62658
15.442143,44.623306
15.442175,44.62274
15.439672,44.622348
15.449388,44.621122
15.327326,44.564828
15.30283,44.556625
15.302361,44.491681
15.482947,44.454854
15.275432,44.62634
15.428784,44.54463
15.431658,44.544588
15.447105,44.546111
15.612116,44.490593
15.578213,44.499626
15.401716,44.603222
15.401773,44.603584
15.298289,44.634562
15.161606,44.527189
15.409526,44.59956
15.358593,44.568995
15.434572,44.600893
15.251894,44.572864
15.266694,44.650087
15.266587,44.649973
15.197536,44.633705
15.20052,44.657365
15.174132,44.526146
15.109408,44.577794
15.172342,44.774989
15.205357,44.620922
15.522209,44.447088
15.250076,44.503983
15.109503,44.579984
15.27146,44.616524
15.159123,44.539635
15.621572,44.482373
15.243088,44.740182
15.29135,44.616716
15.181824,44.71038
15.18224,44.710016
15.19497,44.64792
15.599518,44.434529
15.456024,44.616
15.270424,44.744604
15.425672,44.58235
15.340369,44.591159
15.466215,44.376498
15.277876,44.723666
15.261786,44.715193
15.266846,44.714527
15.287109,44.728221
15.228943,44.705633
15.285245,44.727772
15.274455,44.736041
15.274013,44.736371
15.257494,44.733082
15.224194,44.706961
15.268029,44.715583
15.268555,44.715738
15.269342,44.732055
15.268766,44.716128
15.238447,44.703908
15.285529,44.727956
15.239645,44.705827
15.273182,44.688827
15.257463,44.73393
15.262254,44.729775
15.250766,44.710011
15.229054,44.705274
15.268699,44.716027
15.280533,44.726578
15.247934,44.708965
15.286193,44.728227
15.269031,44.730212
15.230942,44.705394
15.28102,44.730924
15.277445,44.736238
15.275944,44.733195
15.258747,44.732273
15.27863,44.690818
15.271878,44.733531
15.247655,44.708986
15.262553,44.729449
15.248738,44.709155
15.277908,44.724238
15.265649,44.713826
15.271171,44.734152
15.281956,44.734499
15.274079,44.737271
15.271285,44.732831
15.268593,44.715835
15.277953,44.724104
15.284999,44.727784
15.228688,44.705471
15.288712,44.728612
15.268673,44.715746
15.258319,44.732428
15.27579,44.715576
15.246878,44.708481
15.287154,44.728635
15.244449,44.707778
15.260638,44.731531
15.25732,44.733042
15.272396,44.732187
15.243655,44.707182
15.247289,44.708676
15.273461,44.715962
15.244849,44.707746
15.291865,44.728873
15.273969,44.731376
15.24129,44.706017
15.275719,44.732754
15.259242,44.731666
15.261935,44.715329
15.239444,44.706149
15.277006,44.736123
15.279178,44.693094
15.270161,44.73268
15.22602,44.70548
15.223029,44.706645
15.239267,44.7065
15.262571,44.716709
15.269224,44.731616
15.273249,44.732013
15.236761,44.705622
15.226485,44.705648
15.285175,44.727992
15.280439,44.725731
15.283145,44.73021
15.270705,44.732804
15.273932,44.737063
15.232306,44.704092
15.28888,44.729386
15.272169,44.68904
15.245141,44.704819
15.225773,44.705355
15.247335,44.708921
15.224434,44.70671
15.267922,44.715564
15.275933,44.736299
15.27209,44.73263
15.286489,44.728255
15.274243,44.736466
15.250277,44.709709
15.278292,44.693063
15.298943,44.730753
15.257575,44.733057
15.277118,44.69085
15.278788,44.736028
15.258729,44.732152
15.285296,44.728567
15.275295,44.732797
15.288026,44.728553
15.259951,44.731627
15.22661,44.70542
15.241231,44.705967
15.26855,44.716012
15.223844,44.706894
15.282422,44.730128
15.271188,44.734021
15.274402,44.736275
15.262853,44.716564
15.258589,44.732196
15.258948,44.731917
15.278346,44.72449
15.286311,44.727589
15.271564,44.732961
15.269072,44.730489
15.244889,44.704991
15.287031,44.730208
15.268419,44.715614
15.239516,44.706025
15.268556,44.715901
15.269299,44.730231
15.425729,44.59413
15.175589,44.634594
15.347161,44.555088
15.308163,44.573697
15.39944,44.578063
15.515551,44.45646
15.268924,44.747061
15.621571,44.482204
15.621373,44.482376
15.171612,44.634259
15.397175,44.604644
15.423594,44.466929
15.459023,44.610318
15.340589,44.734593
15.199786,44.712434
15.257011,44.747983
15.272866,44.740992
15.185379,44.777134
15.152533,44.528958
15.109821,44.578653
15.192528,44.648398
15.241917,44.590671
15.533794,44.51123
15.513742,44.522792
15.50654,44.532716
15.525142,44.440939
15.257094,44.757662
15.498024,44.449905
15.499349,44.450994
15.289762,44.498386
15.29095,44.499289
15.292091,44.496272
15.309694,44.567912
15.313816,44.587016
15.347631,44.55435
15.284445,44.59903
15.2877,44.590162
15.283555,44.559124
15.356408,44.562965
15.368003,44.616143
15.479456,44.622889
15.299793,44.627581
15.5717,44.402229
15.168291,44.637901
15.170753,44.647135
15.452586,44.566965
15.298946,44.570247
15.239933,44.584738
15.206048,44.713466
15.251284,44.573026
15.348625,44.555527
15.278824,44.725038
15.278714,44.725296
15.278959,44.725135
15.275161,44.72587
15.340124,44.622955
15.34046,44.556016
15.421031,44.600984
15.568487,44.4143
15.320068,44.728878
15.320381,44.728655
15.313029,44.715329
15.316413,44.728668
15.293168,44.721033
15.308488,44.714763
15.312837,44.715195
15.313851,44.717108
15.313342,44.714286
15.320777,44.728571
15.319145,44.72916
15.320374,44.727774
15.297774,44.717576
15.293823,44.720793
15.321286,44.728219
15.31266,44.715048
15.313209,44.714466
15.312458,44.715282
15.31722,44.715363
15.313095,44.714093
15.321437,44.727719
15.309462,44.714979
15.30421,44.715329
15.288255,44.725443
15.309179,44.71499
15.292196,44.720942
15.317243,44.726703
15.312364,44.713772
15.319257,44.714675
15.297435,44.719169
15.286259,44.72742
15.297193,44.719651
15.287984,44.725689
15.314566,44.728145
15.312829,44.714852
15.30455,44.714859
15.304353,44.715129
15.319024,44.71466
15.312558,44.714649
15.294167,44.720739
15.304388,44.715068
15.296739,44.717949
15.31304,44.557498
15.308897,44.574746
15.299508,44.730861
15.293586,44.587957
15.488122,44.45256
15.488103,44.452679
15.172928,44.706599
15.340477,44.555577
15.2855,44.592728
15.171318,44.651952
15.294638,44.578962
15.178318,44.524736
15.352042,44.586577
15.515813,44.429028
15.526539,44.438587
15.340312,44.596503
15.284964,44.597744
15.193763,44.645452
15.34663,44.622077
15.203187,44.654216
15.408759,44.600376
15.346342,44.623196
15.413803,44.461259
15.341886,44.555182
15.343964,44.555447
15.244677,44.584529
15.205337,44.753301
15.280248,44.731141
15.280534,44.731051
15.281732,44.733873
15.28016,44.733484
15.205192,44.770039
15.205018,44.770123
15.205502,44.769681
15.20519,44.769889
15.268135,44.746235
15.562513,44.43599
15.326154,44.577679
15.508509,44.540163
15.411573,44.612421
15.42402,44.595253
15.12485,44.684355
15.570074,44.500149
15.409931,44.602526
15.27485,44.716395
15.278162,44.716805
15.287801,44.69911
15.296615,44.711614
15.274407,44.716209
15.276726,44.716581
15.272051,44.716638
15.280546,44.696206
15.274437,44.708682
15.282447,44.700039
15.293906,44.712444
15.24874,44.704263
15.246011,44.704779
15.271265,44.716645
15.294142,44.70762
15.29686,44.709238
15.274268,44.716105
15.277983,44.716332
15.27395,44.717941
15.27359,44.716314
15.275565,44.696667
15.276772,44.708528
15.272769,44.716662
15.280585,44.709457
15.280529,44.705362
15.280301,44.709086
15.260174,44.71467
15.284976,44.706854
15.275712,44.716067
15.274199,44.717542
15.280995,44.703979
15.258264,44.715026
15.259147,44.715563
15.261616,44.707658
15.288391,44.698827
15.293412,44.707139
15.296022,44.708298
15.277363,44.716076
15.269955,44.717028
15.280562,44.705739
15.26868,44.709194
15.290105,44.712445
15.245777,44.704691
15.285189,44.7107
15.281073,44.703625
15.290706,44.704968
15.28636,44.71058
15.277744,44.71641
15.274002,44.71781
15.283469,44.70686
15.290319,44.704711
15.260555,44.706585
15.274916,44.715763
15.273108,44.716571
15.296512,44.708062
15.27231,44.716799
15.270337,44.716877
15.274116,44.718052
15.275291,44.716004
15.274227,44.717282
15.247883,44.704258
15.274321,44.716557
15.275228,44.708571
15.270605,44.716793
15.295825,44.71001
15.278059,44.71659
15.274519,44.716087
15.277526,44.716226
15.286944,44.707592
15.273688,44.716043
15.278422,44.716166
15.277697,44.716654
15.291421,44.700187
15.293982,44.710565
15.258067,44.714699
15.28715,44.710283
15.277886,44.701735
15.281378,44.703751
15.280513,44.704717
15.286739,44.710478
15.246184,44.704797
15.291823,44.713633
15.292296,44.70337
15.294654,44.707107
15.259216,44.71552
15.245505,44.704735
15.269658,44.716844
15.246982,44.704552
15.271846,44.695978
15.270512,44.716789
15.291362,44.703765
15.27585,44.708632
15.251431,44.704562
15.276121,44.70869
15.281729,44.710822
15.288003,44.698913
15.256527,44.713777
15.272826,44.71671
15.280818,44.70963
15.260519,44.70713
15.276614,44.717228
15.261972,44.707776
15.260407,44.706472
15.27794,44.715897
15.276541,44.708562
15.267969,44.709529
15.290586,44.712243
15.283984,44.710865
15.277448,44.716156
15.275703,44.716208
15.274268,44.716824
15.29382,44.707078
15.269043,44.709275
15.280484,44.709021
15.274759,44.716134
15.283631,44.696584
15.28048,44.705254
15.278583,44.70815
15.277259,44.7083
15.290981,44.706863
15.281798,44.710782
15.29343,44.707435
15.26638,44.710193
15.2822,44.702606
15.287365,44.707799
15.257204,44.714328
15.273718,44.716268
15.293547,44.706992
15.252154,44.704674
15.280603,44.707865
15.282854,44.699279
15.268151,44.709468
15.259615,44.716066
15.286952,44.697737
15.281754,44.704062
15.291172,44.704365
15.269791,44.717061
15.280188,44.708917
15.283093,44.710537
15.289835,44.712382
15.280601,44.708055
15.278183,44.716094
15.27167,44.716558
15.273575,44.699324
15.284653,44.706815
15.292223,44.715045
15.28208,44.704129
15.268824,44.709161
15.270195,44.716886
15.268565,44.709299
15.280352,44.705831
15.273535,44.718216
15.271512,44.716575
15.285762,44.706975
15.28523,44.706803
15.283583,44.710796
15.29184,44.703367
15.270082,44.716878
15.27252,44.716932
15.290882,44.712582
15.273779,44.718006
15.270438,44.716909
15.27642,44.696139
15.274604,44.716242
15.278073,44.716158
15.291043,44.703805
15.282126,44.706913
15.277768,44.716747
15.280472,44.709363
15.272007,44.716466
15.280788,44.704227
15.260809,44.706964
15.256698,44.707015
15.296409,44.711704
15.258158,44.714719
15.284279,44.710534
15.273901,44.716247
15.274238,44.716377
15.271429,44.716605
15.280405,44.70496
15.266463,44.71003
15.272624,44.716805
15.290656,44.705307
15.280553,44.704967
15.258167,44.714909
15.258674,44.715476
15.258741,44.715512
15.282978,44.699017
15.280263,44.708458
15.283986,44.706815
15.284188,44.710863
15.281564,44.703939
15.278257,44.717087
15.266985,44.709786
15.280804,44.708031
15.296638,44.707887
15.276526,44.717269
15.272767,44.716857
15.296164,44.711986
15.259509,44.715903
15.280254,44.70878
15.280638,44.705083
15.290722,44.706162
15.281198,44.703273
15.28053,44.70921
15.294077,44.712204
15.276697,44.717401
15.267375,44.709909
15.275061,44.716021
15.252567,44.705181
15.276289,44.717545
15.290689,44.702815
15.50762,44.539332
15.506318,44.53845
15.292659,44.728594
15.292868,44.728204
15.287318,44.732198
15.288479,44.73265
15.287607,44.732692
15.292188,44.496043
15.20455,44.626803
15.353983,44.587557
15.33826,44.556511
15.324233,44.577592
15.263009,44.75306
15.186343,44.710618
15.341249,44.612064
15.260955,44.754491
15.261127,44.754419
15.51479,44.541699
15.250731,44.622715
15.23581,44.763553
15.183747,44.771506
15.363243,44.61795
15.363298,44.61813
15.200628,44.625072
15.197859,44.623449
15.203524,44.618955
15.196981,44.633603
15.298232,44.635584
15.3039,44.626888
15.56524,44.436666
15.144738,44.774488
15.272786,44.49976
15.50589,44.45414
15.617072,44.48731
15.393514,44.605784
15.386623,44.608824
15.3864,44.608963
15.274919,44.626486
15.53418,44.511503
15.515783,44.496364
15.541716,44.42845
15.175264,44.637857
15.175094,44.637628
15.17484,44.637607
15.179337,44.639061
15.171464,44.707967
15.285319,44.591802
15.52569,44.515448
15.50386,44.428948
15.50369,44.42909
15.450985,44.59729
15.153209,44.653332
15.152638,44.658137
15.150574,44.657629
15.275663,44.631875
15.505764,44.526523
15.259126,44.63757
15.455656,44.615159
15.204996,44.630512
15.242206,44.597141
15.312173,44.644916
15.296843,44.635959
15.504842,44.526022
15.49819,44.541303
15.499738,44.526901
15.453433,44.615174
15.461065,44.605791
15.450067,44.549046
15.34234,44.611207
15.18651,44.641131
15.188837,44.642068
15.219551,44.635201
15.22006,44.634879
15.311227,44.589178
15.177091,44.653346
15.184408,44.641321
15.412626,44.611468
15.166326,44.649909
15.259219,44.750062
15.259188,44.750009
15.25905,44.749972
15.259357,44.749793
15.399403,44.584408
15.253276,44.503471
15.170703,44.646949
15.241596,44.591574
15.328173,44.54826
15.299376,44.57654
15.258935,44.637871
15.253839,44.641319
15.247337,44.641976
15.236073,44.646262
15.23352,44.643957
15.22624,44.645776
15.226559,44.645961
15.226821,44.646253
15.250979,44.628805
15.251076,44.627863
15.194588,44.708591
15.179209,44.710651
15.171313,44.707968
15.170882,44.707961
15.26538,44.748269
15.284919,44.499096
15.285097,44.4991
15.285538,44.499009
15.273201,44.499639
15.257311,44.503783
15.30964,44.490412
15.241315,44.576365
15.185918,44.64536
15.193245,44.645573
15.200902,44.628986
15.179676,44.651436
15.514569,44.531034
15.165728,44.652151
15.176634,44.635042
15.150972,44.659238
15.137478,44.663444
15.215677,44.751012
15.215364,44.750972
15.218119,44.750475
15.352568,44.587147
15.266045,44.748295
15.265131,44.748813
15.251502,44.759712
15.248952,44.760597
15.237196,44.763335
15.236003,44.763472
15.232581,44.764177
15.230943,44.763925
15.225834,44.765253
15.217439,44.766087
15.191748,44.772297
15.184275,44.77157
15.182889,44.771414
15.174672,44.772921
15.192147,44.773819
15.572949,44.40859
15.573225,44.408649
15.220251,44.650074
15.206592,44.652862
15.288548,44.640314
15.299214,44.644024
15.30921,44.644066
15.323436,44.635085
15.427744,44.59229
15.523188,44.523109
15.237101,44.642751
15.175485,44.706032
15.149715,44.780205
15.50618,44.535825
15.439091,44.575699
15.45357,44.561883
15.326435,44.577165
15.515493,44.496533
15.51569,44.495844
15.452665,44.615128
15.451761,44.609822
15.45233,44.609498
15.435349,44.446825
15.616422,44.487065
15.586346,44.491611
15.577884,44.499519
15.507671,44.447767
15.527252,44.438246
15.54375,44.508884
15.229122,44.745924
15.229238,44.745531
15.228574,44.746236
15.228422,44.746282
15.228704,44.746151
15.228796,44.745959
15.190066,44.621347
15.367647,44.584132
15.327163,44.57728
15.233806,44.633447
15.19502,44.70871
15.521599,44.446765
15.538477,44.511857
15.233615,44.644122
15.273844,44.616545
15.30278,44.647918
15.310917,44.56665
15.311874,44.644625
15.310967,44.643885
15.348191,44.552565
15.580101,44.486626
15.30332,44.629907
15.285393,44.598041
15.285523,44.597762
15.215968,44.633674
15.215716,44.633735
15.542927,44.511089
15.198011,44.618153
15.197783,44.618369
15.385552,44.584057
15.188138,44.711154
15.187952,44.711029
15.516933,44.442184
15.45593,44.603305
15.357925,44.568673
15.349006,44.556188
15.563537,44.435405
15.140822,44.660201
15.348451,44.557827
15.292265,44.639675
15.270356,44.500552
15.502017,44.429031
15.50293,44.446023
15.299881,44.633375
15.273876,44.736032
15.42527,44.594261
15.337546,44.556703
15.254015,44.577427
15.21818,44.647932
15.179912,44.639661
15.181755,44.64057
15.376694,44.614421
15.376201,44.613945
15.294526,44.494615
15.574869,44.4963
15.309007,44.56866
15.254838,44.576382
15.184428,44.521573
15.383357,44.610692
15.416568,44.605316
15.416485,44.604931
15.315393,44.728942
15.315221,44.728847
15.315111,44.728674
15.568034,44.426877
15.336491,44.56369
15.270022,44.500918
15.304153,44.575209
15.270091,44.501126
15.227969,44.636442
15.22808,44.635664
15.225986,44.592375
15.259367,44.637826
15.503856,44.458389
15.59054,44.500442
15.189994,44.760466
15.38319,44.610612
15.149672,44.537552
15.149785,44.537474
15.256519,44.647412
15.256966,44.647586
15.322032,44.576903
15.449971,44.597302
15.255503,44.759037
15.186965,44.773458
15.306718,44.642386
15.230272,44.74489
15.229939,44.745428
15.362385,44.595732
15.269972,44.723171
15.269613,44.723048
15.255613,44.758566
15.308465,44.573812
15.308676,44.567906
15.271168,44.748231
15.514608,44.44371
15.514473,44.443926
15.275092,44.601101
15.225421,44.642341
15.214469,44.766647
15.57713,44.497741
15.1591,44.708648
15.349601,44.553961
15.406251,44.584228
15.40621,44.583774
15.405887,44.584019
15.421357,44.596655
15.421964,44.59719
15.422922,44.597659
15.422677,44.597312
15.312638,44.587766
15.312444,44.587673
15.312361,44.58714
15.331163,44.559609
15.426238,44.582098
15.426472,44.582305
15.385363,44.583992
15.193018,44.712255
15.161167,44.538612
15.161245,44.538564
15.196937,44.769628
15.196283,44.769812
15.300506,44.625448
15.328547,44.5609
15.30709,44.491244
15.198297,44.623831
15.413398,44.605081
15.320439,44.559317
15.243844,44.642576
15.504793,44.437838
15.50478,44.437711
15.326113,44.545502
15.250643,44.579797
15.332032,44.558781
15.298484,44.575987
15.261124,44.651269
15.25372,44.63802
15.312093,44.586518
15.261597,44.503307
15.272218,44.631134
15.298749,44.634734
15.339824,44.593704
15.231754,44.587978
15.278351,44.598286
15.4171,44.601612
15.530956,44.51547
15.297894,44.635207
15.23324,44.643373
15.233455,44.643236
15.26709,44.6272
15.357403,44.619545
15.297,44.635191
15.320079,44.56023
15.317468,44.591206
15.383444,44.584897
15.383647,44.584984
15.266604,44.501315
15.265679,44.502612
15.501887,44.447615
15.290248,44.639197
15.385107,44.584806
15.405441,44.597599
15.334394,44.622558
15.339193,44.554616
15.219162,44.765733
15.267232,44.50191
15.272217,44.700484
15.272513,44.700476
15.272811,44.70086
15.166509,44.525873
15.407667,44.621336
15.497606,44.449748
15.351613,44.734783
15.355948,44.563659
15.340824,44.555472
15.158808,44.695747
15.574239,44.403953
15.528084,44.445206
15.301759,44.491204
15.564191,44.510101
15.251416,44.579536
15.245921,44.570064
15.556533,44.509453
15.562634,44.510267
15.132819,44.711445
15.315129,44.573771
15.314839,44.5736
15.410346,44.602198
15.409902,44.602346
15.582371,44.500895
15.58261,44.500929
15.290343,44.624968
15.253079,44.578194
15.270194,44.632061
15.521584,44.4401
15.19296,44.645171
15.274582,44.499014
15.385877,44.604377
15.274545,44.498973
15.31056,44.577343
15.323809,44.563178
15.287999,44.626991
15.529966,44.516027
15.348904,44.555226
15.196278,44.658264
15.322144,44.63437
15.270809,44.500371
15.271058,44.493954
15.267427,44.500552
15.216542,44.506742
15.324515,44.548028
15.291507,44.495258
15.312105,44.644715
15.162642,44.526286
15.162853,44.526215
15.163203,44.526193
15.689913,44.776406
15.690021,44.776179
15.690106,44.775984
15.689753,44.776607
15.689552,44.775926
15.689979,44.775725
15.705488,44.741966
15.47895,44.844126
15.501443,44.848871
15.501678,44.848843
15.481282,44.847776
15.722616,44.907221
15.722625,44.90756
15.723573,44.90803
15.72382,44.908243
15.725575,44.90937
15.724686,44.908981
15.726479,44.910164
15.727243,44.91053
15.728355,44.911753
15.729218,44.912417
15.73297,44.919895
15.463245,44.844821
15.45156,44.836859
15.496463,44.823864
15.528205,44.841008
15.724337,44.89851
15.724367,44.899004
15.725153,44.902269
15.722364,44.904138
15.721808,44.904774
15.721031,44.906727
15.720126,44.906784
15.71935,44.906595
15.71946,44.907135
15.719371,44.907443
15.718944,44.907374
15.7162,44.908448
15.71561,44.908927
15.714864,44.909084
15.71464,44.908875
15.713683,44.909423
15.7129,44.909623
15.712349,44.909701
15.710194,44.909896
15.70902,44.910443
15.708577,44.910348
15.70831,44.910527
15.707932,44.910843
15.707615,44.911063
15.707771,44.911266
15.705678,44.912624
15.705733,44.912843
15.705508,44.913059
15.707266,44.914456
15.707074,44.914548
15.703913,44.916117
15.147185,44.904118
15.146104,44.902421
15.145796,44.902773
15.145354,44.901757
15.144702,44.90139
15.141992,44.900797
15.141181,44.900671
15.137591,44.899362
15.137443,44.89962
15.135892,44.898669
15.133874,44.900758
15.134398,44.898512
15.134292,44.898478
15.13371,44.898061
15.133631,44.898
15.132868,44.897358
15.13303,44.896708
15.133736,44.895557
15.133548,44.895144
15.133708,44.894662
15.133665,44.8945
15.133626,44.894321
15.133539,44.89416
15.133303,44.894142
15.133473,44.893986
15.134385,44.894011
15.155094,44.895052
15.148903,44.891908
15.148528,44.891951
15.148536,44.892753
15.147643,44.892226
15.1468,44.892719
15.146123,44.89272
15.145634,44.892766
15.144597,44.892328
15.140147,44.892162
15.139811,44.891716
15.145627,44.883637
15.137591,44.889213
15.137875,44.889225
15.139164,44.890431
15.136066,44.893283
15.135501,44.893036
15.135086,44.892944
15.134108,44.892456
15.132424,44.891826
15.132948,44.891707
15.132869,44.891583
15.132386,44.891037
15.130158,44.892086
15.130338,44.892146
15.129097,44.891449
15.12733,44.891055
15.121431,44.887376
15.121095,44.886947
15.12107,44.886901
15.119864,44.890189
15.116729,44.885695
15.116476,44.885851
15.09739,44.872457
15.093953,44.874558
15.094905,44.874592
15.112807,44.895723
15.109424,44.899184
15.110734,44.900097
15.110288,44.899794
15.111458,44.900754
15.111897,44.900937
15.112214,44.90116
15.112187,44.901261
15.112312,44.901502
15.112581,44.902728
15.112154,44.904068
15.112354,44.905138
15.113636,44.905828
15.113559,44.906243
15.115147,44.907083
15.115727,44.907086
15.115985,44.907189
15.116181,44.907227
15.116639,44.907329
15.11723,44.907361
15.117516,44.907439
15.118067,44.907535
15.118323,44.907593
15.119335,44.90729
15.119658,44.907448
15.120353,44.90765
15.123286,44.907273
15.125194,44.905862
15.125438,44.905785
15.126251,44.905365
15.126436,44.90527
15.126651,44.905136
15.126826,44.904932
15.127116,44.904922
15.128477,44.904753
15.128796,44.904936
15.129211,44.904784
15.129794,44.904612
15.130328,44.90461
15.130412,44.904622
15.130725,44.904656
15.131863,44.9049
15.132172,44.904937
15.132305,44.905075
15.132481,44.905118
15.132592,44.905387
15.132815,44.905324
15.133208,44.90718
15.133242,44.907861
15.133073,44.908533
15.132568,44.908839
15.132479,44.909295
15.132319,44.909834
15.132494,44.909936
15.132647,44.910098
15.13296,44.910222
15.138699,44.910556
15.138904,44.910613
15.139534,44.910501
15.139909,44.910413
15.140426,44.910454
15.140999,44.910396
15.142089,44.910379
15.142821,44.910121
15.143123,44.909876
15.147857,44.904037
15.147687,44.904727
15.148934,44.904637
15.150617,44.905356
15.151512,44.90534
15.151771,44.905174
15.151993,44.90503
15.152303,44.905006
15.153081,44.904593
15.15334,44.904703
15.154811,44.904624
15.155897,44.904648
15.157435,44.904474
15.15878,44.906155
15.159481,44.904174
15.160199,44.903832
15.160293,44.903816
15.160637,44.903721
15.161602,44.903272
15.161789,44.902738
15.162364,44.902465
15.162761,44.902578
15.163531,44.902164
15.163936,44.902173
15.164945,44.901247
15.165456,44.900831
15.165305,44.900897
15.164629,44.900918
15.164815,44.901051
15.165088,44.900777
15.163532,44.900675
15.163763,44.900612
15.163472,44.900595
15.164299,44.899848
15.165317,44.899418
15.166026,44.89915
15.166126,44.899105
15.173057,44.891567
15.174211,44.890322
15.177239,44.890843
15.177022,44.89229
15.177288,44.893573
15.17746,44.893787
15.177309,44.893971
15.177495,44.893966
15.17752,44.894457
15.177686,44.894809
15.177946,44.895148
15.178483,44.895594
15.178733,44.895638
15.17976,44.895883
15.179722,44.89577
15.18066,44.895885
15.181969,44.895394
15.182568,44.895778
15.182937,44.895887
15.182928,44.895616
15.18333,44.89472
15.183598,44.895435
15.183467,44.895741
15.182876,44.898474
15.182486,44.898989
15.181782,44.89965
15.18179,44.900211
15.181374,44.900779
15.180987,44.90024
15.180884,44.900306
15.1806,44.900525
15.180271,44.900638
15.180444,44.901965
15.17902,44.901987
15.179351,44.902359
15.179106,44.902489
15.178247,44.902915
15.177535,44.902916
15.177314,44.902166
15.174616,44.902034
15.175264,44.903704
15.174592,44.903837
15.174193,44.904307
15.173881,44.904553
15.174343,44.905216
15.174393,44.905355
15.174705,44.90541
15.175748,44.907481
15.175508,44.907869
15.17503,44.908442
15.171877,44.905234
15.171144,44.906173
15.170082,44.90702
15.16965,44.907361
15.169413,44.907498
15.169064,44.907757
15.171213,44.906114
15.17137,44.906473
15.171112,44.906699
15.168429,44.906252
15.168064,44.906307
15.16764,44.906329
15.173705,44.909353
15.17355,44.909498
15.172276,44.910442
15.171879,44.910318
15.171696,44.910658
15.169786,44.910933
15.168795,44.911206
15.167811,44.911729
15.167514,44.911842
15.167179,44.912019
15.165568,44.910409
15.166902,44.912153
15.165315,44.910569
15.166665,44.912347
15.166005,44.912394
15.16548,44.912443
15.165615,44.911967
15.162468,44.912506
15.160303,44.915668
15.159483,44.914808
15.158167,44.915568
15.156497,44.915124
15.159233,44.9172
15.158954,44.918103
15.158056,44.9187
15.154965,44.916951
15.154701,44.917111
15.153295,44.917892
15.15359,44.917785
15.152039,44.918808
15.151072,44.919085
15.151207,44.919229
15.151581,44.919232
15.151781,44.920987
15.150409,44.92115
15.150595,44.921105
15.150232,44.920772
15.148935,44.919031
15.149854,44.921029
15.148872,44.920569
15.147244,44.920435
15.146949,44.920342
15.146712,44.920696
15.145472,44.920699
15.145767,44.920575
15.144858,44.92106
15.145169,44.920895
15.143464,44.915283
15.143467,44.913517
15.142583,44.911722
15.142566,44.91127
15.142974,44.91086
15.14212,44.919252
15.140694,44.921194
15.14046,44.921333
15.140303,44.921792
15.140114,44.922231
15.139429,44.923035
15.134854,44.921236
15.138143,44.924082
15.137848,44.924282
15.141621,44.925012
15.142261,44.923862
15.143489,44.923176
15.144628,44.922706
15.145028,44.922302
15.562517,44.829588
15.563954,44.830024
15.56602,44.831271
15.566408,44.829575
15.56713,44.828987
15.567429,44.828976
15.568811,44.82734
15.569176,44.827227
15.569028,44.827152
15.569449,44.827026
15.570402,44.826505
15.614792,44.924343
15.614817,44.924234
15.614722,44.92416
15.614498,44.924051
15.613881,44.924049
15.613793,44.923977
15.613994,44.923686
15.525897,44.715496
15.525268,44.712933
15.523453,44.71199
15.63339,44.704567
15.637087,44.70633
15.637914,44.706461
15.646403,44.713573
15.647467,44.713707
15.645019,44.718454
15.645156,44.718657
15.644948,44.718679
15.637261,44.737421
15.629242,44.721528
15.627636,44.717712
15.624406,44.718832
15.623497,44.719223
15.623116,44.719445
15.629018,44.718469
15.626807,44.708761
15.627062,44.708829
15.6217,44.710671
15.618522,44.709026
15.616509,44.706431
15.616499,44.70628
15.616607,44.705675
15.616508,44.705549
15.616419,44.705304
15.616245,44.7049
15.358585,44.773295
15.358534,44.773625
15.357365,44.773614
15.356843,44.773546
15.35602,44.773405
15.355508,44.773159
15.362637,44.773834
15.360208,44.774786
15.359787,44.775345
15.356366,44.773517
15.362194,44.773823
15.36155,44.773752
15.361139,44.775028
15.360783,44.774343
15.362808,44.774061
15.35914,44.77379
15.359316,44.773521
15.366897,44.785736
15.375728,44.781166
15.366274,44.786379
15.366126,44.786689
15.366612,44.786643
15.367088,44.787034
15.363423,44.785589
15.363372,44.785302
15.362988,44.785958
15.363755,44.785977
15.366286,44.787397
15.365852,44.787822
15.366168,44.787991
15.365878,44.788012
15.365704,44.788083
15.362861,44.787175
15.36296,44.78693
15.361277,44.786983
15.360424,44.787235
15.360745,44.786718
15.361656,44.787142
15.36117,44.787546
15.361078,44.787744
15.360681,44.78796
15.359879,44.788332
15.359961,44.788119
15.359447,44.788625
15.359344,44.78905
15.359623,44.789004
15.359099,44.788946
15.358141,44.788572
15.358166,44.788689
15.358242,44.789422
15.358133,44.789519
15.35804,44.789569
15.357534,44.789788
15.357413,44.790171
15.357679,44.790548
15.357215,44.790583
15.357033,44.790252
15.357019,44.790019
15.356511,44.790177
15.356019,44.790324
15.355258,44.790534
15.355043,44.790576
15.36024,44.790249
15.360945,44.79017
15.360894,44.78997
15.360223,44.794312
15.35999,44.793737
15.360739,44.792599
15.359056,44.792303
15.359098,44.792643
15.358799,44.792887
15.358534,44.793104
15.359131,44.793267
15.359074,44.793363
15.356906,44.794886
15.356399,44.794916
15.35627,44.795049
15.355936,44.795122
15.355545,44.795335
15.354948,44.795601
15.354579,44.795229
15.354608,44.793781
15.354878,44.794159
15.354764,44.793934
15.354153,44.793291
15.353938,44.793509
15.354406,44.793092
15.354755,44.790633
15.354815,44.790598
15.355519,44.791317
15.3558,44.791456
15.35471,44.791417
15.354137,44.791013
15.352996,44.791091
15.353259,44.791096
15.352492,44.791186
15.3528,44.791114
15.34951,44.791218
15.347856,44.791571
15.350421,44.791414
15.35124,44.789475
15.350664,44.788847
15.351161,44.78867
15.351049,44.788529
15.350222,44.788645
15.350482,44.789232
15.346358,44.792464
15.345879,44.79262
15.345864,44.792285
15.347638,44.795422
15.346705,44.79542
15.347366,44.795634
15.347771,44.795627
15.348185,44.795554
15.348203,44.795335
15.35135,44.795139
15.351618,44.795205
15.351841,44.795505
15.351832,44.796897
15.351526,44.797251
15.352186,44.797126
15.346209,44.790859
15.346293,44.790963
15.344745,44.791632
15.344465,44.791512
15.343244,44.791713
15.342657,44.791966
15.340369,44.790672
15.34289,44.793026
15.343739,44.793002
15.343602,44.793503
15.343176,44.793666
15.344187,44.793249
15.34265,44.796601
15.340242,44.794856
15.340642,44.79439
15.339258,44.794904
15.33946,44.795118
15.338582,44.795478
15.338262,44.795606
15.338608,44.795168
15.337796,44.795713
15.337408,44.795808
15.336929,44.796084
15.336953,44.795474
15.335285,44.792976
15.337112,44.796861
15.335499,44.796753
15.336245,44.796596
15.335992,44.796812
15.335887,44.796641
15.335802,44.796274
15.336316,44.796188
15.335481,44.796196
15.334017,44.798134
15.333327,44.798216
15.335158,44.80095
15.334582,44.801729
15.334276,44.801724
15.3326,44.795395
15.332409,44.795305
15.332561,44.795151
15.332661,44.794767
15.331969,44.795654
15.331722,44.795852
15.331438,44.795963
15.331119,44.79626
15.331415,44.796141
15.331347,44.796578
15.331581,44.796528
15.330968,44.796552
15.330773,44.796619
15.330446,44.796202
15.330125,44.795788
15.33045,44.79643
15.3303,44.797167
15.330258,44.797396
15.330315,44.797079
15.329864,44.797541
15.329632,44.797683
15.329948,44.798026
15.329692,44.798385
15.329644,44.798454
15.329528,44.798601
15.329416,44.799309
15.32631,44.802523
15.325998,44.802109
15.326525,44.802263
15.326778,44.802079
15.326114,44.802655
15.325557,44.802592
15.325903,44.803338
15.325031,44.803326
15.32554,44.803707
15.325166,44.80301
15.325059,44.802243
15.324737,44.802363
15.324785,44.802066
15.324853,44.80342
15.324576,44.801702
15.324118,44.801608
15.324553,44.802216
15.324376,44.804102
15.322922,44.805267
15.324911,44.80438
15.324209,44.8049
15.323878,44.805168
15.323544,44.805461
15.324159,44.806115
15.325376,44.805023
15.325575,44.805132
15.325704,44.80525
15.326034,44.805344
15.325859,44.80563
15.325257,44.805868
15.326131,44.797731
15.325585,44.797623
15.323176,44.800181
15.325245,44.797608
15.32506,44.79811
15.324494,44.798148
15.322541,44.799395
15.322966,44.799475
15.322049,44.799873
15.321442,44.800428
15.321748,44.800812
15.321827,44.801549
15.322402,44.800672
15.319946,44.80239
15.32011,44.802785
15.319571,44.802366
15.31848,44.802908
15.318189,44.802923
15.317175,44.803904
15.316613,44.804333
15.318333,44.804676
15.31844,44.804853
15.318035,44.804641
15.317636,44.805109
15.318502,44.805395
15.31879,44.805835
15.318924,44.806099
15.320144,44.805778
15.321048,44.806749
15.321152,44.805843
15.321514,44.806404
15.322233,44.80653
15.322493,44.806223
15.322962,44.80585
15.32316,44.805716
15.321165,44.807239
15.321891,44.806166
15.321666,44.806282
15.320756,44.807492
15.320437,44.808085
15.319862,44.808002
15.320297,44.807427
15.320031,44.808558
15.319749,44.808471
15.319934,44.808977
15.319912,44.80915
15.3195,44.809342
15.318111,44.809563
15.318758,44.811114
15.317889,44.811289
15.317402,44.810744
15.317025,44.810812
15.316194,44.810445
15.316715,44.810419
15.314971,44.810036
15.314291,44.809781
15.314068,44.80999
15.314077,44.80973
15.313927,44.809674
15.31258,44.809234
15.313943,44.80844
15.313615,44.809059
15.314262,44.808554
15.315245,44.810141
15.314652,44.808775
15.313659,44.80852
15.314241,44.807527
15.314507,44.808033
15.315664,44.808118
15.312458,44.808235
15.313024,44.809374
15.312302,44.807896
15.311893,44.807856
15.31196,44.808167
15.312408,44.807745
15.313001,44.805361
15.313264,44.805347
15.314166,44.806515
15.313867,44.805722
15.3144,44.805288
15.322974,44.811695
15.322059,44.812318
15.320284,44.81285
15.320325,44.812528
15.320544,44.81238
15.320146,44.812352
15.319834,44.811422
15.318857,44.811987
15.318487,44.812501
15.319121,44.813514
15.3189,44.813514
15.318835,44.813707
15.319402,44.814714
15.319777,44.813589
15.319989,44.813564
15.320145,44.813228
15.320494,44.813694
15.317437,44.813906
15.31668,44.814282
15.316513,44.814361
15.316424,44.814397
15.315992,44.814155
15.316154,44.814541
15.315321,44.814449
15.314713,44.814664
15.315364,44.815184
15.317526,44.815673
15.317281,44.815834
15.314487,44.814785
15.314459,44.815236
15.314099,44.814949
15.31352,44.814023
15.313702,44.813584
15.311991,44.814802
15.313535,44.815412
15.313396,44.815528
15.313273,44.815686
15.313211,44.815761
15.313576,44.815757
15.306606,44.812654
15.307277,44.813323
15.306046,44.812353
15.305498,44.812515
15.306488,44.813118
15.305535,44.812149
15.307924,44.810489
15.31111,44.813073
15.311245,44.81331
15.309954,44.811225
15.31049,44.811351
15.31075,44.8104
15.311626,44.80994
15.309188,44.810651
15.726483,44.635237
15.726167,44.635306
15.723625,44.636045
15.723202,44.636403
15.722796,44.636655
15.722215,44.638912
15.722107,44.639282
15.721689,44.639942
15.7232,44.639164
15.723507,44.639441
15.723993,44.639501
15.724368,44.639627
15.7246,44.639727
15.725346,44.63995
15.72581,44.639923
15.726395,44.640156
15.726827,44.640925
15.726687,44.64111
15.726251,44.641537
15.725913,44.642182
15.726275,44.64247
15.72595,44.642544
15.725799,44.642878
15.725778,44.643202
15.725843,44.644004
15.72569,44.644082
15.725555,44.644438
15.725459,44.644542
15.720419,44.643665
15.720664,44.644122
15.725153,44.645234
15.720572,44.644287
15.724612,44.645723
15.724331,44.646186
15.723241,44.64632
15.723639,44.647117
15.723131,44.647955
15.722945,44.648325
15.722969,44.649119
15.722769,44.64924
15.726647,44.650799
15.727128,44.650844
15.725803,44.652898
15.725462,44.653197
15.725116,44.653256
15.725054,44.653319
15.723891,44.653511
15.721622,44.654573
15.720672,44.655137
15.71959,44.655323
15.717351,44.657711
15.717071,44.657921
15.716077,44.659041
15.715554,44.659282
15.715464,44.659605
15.715712,44.655895
15.598644,44.899183
15.599925,44.898011
15.601794,44.896938
15.602778,44.896404
15.605155,44.897786
15.573823,44.90788
15.602746,44.845585
15.601967,44.845231
15.602236,44.844325
15.597087,44.842191
15.59624,44.841992
15.596333,44.841694
15.596031,44.841663
15.595823,44.841532
15.592623,44.8404
15.586912,44.841978
15.586807,44.842001
15.585518,44.842195
15.567358,44.838563
15.566034,44.840221
15.611698,44.820153
15.612041,44.820042
15.619587,44.820796
15.619924,44.820802
15.623888,44.820597
15.624518,44.820447
15.624892,44.820425
15.628212,44.819821
15.62786,44.819928
15.629612,44.819499
15.597754,44.917901
15.601112,44.921494
15.601403,44.921689
15.611527,44.926165
15.611435,44.926058
15.611043,44.926154
15.601477,44.922187
15.600776,44.921745
15.599456,44.92158
15.599126,44.921525
15.59922,44.922975
15.594439,44.922208
15.594342,44.923908
15.589634,44.925037
15.596097,44.921903
15.592454,44.923888
15.59403,44.92403
15.591054,44.924501
15.592785,44.923851
15.597467,44.92472
15.596439,44.921716
15.597102,44.92464
15.596898,44.924456
15.595681,44.922154
15.595171,44.92179
15.595913,44.922001
15.590867,44.924507
15.604416,44.932485
15.597717,44.925274
15.590574,44.924499
15.303937,44.882519
15.302262,44.883562
15.620418,44.918844
15.607475,44.914529
15.608642,44.913059
15.608712,44.9123
15.609431,44.910933
15.613643,44.905825
15.61131,44.904935
15.613913,44.911517
15.61401,44.911042
15.614366,44.91139
15.614655,44.912111
15.614726,44.912286
15.61526,44.913126
15.615586,44.913439
15.616699,44.913341
15.620385,44.913144
15.621886,44.913943
15.622902,44.91477
15.62259,44.914986
15.622314,44.914935
15.628795,44.91438
15.629057,44.914377
15.629541,44.915134
15.62963,44.913827
15.72535,44.889585
15.72604,44.89332
15.714733,44.892321
15.715061,44.892313
15.711859,44.893495
15.679438,44.904813
15.467329,44.850128
15.375447,44.79079
15.374919,44.797281
15.367364,44.786702
15.367922,44.786761
15.367767,44.787048
15.368161,44.787179
15.367764,44.787452
15.368308,44.788201
15.367121,44.788326
15.366851,44.788514
15.36794,44.788368
15.3675,44.788416
15.366396,44.790337
15.368498,44.790323
15.368142,44.790393
15.368086,44.790643
15.367789,44.791016
15.367151,44.792135
15.368173,44.793877
15.36805,44.793981
15.367394,44.794487
15.367141,44.794547
15.366495,44.795133
15.366739,44.795233
15.366493,44.795404
15.362976,44.794348
15.362991,44.794043
15.362732,44.79429
15.36659,44.797614
15.360728,44.795752
15.360137,44.79585
15.364666,44.79789
15.364649,44.797967
15.36616,44.797949
15.366223,44.798717
15.36431,44.799405
15.364413,44.799139
15.364252,44.799574
15.363942,44.802394
15.36411,44.7997
15.363842,44.800187
15.363716,44.8005
15.364005,44.80122
15.364048,44.802169
15.356721,44.800496
15.356183,44.800304
15.35611,44.800481
15.356328,44.800623
15.366966,44.802817
15.367028,44.803044
15.365635,44.803249
15.364324,44.804905
15.36597,44.8057
15.362971,44.807909
15.361843,44.808551
15.361664,44.80631
15.362243,44.806151
15.361323,44.806866
15.355098,44.803631
15.355147,44.803647
15.353913,44.805883
15.353353,44.806018
15.352894,44.806476
15.360293,44.809127
15.360249,44.809179
15.362816,44.810564
15.360298,44.81013
15.362895,44.811296
15.362204,44.810362
15.361769,44.810511
15.359669,44.810227
15.359176,44.810823
15.359321,44.810766
15.358573,44.810305
15.359003,44.811226
15.358473,44.811814
15.359645,44.81231
15.351605,44.807029
15.351336,44.80764
15.351638,44.807279
15.351087,44.80742
15.352075,44.808119
15.352838,44.808378
15.353177,44.808689
15.351329,44.808369
15.359346,44.813125
15.359353,44.813507
15.359485,44.813818
15.358981,44.814486
15.359857,44.814555
15.359279,44.814165
15.359249,44.815107
15.358824,44.815204
15.358514,44.81507
15.357627,44.815302
15.357792,44.814431
15.357587,44.813942
15.357476,44.814094
15.357525,44.814455
15.357458,44.814595
15.356722,44.814545
15.356438,44.814451
15.356012,44.814845
15.354843,44.814547
15.354347,44.815056
15.354886,44.813318
15.354353,44.813266
15.35416,44.813459
15.35352,44.813486
15.352932,44.812652
15.352494,44.812547
15.351197,44.812162
15.351049,44.812241
15.349857,44.812072
15.349954,44.811733
15.351017,44.811497
15.349283,44.811056
15.351303,44.810764
15.353794,44.816506
15.35162,44.814742
15.350464,44.813311
15.34744,44.813716
15.347551,44.813155
15.347406,44.813799
15.346785,44.815941
15.346285,44.815547
15.345981,44.815859
15.345803,44.815778
15.344331,44.816793
15.344358,44.81707
15.343949,44.816672
15.343795,44.818552
15.344925,44.819268
15.341166,44.81794
15.34001,44.819007
15.3405,44.818744
15.340177,44.819077
15.342239,44.820633
15.342292,44.820898
15.341152,44.822026
15.350497,44.820481
15.350626,44.821217
15.350387,44.821467
15.350081,44.821172
15.349701,44.821812
15.349356,44.822051
15.348804,44.822567
15.349103,44.822756
15.348482,44.822256
15.348648,44.821941
15.347239,44.821921
15.349974,44.823952
15.348222,44.824826
15.347644,44.825164
15.347488,44.82526
15.345133,44.823804
15.346138,44.824841
15.345693,44.825357
15.346476,44.825581
15.345489,44.825897
15.345406,44.826293
15.345014,44.826236
15.344898,44.826406
15.344824,44.826444
15.344534,44.826303
15.344345,44.826767
15.340492,44.830479
15.341662,44.831218
15.331769,44.845493
15.327468,44.829219
15.328236,44.827863
15.330052,44.829241
15.331722,44.829315
15.332123,44.829058
15.332918,44.828505
15.333312,44.828149
15.33442,44.828294
15.333944,44.828479
15.336349,44.825454
15.333176,44.827598
15.334343,44.826469
15.332746,44.828082
15.332524,44.82823
15.332334,44.828359
15.332118,44.828474
15.331794,44.828652
15.562371,44.927054
15.562916,44.92693
15.564199,44.927208
15.564157,44.927697
15.564882,44.927663
15.567663,44.925823
15.566347,44.925441
15.568086,44.924475
15.569419,44.922675
15.648796,44.943288
15.637169,44.936375
15.636905,44.936451
15.635376,44.937803
15.629491,44.935254
15.629839,44.935553
15.630319,44.935371
15.629432,44.932307
15.62497,44.930289
15.63899,44.940497
15.639323,44.941382
15.641317,44.941222
15.648162,44.943816
15.641565,44.941548
15.641932,44.941774
15.645688,44.944779
15.646229,44.94434
15.648669,44.943817
15.648479,44.944076
15.64939,44.943236
15.651267,44.942304
15.656454,44.940139
15.657179,44.939612
15.656271,44.940185
15.651812,44.942025
15.652214,44.941797
15.653059,44.941371
15.654751,44.940723
15.664846,44.941549
15.658187,44.939847
15.660536,44.938311
15.667541,44.936616
15.668725,44.935844
15.665174,44.937519
15.665035,44.937212
15.671259,44.937521
15.676278,44.927116
15.674389,44.928338
15.67516,44.926821
15.639144,44.934298
15.638292,44.934577
15.639859,44.934204
15.639399,44.934545
15.672509,44.930093
15.673017,44.929931
15.672244,44.930791
15.67224,44.931198
15.671855,44.931607
15.671392,44.931706
15.668685,44.93532
15.656449,44.935173
15.635906,44.936011
15.664322,44.940337
15.655316,44.940251
15.652557,44.941314
15.651954,44.941548
15.648951,44.94016
15.650317,44.94276
15.649233,44.942853
15.648955,44.943068
15.650644,44.94269
15.662265,44.626962
15.661456,44.627145
15.661951,44.627484
15.652015,44.637809
15.65216,44.637784
15.651981,44.638211
15.652046,44.638391
15.652031,44.638558
15.651795,44.638652
15.651889,44.639059
15.651838,44.639239
15.652077,44.63955
15.650947,44.640576
15.651155,44.641131
15.650828,44.641879
15.649401,44.643085
15.648203,44.643732
15.647585,44.643667
15.64726,44.643874
15.647011,44.644338
15.646626,44.644112
15.646465,44.643757
15.645793,44.643931
15.645614,44.644729
15.661478,44.627351
15.644217,44.644961
15.641953,44.645493
15.6353,44.643512
15.63543,44.643649
15.635204,44.643777
15.635496,44.643978
15.643164,44.645405
15.642741,44.645576
15.635071,44.643896
15.634688,44.644065
15.634508,44.644155
15.634217,44.644419
15.633777,44.644422
15.633442,44.644677
15.63195,44.646942
15.631017,44.64782
15.63087,44.647976
15.630705,44.648445
15.630396,44.648907
15.629493,44.649571
15.628865,44.650123
15.628253,44.650896
15.62843,44.650981
15.628437,44.651123
15.628319,44.651265
15.627853,44.652058
15.62793,44.652284
15.627541,44.652367
15.627478,44.652822
15.626728,44.653209
15.626803,44.65356
15.198667,44.870308
15.197433,44.870376
15.196518,44.871101
15.195195,44.871172
15.195446,44.871575
15.193863,44.87139
15.19088,44.870751
15.192519,44.870084
15.188177,44.869276
15.188502,44.869384
15.188384,44.868835
15.190244,44.868259
15.190088,44.868891
15.190441,44.869302
15.193508,44.868108
15.18721,44.869735
15.186243,44.870915
15.185624,44.871223
15.185893,44.871278
15.185464,44.871303
15.182885,44.87345
15.18324,44.873552
15.184071,44.872858
15.182077,44.873941
15.181729,44.873906
15.181751,44.874261
15.182268,44.874356
15.183742,44.873517
15.184037,44.873799
15.184167,44.873936
15.184216,44.87359
15.181167,44.874725
15.181298,44.874155
15.181832,44.874953
15.180098,44.874473
15.179962,44.874277
15.179967,44.874126
15.179507,44.874512
15.179443,44.874349
15.179452,44.87462
15.179139,44.875837
15.179713,44.875145
15.180043,44.87552
15.18006,44.875685
15.178117,44.873749
15.178789,44.874243
15.178987,44.873794
15.17791,44.8736
15.17468,44.87165
15.175756,44.871801
15.17585,44.872246
15.176195,44.872189
15.176349,44.872291
15.177161,44.872657
15.176624,44.873303
15.17706,44.875545
15.17787,44.87616
15.178226,44.876371
15.180201,44.877795
15.180264,44.877587
15.180404,44.878696
15.179762,44.879712
15.17915,44.880221
15.180514,44.880739
15.180905,44.881117
15.180324,44.882228
15.180242,44.879685
15.18089,44.880012
15.186529,44.877919
15.18814,44.877831
15.189069,44.87318
15.190168,44.874845
15.1907,44.874699
15.191596,44.876247
15.174867,44.872068
15.174189,44.872154
15.171911,44.872929
15.171604,44.872708
15.171295,44.872473
15.170913,44.871952
15.170027,44.871871
15.171111,44.871701
15.171243,44.871993
15.170862,44.871611
15.170491,44.871514
15.170873,44.871432
15.170718,44.87124
15.170375,44.871231
15.170119,44.871065
15.169991,44.871187
15.170005,44.87078
15.170066,44.870822
15.170332,44.870414
15.170399,44.870769
15.170555,44.870611
15.174237,44.870726
15.173698,44.870851
15.173886,44.870627
15.171195,44.869495
15.170793,44.869482
15.169349,44.870123
15.170199,44.869445
15.170588,44.869149
15.170521,44.868833
15.170625,44.868829
15.170144,44.868332
15.171076,44.868103
15.171133,44.868272
15.170633,44.868182
15.170328,44.867596
15.170808,44.86768
15.170623,44.86752
15.171057,44.866621
15.173229,44.866089
15.172917,44.866159
15.172306,44.86646
15.172067,44.866379
15.171318,44.866197
15.171709,44.866011
15.171301,44.865325
15.171333,44.865261
15.172038,44.865069
15.171996,44.865185
15.171586,44.864637
15.171979,44.863686
15.170418,44.861753
15.173313,44.862364
15.172443,44.862289
15.173739,44.862265
15.17254,44.861658
15.175113,44.862116
15.174913,44.862002
15.175919,44.861759
15.176761,44.861513
15.173954,44.862519
15.174837,44.862506
15.176187,44.863214
15.176965,44.863128
15.17655,44.86415
15.17847,44.862636
15.17746,44.862051
15.177622,44.863146
15.177491,44.86311
15.178241,44.86352
15.178742,44.863346
15.179004,44.863501
15.179379,44.863949
15.179148,44.863679
15.179913,44.864336
15.185028,44.864509
15.183594,44.864637
15.181726,44.863593
15.181494,44.863508
15.181854,44.863884
15.419286,44.850917
15.419468,44.850309
15.419583,44.849791
15.420665,44.849247
15.421805,44.849055
15.422093,44.848791
15.421721,44.848559
15.422181,44.848098
15.421543,44.847655
15.420998,44.847444
15.420083,44.846991
15.419567,44.846827
15.418887,44.844253
15.416214,44.840479
15.416164,44.841033
15.417901,44.849112
15.413266,44.848567
15.413723,44.848894
15.413445,44.849272
15.413302,44.849408
15.412428,44.849761
15.410256,44.848818
15.412309,44.850251
15.412577,44.850573
15.408372,44.850085
15.45274,44.862663
15.45002,44.86341
15.450989,44.864809
15.450557,44.865086
15.448468,44.865297
15.448701,44.865065
15.443742,44.86195
15.443841,44.862264
15.449823,44.866084
15.449931,44.866466
15.449685,44.866641
15.449328,44.866771
15.449423,44.867166
15.448893,44.867515
15.448259,44.869246
15.447704,44.869726
15.447333,44.870098
15.445622,44.871756
15.445595,44.87181
15.445308,44.872245
15.446953,44.870543
15.437333,44.877013
15.429139,44.85332
15.426132,44.854998
15.426504,44.855075
15.427135,44.85588
15.427176,44.855992
15.426687,44.856252
15.42759,44.856241
15.427616,44.856753
15.427464,44.857199
15.428022,44.856823
15.419186,44.852435
15.422086,44.851335
15.422108,44.851242
15.422559,44.850804
15.422124,44.851188
15.422691,44.850802
15.42305,44.85101
15.422189,44.850969
15.422927,44.851274
15.422625,44.851047
15.422939,44.851415
15.422587,44.851195
15.422082,44.852258
15.422491,44.852232
15.422094,44.852445
15.422092,44.852529
15.421751,44.852549
15.405574,44.84971
15.405531,44.850326
15.406082,44.850402
15.406661,44.849968
15.40606,44.850113
15.407067,44.849623
15.409048,44.853151
15.410142,44.853485
15.409983,44.853184
15.410135,44.852804
15.410354,44.8524
15.403805,44.859215
15.403555,44.859105
15.404158,44.860211
15.406249,44.861062
15.406752,44.861148
15.405636,44.86178
15.405723,44.862589
15.406282,44.86274
15.405783,44.862842
15.408866,44.862987
15.412054,44.8594
15.412819,44.858634
15.413367,44.858398
15.4151,44.858043
15.413788,44.858209
15.412818,44.856425
15.412541,44.857583
15.412088,44.856012
15.411869,44.85539
15.411656,44.854845
15.411799,44.852955
15.411354,44.852604
15.412079,44.852096
15.410405,44.851625
15.410181,44.851255
15.41158,44.85164
15.41307,44.850984
15.41194,44.851571
15.412437,44.851541
15.412682,44.851488
15.416558,44.851191
15.412988,44.851395
15.417241,44.851263
15.413446,44.851339
15.417423,44.851226
15.414361,44.851305
15.417714,44.851316
15.414804,44.851344
15.417988,44.851352
15.415063,44.851356
15.418627,44.851353
15.416378,44.851491
15.418817,44.8514
15.416588,44.851505
15.418994,44.85142
15.416689,44.851509
15.419251,44.851451
15.416935,44.851539
15.419458,44.851476
15.417184,44.851579
15.41963,44.851508
15.417511,44.851607
15.420094,44.851034
15.417513,44.852042
15.421294,44.851616
15.421327,44.851248
15.418937,44.851719
15.422095,44.851595
15.419133,44.85173
15.422449,44.851514
15.419396,44.851761
15.422846,44.851655
15.423225,44.851672
15.420277,44.852011
15.423347,44.85167
15.420621,44.85187
15.420566,44.852374
15.423619,44.8517
15.420722,44.851901
15.421125,44.851865
15.422491,44.852039
15.42415,44.848094
15.423751,44.849878
15.697651,44.883272
15.697284,44.883883
15.696859,44.88443
15.695029,44.884946
15.363763,44.860998
15.362248,44.867978
15.360585,44.862758
15.345121,44.869752
15.344347,44.869884
15.341947,44.870264
15.341054,44.855609
15.343377,44.85566
15.346722,44.856344
15.347042,44.856242
15.344855,44.857975
15.344348,44.857852
15.350137,44.855917
15.348633,44.858161
15.348978,44.857573
15.350604,44.858005
15.351266,44.857135
15.351925,44.855355
15.353704,44.854555
15.355541,44.853829
15.355615,44.85536
15.727487,44.865488
15.727392,44.865119
15.728055,44.865164
15.728532,44.864832
15.7288,44.864653
15.729357,44.864279
15.729563,44.864089
15.730093,44.863559
15.730436,44.863367
15.730983,44.862938
15.73218,44.862471
15.732226,44.861573
15.732606,44.861482
15.732035,44.860825
15.731471,44.860358
15.731942,44.860214
15.731904,44.860019
15.732237,44.859785
15.732164,44.859552
15.732079,44.859446
15.731711,44.859531
15.731672,44.85916
15.73728,44.85607
15.737719,44.855909
15.737819,44.855805
15.738959,44.855309
15.739215,44.85521
15.739639,44.854967
15.739825,44.854795
15.742454,44.85354
15.746103,44.850739
15.618435,44.883723
15.619764,44.883737
15.619296,44.882545
15.618374,44.882425
15.620356,44.882734
15.622057,44.882279
15.623691,44.882776
15.621876,44.8807
15.62452,44.880328
15.623085,44.878328
15.289266,44.827705
15.493865,44.736842
15.302196,44.825446
15.708554,44.657102
15.62903,44.678736
15.284282,44.827178
15.299229,44.820029
15.350259,44.82097
15.556614,44.658926
15.655887,44.674323
15.305373,44.82185
15.296963,44.828652
15.419258,44.851051
15.301279,44.835703
15.622031,44.660778
15.359198,44.78885
15.48128,44.748919
15.308815,44.819298
15.310956,44.817701
15.300894,44.816879
15.302828,44.821455
15.623619,44.677727
15.619792,44.678528
15.646034,44.684113
15.732094,44.914648
15.646227,44.681072
15.293312,44.835982
15.651127,44.676857
15.289051,44.830067
15.701341,44.657784
15.317982,44.81873
15.404598,44.889022
15.684604,44.659887
15.305358,44.833319
15.301553,44.947433
15.490172,44.735216
15.29054,44.829537
15.629998,44.913935
15.611344,44.669903
15.297958,44.827546
15.451474,44.862418
15.312027,44.819089
15.336076,44.878898
15.297307,44.832234
15.693929,44.659113
15.29988,44.828108
15.707192,44.658291
15.640122,44.681399
15.488271,44.744549
15.283001,44.825931
15.298089,44.823135
15.320268,44.821035
15.284922,44.828243
15.303158,44.817248
15.491928,44.736245
15.661672,44.669833
15.16785,44.907747
15.297761,44.821728
15.615525,44.668521
15.615879,44.654715
15.646937,44.944368
15.637195,44.680275
15.362801,44.788234
15.363443,44.860366
15.294176,44.828731
15.302627,44.816879
15.698795,44.658283
15.654492,44.940799
15.633688,44.689426
15.300076,44.826018
15.648795,44.677607
15.621158,44.677984
15.285473,44.829106
15.282306,44.828789
15.333829,44.793169
15.18316,44.875164
15.309453,44.96264
15.298669,44.819056
15.641801,44.938637
15.490615,44.735938
15.653791,44.676477
15.703238,44.658114
15.335381,44.826874
15.313551,44.817625
15.300419,44.824232
15.497378,44.733683
15.295686,44.827958
15.30358,44.823459
15.675015,44.667679
15.297006,44.832577
15.645619,44.684786
15.501276,44.848627
15.305017,44.818373
15.689158,44.658383
15.28762,44.82742
15.325581,44.957064
15.49423,44.735557
15.628478,44.678584
15.611324,44.671784
15.659647,44.671395
15.649147,44.676471
15.285662,44.828987
15.29717,44.828744
15.683414,44.664423
15.305504,44.818757
15.302502,44.835033
15.281455,44.829148
15.309794,44.81847
15.320918,44.819678
15.289692,44.829544
15.289684,44.826557
15.673033,44.670069
15.303024,44.823925
15.29101,44.829431
15.284705,44.82799
15.501667,44.730634
15.638934,44.681463
15.338747,44.873316
15.299045,44.829191
15.310304,44.815942
15.731601,44.859062
15.620974,44.659312
15.500448,44.731166
15.294909,44.828445
15.309137,44.9601
15.176215,44.903483
15.6157,44.668306
15.29838,44.820335
15.49169,44.73628
15.303246,44.823761
15.725768,44.909555
15.646082,44.676308
15.301805,44.825959
15.337999,44.833299
15.470274,44.746767
15.687901,44.661206
15.306097,44.832882
15.288768,44.827433
15.361435,44.788619
15.291714,44.82973
15.676084,44.665858
15.34196,44.855973
15.302898,44.824774
15.287468,44.830676
15.629143,44.719211
15.658485,44.93887
15.301844,44.825298
15.304433,44.816467
15.33149,44.79963
15.452879,44.837895
15.654999,44.67448
15.291887,44.831495
15.605605,44.677896
15.295466,44.828332
15.182495,44.873512
15.307455,44.817018
15.30236,44.834771
15.712679,44.65851
15.302346,44.817602
15.489084,44.734552
15.29959,44.829264
15.29002,44.829099
15.4927,44.735808
15.632548,44.679081
15.298762,44.82011
15.289198,44.826487
15.622141,44.660614
15.139178,44.9231
15.299613,44.828411
15.663335,44.669141
15.334462,44.855571
15.639225,44.680739
15.298564,44.829958
15.678747,44.665551
15.672029,44.669772
15.289862,44.833531
15.294002,44.835931
15.30411,44.833336
15.30945,44.818822
15.468047,44.827757
15.28326,44.828018
15.30063,44.827756
15.683962,44.664211
15.636917,44.936844
15.303698,44.833852
15.31177,44.818921
15.603884,44.846516
15.303212,44.815891
15.624325,44.677675
15.666247,44.666801
15.659712,44.673601
15.289956,44.827327
15.696555,44.659005
15.300767,44.826451
15.666609,44.670817
15.294385,44.834872
15.631631,44.685944
15.641306,44.681554
15.308997,44.957246
15.498242,44.733287
15.286854,44.826413
15.299163,44.817974
15.338392,44.959685
15.298893,44.822319
15.63217,44.681215
15.495849,44.734649
15.716842,44.657861
15.618371,44.663839
15.694876,44.659465
15.286165,44.829775
15.301001,44.827245
15.308668,44.819428
15.352409,44.854931
15.356917,44.800687
15.618916,44.662968
15.319669,44.819187
15.502686,44.72744
15.293355,44.82914
15.310234,44.818574
15.63569,44.935712
15.609768,44.672319
15.659449,44.674522
15.296151,44.826852
15.70345,44.657909
15.650165,44.677383
15.283293,44.828289
15.299776,44.823804
15.502102,44.730539
15.303735,44.818241
15.360642,44.791349
15.298411,44.819776
15.637956,44.93551
15.42104,44.849512
15.687279,44.661707
15.646106,44.681509
15.698466,44.658689
15.310426,44.816293
15.286612,44.831072
15.300817,44.826398
15.337009,44.959103
15.480131,44.750212
15.666136,44.670846
15.660542,44.671162
15.295831,44.828505
15.615621,44.665257
15.292658,44.829204
15.294192,44.834885
15.701373,44.657561
15.305264,44.83306
15.301531,44.825422
15.490297,44.735949
15.289224,44.829611
15.495898,44.734975
15.299113,44.822227
15.146478,44.920321
15.623492,44.67778
15.289488,44.833091
15.502931,44.729542
15.322795,44.947467
15.29632,44.828364
15.555881,44.659464
15.668369,44.670495
15.630833,44.678583
15.31839,44.813555
15.640075,44.681607
15.391891,44.890205
15.336337,44.959121
15.289308,44.8262
15.311003,44.818137
15.302652,44.834488
15.644049,44.938248
15.288925,44.827871
15.303303,44.816999
15.621326,44.661119
15.494231,44.736654
15.301534,44.826158
15.304344,44.822276
15.627445,44.689414
15.624012,44.677582
15.614604,44.676122
15.35561,44.895767
15.28439,44.827514
15.59678,44.924081
15.621281,44.65806
15.638477,44.683253
15.356961,44.800303
15.65317,44.941465
15.311886,44.816895
15.614694,44.668353
15.302812,44.823461
15.646875,44.675348
15.295001,44.829113
15.308919,44.960005
15.297837,44.82049
15.699898,44.657599
15.300756,44.825738
15.615667,44.66835
15.725782,44.90966
15.305818,44.833228
15.687088,44.6593
15.488657,44.734946
15.676307,44.665748
15.305198,44.817004
15.299429,44.828711
15.288862,44.827113
15.475099,44.750185
15.281353,44.828637
15.302026,44.817167
15.292256,44.831103
15.353885,44.89332
15.664132,44.672626
15.349667,44.887545
15.632002,44.680059
15.65467,44.676433
15.450432,44.862126
15.289913,44.829402
15.33237,44.961922
15.302409,44.816974
15.297785,44.828643
15.70516,44.658121
15.500552,44.73154
15.299022,44.820185
15.733282,44.862372
15.622093,44.660124
15.355641,44.927147
15.289535,44.828781
15.492574,44.735919
15.337835,44.880117
15.65576,44.940566
15.347029,44.885785
15.297383,44.831142
15.419137,44.849868
15.646699,44.675642
15.361583,44.861771
15.301841,44.823343
15.285167,44.828383
15.700214,44.6499
15.646335,44.680028
15.654185,44.676513
15.699017,44.658182
15.675833,44.665928
15.731909,44.914847
15.286843,44.826823
15.683777,44.664574
15.303305,44.834304
15.286026,44.831315
15.290527,44.829182
15.556072,44.65794
15.666737,44.6707
15.490306,44.736511
15.302948,44.816461
15.626624,44.678238
15.309931,44.818895
15.182976,44.873827
15.622348,44.677314
15.304343,44.833288
15.361718,44.852244
15.632292,44.681407
15.339324,44.871261
15.703093,44.658122
15.319495,44.818729
15.285983,44.829568
15.283541,44.82609
15.640626,44.681105
15.619311,44.662709
15.497973,44.733682
15.299033,44.818168
15.297976,44.822058
15.650957,44.67692
15.318661,44.818722
15.703665,44.657929
15.714571,44.908705
15.618542,44.663359
15.645648,44.685056
15.29668,44.826749
15.28392,44.826533
15.650045,44.677217
15.282859,44.82816
15.684664,44.663469
15.329734,44.949793
15.694687,44.659497
15.292591,44.835863
15.308623,44.819402
15.487132,44.745063
15.660083,44.673566
15.654522,44.940432
15.611037,44.671015
15.293562,44.829134
15.622193,44.677622
15.695719,44.659196
15.610499,44.671224
15.300507,44.826974
15.28401,44.826746
15.485354,44.747069
15.314505,44.810092
15.335329,44.960057
15.304539,44.833544
15.294972,44.834248
15.626759,44.677131
15.699177,44.657835
15.299621,44.826014
15.294463,44.828615
15.304696,44.822921
15.627658,44.689594
15.322007,44.947571
15.620937,44.678084
15.489291,44.735113
15.292651,44.837835
15.289153,44.828325
15.685666,44.662441
15.618342,44.654282
15.647052,44.943992
15.300794,44.824441
15.664688,44.672022
15.653001,44.676006
15.628801,44.913993
15.610197,44.672051
15.295157,44.825843
15.321541,44.950158
15.675576,44.667059
15.287303,44.830421
15.298967,44.830002
15.300373,44.828199
15.690762,44.659945
15.315842,44.81864
15.310146,44.81828
15.292143,44.831426
15.304661,44.817282
15.287926,44.82745
15.325719,44.803588
15.628147,44.677743
15.293905,44.828843
15.614781,44.669152
15.298072,44.821686
15.637189,44.683616
15.698704,44.658573
15.354798,44.855606
15.648733,44.677069
15.308745,44.819679
15.650951,44.942613
15.282932,44.829094
15.285529,44.828806
15.655245,44.94069
15.503096,44.72914
15.321163,44.819619
15.129382,44.891586
15.664189,44.668257
15.617793,44.663825
15.298391,44.819511
15.617367,44.656873
15.304619,44.818196
15.295754,44.828179
15.656278,44.674177
15.300677,44.816716
15.286293,44.831308
15.294615,44.828532
15.616079,44.668308
15.289529,44.829549
15.497223,44.73381
15.293795,44.835509
15.292182,44.835414
15.313187,44.963847
15.619194,44.653937
15.657547,44.93886
15.305058,44.83338
15.29034,44.826939
15.558619,44.703623
15.633468,44.677788
15.292582,44.831454
15.297901,44.821562
15.288834,44.827266
15.630126,44.913454
15.619517,44.662403
15.283219,44.82584
15.651922,44.677138
15.640102,44.681218
15.351896,44.795819
15.296686,44.832239
15.299367,44.829591
15.300285,44.8283
15.703796,44.657786
15.693847,44.659708
15.308585,44.819458
15.354273,44.895976
15.320187,44.949271
15.288804,44.832113
15.528231,44.648169
15.50306,44.72932
15.47096,44.746451
15.284118,44.82745
15.687697,44.66145
15.64906,44.643159
15.303379,44.823628
15.6553,44.674473
15.700184,44.6579
15.310128,44.816343
15.615998,44.668448
15.301083,44.825481
15.295401,44.828928
15.293383,44.836946
15.607061,44.679932
15.297098,44.831507
15.488463,44.73505
15.729972,44.863673
15.677447,44.66558
15.289959,44.829698
15.302524,44.834653
15.492907,44.735841
15.289106,44.826741
15.302183,44.817382
15.489644,44.735014
15.67573,44.666929
15.613654,44.911362
15.632381,44.679337
15.354094,44.861295
15.291875,44.831428
15.361481,44.862434
15.330094,44.948797
15.688066,44.658973
15.300079,44.828413
15.305677,44.821529
15.286827,44.826616
15.491183,44.737103
15.549391,44.662705
15.625429,44.678503
15.693172,44.657376
15.186309,44.944937
15.299003,44.818534
15.666977,44.670619
15.490512,44.736406
15.632427,44.680986
15.299879,44.824189
15.396149,44.890417
15.320568,44.819599
15.437349,44.876885
15.695071,44.6591
15.286257,44.829507
15.351622,44.895073
15.507415,44.729142
15.292854,44.828989
15.292411,44.83571
15.310339,44.818136
15.496969,44.733949
15.296183,44.827223
15.565974,44.923814
15.299272,44.823865
15.299608,44.822176
15.650653,44.677227
15.636111,44.936431
15.703366,44.658356
15.297368,44.827137
15.641594,44.681776
15.354339,44.855785
15.303667,44.833468
15.351812,44.797493
15.456172,44.835407
15.646261,44.681755
15.477629,44.750539
15.283753,44.826838
15.287349,44.826863
15.315026,44.807686
15.28717,44.830797
15.298181,44.828715
15.29116,44.834951
15.660058,44.671222
15.649884,44.677206
15.281115,44.828859
15.301259,44.824747
15.513301,44.735987
15.454139,44.836024
15.680643,44.666116
15.681075,44.665721
15.301567,44.816815
15.307087,44.82102
15.639515,44.680973
15.289506,44.829803
15.289161,44.826585
15.495124,44.734893
15.289624,44.833324
15.28903,44.832278
15.291762,44.835514
15.302377,44.835077
15.667642,44.666018
15.145,44.901457
15.179177,44.870759
15.716317,44.908346
15.713395,44.90953
15.712597,44.909655
15.707297,44.911149
15.705334,44.91531
15.726378,44.909931
15.729108,44.911938
15.729526,44.91231
15.730755,44.91413
15.734958,44.922428
15.735295,44.931941
15.735256,44.932116
15.7247,44.891295
15.725775,44.89311
15.724777,44.894446
15.724737,44.894166
15.142765,44.91616
15.708469,44.910458
15.70222,44.898129
15.700717,44.899702
15.688613,44.901682
15.679594,44.905301
15.679292,44.904896
15.617612,44.923134
15.726437,44.866069
15.72982,44.863815
15.730928,44.862779
15.732556,44.860964
15.731198,44.858276
15.732056,44.861074
15.736843,44.856226
15.696418,44.884728
15.697163,44.884249
15.6955,44.884783
15.657509,44.940053
15.657974,44.939958
15.653513,44.941315
15.648351,44.944355
15.649244,44.943202
15.653733,44.941058
15.654027,44.940584
15.645531,44.93858
15.64894,44.940016
15.640842,44.935466
15.637305,44.936578
15.636172,44.936584
15.641713,44.938129
15.641704,44.941285
15.641923,44.93817
15.642668,44.930298
15.645361,44.94493
15.650092,44.939944
15.649793,44.942842
15.676466,44.927706
15.680026,44.926316
15.672661,44.93157
15.668221,44.935837
15.610149,44.916216
15.608926,44.913365
15.621876,44.914906
15.621885,44.91665
15.622967,44.91509
15.600222,44.917615
15.601251,44.922038
15.597691,44.920954
15.596039,44.923866
15.595486,44.923999
15.593504,44.924229
15.591355,44.924585
15.603862,44.933828
15.592677,44.924257
15.599838,44.923402
15.600294,44.918576
15.600354,44.917945
15.600327,44.918302
15.597848,44.918504
15.598819,44.922881
15.597932,44.92254
15.597966,44.925162
15.590317,44.924503
15.561881,44.92699
15.56273,44.927025
15.565254,44.926892
15.566614,44.925057
15.568234,44.924954
15.565152,44.83097
15.565529,44.831316
15.565298,44.831474
15.566487,44.828358
15.564939,44.830478
15.619581,44.821076
15.618902,44.820026
15.628412,44.819792
15.567116,44.838614
15.597162,44.842237
15.596268,44.841524
15.595808,44.841817
15.488501,44.736445
15.485297,44.746952
15.475248,44.750227
15.470779,44.747558
15.465173,44.747223
15.470536,44.746134
15.494438,44.73549
15.490215,44.735295
15.488772,44.735358
15.493184,44.735802
15.49042,44.7355
15.495366,44.734778
15.49489,44.735364
15.494008,44.735444
15.491129,44.736161
15.489919,44.735773
15.528485,44.736697
15.51339,44.73585
15.516074,44.737186
15.593414,44.901664
15.599087,44.899182
15.571885,44.902872
15.618375,44.925504
15.614614,44.924448
15.576748,44.695802
15.529041,44.715268
15.340613,44.870545
15.624844,44.702047
15.629293,44.702385
15.629992,44.70453
15.630358,44.705138
15.631748,44.704076
15.633258,44.704291
15.633596,44.704519
15.633852,44.704412
15.645563,44.71295
15.64602,44.712966
15.646821,44.713787
15.649605,44.716241
15.649185,44.716022
15.649037,44.716145
15.649328,44.71645
15.649016,44.715933
15.647784,44.716173
15.648207,44.716083
15.648192,44.716259
15.648101,44.716482
15.647965,44.716494
15.647417,44.718085
15.647045,44.718344
15.646789,44.717626
15.646948,44.718343
15.641331,44.723104
15.638398,44.722453
15.639754,44.722174
15.636863,44.721677
15.636785,44.721079
15.634606,44.719861
15.634038,44.719444
15.63329,44.719036
15.63348,44.719162
15.633652,44.718582
15.633545,44.719631
15.633447,44.719821
15.629754,44.721948
15.629949,44.721903
15.629866,44.721501
15.629823,44.721689
15.629362,44.721703
15.628615,44.719218
15.627691,44.717956
15.628707,44.717165
15.627542,44.717168
15.627507,44.717514
15.627306,44.717581
15.627083,44.717573
15.626533,44.717572
15.626263,44.717613
15.622179,44.719403
15.628303,44.717818
15.616358,44.704749
15.616078,44.704385
15.616282,44.704632
15.625786,44.70951
15.625135,44.710528
15.624989,44.710667
15.624362,44.710746
15.624221,44.710803
15.623732,44.710958
15.620981,44.710579
15.620267,44.710271
15.618487,44.708774
15.618424,44.708618
15.61809,44.708501
15.617691,44.708181
15.616664,44.70534
15.6158,44.705018
15.635849,44.737853
15.638653,44.737186
15.638307,44.737542
15.637961,44.737703
15.634917,44.737548
15.634905,44.737763
15.634817,44.737799
15.63499,44.737942
15.634589,44.73795
15.634569,44.738392
15.611542,44.734708
15.666668,44.666693
15.666923,44.670716
15.664832,44.667788
15.664517,44.672002
15.660948,44.671055
15.651715,44.677253
15.647617,44.677897
15.649275,44.674934
15.645913,44.680929
15.646654,44.684107
15.646351,44.684069
15.645777,44.684255
15.641121,44.682008
15.634652,44.677356
15.638835,44.682642
15.637636,44.683277
15.632677,44.680778
15.632968,44.680404
15.630825,44.678122
15.629482,44.678421
15.628326,44.678464
15.624802,44.677981
15.618535,44.678166
15.618596,44.67801
15.615132,44.676061
15.612711,44.673965
15.610858,44.675941
15.612212,44.674001
15.610927,44.672681
15.611686,44.669669
15.610807,44.671475
15.610466,44.670927
15.610539,44.670598
15.611331,44.671346
15.612599,44.670326
15.614296,44.669582
15.619521,44.662591
15.6171,44.657011
15.617048,44.654257
15.615823,44.668823
15.618414,44.668628
15.55089,44.662697
15.54893,44.663014
15.548334,44.662528
15.550527,44.662772
15.540794,44.649969
15.528309,44.648482
15.527762,44.648553
15.651283,44.640139
15.649877,44.642461
15.634415,44.644618
15.670802,44.671173
15.668298,44.666551
15.670571,44.670113
15.670889,44.670152
15.670932,44.670011
15.6715,44.669894
15.669242,44.665296
15.671752,44.669796
15.671901,44.669906
15.672234,44.669703
15.672052,44.669404
15.672294,44.669221
15.672361,44.669386
15.673723,44.669409
15.673513,44.669262
15.673837,44.669336
15.675656,44.666063
15.676551,44.665815
15.678139,44.665254
15.678391,44.665217
15.680257,44.666312
15.680363,44.666129
15.679221,44.665079
15.680496,44.665928
15.678195,44.661597
15.68062,44.665824
15.678507,44.661498
15.681392,44.66577
15.678312,44.662106
15.679067,44.66134
15.681576,44.665655
15.681967,44.665555
15.682154,44.664714
15.682805,44.664857
15.683369,44.664733
15.682844,44.664202
15.686477,44.661877
15.686247,44.659949
15.687426,44.658986
15.687727,44.659434
15.687436,44.659312
15.693672,44.657264
15.691359,44.660096
15.691676,44.660023
15.692077,44.659775
15.691853,44.659733
15.695348,44.658661
15.696988,44.658642
15.697194,44.6585
15.698472,44.657889
15.699869,44.657817
15.700782,44.658028
15.701951,44.657786
15.702435,44.657871
15.70261,44.657871
15.702819,44.65798
15.70409,44.6578
15.704381,44.657804
15.704095,44.65762
15.707979,44.658
15.709397,44.657724
15.699262,44.650256
15.699588,44.650143
15.726903,44.635064
15.723802,44.635991
15.723375,44.639311
15.725223,44.639715
15.721027,44.641816
15.725942,44.642371
15.726286,44.642701
15.721196,44.642824
15.725366,44.644103
15.725274,44.644822
15.721272,44.644627
15.72007,44.644686
15.724856,44.645369
15.723933,44.646493
15.723052,44.647519
15.722938,44.648497
15.7267,44.650984
15.725351,44.652937
15.290405,44.833561
15.376562,44.781421
15.165861,44.906274
15.14507,44.901487
15.180685,44.880046
15.178297,44.873004
15.620931,44.661969
15.653348,44.675205
15.640902,44.681303
15.423649,44.847616
15.648229,44.675283
15.661548,44.937952
15.641084,44.941406
15.346581,44.792394
15.355381,44.790187
15.167003,44.95178
15.119968,44.90755
15.177761,44.862229
15.34133,44.794184
15.348894,44.869572
15.17694,44.872342
15.325116,44.802329
15.298931,44.819912
15.323391,44.824685
15.170613,44.867969
15.421493,44.851662
15.359294,44.788569
15.171937,44.910287
15.289202,44.826317
15.167908,44.908379
15.421504,44.8516
15.421515,44.851538
15.421527,44.851474
15.421638,44.851483
15.421751,44.851557
15.421742,44.851619
15.421731,44.851681
15.357048,44.811393
15.36519,44.803441
15.132251,44.909687
15.347737,44.81537
15.358185,44.856253
15.169762,44.871647
15.311996,44.95387
15.18564,44.864593
15.357366,44.789866
15.398397,44.888713
15.359455,44.789271
15.288291,44.827843
15.305825,44.832887
15.363894,44.783419
15.495953,44.73455
15.563662,44.829933
15.299285,44.95341
15.319451,44.950375
15.32514,44.949898
15.312395,44.954296
15.34724,44.885283
15.355687,44.896591
15.354393,44.889369
15.397828,44.889732
15.391597,44.88988
15.144913,44.901674
15.141756,44.900788
15.134425,44.898703
15.133978,44.898676
15.133573,44.898308
15.133171,44.898068
15.165058,44.901095
15.165135,44.900599
15.16965,44.909638
15.15979,44.913444
15.150089,44.920059
15.148687,44.920287
15.3543,44.793458
15.351231,44.791259
15.350364,44.791879
15.35017,44.791961
15.349972,44.792043
15.349775,44.792122
15.33383,44.798268
15.329295,44.796017
15.32473,44.801768
15.313945,44.810116
15.313283,44.80552
15.321174,44.812677
15.320449,44.812987
15.480997,44.809958
15.167293,44.949069
15.311834,44.817445
15.277674,44.825561
15.285776,44.83153
15.277873,44.826291
15.375164,44.888124
15.35694,44.814542
15.347398,44.824623
15.344712,44.826628
15.330441,44.844275
15.30274,44.83434
15.283562,44.826652
15.282985,44.825666
15.282726,44.825856
15.294217,44.829003
15.144602,44.892134
15.173386,44.891729
15.178814,44.895526
15.377774,44.887456
15.477144,44.751762
15.194337,44.871685
15.186285,44.87117
15.183597,44.87336
15.18013,44.878583
15.175546,44.872089
15.176779,44.864135
15.170979,44.872341
15.17097,44.869034
15.337134,44.855735
15.361111,44.860687
15.361807,44.863057
15.339582,44.855032
15.360617,44.85262
15.360977,44.85223
15.354156,44.854676
15.420381,44.849225
15.324709,44.801963
15.338692,44.795444
15.56629,44.924369
15.132767,44.908257
15.293298,44.885733
15.685693,44.659198
15.647001,44.644584
15.353211,44.808033
15.293257,44.828923
15.289254,44.831903
15.289823,44.828653
15.287579,44.826867
15.672264,44.665139
15.651541,44.941856
15.651726,44.941753
15.112196,44.904935
15.349073,44.993897
15.183468,44.875115
15.651928,44.942164
15.651722,44.942242
15.29977,44.826206
15.363993,44.800037
15.417027,44.851241
15.425237,44.847981
15.179575,44.870881
15.405895,44.850481
15.299468,44.953368
15.30217,44.954253
15.302879,44.816611
15.296174,44.832869
15.296992,44.831841
15.31025,44.81091
15.311124,44.810538
15.310894,44.810194
15.31067,44.810015
15.22569,44.91363
15.222463,44.915125
15.17261,44.91652
15.171381,44.917252
15.171017,44.917735
15.171073,44.918344
15.138722,44.899981
15.309741,44.954558
15.309366,44.954382
15.308831,44.954421
15.595248,44.922077
15.628915,44.718974
15.35879,44.813832
15.133803,44.945013
15.13942,44.945856
15.141593,44.946412
15.292781,44.836521
15.335967,44.959734
15.34345,44.994008
15.378823,44.888379
15.348774,44.887919
15.360055,44.892761
15.392411,44.889853
15.359666,44.895002
15.389524,44.890514
15.374145,44.888041
15.501448,44.848532
15.4557,44.835382
15.325134,44.804079
15.347313,44.822026
15.354527,44.81306
15.366096,44.805515
15.192175,44.870749
15.195949,44.871706
15.178801,44.870777
15.179301,44.871028
15.179399,44.871124
15.445291,44.869997
15.440754,44.874954
15.446119,44.867846
15.439244,44.869305
15.444618,44.870481
15.439467,44.870555
15.444963,44.870092
15.439151,44.870844
15.320971,44.812776
15.307753,44.954195
15.313069,44.953553
15.311604,44.954036
15.3127,44.954171
15.31354,44.953792
15.319543,44.953677
15.321243,44.955426
15.321499,44.955593
15.3216,44.955641
15.66256,44.668638
15.621329,44.920897
15.618815,44.925326
15.618918,44.925305
15.621184,44.920765
15.618637,44.925596
15.669601,44.670445
15.618934,44.923833
15.304308,44.956509
15.307541,44.954207
15.307133,44.954694
15.306854,44.954505
15.306521,44.954567
15.306085,44.954404
15.305664,44.954488
15.304871,44.954447
15.297691,44.952882
15.297553,44.952575
15.295727,44.952676
15.294247,44.951568
15.296485,44.951913
15.298256,44.951271
15.298516,44.950727
15.298674,44.950521
15.298721,44.950336
15.33276,44.962664
15.332945,44.960816
15.298985,44.949985
15.304568,44.944722
15.305073,44.944666
15.305194,44.944459
15.305717,44.944448
15.305813,44.94428
15.30594,44.943967
15.3081,44.943991
15.127038,44.890859
15.306716,44.943145
15.304525,44.943028
15.306897,44.942999
15.307096,44.943055
15.30777,44.942945
15.307771,44.943126
15.307899,44.942558
15.308219,44.942557
15.308736,44.942542
15.312068,44.941881
15.312497,44.944603
15.312682,44.944722
15.312447,44.945264
15.295209,44.885133
15.149757,44.920637
15.289368,44.828577
15.423256,44.851995
15.171289,44.861348
15.347335,44.794819
15.347475,44.794973
15.168465,44.907983
15.566263,44.924594
15.683109,44.663974
15.289122,44.827581
15.291752,44.82886
15.447685,44.865614
15.323136,44.798989
15.301836,44.947131
15.616237,44.91343
15.5664,44.923821
15.358823,44.812216
15.132453,44.890962
15.566367,44.924153
15.333128,44.798077
15.348832,44.929382
15.190185,44.876633
15.31914,44.80298
15.349942,44.811253
15.721605,44.644693
15.350412,44.868919
15.136534,44.899207
15.339789,44.794653
15.566319,44.923968
15.448328,44.86551
15.339155,44.873328
15.298693,44.819823
15.134143,44.898996
15.635036,44.935062
15.290249,44.826992
15.189247,44.873893
15.338841,44.853994
15.613116,44.910362
15.613056,44.910273
15.337288,44.879901
15.171462,44.86481
15.334898,44.856492
15.49865,44.733057
15.499408,44.732447
15.500156,44.732292
15.330486,44.797894
15.62896,44.933252
15.367276,44.789981
15.355041,44.889084
15.313838,44.808038
15.175143,44.861839
15.175524,44.861817
15.36689,44.79206
15.320653,44.81298
15.412,44.852957
15.310247,44.81174
15.49717,44.850035
15.610626,44.672169
15.684566,44.660166
15.672293,44.930418
15.156292,44.904725
15.151807,44.918883
15.349827,44.788869
15.318597,44.811304
15.307831,44.816738
15.36679,44.798177
15.340881,44.8293
15.342552,44.827912
15.342288,44.827828
15.342,44.827935
15.343399,44.827239
15.341319,44.828877
15.342693,44.827482
15.341947,44.828176
15.341887,44.828625
15.343399,44.827084
15.341002,44.828975
15.343241,44.827545
15.34362,44.826922
15.34166,44.828406
15.352121,44.820189
15.352992,44.820357
15.352422,44.819164
15.352196,44.819378
15.353978,44.819795
15.361343,44.808547
15.355491,44.814788
15.338691,44.832743
15.336942,44.833809
15.33781,44.833411
15.325222,44.832544
15.328479,44.836984
15.326661,44.839243
15.328819,44.837041
15.326452,44.832247
15.327477,44.838412
15.328112,44.838342
15.324857,44.840075
15.326901,44.831712
15.328284,44.83727
15.33235,44.838533
15.339135,44.83576
15.335323,44.834546
15.336129,44.835493
15.331647,44.829549
15.328608,44.839134
15.329232,44.836809
15.33198,44.830524
15.329262,44.836754
15.325816,44.839965
15.339486,44.83188
15.329706,44.839074
15.33194,44.831958
15.335129,44.836426
15.330724,44.840277
15.326863,44.835852
15.333631,44.836458
15.338518,44.83291
15.329627,44.839315
15.326308,44.832293
15.326813,44.831765
15.328227,44.840402
15.337298,44.83631
15.328534,44.837973
15.324678,44.839855
15.331515,44.830208
15.325148,44.840132
15.335447,44.836162
15.330934,44.839104
15.330408,44.840154
15.330846,44.844201
15.329217,44.829679
15.329253,44.838905
15.338166,44.833151
15.326437,44.836333
15.337207,44.833493
15.340936,44.833579
15.32539,44.840018
15.328148,44.838479
15.333045,44.834739
15.337408,44.8339
15.334335,44.836667
15.331835,44.830137
15.335155,44.834592
15.331981,44.831178
15.326601,44.832378
15.335603,44.836014
15.327412,44.830883
15.327301,44.838544
15.329069,44.837328
15.333201,44.835518
15.327213,44.839077
15.327471,44.838769
15.331654,44.83047
15.326493,44.839358
15.328238,44.837137
15.335718,44.837521
15.330435,44.840414
15.328401,44.838873
15.330196,44.841082
15.32922,44.839172
15.329087,44.829925
15.337846,44.833375
15.327332,44.836874
15.333514,44.835942
15.33697,44.836524
15.327052,44.838885
15.326836,44.839066
15.331387,44.829649
15.328249,44.840669
15.330819,44.840098
15.328344,44.83964
15.328786,44.839831
15.328275,44.838657
15.339211,44.832302
15.336699,44.834822
15.334725,44.836415
15.337325,44.836533
15.330923,44.843513
15.335736,44.835879
15.177232,44.938091
15.167785,44.930898
15.165061,44.929593
15.167655,44.931528
15.174581,44.939564
15.167957,44.932204
15.17264,44.939341
15.172813,44.939674
15.171808,44.939862
15.168348,44.942632
15.167233,44.94299
15.1756,44.938701
15.173557,44.936288
15.174596,44.94353
15.167971,44.930955
15.172017,44.93944
15.167352,44.931482
15.17159,44.939549
15.176876,44.920454
15.177011,44.919552
15.178617,44.924257
15.178032,44.923823
15.179307,44.92412
15.178966,44.924903
15.183346,44.923619
15.182861,44.922369
15.178708,44.923111
15.178872,44.923551
15.177319,44.921246
15.176707,44.920499
15.177765,44.921278
15.188072,44.922949
15.180099,44.922508
15.178936,44.923052
15.46259,44.85525
15.184279,44.877342
15.182686,44.879802
15.183319,44.877723
15.184391,44.877211
15.181123,44.879734
15.181614,44.879307
15.182993,44.878385
15.18431,44.877229
15.183917,44.876361
15.169517,44.871319
15.168858,44.871503
15.169295,44.871771
15.169055,44.871434
15.169242,44.870969
15.168611,44.871358
15.169352,44.87141
15.169053,44.871591
15.168913,44.872077
15.16798,44.871424
15.168223,44.871093
15.168723,44.872619
15.172958,44.862745
15.172085,44.862779
15.175915,44.863398
15.173362,44.862872
15.172515,44.862861
15.175783,44.862779
15.175779,44.863256
15.172049,44.862721
15.175564,44.862611
15.173166,44.862616
15.420488,44.851382
15.43117,44.754651
15.432102,44.76367
15.430136,44.765533
15.429917,44.766315
15.428957,44.764473
15.429222,44.764153
15.430129,44.763176
15.43123,44.763488
15.43024,44.765951
15.431992,44.763722
15.427377,44.759541
15.426598,44.760769
15.430537,44.762056
15.429708,44.768287
15.427719,44.759481
15.426124,44.761511
15.431255,44.762753
15.431872,44.763469
15.429205,44.765838
15.430946,44.762776
15.40085,44.772068
15.423539,44.764414
15.418863,44.76463
15.419232,44.763915
15.418595,44.763973
15.418466,44.764134
15.419557,44.763862
15.416925,44.770474
15.418432,44.769761
15.416972,44.770695
15.421805,44.771085
15.420528,44.768325
15.420856,44.770687
15.418944,44.770128
15.42138,44.767684
15.418218,44.76939
15.417485,44.770569
15.420926,44.77118
15.414032,44.772595
15.402351,44.77196
15.401074,44.771841
15.40231,44.771627
15.40241,44.770753
15.391889,44.76634
15.401639,44.771811
15.402508,44.769512
15.39729,44.768837
15.402205,44.770348
15.392772,44.767616
15.401839,44.771723
15.401854,44.770605
15.402222,44.771955
15.402722,44.769848
15.396506,44.769258
15.391399,44.768305
15.400832,44.771931
15.40143,44.769702
15.397637,44.768657
15.409443,44.77169
15.410425,44.771842
15.408948,44.763966
15.411576,44.765594
15.412287,44.764961
15.409347,44.763813
15.411425,44.764933
15.40965,44.771971
15.412525,44.77129
15.410568,44.772081
15.409111,44.768524
15.410105,44.771647
15.411976,44.771298
15.410584,44.768351
15.408539,44.77157
15.412261,44.771136
15.408642,44.767671
15.409102,44.76842
15.413015,44.767791
15.409618,44.768194
15.412714,44.767903
15.410514,44.768302
15.409736,44.771546
15.413025,44.771852
15.41549,44.767006
15.409907,44.768451
15.415968,44.767254
15.413448,44.77218
15.40855,44.772092
15.408542,44.771634
15.409357,44.768383
15.410696,44.768714
15.408987,44.766165
15.412471,44.771147
15.411076,44.771818
15.403053,44.764446
15.403799,44.764465
15.403603,44.76447
15.419477,44.759687
15.423192,44.754408
15.421528,44.753939
15.418902,44.759247
15.417774,44.754299
15.423252,44.754362
15.418963,44.759036
15.423658,44.752746
15.388089,44.772975
15.386098,44.774396
15.386611,44.773241
15.38898,44.772588
15.388879,44.772796
15.386295,44.773329
15.388353,44.7722
15.380365,44.762675
15.3914,44.765937
15.372655,44.76576
15.388921,44.756877
15.384907,44.759241
15.387365,44.757225
15.388791,44.756981
15.391884,44.75289
15.39231,44.753097
15.392272,44.754799
15.394108,44.751822
15.360831,44.751379
15.392407,44.754338
15.387053,44.760509
15.380822,44.762223
15.384498,44.759974
15.380834,44.762527
15.391122,44.759587
15.381374,44.762473
15.381947,44.761672
15.382499,44.761351
15.622879,44.677811
15.622731,44.677759
15.612905,44.911039
15.709107,44.65756
15.236725,44.919874
15.236353,44.92014
15.235903,44.920769
15.235584,44.920668
15.236606,44.920339
15.235994,44.921323
15.184944,44.945419
15.18412,44.94424
15.176353,44.942501
15.174327,44.948873
15.173456,44.94996
15.173758,44.950169
15.17436,44.949532
15.179134,44.94967
15.178725,44.949761
15.178936,44.949852
15.180666,44.948736
15.180591,44.948765
15.167419,44.951883
15.166849,44.951652
15.169392,44.952153
15.160598,44.949438
15.160306,44.949183
15.270582,44.908199
15.274916,44.910513
15.272495,44.907475
15.281573,44.909033
15.272223,44.908878
15.272646,44.911261
15.269302,44.907004
15.281174,44.909422
15.281212,44.909108
15.270097,44.908976
15.278916,44.91017
15.27104,44.907818
15.28035,44.909708
15.271252,44.908826
15.26911,44.909371
15.272123,44.907547
15.279808,44.909842
15.284903,44.907484
15.284889,44.907654
15.268984,44.902687
15.278058,44.904039
15.271477,44.907592
15.269718,44.909357
15.282773,44.908538
15.273105,44.907246
15.27448,44.910542
15.269006,44.906687
15.272691,44.909309
15.28417,44.907863
15.28198,44.90906
15.282378,44.908732
15.27312,44.909506
15.284138,44.908027
15.275393,44.910478
15.270855,44.908292
15.283038,44.908448
15.279964,44.909707
15.282383,44.908905
15.542842,44.832151
15.541512,44.832526
15.542036,44.832588
15.539705,44.833637
15.540834,44.832581
15.537786,44.833757
15.54089,44.832547
15.54272,44.832541
15.54278,44.830925
15.540548,44.83277
15.542517,44.83228
15.537636,44.834773
15.540498,44.833269
15.539165,44.833812
15.538744,44.834276
15.541205,44.83307
15.540685,44.833159
15.53898,44.834022
15.538511,44.83439
15.532688,44.837376
15.531731,44.836853
15.531046,44.837409
15.537018,44.83526
15.532126,44.836772
15.533004,44.836213
15.535468,44.835257
15.53219,44.837044
15.531944,44.836853
15.529889,44.838024
15.535291,44.835981
15.530635,44.837347
15.530672,44.837858
15.53334,44.836051
15.534754,44.835897
15.533351,44.836427
15.534352,44.835521
15.536119,44.835426
15.532406,44.836903
15.534035,44.835726
15.534299,44.835904
15.536977,44.835679
15.534915,44.835679
15.533065,44.836524
15.530178,44.837974
15.536818,44.835457
15.536511,44.834889
15.532829,44.836314
15.536406,44.835242
15.528286,44.836867
15.525429,44.839052
15.52728,44.838842
15.525903,44.839031
15.528337,44.836224
15.526911,44.838818
15.528344,44.837909
15.528274,44.836542
15.528108,44.837162
15.527552,44.838773
15.528615,44.836323
15.528369,44.835776
15.528611,44.837534
15.528392,44.836054
15.52504,44.841993
15.525542,44.839635
15.520631,44.839796
15.525304,44.841719
15.526094,44.839648
15.526049,44.841171
15.518498,44.840781
15.524375,44.841881
15.525478,44.8419
15.520356,44.840115
15.519987,44.840315
15.523542,44.842425
15.524435,44.842167
15.518026,44.840962
15.517348,44.841097
15.51765,44.841034
15.523826,44.842532
15.524937,44.841735
15.246844,44.91645
15.251401,44.916028
15.266037,44.914862
15.251105,44.914375
15.268331,44.914221
15.266706,44.914347
15.270483,44.913894
15.260082,44.917278
15.260436,44.917019
15.261691,44.916748
15.258138,44.916048
15.259763,44.916791
15.269971,44.914092
15.264751,44.91505
15.264229,44.915461
15.270247,44.914168
15.269714,44.914279
15.252864,44.914212
15.267171,44.914449
15.268097,44.91451
15.257571,44.913337
15.257042,44.913888
15.264533,44.91501
15.251779,44.912431
15.24395,44.918613
15.261845,44.91636
15.263096,44.916013
15.254719,44.915137
15.246923,44.916654
15.244359,44.918678
15.261973,44.916052
15.256304,44.916252
15.265811,44.910523
15.266841,44.910283
15.261659,44.916134
15.246753,44.916481
15.298149,44.952611
15.299611,44.949457
15.299307,44.949666
15.312265,44.945619
15.312094,44.945337
15.312357,44.945454
15.313989,44.948225
15.318268,44.947897
15.326,44.949534
15.319189,44.949168
15.322406,44.950105
15.319111,44.95131
15.325323,44.946903
15.326008,44.950024
15.324517,44.946522
15.320792,44.946574
15.320547,44.947202
15.325411,44.949899
15.320028,44.94734
15.319587,44.94938
15.32428,44.949463
15.325701,44.950245
15.319635,44.949187
15.319686,44.95
15.317463,44.952277
15.319288,44.948947
15.326409,44.949521
15.318692,44.948045
15.324611,44.949946
15.319525,44.950581
15.317828,44.952076
15.322222,44.947258
15.325097,44.946484
15.323894,44.949192
15.319662,44.950129
15.32422,44.950246
15.328125,44.950127
15.326948,44.948659
15.330406,44.948487
15.330158,44.949592
15.329234,44.94886
15.327722,44.949707
15.328972,44.949075
15.330148,44.948449
15.270914,44.912961
15.271208,44.912877
15.270327,44.889624
15.268544,44.889136
15.28693,44.885592
15.265983,44.887305
15.286012,44.89076
15.286115,44.89114
15.266001,44.886847
15.266484,44.887634
15.267094,44.887546
15.270248,44.889322
15.278532,44.888209
15.271318,44.889837
15.278296,44.888533
15.265823,44.887208
15.278146,44.88836
15.274794,44.890568
15.282135,44.889979
15.276359,44.889834
15.266862,44.887394
15.279603,44.887669
15.280538,44.888082
15.266679,44.887273
15.272572,44.889993
15.272807,44.890373
15.287067,44.885086
15.279947,44.888065
15.276701,44.890106
15.268738,44.886836
15.265624,44.887088
15.266515,44.887792
15.269845,44.889303
15.286466,44.885617
15.273648,44.889277
15.272513,44.890672
15.268276,44.888709
15.268123,44.888619
15.273756,44.886856
15.278108,44.888694
15.28349,44.886775
15.280605,44.888236
15.28065,44.887986
15.28394,44.886884
15.267817,44.88804
15.273649,44.889706
15.280117,44.888043
15.484615,44.850672
15.490912,44.852533
15.483128,44.848241
15.489423,44.852315
15.488612,44.852125
15.486193,44.848794
15.487221,44.849647
15.484541,44.850114
15.48481,44.850812
15.487784,44.850245
15.486844,44.849081
15.486219,44.851684
15.48425,44.849794
15.486715,44.852126
15.483814,44.849185
15.48851,44.852004
15.4839,44.849355
15.492705,44.852527
15.490181,44.852343
15.494439,44.851721
15.495561,44.853719
15.497933,44.850919
15.498588,44.851311
15.497439,44.850906
15.500144,44.850948
15.50012,44.850388
15.496006,44.850246
15.496434,44.853304
15.495991,44.852673
15.49437,44.853861
15.499648,44.853781
15.498503,44.8537
15.495823,44.853903
15.495058,44.854222
15.497951,44.851196
15.497456,44.851114
15.498402,44.851429
15.496477,44.853138
15.499663,44.850748
15.498723,44.851084
15.49489,44.854422
15.49833,44.853313
15.317895,44.958999
15.31771,44.959685
15.32044,44.959113
15.501248,44.849298
15.501734,44.849982
15.500425,44.849797
15.500329,44.850197
15.322056,44.955852
15.32354,44.956329
15.324763,44.957136
15.32658,44.957058
15.335768,44.96027
15.337292,44.959574
15.334961,44.958152
15.336578,44.959083
15.33413,44.959768
15.33606,44.958889
15.332015,44.960201
15.332895,44.96087
15.337968,44.959753
15.335464,44.95903
15.336054,44.958698
15.335972,44.959586
15.332868,44.961027
15.337515,44.959718
15.335831,44.960006
15.337116,44.959574
15.335947,44.958856
15.329841,44.959646
15.343465,44.956896
15.343078,44.957016
15.252546,44.886089
15.252422,44.886457
15.310926,44.963663
15.309132,44.962188
15.307637,44.962723
15.310003,44.962908
15.306703,44.962898
15.309635,44.962965
15.308873,44.962792
15.309541,44.96175
15.313123,44.964025
15.312143,44.964041
15.309921,44.962854
15.313548,44.964167
15.306964,44.963192
15.307458,44.962702
15.309217,44.962289
15.309233,44.961852
15.308963,44.962477
15.309787,44.962776
15.311624,44.964057
15.313271,44.963819
15.309406,44.962202
15.309124,44.960521
15.309181,44.960771
15.308983,44.958776
15.307424,44.960232
15.308914,44.959761
15.309074,44.959571
15.309122,44.96044
15.308891,44.956915
15.309125,44.957449
15.308554,44.955814
15.308571,44.956109
15.308885,44.957586
15.274087,44.890409
15.356254,44.924789
15.361511,44.918704
15.341401,44.994779
15.342409,44.994271
15.343896,44.994457
15.340756,44.995295
15.341961,44.995191
15.348515,44.994668
15.347171,44.993624
15.347983,44.9945
15.337606,44.994891
15.274835,44.877792
15.272382,44.882138
15.275798,44.875285
15.274756,44.879892
15.277206,44.873456
15.281021,44.872332
15.276238,44.873135
15.276806,44.874118
15.275632,44.874564
15.274642,44.875807
15.275461,44.873725
15.280917,44.872655
15.278218,44.873505
15.274431,44.878144
15.27529,44.877962
15.274634,44.882073
15.275427,44.881485
15.275063,44.880711
15.274816,44.880381
15.487631,44.844635
15.491908,44.84527
15.490728,44.844934
15.485288,44.844034
15.486861,44.842013
15.486757,44.842889
15.486768,44.842383
15.487203,44.84479
15.486372,44.843388
15.486585,44.842034
15.489124,44.84524
15.485513,44.844035
15.494421,44.845234
15.495023,44.84494
15.495996,44.845075
15.503146,44.843218
15.497789,44.842892
15.497991,44.844059
15.497718,44.84023
15.498195,44.84435
15.500072,44.84373
15.49969,44.843752
15.498734,44.843851
15.496632,44.84503
15.499185,44.843534
15.501974,44.84362
15.495242,44.84502
15.503351,44.844068
15.496641,44.841613
15.49574,44.844487
15.502207,44.844092
15.496646,44.844701
15.498163,44.843929
15.496311,44.844768
15.497006,44.84018
15.496784,44.844937
15.499424,44.844239
15.495833,44.844897
15.497095,44.844526
15.499105,44.844331
15.496125,44.844389
15.496396,44.845062
15.299122,44.863734
15.297341,44.865128
15.290823,44.865883
15.291088,44.867958
15.300232,44.863741
15.285944,44.871018
15.294171,44.866351
15.290701,44.868279
15.301295,44.863962
15.294868,44.865918
15.295824,44.865245
15.292439,44.867736
15.284,44.871681
15.280041,44.871479
15.281742,44.870954
15.290055,44.868371
15.286748,44.870107
15.286787,44.87079
15.29161,44.868
15.285099,44.870881
15.285672,44.868438
15.291955,44.867701
15.291043,44.868175
15.28924,44.870203
15.477641,44.843108
15.478326,44.843376
15.319144,44.865097
15.313918,44.864447
15.305746,44.862464
15.321463,44.865297
15.322358,44.863528
15.30478,44.860948
15.30526,44.861388
15.30558,44.861428
15.310204,44.863327
15.309938,44.863621
15.302633,44.863183
15.304237,44.862049
15.321295,44.865468
15.305082,44.862116
15.308729,44.863297
15.303672,44.861094
15.322748,44.863849
15.307285,44.863088
15.31041,44.863906
15.317538,44.865316
15.321712,44.865266
15.320091,44.872758
15.321415,44.871404
15.318774,44.874278
15.31537,44.876043
15.320715,44.87249
15.314962,44.876704
15.321764,44.87113
15.320925,44.872363
15.32127,44.871759
15.31621,44.875517
15.321162,44.872053
15.316615,44.875391
15.317844,44.875167
15.322565,44.86828
15.348533,44.92947
15.394433,44.972055
15.464628,44.860966
15.465074,44.860944
15.467798,44.863357
15.463019,44.860739
15.468393,44.861831
15.464539,44.862651
15.468057,44.861985
15.467418,44.863377
15.463216,44.860605
15.467131,44.861599
15.468238,44.861946
15.467879,44.861741
15.466559,44.861657
15.463492,44.860825
15.463218,44.860088
15.462484,44.860834
15.465777,44.861979
15.469223,44.863332
15.462829,44.86053
15.470565,44.863101
15.465895,44.861859
15.470502,44.863083
15.468849,44.863296
15.470783,44.862972
15.467438,44.861714
15.465361,44.861387
15.464728,44.861025
15.467025,44.863584
15.463185,44.860382
15.463839,44.86052
15.475102,44.863578
15.47542,44.862862
15.475357,44.863546
15.4736,44.866114
15.474483,44.863376
15.473412,44.86268
15.47402,44.866138
15.474305,44.865932
15.476046,44.864562
15.474309,44.862978
15.476279,44.864681
15.474422,44.865876
15.474626,44.864995
15.475562,44.864897
15.475609,44.864083
15.478467,44.865862
15.474358,44.865492
15.473971,44.863316
15.473284,44.866308
15.475506,44.863674
15.474532,44.865239
15.474676,44.864801
15.311972,44.878587
15.309901,44.879608
15.308448,44.879514
15.310846,44.879198
15.311522,44.878816
15.311374,44.878883
15.305192,44.881851
15.307048,44.879569
15.305965,44.881079
15.309137,44.879513
15.307173,44.880223
15.307763,44.87989
15.305635,44.881574
15.308085,44.879696
15.310766,44.879062
15.310978,44.878875
15.308347,44.879771
15.332799,44.8713
15.33199,44.870087
15.332614,44.87025
15.332292,44.870322
15.332212,44.870457
15.33522,44.872523
15.335046,44.872095
15.338205,44.870115
15.337967,44.871729
15.338648,44.871703
15.338953,44.871506
15.339483,44.873025
15.339862,44.8737
15.339289,44.87356
15.336634,44.876019
15.338392,44.875736
15.339743,44.874597
15.338685,44.875136
15.336485,44.876537
15.335835,44.878654
15.33705,44.881112
15.343404,44.880625
15.342193,44.880647
15.341628,44.88047
15.344953,44.880971
15.346741,44.881315
15.34871,44.882041
15.349135,44.882258
15.346228,44.884592
15.345051,44.885031
15.346383,44.885204
15.297061,44.885055
15.289547,44.886028
15.29951,44.884118
15.297556,44.884722
15.298915,44.883995
15.29788,44.884369
15.30424,44.882404
15.293468,44.885046
15.294073,44.884804
15.29437,44.885046
15.472636,44.862526
15.474502,44.862673
15.473087,44.862492
15.472628,44.861544
15.476925,44.860386
15.471845,44.860418
15.475454,44.86209
15.474861,44.860764
15.472151,44.860757
15.476779,44.860852
15.472272,44.861065
15.471305,44.860294
15.471653,44.860183
15.474639,44.862291
15.473685,44.862584
15.474752,44.862507
15.473258,44.86213
15.475782,44.85541
15.476001,44.855518
15.477541,44.856686
15.477513,44.856283
15.477457,44.857366
15.47559,44.857439
15.478071,44.856692
15.474895,44.853892
15.478018,44.856439
15.478668,44.855859
15.474869,44.85518
15.478518,44.856036
15.346608,44.885884
15.346936,44.886402
15.346349,44.885817
15.348188,44.886524
15.347977,44.886403
15.348185,44.887732
15.352018,44.886987
15.352574,44.887494
15.290058,44.891076
15.35546,44.887507
15.35476,44.887454
15.358062,44.887806
15.349514,44.88382
15.470099,44.852433
15.46947,44.852722
15.470349,44.853142
15.468466,44.852955
15.467687,44.853105
15.46962,44.85302
15.467191,44.85331
15.473365,44.853011
15.467851,44.853125
15.474177,44.852716
15.37788,44.886401
15.37813,44.886314
15.374777,44.888238
15.376761,44.887986
15.379323,44.888366
15.379108,44.888347
15.380298,44.887877
15.382306,44.888572
15.382888,44.888717
15.391164,44.888996
15.395578,44.890246
15.393012,44.890012
15.393826,44.88996
15.399686,44.887909
15.397662,44.888392
15.398377,44.889708
15.394208,44.892303
15.395331,44.892042
15.368123,44.888091
15.370944,44.889827
15.369857,44.890349
15.371397,44.889814
15.369246,44.890504
15.370296,44.890263
15.369624,44.890124
15.368249,44.888861
15.368666,44.889916
15.363002,44.891796
15.365191,44.891993
15.360174,44.892506
15.459718,44.926291
15.488463,44.867013
15.48815,44.866847
15.487952,44.867839
15.487419,44.86639
15.487948,44.867054
15.487521,44.86669
15.362485,44.852361
15.361685,44.854629
15.361056,44.853372
15.360463,44.85266
15.358053,44.856078
15.357786,44.855047
15.359143,44.853878
15.360461,44.852375
15.359378,44.852923
15.362517,44.85251
15.355474,44.853315
15.355835,44.855703
15.355225,44.854031
15.356886,44.854948
15.357828,44.855791
15.361212,44.853532
15.357197,44.854684
15.362194,44.855179
15.358271,44.854295
15.356262,44.855519
15.359699,44.853841
15.357422,44.855049
15.356351,44.855555
15.361664,44.853131
15.360838,44.852137
15.356631,44.855362
15.361783,44.854486
15.419744,44.852363
15.420093,44.852452
15.420124,44.852239
15.419517,44.852341
15.419732,44.851946
15.419199,44.852286
15.4082,44.858313
15.408331,44.857836
15.407112,44.857305
15.40833,44.858106
15.4071,44.857073
15.406903,44.858078
15.408153,44.855089
15.409228,44.853984
15.407306,44.855389
15.409939,44.855497
15.407046,44.856439
15.403498,44.859303
15.429457,44.853167
15.425237,44.850211
15.429003,44.849601
15.426852,44.852635
15.424474,44.85007
15.429815,44.850294
15.427865,44.849242
15.430844,44.850046
15.425153,44.851532
15.424202,44.850001
15.428309,44.8496
15.425318,44.851759
15.427692,44.849617
15.427463,44.849196
15.427465,44.849595
15.426025,44.849136
15.430512,44.851771
15.424692,44.850128
15.429435,44.849689
15.429806,44.849454
15.431224,44.851864
15.425986,44.84868
15.430229,44.849495
15.430868,44.851982
15.430427,44.849924
15.430191,44.852347
15.430654,44.850438
15.426944,44.849539
15.430056,44.850637
15.425405,44.848762
15.42811,44.84962
15.427276,44.84955
15.429628,44.852651
15.42765,44.849218
15.429326,44.85043
15.430474,44.852321
15.426667,44.849459
15.424939,44.850167
15.424149,44.851637
15.425833,44.851677
15.430161,44.84995
15.431044,44.851908
15.427006,44.85081
15.424582,44.851514
15.425456,44.849934
15.425553,44.851731
15.429946,44.849813
15.423972,44.84994
15.4256,44.849036
15.424799,44.851506
15.430136,44.852067
15.427002,44.849042
15.424053,44.851644
15.425045,44.85181
15.429616,44.849378
15.364972,44.862185
15.36173,44.862834
15.352699,44.863081
15.362991,44.86052
15.363525,44.860617
15.360833,44.862649
15.359225,44.86256
15.354376,44.861148
15.35471,44.862391
15.353197,44.863983
15.364923,44.862796
15.362346,44.865281
15.359123,44.863088
15.364894,44.861716
15.353763,44.863967
15.364713,44.861657
15.361158,44.863002
15.352696,44.863438
15.353573,44.864441
15.361956,44.862375
15.358755,44.861971
15.355484,44.86063
15.363285,44.860209
15.353373,44.861406
15.36511,44.863051
15.355638,44.860541
15.364286,44.861638
15.354196,44.861394
15.353356,44.863408
15.352265,44.866461
15.35527,44.860735
15.364072,44.861277
15.3566,44.86029
15.352947,44.863408
15.353904,44.861054
15.359136,44.893277
15.359098,44.89319
15.359386,44.893294
15.358248,44.894714
15.360153,44.896648
15.359636,44.895475
15.360381,44.897231
15.359845,44.895827
15.360253,44.897416
15.417983,44.84544
15.413771,44.848086
15.416008,44.847524
15.414378,44.847727
15.416496,44.847925
15.417267,44.845393
15.415176,44.845295
15.414999,44.847681
15.416903,44.845608
15.417325,44.84573
15.418269,44.847107
15.417452,44.84591
15.363752,44.900231
15.363474,44.900096
15.355873,44.896414
15.355192,44.895783
15.354962,44.895701
15.35354,44.896277
15.353445,44.896065
15.355525,44.896858
15.352447,44.895118
15.422169,44.851083
15.352773,44.890504
15.404233,44.859005
15.355182,44.893002
15.355269,44.893688
15.36217,44.867109
15.362773,44.868542
15.364931,44.867251
15.362489,44.868217
15.351094,44.868665
15.345006,44.869869
15.344162,44.861503
15.348,44.870254
15.341892,44.861431
15.345191,44.869962
15.348574,44.869982
15.343843,44.869698
15.348231,44.870252
15.349122,44.869786
15.3433,44.869639
15.346267,44.869886
15.349764,44.869102
15.350557,44.869214
15.339604,44.865929
15.345438,44.861757
15.342251,44.861848
15.341442,44.864286
15.341739,44.861236
15.341438,44.861488
15.340183,44.865262
15.339508,44.865774
15.449274,44.868194
15.482183,44.773806
15.482755,44.77305
15.483458,44.772884
15.496198,44.774123
15.491598,44.768406
15.483033,44.772912
15.489442,44.769001
15.49101,44.775438
15.491443,44.77492
15.497641,44.775538
15.497213,44.773962
15.529496,44.761936
15.529948,44.761827
15.534364,44.76147
15.529985,44.7568
15.509825,44.772517
15.510548,44.772103
15.511865,44.768012
15.53004,44.761849
15.525532,44.7655
15.511491,44.771189
15.529672,44.761412
15.525688,44.76499
15.514713,44.769211
15.516274,44.769961
15.516957,44.771007
15.510992,44.770715
15.538899,44.770584
15.539251,44.77082
15.511067,44.770662
15.526246,44.765149
15.53004,44.76123
15.510867,44.77193
15.335255,44.856736
15.337351,44.859034
15.334938,44.85706
15.336507,44.861316
15.338314,44.855175
15.332863,44.855727
15.333642,44.855586
15.336652,44.86152
15.340526,44.855383
15.340272,44.855904
15.336307,44.855439
15.334474,44.858638
15.335216,44.856583
15.338147,44.858212
15.337087,44.858826
15.338126,44.857886
15.335307,44.85691
15.337419,44.856191
15.337912,44.854184
15.337777,44.855194
15.533786,44.835659
15.533862,44.835808
15.525704,44.785755
15.51971,44.775072
15.519135,44.784172
15.519824,44.784327
15.525263,44.78474
15.526265,44.778486
15.525687,44.785912
15.525121,44.784894
15.51508,44.784621
15.524501,44.789615
15.526698,44.777621
15.519558,44.774894
15.524732,44.786443
15.524508,44.785211
15.524966,44.776814
15.524908,44.785034
15.51941,44.783727
15.525646,44.785341
15.52498,44.786173
15.526257,44.777638
15.525893,44.778609
15.526808,44.777467
15.526688,44.777669
15.33745,44.851027
15.479639,44.79061
15.480632,44.791587
15.480309,44.790692
15.479433,44.790764
15.512064,44.789978
15.513336,44.788683
15.505023,44.787556
15.513162,44.790344
15.512777,44.788021
15.512904,44.788196
15.513317,44.787011
15.504893,44.787937
15.513854,44.787198
15.517655,44.783547
15.517268,44.786693
15.516621,44.787315
15.517349,44.786661
15.518104,44.7871
15.516608,44.786472
15.516202,44.787084
15.516702,44.783446
15.516027,44.787276
15.515723,44.78697
15.516866,44.787655
15.517133,44.787527
15.518167,44.784017
15.519711,44.800114
15.51941,44.803413
15.519601,44.79991
15.51999,44.801622
15.517665,44.799404
15.519471,44.803122
15.519632,44.80265
15.519491,44.802804
15.48062,44.79226
15.345393,44.858075
15.343402,44.85671
15.350174,44.856058
15.349622,44.856967
15.349867,44.856388
15.349997,44.856153
15.348797,44.85645
15.288494,44.90526
15.292281,44.902066
15.290257,44.904287
15.288912,44.904967
15.290024,44.90431
15.353946,44.854268
15.354085,44.856836
15.353195,44.856966
15.352035,44.855073
15.352935,44.856182
15.354094,44.85403
15.353227,44.854628
15.353732,44.854337
15.354402,44.853922
15.295714,44.88516
15.300648,44.948364
15.358369,44.85649
15.358983,44.857274
15.463423,44.860541
15.293393,44.899273
15.293211,44.899646
15.293094,44.900111
15.295206,44.898137
15.293978,44.898962
15.294593,44.898567
15.297128,44.896209
15.294393,44.89818
15.296489,44.896918
15.296958,44.896349
15.299712,44.896062
15.298864,44.896306
15.303212,44.896796
15.30042,44.895733
15.302667,44.896813
15.30087,44.895774
15.301404,44.895941
15.302836,44.896709
15.298295,44.89647
15.300557,44.89574
15.299497,44.895957
15.299696,44.89579
15.297633,44.895635
15.298669,44.896483
15.297576,44.896404
15.317986,44.903732
15.31565,44.902779
15.315355,44.902504
15.32002,44.90403
15.317634,44.90082
15.312935,44.899978
15.319046,44.898153
15.318904,44.897979
15.317418,44.89699
15.310878,44.899154
15.310369,44.898456
15.315922,44.899603
15.315937,44.898969
15.318908,44.89684
15.319042,44.897519
15.316003,44.900161
15.315965,44.900091
15.313062,44.900123
15.313522,44.900827
15.310757,44.898897
15.310381,44.897899
15.318827,44.897575
15.316513,44.898156
15.316003,44.897436
15.307618,44.896799
15.305607,44.896278
15.306327,44.896786
15.307763,44.896424
15.305282,44.893189
15.308505,44.896978
15.311342,44.89534
15.311979,44.895221
15.308259,44.896669
15.314377,44.89661
15.315112,44.892484
15.317609,44.895486
15.31744,44.894724
15.315803,44.892647
15.317422,44.894099
15.309439,44.891319
15.310979,44.890727
15.311547,44.891393
15.306532,44.892073
15.307038,44.892221
15.308902,44.891265
15.304012,44.892338
15.307683,44.891657
15.310699,44.891508
15.306894,44.892382
15.308177,44.89151
15.314686,44.89206
15.31906,44.888571
15.315901,44.891978
15.314075,44.891945
15.315244,44.892123
15.31543,44.89215
15.315268,44.891847
15.317236,44.891555
15.314506,44.892023
15.314911,44.892109
15.31747,44.890588
15.315702,44.891961
15.319328,44.888368
15.320311,44.886577
15.322617,44.883704
15.320439,44.886418
15.318586,44.883618
15.320236,44.887371
15.323552,44.885267
15.32307,44.883493
15.329407,44.884757
15.330167,44.884701
15.323177,44.88552
15.323555,44.885429
15.324431,44.885378
15.324083,44.885444
15.329242,44.88522
15.335056,44.884106
15.336839,44.887165
15.332189,44.885003
15.334997,44.883457
15.332901,44.884783
15.333605,44.885921
15.333288,44.885693
15.334588,44.887005
15.332524,44.8848
15.33384,44.886777
15.332857,44.885444
15.333667,44.886294
15.338293,44.883384
15.301749,44.892101
15.433381,44.848854
15.438161,44.847416
15.432433,44.848339
15.438876,44.846293
15.438855,44.846485
15.439146,44.846866
15.435301,44.847692
15.434553,44.848768
15.436031,44.848543
15.432965,44.849265
15.438874,44.847014
15.43939,44.84682
15.437367,44.848845
15.435598,44.847822
15.436208,44.847748
15.437466,44.848841
15.435078,44.848246
15.442906,44.850311
15.438938,44.850684
15.437969,44.848505
15.439957,44.849055
15.438119,44.848228
15.438083,44.849004
15.442529,44.84994
15.442835,44.849964
15.439735,44.850519
15.43832,44.847775
15.440163,44.849137
15.438868,44.849103
15.4381,44.848037
15.444495,44.842256
15.443814,44.842753
15.442421,44.846024
15.447989,44.845213
15.44786,44.845551
15.438182,44.845181
15.44157,44.844692
15.439268,44.843635
15.439763,44.843806
15.438243,44.845926
15.442982,44.842604
15.442781,44.842898
15.443032,44.843427
15.439562,44.843953
15.444118,44.842545
15.447768,44.844923
15.443029,44.842841
15.441998,44.846066
15.439461,44.843309
15.4421,44.845866
15.440133,44.842941
15.439283,44.84614
15.441631,44.846165
15.455435,44.846078
15.454726,44.846284
15.457769,44.84559
15.451474,44.846475
15.454643,44.845656
15.455189,44.845842
15.447372,44.839662
15.449233,44.839793
15.445534,44.84099
15.447082,44.839863
15.444277,44.838713
15.447252,44.83933
15.446597,44.839795
15.448963,44.839497
15.447599,44.839986
15.449574,44.839684
15.447521,44.839126
15.441178,44.841805
15.450216,44.840168
15.445891,44.840967
15.444456,44.838764
15.445,44.841829
15.440896,44.841311
15.448411,44.839987
15.439937,44.840834
15.441065,44.84144
15.447012,44.839487
15.441573,44.841789
15.447705,44.839343
15.44938,44.837533
15.44432,44.837164
15.44638,44.834414
15.443925,44.835672
15.442379,44.835786
15.445011,44.835932
15.445246,44.835917
15.444392,44.836916
15.444506,44.836468
15.44223,44.835671
15.444231,44.83614
15.450229,44.834521
15.450201,44.834317
15.45141,44.839274
15.458871,44.831331
15.456698,44.83201
15.456821,44.8322
15.454142,44.833805
15.452382,44.831934
15.454764,44.831492
15.455074,44.829931
15.457353,44.831658
15.45497,44.830931
15.45632,44.832103
15.455125,44.831289
15.455877,44.831717
15.458387,44.831956
15.467631,44.833359
15.459272,44.835088
15.467999,44.832937
15.464526,44.833839
15.463976,44.834668
15.466228,44.832854
15.465044,44.83541
15.466884,44.832775
15.464319,44.834867
15.463353,44.833995
15.462979,44.834394
15.46583,44.835476
15.46521,44.835158
15.465414,44.835284
15.464094,44.834369
15.46124,44.834306
15.467548,44.833088
15.460135,44.831686
15.46549,44.828672
15.462881,44.829774
15.465308,44.829347
15.469006,44.830718
15.461217,44.830206
15.461245,44.830472
15.468481,44.830471
15.466502,44.832052
15.467382,44.832412
15.465562,44.831765
15.468326,44.830098
15.465782,44.828934
15.462546,44.829738
15.464478,44.829514
15.470888,44.828674
15.46906,44.83129
15.470098,44.829324
15.46716,44.832092
15.466459,44.831935
15.467577,44.832527
15.466852,44.83205
15.470388,44.822401
15.469102,44.821794
15.46938,44.822183
15.469145,44.822552
15.468698,44.821548
15.468828,44.822197
15.473049,44.82464
15.468542,44.821248
15.472479,44.824442
15.469507,44.82014
15.473408,44.825087
15.470554,44.822221
15.469638,44.822021
15.469375,44.820711
15.479923,44.816014
15.476396,44.811002
15.475931,44.815422
15.473378,44.813342
15.474789,44.81377
15.477501,44.810773
15.479716,44.816995
15.478791,44.814294
15.477297,44.816055
15.478587,44.818996
15.474371,44.817735
15.480159,44.814752
15.474936,44.813423
15.4753,44.8135
15.474444,44.813306
15.480074,44.814059
15.474386,44.81399
15.480034,44.81419
15.480841,44.811213
15.478542,44.814863
15.47447,44.814114
15.479705,44.817478
15.47635,44.81142
15.474229,44.81378
15.474708,44.813619
15.480063,44.815795
15.496165,44.824438
15.455086,44.827344
15.17446,44.951104
15.46912,44.830511
15.671764,44.930785
15.355778,44.813537
15.311711,44.862681
15.137762,44.910672
15.300219,44.826404
15.129406,44.93345
15.127293,44.934042
15.148072,44.945963
15.146238,44.94516
15.147145,44.945815
15.162797,44.941205
15.158358,44.946933
15.154816,44.942522
15.160432,44.94301
15.155584,44.942175
15.15639,44.942194
15.154587,44.942506
15.155923,44.94249
15.150806,44.941896
15.151795,44.942605
15.154418,44.942622
15.15861,44.946654
15.157273,44.94601
15.157354,44.94603
15.15874,44.946543
15.158922,44.945947
15.145224,44.942432
15.154627,44.940187
15.156185,44.945724
15.163178,44.948784
15.156836,44.94594
15.148155,44.945098
15.155928,44.945656
15.15705,44.945909
15.15838,44.945386
15.144697,44.945361
15.133425,44.945147
15.117226,44.950584
15.128823,44.947279
15.130944,44.946644
15.109784,44.949927
15.111278,44.952565
15.126408,44.945873
15.124663,44.95061
15.11838,44.95065
15.117629,44.951758
15.116571,44.949699
15.12491,44.948386
15.117895,44.951687
15.11582,44.950932
15.116239,44.951925
15.116588,44.950481
15.114867,44.951295
15.123459,44.950767
15.123839,44.948713
15.129684,44.947026
15.109621,44.951623
15.109889,44.95181
15.128432,44.945732
15.129491,44.947097
15.132877,44.945595
15.132585,44.945818
15.110337,44.950159
15.126193,44.947685
15.127832,44.947562
15.126696,44.9479
15.134001,44.944956
15.125473,44.939026
15.125057,44.94002
15.134587,44.944864
15.13568,44.944503
15.123586,44.943561
15.123015,44.942337
15.126384,44.940756
15.12437,44.940647
15.123516,44.941008
15.122963,44.943006
15.122543,44.942807
15.123165,44.943221
15.123843,44.940589
15.123464,44.943442
15.128066,44.936089
15.128637,44.936388
15.125561,44.935264
15.129767,44.93672
15.128778,44.935706
15.130077,44.935034
15.129053,44.935337
15.129765,44.937124
15.124748,44.935804
15.130602,44.941428
15.140003,44.942181
15.141415,44.942111
15.13811,44.942075
15.130488,44.941131
15.130841,44.941747
15.131155,44.94192
15.131297,44.941511
15.1355,44.941953
15.140279,44.942119
15.134213,44.942027
15.132441,44.941934
15.134881,44.94195
15.140686,44.942113
15.141139,44.942218
15.136261,44.942022
15.132425,44.942214
15.142833,44.941776
15.140126,44.944704
15.126459,44.937953
15.127457,44.937796
15.129948,44.937494
15.130349,44.939032
15.130097,44.939276
15.126299,44.938125
15.130307,44.937508
15.13053,44.93839
15.140681,44.94502
15.127123,44.938607
15.141097,44.944359
15.133481,44.93237
15.137543,44.92662
15.136543,44.925991
15.137121,44.925091
15.135923,44.931672
15.13559,44.932297
15.136781,44.927688
15.135652,44.92734
15.133825,44.932049
15.131921,44.932419
15.136757,44.931251
15.136774,44.934116
15.13583,44.933261
15.136354,44.93398
15.136042,44.933585
15.135647,44.932883
15.135787,44.933012
15.138157,44.924811
15.137527,44.924871
15.137458,44.924902
15.13704,44.925394
15.136029,44.926838
15.196996,44.931623
15.21243,44.930802
15.18738,44.931581
15.191236,44.925529
15.19091,44.92534
15.188926,44.931629
15.191281,44.927438
15.192638,44.932394
15.189172,44.931584
15.203639,44.934101
15.228506,44.926064
15.228424,44.925223
15.220142,44.928446
15.222334,44.929589
15.201205,44.935503
15.183523,44.942153
15.230287,44.92512
15.182846,44.940859
15.190009,44.939968
15.198933,44.936691
15.197966,44.937355
15.217552,44.930423
15.217311,44.92785
15.212683,44.929784
15.221179,44.929091
15.211769,44.930934
15.228672,44.927434
15.230914,44.925739
15.190473,44.941457
15.217553,44.927562
15.203583,44.934759
15.23324,44.925234
15.176055,44.942582
15.168077,44.951908
15.321323,44.819416
15.141286,44.944883
15.421197,44.849465
15.147291,44.892723
15.354642,44.88938
15.317037,44.81272
15.629384,44.932965
15.628156,44.913938
15.283087,44.887946
15.110083,44.95047
15.498498,44.851812
15.498258,44.851539
15.359402,44.853225
15.341529,44.855703
15.353809,44.803683
15.340887,44.856016
15.365176,44.79474
15.331987,44.831856
15.49683,44.842967
15.472674,44.862165
15.162099,44.902989
15.167633,44.911534
15.614783,44.924507
15.613797,44.923326
15.615716,44.924104
15.615461,44.923955
15.615168,44.923896
15.615045,44.92378
15.362529,44.802433
15.627667,44.677984
15.297338,44.82218
15.297442,44.822075
15.335051,44.80098
15.409021,44.855335
15.722159,44.89114
15.71181,44.909879
15.133075,44.932569
15.150873,44.921206
15.229125,44.926925
15.717592,44.908221
15.314117,44.807864
15.35644,44.810481
15.607615,44.914599
15.333656,44.82838
15.629328,44.934821
15.363192,44.810184
15.340019,44.880496
15.33329,44.837544
15.359766,44.774723
15.482751,44.844597
15.12545,44.942248
15.329889,44.797069
15.333957,44.837484
15.353748,44.816788
15.359926,44.859436
15.332309,44.855841
15.359436,44.853679
15.36158,44.858233
15.36489,44.867609
15.419089,44.855446
15.404528,44.860581
15.429302,44.853433
15.312732,44.891341
15.292444,44.885518
15.173338,44.950133
15.173298,44.949729
15.142028,44.946608
15.129537,44.933153
15.113934,44.951505
15.119886,44.95177
15.120261,44.951672
15.114008,44.951497
15.126019,44.948075
15.157825,44.946431
15.157943,44.946608
15.158383,44.946506
15.152697,44.942522
15.154031,44.942637
15.153593,44.942703
15.12273,44.94268
15.129574,44.93545
15.130039,44.936273
15.123213,44.942357
15.122362,44.943124
15.126106,44.941776
15.195721,44.937929
15.189313,44.939575
15.183334,44.940645
15.212244,44.931221
15.193487,44.932381
15.205984,44.925708
15.359049,44.892997
15.333734,44.799004
15.316804,44.818431
15.318635,44.90399
15.297846,44.89648
15.305495,44.896379
15.314513,44.891401
15.320988,44.886363
15.270924,44.907662
15.266436,44.914768
15.252193,44.915929
15.256706,44.916385
15.270848,44.91322
15.269681,44.887692
15.294511,44.866023
15.325077,44.885603
15.325511,44.884144
15.332428,44.884891
15.477067,44.86028
15.513146,44.78324
15.356079,44.896115
15.293186,44.885307
15.352988,44.889378
15.354231,44.813893
15.314937,44.807813
15.20382,44.934281
15.119464,44.951995
15.630378,44.933841
15.12475,44.906256
15.486975,44.843648
15.312424,44.809064
15.297476,44.822343
15.321603,44.806958
15.321687,44.806881
15.281827,44.829792
15.723973,44.908422
15.289699,44.884475
15.472043,44.861391
15.337424,44.880112
15.351615,44.813926
15.303556,44.818309
15.72704,44.910751
15.418602,44.847267
15.142623,44.912486
15.23006,44.927112
15.720493,44.906346
15.355591,44.804014
15.355515,44.80385
15.199103,44.870247
15.286993,44.889337
15.143932,44.943266
15.179744,44.879449
15.179603,44.878822
15.349665,44.883527
15.328335,44.795253
15.444442,44.837551
15.30129,44.83286
15.301733,44.816701
15.662251,44.669485
15.179602,44.891223
15.645719,44.938954
15.179655,44.891328
15.400929,44.847939
15.177311,44.875669
15.358563,44.811483
15.296502,44.823222
15.622669,44.879942
15.350871,44.857893
15.460188,44.83114
15.464819,44.831711
15.427263,44.845775
15.461061,44.828146
15.34686,44.791936
15.437853,44.848919
15.435253,44.847989
15.300094,44.817783
15.313105,44.815858
15.155704,44.916001
15.166646,44.943361
15.342466,44.827586
15.4445,44.838005
15.467363,44.850307
15.393561,44.891892
15.175028,44.890198
15.342985,44.957896
15.289383,44.904595
15.299382,44.824156
15.302523,44.825008
15.443772,44.835509
15.120849,44.907815
15.465212,44.831938
15.179904,44.874623
15.349803,44.809822
15.346132,44.792528
15.335092,44.792641
15.335654,44.792677
15.704356,44.879739
15.704269,44.879918
15.704922,44.879879
15.705091,44.87989
15.70525,44.879997
15.705112,44.8802
15.705775,44.880176
15.705973,44.880286
15.705865,44.880606
15.705981,44.880756
15.706227,44.880661
15.706393,44.881224
15.706375,44.880422
15.706614,44.880421
15.706844,44.88044
15.707256,44.8805
15.70702,44.880879
15.707525,44.880518
15.707521,44.880885
15.707459,44.881422
15.707934,44.881266
15.708191,44.880338
15.708504,44.880577
15.708349,44.880959
15.708792,44.880965
15.709155,44.880975
15.709065,44.880639
15.709465,44.880894
15.709651,44.880867
15.710012,44.880951
15.710134,44.881172
15.710111,44.880643
15.710028,44.880388
15.710537,44.8803
15.710581,44.880601
15.710734,44.880549
15.710853,44.880521
15.711054,44.880514
15.711217,44.880794
15.711246,44.880216
15.710857,44.880196
15.711493,44.88019
15.711518,44.880431
15.711609,44.880037
15.711749,44.87973
15.711898,44.879462
15.71205,44.879203
15.712427,44.879196
15.71252,44.87882
15.712146,44.878742
15.713274,44.878086
15.713584,44.878089
15.713786,44.877853
15.713088,44.877643
15.714243,44.877621
15.714491,44.877445
15.714815,44.87722
15.712948,44.880077
15.71321,44.879981
15.712973,44.879709
15.713216,44.879598
15.71375,44.880153
15.71351,44.879413
15.714119,44.879245
15.713966,44.879639
15.714209,44.879539
15.714925,44.879459
15.714308,44.879245
15.715471,44.878975
15.715753,44.879305
15.716182,44.879252
15.715999,44.878945
15.717277,44.87889
15.717961,44.878955
15.718361,44.878991
15.718561,44.878997
15.719104,44.879062
15.719523,44.879199
15.722423,44.880864
15.723202,44.880877
15.723249,44.881373
15.724021,44.881372
15.726036,44.883202
15.727255,44.884346
15.727761,44.885737
15.72683,44.885855
15.715194,44.87636
15.704808,44.880667
15.712732,44.880236
15.708599,44.881471
15.708693,44.881324
15.706587,44.880905
15.70676,44.8807
15.707093,44.880435
15.707878,44.881891
15.709605,44.881096
15.71108,44.880276
15.712208,44.879869
15.716173,44.876388
15.713325,44.880162
15.713367,44.879526
15.715816,44.878936
15.717319,44.878783
15.717945,44.87881
15.727651,44.885409
15.709317,44.879922
15.714735,44.879063
15.713027,44.880449
15.716485,44.879237
15.719598,44.879677
15.720982,44.879669
15.712349,44.879527
15.726335,44.887879
15.727239,44.884076
15.728085,44.884695
15.72729,44.883826
15.715021,44.879067
15.723765,44.881187
15.706378,44.880936
15.708081,44.8815
15.708344,44.881582
15.301122,44.816919
15.636786,44.938845
15.72812,44.652257
15.648252,44.927153
15.645359,44.644667
15.642129,44.645339
15.748363,44.849362
15.67307,44.930831
15.113168,44.895766
15.359221,44.894595
15.3593,44.89443
15.320813,44.821774
15.311942,44.817316
15.141726,44.944915
15.418686,44.851635
15.297454,44.828844
15.146452,44.903382
15.501914,44.849466
15.490376,44.852346
15.360379,44.790055
15.360558,44.790212
15.671311,44.666161
15.636128,44.937271
15.636212,44.937861
15.360049,44.77365
15.619013,44.925174
15.325893,44.857242
15.327807,44.838213
15.355314,44.795981
15.611127,44.671156
15.712344,44.880622
15.307716,44.816452
15.620648,44.881774
15.169914,44.868687
15.612791,44.910422
15.612931,44.910698
15.619779,44.677926
15.527523,44.648323
15.638238,44.934401
15.72418,44.890417
15.619584,44.67796
15.170305,44.86725
15.170704,44.867004
15.476831,44.864877
15.168523,44.947805
15.324685,44.803937
15.628473,44.71719
15.480283,44.812784
15.644409,44.938364
15.650009,44.641467
15.296398,44.823109
15.137597,44.944547
15.412556,44.859276
15.451707,44.831724
15.45177,44.831761
15.476305,44.860764
15.336307,44.878033
15.350711,44.869123
15.296304,44.832557
15.723625,44.881078
15.36842,44.787856
15.594794,44.893765
15.189816,44.931575
15.525421,44.839236
15.319393,44.865388
15.144926,44.921942
15.480358,44.812607
15.492836,44.844869
15.375515,44.75079
15.372797,44.751768
15.336053,44.835112
15.648884,44.677112
15.300743,44.832621
15.327872,44.795279
15.718395,44.907405
15.444284,44.849294
15.35333,44.812985
15.483425,44.843635
15.599923,44.921092
15.306521,44.94366
15.65222,44.676228
15.706239,44.657954
15.668164,44.66513
15.648897,44.942917
15.600888,44.921343
15.602,44.902871
15.60096,44.903671
15.601891,44.90319
15.600814,44.903822
15.59544,44.922147
15.284072,44.826891
15.182672,44.898894
15.486497,44.843215
15.284773,44.828482
15.274472,44.876954
15.354839,44.815626
15.351146,44.808046
15.193344,44.868288
15.175939,44.861974
15.300763,44.863917
15.322394,44.869659
15.341398,44.855606
15.156616,44.943912
15.59975,44.899165
15.170652,44.87174
15.170496,44.871797
15.368146,44.787885
15.273043,44.884731
15.336286,44.851587
15.406277,44.862367
15.291604,44.902613
15.720929,44.890849
15.137701,44.893221
15.311371,44.863018
15.287122,44.826116
15.533747,44.836178
15.315072,44.808823
15.417996,44.85186
15.418262,44.851642
15.467332,44.861835
15.467153,44.861836
15.467063,44.861962
15.419162,44.847324
15.481782,44.843638
15.359368,44.852442
15.426738,44.761111
15.316721,44.808625
15.61868,44.913227
15.3604,44.808078
15.360727,44.807673
15.360364,44.808175
15.36059,44.807933
15.44636,44.847574
15.455947,44.845612
15.304351,44.816767
15.475217,44.842326
15.353597,44.812795
15.133024,44.896578
15.340464,44.790556
15.130654,44.93455
15.283373,44.827004
15.185137,44.872559
15.173719,44.87217
15.309564,44.954591
15.368496,44.889287
15.426027,44.85234
15.137953,44.899433
15.289106,44.827395
15.290659,44.829489
15.337124,44.833736
15.514156,44.768983
15.173365,44.861808
15.295728,44.834095
15.411346,44.765257
15.411169,44.765271
15.301981,44.896317
15.51349,44.787432
15.387369,44.760686
15.387293,44.760641
15.350712,44.789422
15.298053,44.865062
15.721406,44.90691
15.721756,44.906827
15.304815,44.833176
15.722311,44.907361
15.722985,44.907764
15.72332,44.907616
15.723304,44.907902
15.723689,44.908134
15.725252,44.908929
15.727067,44.910405
15.727827,44.910947
15.728664,44.912037
15.730242,44.913297
15.731775,44.914886
15.733272,44.916841
15.72394,44.898232
15.724364,44.901393
15.722951,44.903348
15.722747,44.903652
15.722399,44.904809
15.721431,44.905131
15.721065,44.905771
15.720708,44.906282
15.720122,44.90643
15.718842,44.907096
15.718002,44.907645
15.716915,44.908533
15.716426,44.908679
15.713586,44.909148
15.711665,44.909577
15.711192,44.909727
15.710506,44.910136
15.709961,44.909968
15.709639,44.910007
15.708935,44.910276
15.708147,44.911051
15.706954,44.911621
15.705961,44.912474
15.706257,44.91258
15.705047,44.91538
15.144778,44.892288
15.158527,44.903996
15.179008,44.901655
15.178939,44.901686
15.511041,44.768131
15.355167,44.795802
15.349345,44.788794
15.348937,44.788449
15.349178,44.788596
15.338323,44.795289
15.333227,44.80151
15.319755,44.807373
15.320226,44.812057
15.308407,44.811007
15.311742,44.810279
15.356043,44.800602
15.712446,44.893211
15.135851,44.893072
15.310837,44.863047
15.29176,44.834931
15.416726,44.840912
15.419289,44.847755
15.412914,44.849247
15.449317,44.867419
15.405702,44.850085
15.403371,44.858878
15.406017,44.861371
15.41224,44.85259
15.353698,44.865293
15.293852,44.829068
15.334228,44.879324
15.289546,44.82698
15.319261,44.820099
15.286579,44.830164
15.186085,44.945398
15.721257,44.905411
15.723106,44.907347
15.723627,44.907778
15.726891,44.91025
15.728168,44.911599
15.729814,44.913232
15.729426,44.912552
15.732901,44.916036
15.732954,44.920067
15.733491,44.921067
15.734336,44.922184
15.707098,44.911479
15.725194,44.888659
15.681832,44.903798
15.320651,44.821401
15.451039,44.864044
15.489399,44.734875
15.618376,44.879772
15.178946,44.89574
15.199029,44.870254
15.139737,44.945918
15.168835,44.872135
15.628407,44.717642
15.641433,44.935336
15.308826,44.954191
15.452028,44.86364
15.706434,44.912076
15.635851,44.935612
15.33483,44.800665
15.359488,44.796192
15.419823,44.770456
15.396581,44.769222
15.422849,44.753969
15.670712,44.665952
15.359494,44.796556
15.3597,44.796342
15.541814,44.832557
15.529395,44.838106
15.30903,44.954179
15.726116,44.910454
15.359516,44.788571
15.170393,44.871603
15.441967,44.841911
15.495672,44.840456
15.430048,44.852518
15.526237,44.783481
15.526511,44.783406
15.518397,44.787019
15.439395,44.850598
15.444589,44.838518
15.450937,44.834017
15.469002,44.822064
15.317685,44.815669
15.64757,44.678306
15.285399,44.831353
15.352201,44.886689
15.181104,44.881008
15.596681,44.898253
15.714613,44.876793
15.714366,44.879494
15.723301,44.880945
15.72344,44.88103
15.59721,44.897956
15.362496,44.811494
15.171646,44.865731
15.676869,44.662633
15.36084,44.806486
15.461963,44.834306
15.228334,44.925946
15.476419,44.860521
15.47677,44.860513
15.336372,44.877141
15.336595,44.877075
15.336624,44.877509
15.336566,44.877855
15.329876,44.951124
15.131946,44.942091
15.359698,44.894825
15.607475,44.673615
15.256871,44.913566
15.36822,44.788421
15.423849,44.851663
15.423754,44.851675
15.155369,44.916722
15.298556,44.827055
15.296867,44.832722
15.134687,44.892771
15.339287,44.873913
15.705231,44.89623
15.192659,44.868536
15.185685,44.871056
15.710766,44.909834
15.172604,44.91021
15.663585,44.937823
15.56554,44.923606
15.174087,44.872052
15.122972,44.951073
15.122087,44.95119
15.586244,44.78548
15.118552,44.951732
15.720533,44.906234
15.609019,44.91588
15.32859,44.839607
15.494803,44.845064
15.17739,44.86337
15.422902,44.851133
15.685151,44.66336
15.292793,44.884862
15.658859,44.674023
15.658446,44.673917
15.658746,44.673756
15.658341,44.673357
15.469452,44.863375
15.469434,44.863106
15.18254,44.865345
15.720343,44.906397
15.704159,44.917818
15.413405,44.771441
15.353693,44.812983
15.273336,44.885102
15.307262,44.820417
15.610283,44.916406
15.6104,44.916571
15.654816,44.675069
15.32544,44.802397
15.727195,44.883578
15.609209,44.913078
15.486706,44.842751
15.377498,44.888344
15.301777,44.896471
15.692478,44.659853
15.317808,44.815509
15.624995,44.916419
15.624555,44.91639
15.625833,44.917167
15.625769,44.917287
15.625703,44.917414
15.625639,44.917534
15.717272,44.908404
15.48789,44.852318
15.456536,44.832379
15.29472,44.825559
15.311452,44.818742
15.128716,44.933552
15.13449,44.89272
15.70325,44.917364
15.706854,44.895434
15.499247,44.732687
15.490646,44.736144
15.48611,44.746332
15.502328,44.730352
15.509509,44.743492
15.596844,44.92349
15.706699,44.912243
15.685832,44.658865
15.520328,44.784514
15.389204,44.756755
15.309598,44.897465
15.592406,44.9243
15.452268,44.832093
15.363996,44.793841
15.178878,44.86379
15.301992,44.896552
15.349811,44.823847
15.349734,44.82376
15.706778,44.911744
15.713859,44.658769
15.376764,44.780977
15.615303,44.665812
15.350129,44.884247
15.712191,44.909771
15.512104,44.790203
15.428887,44.852831
15.724922,44.908849
15.164345,44.90073
15.545585,44.70792
15.635463,44.737625
15.563604,44.926655
15.664411,44.67214
15.368303,44.789038
15.282162,44.908938
15.668334,44.837114
15.631603,44.87097
15.650962,44.857247
15.664059,44.82544
15.65524,44.860438
15.656907,44.846368
15.65383,44.861396
15.651788,44.859217
15.654027,44.86019
15.630597,44.87315
15.655064,44.86052
15.650261,44.858344
15.655441,44.860304
15.664334,44.825774
15.632055,44.873685
15.653803,44.861342
15.653834,44.861774
15.653177,44.852727
15.630169,44.871716
15.637169,44.86686
15.629066,44.875145
15.65446,44.861056
15.665127,44.824628
15.629614,44.872858
15.654384,44.861207
15.629298,44.87428
15.660788,44.82261
15.628165,44.87472
15.641235,44.864711
15.668813,44.838622
15.629737,44.875057
15.663067,44.818598
15.652687,44.851397
15.654066,44.861517
15.630397,44.872435
15.653926,44.851796
15.655363,44.860372
15.654281,44.861253
15.630822,44.872052
15.63262,44.870446
15.654034,44.86146
15.654481,44.859641
15.654921,44.860608
15.628022,44.874032
15.647745,44.862102
15.652202,44.860128
15.652054,44.856026
15.653664,44.860329
15.654723,44.860726
15.650337,44.857925
15.626762,44.874706
15.635944,44.869216
15.63534,44.869256
15.639896,44.863362
15.653364,44.861174
15.6541,44.861445
15.653905,44.86138
15.655147,44.860479
15.637775,44.867126
15.637437,44.868545
15.626307,44.874874
15.627799,44.873889
15.678577,44.841765
15.654235,44.861276
15.650048,44.859767
15.650869,44.858858
15.63756,44.867237
15.647315,44.862575
15.653623,44.862121
15.656347,44.846269
15.628997,44.874595
15.654087,44.850703
15.653973,44.862007
15.653918,44.862032
15.652663,44.860074
15.651048,44.859542
15.63107,44.871116
15.654638,44.859591
15.664584,44.82513
15.660696,44.821942
15.637481,44.868217
15.637099,44.866518
15.652936,44.86088
15.652947,44.853125
15.628528,44.875065
15.62932,44.87281
15.631177,44.873277
15.65467,44.860765
15.653818,44.86042
15.630283,44.872199
15.636478,44.867905
15.654134,44.861497
15.650623,44.857618
15.650529,44.857069
15.655579,44.831739
15.6297,44.872011
15.63613,44.868035
15.649283,44.860378
15.647271,44.861945
15.65319,44.851189
15.654299,44.859694
15.654014,44.860523
15.656205,44.846399
15.637325,44.867812
15.662691,44.818355
15.628907,44.873742
15.662563,44.834577
15.636914,44.868002
15.661607,44.834022
15.654161,44.859749
15.668508,44.836504
15.630422,44.872481
15.65353,44.861844
15.668904,44.836576
15.64955,44.862681
15.62869,44.873887
15.63098,44.872272
15.651369,44.855656
15.65363,44.860856
15.654397,44.861502
15.654693,44.85012
15.635712,44.86859
15.654881,44.861673
15.677468,44.84035
15.650331,44.858078
15.653631,44.851081
15.631005,44.872439
15.670036,44.841342
15.628444,44.874206
15.640735,44.86515
15.653514,44.861365
15.638199,44.867135
15.666165,44.84181
15.62756,44.874212
15.648201,44.862103
15.630119,44.873914
15.668277,44.837261
15.63418,44.869339
15.641638,44.86453
15.640571,44.865049
15.654288,44.861508
15.651864,44.860124
15.635637,44.869546
15.653899,44.851479
15.629207,44.873424
15.654334,44.86123
15.631526,44.870565
15.631092,44.872813
15.635159,44.869414
15.627224,44.874633
15.628337,44.874605
15.650319,44.858745
15.652559,44.855739
15.64977,44.862762
15.651854,44.860061
15.630663,44.873418
15.651249,44.860672
15.647143,44.862296
15.634378,44.869659
15.650433,44.857661
15.653549,44.861578
15.653904,44.861771
15.652606,44.86076
15.657704,44.846414
15.634636,44.869348
15.654414,44.859664
15.64336,44.863284
15.652431,44.860291
15.63364,44.87039
15.64883,44.860674
15.654093,44.860236
15.627037,44.874977
15.629557,44.871577
15.649144,44.8624
15.648988,44.860575
15.629886,44.871165
15.657228,44.846598
15.648914,44.860408
15.653719,44.86036
15.652754,44.851063
15.662033,44.834247
15.653728,44.850145
15.653294,44.8608
15.652754,44.853838
15.654151,44.860293
15.66903,44.835918
15.654431,44.86118
15.632031,44.870697
15.654553,44.859617
15.654019,44.850435
15.640972,44.864896
15.653884,44.861327
15.635909,44.868445
15.654442,44.861137
15.654445,44.8611
15.628225,44.873821
15.648593,44.861978
15.653917,44.86047
15.629454,44.873626
15.627767,44.874417
15.634165,44.86984
15.627999,44.872152
15.651455,44.855253
15.654785,44.860697
15.662312,44.818078
15.650657,44.855379
15.650758,44.85809
15.634503,44.869519
15.640894,44.865019
15.652206,44.860092
15.653073,44.850723
15.648018,44.861881
15.62849,44.873384
15.648782,44.861887
15.648675,44.861542
15.635176,44.868649
15.662031,44.817942
15.650276,44.858277
15.651704,44.859473
15.652606,44.860115
15.65307,44.86102
15.179713,44.876304
15.366315,44.787589
15.310588,44.898696
15.279046,44.903629
15.279247,44.903585
15.349417,44.823607
15.602704,44.924309
15.602904,44.924052
15.309649,44.897787
15.309049,44.811844
15.187894,44.878089
15.13458,44.92157
15.475434,44.861684
15.712499,44.879941
15.712192,44.879686
15.131623,44.946315
15.267093,44.888011
15.317837,44.810951
15.650797,44.85839
15.331481,44.830003
15.327688,44.829158
15.669867,44.80635
15.173703,44.903918
15.683236,44.659459
15.329114,44.828941
15.72209,44.906947
15.472857,44.861994
15.322636,44.800169
15.293057,44.837342
15.361084,44.862911
15.449604,44.86611
15.320259,44.873162
15.287974,44.831288
15.672239,44.931033
15.12654,44.939106
15.494863,44.842728
15.324823,44.884673
15.295421,44.951999
15.303757,44.954748
15.173814,44.903977
15.173931,44.90381
15.312882,44.815937
15.504805,44.843284
15.410547,44.852619
15.156331,44.904993
15.344519,44.857155
15.175101,44.905909
15.705531,44.895954
15.29313,44.836301
15.165911,44.899558
15.422529,44.851319
15.348372,44.85644
15.63753,44.866487
15.63731,44.86668
15.131526,44.904847
15.650894,44.859288
15.651186,44.858582
15.658405,44.631932
15.307994,44.962828
15.626536,44.653693
15.648343,44.861152
15.64815,44.861325
15.647918,44.861123
15.182711,44.926984
15.133147,44.891861
15.133317,44.891879
15.362476,44.853038
15.128005,44.935904
15.141501,44.910331
15.362509,44.855701
15.475368,44.863863
15.352226,44.855042
15.31002,44.879181
15.51669,44.787594
15.72448,44.908398
15.7467,44.850663
15.351235,44.820317
15.747101,44.85037
15.357759,44.815152
15.592299,44.885153
15.593361,44.885154
15.590239,44.886252
15.605358,44.898458
15.599903,44.900148
15.593834,44.903719
15.579501,44.907872
15.630757,44.871194
15.630988,44.871537
15.545048,44.706457
15.351337,44.819712
15.300207,44.82258
15.51862,44.73613
15.330664,44.829819
15.322851,44.812004
15.615764,44.704024
15.355442,44.896301
15.422674,44.848773
15.182003,44.900271
15.28383,44.826409
15.661571,44.821317
15.655681,44.826586
15.626828,44.717622
15.735028,44.929922
15.636253,44.868415
15.11495,44.906965
15.723803,44.895415
15.698962,44.900699
15.680958,44.904812
15.680038,44.904136
15.677623,44.905334
15.676219,44.905381
15.676509,44.905386
15.676394,44.905186
15.676774,44.905435
15.680339,44.904837
15.345541,44.881106
15.69704,44.902271
15.697281,44.902078
15.699296,44.900416
15.700708,44.899309
15.701745,44.898553
15.701824,44.898379
15.70198,44.898276
15.70333,44.897385
15.711643,44.8936
15.711673,44.89334
15.713347,44.89257
15.714489,44.892215
15.715531,44.891948
15.721879,44.89085
15.725043,44.892933
15.566654,44.924886
15.569121,44.922096
15.646988,44.644186
15.66504,44.896342
15.697685,44.883902
15.698147,44.883393
15.697019,44.884354
15.696787,44.884653
15.695968,44.884822
15.470446,44.747628
15.707736,44.880892
15.729722,44.863944
15.730683,44.863193
15.731502,44.858783
15.737032,44.856148
15.726767,44.86544
15.728263,44.865042
15.732026,44.862235
15.731969,44.862082
15.731906,44.861942
15.732266,44.861856
15.731578,44.858606
15.299914,44.827703
15.421616,44.756715
15.175078,44.930509
15.611142,44.672782
15.345846,44.881046
15.609858,44.671909
15.335794,44.793148
15.347156,44.794656
15.168161,44.932326
15.160229,44.913306
15.198315,44.870319
15.262474,44.916139
15.471952,44.861124
15.67509,44.667549
15.292763,44.838057
15.628689,44.650565
15.327811,44.830979
15.327258,44.831474
15.327731,44.831059
15.327643,44.831133
15.32747,44.831278
15.707701,44.881494
15.650368,44.641428
15.33462,44.834394
15.648797,44.642894
15.137073,44.89938
15.283433,44.827171
15.656339,44.826894
15.343076,44.82789
15.168819,44.898301
15.615117,44.924599
15.291234,44.829311
15.72383,44.907889
15.462576,44.860561
15.626614,44.709542
15.180645,44.880527
15.487358,44.745394
15.627584,44.874654
15.425861,44.854589
15.365364,44.807445
15.640174,44.938365
15.647506,44.86228
15.647519,44.862226
15.600669,44.920761
15.709536,44.880542
15.709704,44.880497
15.358842,44.792449
15.172482,44.90506
15.09631,44.872455
15.606253,44.897395
15.606611,44.89772
15.606481,44.897812
15.606112,44.897584
15.606003,44.89777
15.605969,44.897826
15.605593,44.897554
15.605907,44.898211
15.604812,44.898037
15.604994,44.898196
15.604385,44.898161
15.605039,44.898749
15.604164,44.898263
15.603761,44.898344
15.605554,44.898073
15.568336,44.925192
15.298718,44.818807
15.641245,44.937728
15.290795,44.833938
15.594611,44.89649
15.594747,44.896647
15.59498,44.896927
15.595292,44.896836
15.59549,44.897512
15.593312,44.899387
15.594237,44.89904
15.596169,44.898577
15.596815,44.898633
15.596209,44.899205
15.596833,44.899214
15.596761,44.899463
15.597334,44.899126
15.597618,44.898619
15.598965,44.897548
15.594912,44.893632
15.594683,44.89386
15.594275,44.894034
15.594355,44.89426
15.593952,44.894625
15.593623,44.894752
15.594011,44.894134
15.59391,44.894174
15.596047,44.898984
15.596208,44.899915
15.59632,44.899686
15.596639,44.899918
15.597014,44.899941
15.597725,44.899617
15.597932,44.899686
15.597952,44.89934
15.598186,44.899306
15.598515,44.899265
15.598949,44.899344
15.599732,44.899329
15.599989,44.899271
15.600106,44.899874
15.601286,44.900688
15.601513,44.900669
15.602,44.900578
15.599764,44.898857
15.600085,44.898735
15.600121,44.898425
15.601586,44.896633
15.601299,44.896736
15.602036,44.896415
15.601012,44.897484
15.601671,44.897668
15.603077,44.897518
15.603162,44.897692
15.603159,44.897807
15.603727,44.897556
15.60349,44.897406
15.60664,44.901311
15.607591,44.902317
15.606904,44.902346
15.601652,44.903343
15.60234,44.90346
15.601387,44.903728
15.601099,44.903551
15.456886,44.831666
15.596823,44.899768
15.594977,44.841495
15.595034,44.841525
15.17298,44.90988
15.71225,44.893307
15.664101,44.940133
15.590392,44.882805
15.590405,44.886286
15.590521,44.883573
15.578102,44.912252
15.577918,44.910536
15.171363,44.86674
15.366803,44.795099
15.297552,44.821348
15.161128,44.942343
15.648523,44.643369
15.298922,44.818994
15.565845,44.831249
15.330506,44.829086
15.330343,44.829067
15.261702,44.651304
15.263014,44.650755
15.263925,44.651258
15.264685,44.650322
15.262249,44.651152
15.264928,44.651312
15.764126,44.531727
15.764031,44.531444
15.76446,44.531673
15.764732,44.531642
15.76543,44.531912
15.764946,44.531952
15.765286,44.531581
15.765562,44.53155
15.764588,44.532297
15.764975,44.532209
15.765947,44.531833
15.766156,44.531855
15.764088,44.532597
15.234731,44.589429
15.238411,44.873345
14.931376,45.071062
14.931082,45.072849
14.925687,45.072781
14.992182,44.874226
14.992041,44.87428
14.991809,44.874488
14.991943,44.874726
14.991953,44.874665
14.992546,44.875085
14.993577,44.875202
14.993686,44.875316
14.993859,44.875199
14.994297,44.875127
14.984911,44.886996
14.985377,44.888381
14.987517,44.889834
14.987377,44.889732
14.988684,44.89056
14.988858,44.890723
14.988763,44.891386
14.988865,44.891521
14.988677,44.891727
14.987457,44.892708
14.988809,44.897428
14.992493,44.900176
14.991909,44.900791
14.991768,44.900965
14.991768,44.900878
14.991421,44.901268
14.991254,44.901264
14.991079,44.901351
14.991374,44.901398
14.948009,44.904664
14.948037,44.904579
14.948517,44.905801
14.948053,44.906452
14.959212,44.906529
14.959175,44.906631
14.937781,44.916205
14.959134,44.944618
14.958447,44.944177
14.958703,44.944271
14.960879,44.932719
14.960713,44.932642
14.961031,44.932069
14.959723,44.931316
14.959564,44.931059
16.035329,44.446451
16.041672,44.439389
16.042077,44.439278
15.668991,44.581216
15.670631,44.581106
15.669746,44.579685
15.670216,44.57948
15.670587,44.578744
15.671791,44.577325
15.672429,44.575554
15.673108,44.575796
15.672649,44.575171
15.672461,44.574752
15.672925,44.573898
15.673199,44.573576
15.673281,44.573079
15.673418,44.571268
15.673547,44.570999
15.673728,44.57099
15.675129,44.571122
15.674909,44.57092
15.67518,44.570766
15.675684,44.570721
15.675591,44.570473
15.675854,44.570175
15.676918,44.570177
15.677212,44.570538
15.673596,44.569767
15.673202,44.568439
15.673932,44.567951
15.672983,44.563393
15.673133,44.563102
15.672344,44.562535
15.672461,44.562146
15.679459,44.568017
15.680198,44.567991
15.681061,44.564822
15.680353,44.564375
15.680624,44.564762
15.680784,44.564707
15.681069,44.564397
15.681196,44.564329
15.680803,44.56415
15.681249,44.563626
15.681098,44.563887
15.682898,44.563647
15.68285,44.563342
15.682594,44.563107
15.682263,44.563041
15.682665,44.562885
15.683114,44.562772
15.684895,44.562331
15.686381,44.562458
15.686843,44.562441
15.687147,44.562455
15.687563,44.562391
15.6886,44.561839
15.689817,44.561788
15.689343,44.561601
15.690198,44.561269
15.690391,44.561215
15.689843,44.560787
15.690028,44.560924
15.690641,44.560848
15.693024,44.559661
15.693925,44.559432
15.695574,44.559477
15.696063,44.559163
15.699983,44.565188
15.699597,44.565421
15.700419,44.565383
15.700759,44.565673
15.699426,44.556769
15.699988,44.556918
15.705122,44.55549
15.704879,44.555161
15.70618,44.554899
15.706629,44.554894
15.706935,44.554652
15.707862,44.554752
15.70855,44.554882
15.712723,44.543268
15.714574,44.543102
15.716481,44.54215
15.983955,44.649295
15.982678,44.649112
15.982169,44.649054
15.989506,44.652641
15.993284,44.654412
15.993494,44.654562
16.000585,44.653403
16.001172,44.653205
16.001351,44.653034
16.001045,44.652972
16.000741,44.652908
16.000461,44.652728
16.000793,44.652726
16.000303,44.65253
16.000265,44.652458
16.000807,44.652126
15.998995,44.650543
15.998388,44.650078
15.995029,44.649567
15.991264,44.64791
15.991504,44.647528
15.992824,44.646317
15.64896,44.461627
15.648039,44.463208
15.643022,44.465053
15.640462,44.467954
15.631398,44.473258
15.665244,44.446187
15.678209,44.453206
15.665094,44.444885
15.655143,44.439777
15.657642,44.45923
15.654288,44.459414
15.976758,44.642611
15.974688,44.641764
15.981991,44.633599
15.975153,44.632994
15.976588,44.633029
15.972598,44.633043
15.973867,44.633154
15.969838,44.634614
15.969494,44.634546
15.969481,44.633312
15.98124,44.61652
15.981871,44.616612
15.9869,44.615851
15.987586,44.618867
15.998039,44.614391
15.994052,44.62251
15.994335,44.623156
15.994881,44.624152
15.996062,44.641438
15.999198,44.64097
15.999602,44.640759
15.993694,44.635941
15.993496,44.634826
15.992908,44.63541
15.992301,44.636754
15.992102,44.636709
15.991917,44.636722
15.992036,44.636925
15.99179,44.636895
14.896848,44.706469
14.896656,44.706423
14.900718,44.704349
14.901779,44.704887
14.901638,44.705038
14.902542,44.704752
14.902423,44.706744
14.902497,44.705271
14.902747,44.706773
14.90308,44.707075
14.902843,44.706993
14.909164,44.69575
14.90953,44.695619
14.912485,44.684029
14.931311,44.666383
14.934443,44.67893
14.923153,44.694516
14.898797,44.706937
14.896965,44.706227
14.896994,44.70635
14.897947,44.706142
14.897717,44.705389
14.897894,44.704861
14.896922,44.706905
14.897967,44.706527
15.603585,44.599345
15.601703,44.600282
15.601514,44.601973
15.601728,44.602504
15.60075,44.602347
15.597774,44.603935
15.596848,44.606344
15.595551,44.608981
15.595732,44.608947
15.594894,44.609896
15.594531,44.611064
15.208076,45.057591
15.202805,45.061093
15.204427,45.057033
15.16857,45.072962
15.168219,45.073275
15.166522,45.07373
16.02867,44.626353
16.02661,44.627314
16.026562,44.627676
16.025076,44.629
16.025939,44.632204
16.024594,44.631491
16.019441,44.632895
16.019331,44.633079
16.019129,44.632877
16.018812,44.632955
16.010652,44.632614
16.010268,44.632594
16.010026,44.632421
16.014594,44.634626
16.015916,44.635099
16.016743,44.635611
16.014536,44.638102
16.007022,44.640425
16.009659,44.635127
16.005862,44.635348
16.005988,44.634886
16.001705,44.636087
16.001685,44.636905
16.00079,44.636537
15.999985,44.632623
16.000076,44.632371
15.999808,44.63223
15.999252,44.631816
16.000125,44.631054
16.005104,44.630361
16.005565,44.630463
16.004903,44.630829
16.003461,44.625531
16.013593,44.62732
16.019105,44.623465
16.019172,44.622655
16.019428,44.622491
16.021214,44.626452
16.021569,44.626097
16.025108,44.619154
16.024712,44.619066
16.024811,44.618828
16.025218,44.617962
16.025269,44.618944
16.025943,44.62094
16.026413,44.620576
14.88202,44.81404
14.882312,44.814092
14.881523,44.817557
14.883265,44.815103
14.883694,44.815475
14.883741,44.815707
14.883013,44.8153
14.885114,44.816886
14.897692,44.806904
14.900007,44.813536
14.906711,44.813234
14.907813,44.818521
15.051195,44.82146
15.052036,44.821031
15.052725,44.820697
15.05297,44.820599
15.051222,44.821902
15.048979,44.822208
15.048414,44.821419
15.047117,44.822451
15.047419,44.821869
15.047091,44.821895
15.047752,44.822522
15.047036,44.821512
15.046436,44.821512
15.046605,44.821486
15.047145,44.82339
15.045643,44.821355
15.052076,44.822934
15.052653,44.823559
15.052518,44.823814
15.052231,44.82424
15.052455,44.824478
15.052607,44.825227
15.050137,44.827732
15.049352,44.829028
15.049457,44.828343
15.049476,44.828221
15.047916,44.8302
15.048774,44.827792
15.047429,44.829871
15.044346,44.829873
15.043928,44.829537
15.043427,44.829365
15.028872,44.825985
15.667039,44.621931
15.667581,44.621239
15.667517,44.620755
15.667948,44.620765
15.668875,44.619791
15.670168,44.617629
15.672063,44.616733
15.671757,44.616839
15.671191,44.616638
15.671349,44.615814
15.671867,44.616135
15.672237,44.615811
15.673075,44.615841
15.671238,44.615178
15.671264,44.612942
15.671626,44.613461
15.671254,44.613162
15.670085,44.613139
15.669329,44.613443
15.668816,44.613567
15.668808,44.613052
15.668309,44.613302
15.667544,44.613436
15.667581,44.613623
15.666866,44.613642
15.66632,44.61338
15.665718,44.6135
15.662669,44.612347
15.661325,44.611654
15.661256,44.611795
15.659961,44.610717
15.659703,44.610575
15.659334,44.610465
15.65691,44.607873
15.656872,44.607281
15.656484,44.607141
15.655014,44.606208
14.953676,45.040382
14.958469,45.03275
14.963993,45.03196
14.956315,45.014606
15.097763,44.819069
15.096738,44.819828
15.093921,44.819242
15.093079,44.819398
15.088064,44.825934
15.090051,44.819829
15.088967,44.819887
15.089139,44.819413
15.088518,44.818939
15.080192,44.810359
15.080509,44.811741
15.070397,44.820238
15.061836,44.819957
15.059546,44.816139
15.059518,44.815861
15.059726,44.820416
15.165033,45.015934
15.17101,45.01564
15.943413,44.646056
15.940745,44.643745
15.941717,44.64336
15.940796,44.643547
15.938206,44.641768
15.938125,44.641559
15.937727,44.640976
15.935266,44.639311
15.935281,44.638791
15.934176,44.637244
15.934518,44.636731
15.934654,44.636431
15.935102,44.636282
15.935278,44.636383
15.93529,44.636006
15.935408,44.635887
15.935216,44.635705
15.935705,44.635545
15.935492,44.635347
15.935364,44.634955
15.93621,44.634269
15.939281,44.634199
15.939117,44.633755
15.943192,44.635515
15.938715,44.632927
15.939343,44.632643
15.940605,44.632966
15.940639,44.633384
15.940696,44.63348
15.94266,44.627112
15.94255,44.627186
15.942656,44.6274
15.942234,44.626975
15.942846,44.627781
15.942369,44.627748
15.943271,44.627842
15.944251,44.627231
15.950514,44.62903
15.952237,44.627226
15.95242,44.626812
15.954826,44.626148
15.955941,44.62566
15.961218,44.628956
15.958701,44.620906
15.958985,44.620829
15.699569,44.355758
15.705981,44.35317
15.705139,44.352855
15.703861,44.35266
15.708156,44.351064
15.709887,44.350735
15.706636,44.353394
15.713732,44.36348
15.72306,44.361572
15.724238,44.361055
15.691917,44.346803
15.697714,44.325465
15.702728,44.318842
15.686044,44.368806
15.686505,44.370031
15.687147,44.361616
15.687564,44.361561
15.691822,44.359777
15.693332,44.359401
15.697945,44.356297
15.668611,44.371798
15.672908,44.366267
15.67329,44.366047
15.676402,44.368275
15.676251,44.364774
15.28753,45.001713
15.683825,44.390434
15.684234,44.390543
15.684627,44.390594
15.684852,44.390629
15.684986,44.390651
15.68538,44.390958
15.685679,44.390745
15.685935,44.390773
15.686867,44.389948
15.686996,44.389955
15.687188,44.390161
15.687212,44.389899
15.688795,44.39058
15.689176,44.390434
15.689196,44.390777
15.688105,44.391132
15.687122,44.390858
15.686853,44.390985
15.686315,44.391194
15.685761,44.39125
15.686255,44.391429
15.686311,44.391685
15.687116,44.391721
15.686466,44.392096
15.686835,44.392084
15.687886,44.392141
15.689417,44.392234
15.68982,44.392504
15.687315,44.393823
15.685727,44.392209
15.685439,44.392201
15.685166,44.392154
15.684922,44.392115
15.684597,44.391964
15.684332,44.391935
15.684078,44.391515
15.68452,44.391156
15.684862,44.391137
15.684383,44.392426
15.684148,44.393628
15.683935,44.393955
15.683429,44.393831
15.684923,44.393687
15.685211,44.393911
15.685029,44.394354
15.685224,44.394603
15.67152,44.38622
15.670948,44.385697
15.668029,44.385291
15.66793,44.383268
15.665877,44.373154
15.676382,44.380756
15.666587,44.37354
15.67709,44.382021
15.677931,44.385236
15.678379,44.387651
15.678407,44.388356
15.681135,44.388678
15.681615,44.389438
15.68018,44.389633
15.676872,44.401748
15.681142,44.389627
15.674356,44.406604
15.68224,44.390125
15.659849,44.422219
15.657031,44.417302
15.655397,44.417633
15.654902,44.417676
15.647968,44.410694
15.674567,44.419652
15.681296,44.416545
15.6785,44.41409
15.685411,44.416508
15.688774,44.412277
15.693627,44.413408
15.697336,44.408352
15.666579,44.395755
15.666418,44.39525
15.65958,44.395995
15.656012,44.395423
15.653781,44.396781
15.666156,44.414278
15.662853,44.412613
15.715753,44.378518
15.720052,44.378387
15.720568,44.378275
15.66403,44.376184
15.663027,44.377182
14.892871,44.856907
14.893907,44.855009
14.89335,44.854783
14.893269,44.854849
14.893919,44.845065
14.886543,44.836749
14.888956,44.836703
14.887408,44.836567
14.887629,44.836157
14.89363,44.82821
14.893641,44.827943
14.893491,44.828176
14.893242,44.828102
14.901734,44.831848
14.893773,44.828764
14.902154,44.83169
14.900072,44.827653
14.899471,44.825795
14.899451,44.825446
14.909485,44.84786
14.909352,44.848012
14.908954,44.848678
14.909307,44.847713
14.909367,44.847043
14.909543,44.846588
14.909225,44.847222
14.909407,44.847109
14.909375,44.847184
14.909387,44.847243
14.909981,44.843911
14.910271,44.843644
14.910001,44.843669
14.909007,44.845049
14.908504,44.845298
14.90772,44.845023
14.907248,44.845233
14.909299,44.84449
14.910081,44.843424
14.910004,44.843225
14.916147,44.84425
14.9158,44.844452
14.915957,44.844349
14.915969,44.844206
14.904343,44.86929
14.904978,44.869382
14.90499,44.86954
14.905209,44.8698
14.905408,44.869879
14.90563,44.869921
14.906046,44.873466
14.906239,44.873209
14.90601,44.873711
14.905835,44.874031
14.905687,44.874097
14.905852,44.874242
14.906522,44.877085
14.949768,44.85479
14.949582,44.855237
15.893409,44.739259
15.0208,44.959178
15.01991,44.95935
15.019801,44.959646
15.026283,44.960967
15.020085,44.963521
15.01655,44.96547
15.018796,44.965941
15.012998,44.968947
14.974978,45.03411
15.971715,44.649002
15.96379,44.654708
15.964387,44.654913
15.958234,44.655187
15.961336,44.653971
15.955886,44.654884
15.954659,44.654884
15.954144,44.65499
15.953922,44.655089
15.953572,44.655008
15.953266,44.654893
15.951911,44.655053
15.952754,44.654717
15.952174,44.654793
15.950461,44.655089
15.949928,44.655101
15.948699,44.655353
15.9481,44.654082
15.948467,44.6537
15.947891,44.650766
15.948238,44.653464
15.947674,44.653306
15.947682,44.65299
15.947572,44.65397
15.946929,44.656386
15.946557,44.656443
15.946324,44.65548
15.945159,44.655554
15.945494,44.654564
15.94517,44.65708
15.944834,44.657917
15.944343,44.658187
15.944381,44.658435
15.944709,44.659248
15.94415,44.659162
15.94411,44.659473
15.944199,44.659934
15.944638,44.659712
15.944139,44.660065
15.944233,44.660439
15.944144,44.660695
15.944108,44.661093
15.944532,44.661192
15.944073,44.661263
15.943869,44.661457
15.944113,44.661612
15.944129,44.661515
15.943838,44.661841
15.944122,44.662038
15.943913,44.662267
15.943873,44.662389
15.944058,44.662746
15.943318,44.662667
15.943956,44.662978
15.943902,44.663187
15.943962,44.663316
15.943937,44.663529
15.943922,44.663677
15.943683,44.663937
15.943847,44.664349
15.944278,44.664963
15.943947,44.664836
15.944099,44.665429
15.944423,44.665459
15.944149,44.665699
15.944125,44.666607
15.944603,44.666373
15.944181,44.666976
15.944239,44.66726
15.944288,44.667411
15.944308,44.667622
15.944697,44.667559
15.944354,44.667765
15.944091,44.668296
15.944203,44.668478
15.94392,44.668825
15.944124,44.669461
15.944054,44.669679
15.944093,44.669861
15.943941,44.670021
15.944063,44.670234
15.944084,44.670375
15.943943,44.670779
15.943642,44.671561
15.943646,44.672454
15.943383,44.672238
15.943064,44.672505
15.942978,44.672676
15.942853,44.673581
15.94225,44.674141
15.942285,44.674627
15.942411,44.674865
15.943105,44.675096
15.942133,44.675327
15.942386,44.676015
15.942628,44.675851
15.93442,44.685934
15.935166,44.685852
15.937017,44.68445
15.93404,44.685806
15.933669,44.685657
15.930013,44.695047
15.929699,44.695553
15.929348,44.696315
15.929152,44.696352
15.930305,44.696132
15.929614,44.696719
15.933255,44.701
15.933349,44.701262
15.933295,44.701585
15.933012,44.701894
15.930851,44.705334
15.929979,44.705356
15.929755,44.705273
15.9601,44.687478
14.948096,45.038002
14.944935,45.040977
14.940271,45.044338
14.943683,45.049057
14.939223,45.051147
14.940543,45.051225
14.939793,45.05197
14.937287,45.054558
15.63784,44.600049
15.637836,44.599743
15.636792,44.597452
15.63084,44.592814
15.6305,44.591007
15.631181,44.590844
15.637127,44.588297
15.631762,44.585318
15.630571,44.584992
15.631285,44.584341
15.631349,44.584057
15.630962,44.583919
15.630966,44.583631
15.631722,44.582596
15.631774,44.581438
15.631638,44.580378
15.631487,44.579708
15.631526,44.578754
15.635275,44.577834
15.626196,44.570076
15.626503,44.570168
15.622786,44.568365
15.618898,44.571444
15.619822,44.571975
15.619544,44.57241
15.622481,44.583688
15.620665,44.584684
15.619857,44.588604
15.618999,44.590338
15.619754,44.589905
15.61852,44.591858
15.618885,44.593324
15.61966,44.594842
15.619784,44.595849
15.61951,44.596454
15.623918,44.597547
15.618342,44.600296
15.617824,44.601131
15.617661,44.601363
15.616661,44.603952
15.613487,44.599009
14.937959,44.659445
14.938405,44.659291
14.985022,44.608301
14.985412,44.607532
14.967027,44.605046
15.750507,44.325153
15.746399,44.322269
15.749475,44.31925
15.760506,44.323882
15.74447,44.33331
15.749645,44.333346
15.720049,44.348523
15.723889,44.351982
15.745078,44.337255
15.745994,44.340745
15.762153,44.328723
15.762102,44.332845
15.762404,44.332464
15.751676,44.335934
15.728152,44.340479
15.771201,44.331872
15.712519,44.347248
15.715011,44.348859
15.715055,44.348525
15.714375,44.351975
15.717845,44.357538
15.730545,44.338945
15.731975,44.338235
15.737152,44.338602
15.735924,44.337609
15.734573,44.33628
15.737985,44.337318
15.742812,44.334936
15.741624,44.328241
15.654257,44.361153
15.656117,44.359908
15.655036,44.360903
15.656359,44.359619
15.668986,44.345492
15.670405,44.344668
15.664746,44.348932
15.667461,44.343782
15.667418,44.343509
15.670934,44.344244
15.648616,44.362483
15.64842,44.362696
15.647994,44.362831
15.646253,44.362032
15.642395,44.334288
15.640346,44.332203
15.639271,44.384831
15.638884,44.385122
15.63586,44.389186
15.635127,44.38914
15.634875,44.389376
15.666639,44.357595
15.667316,44.357691
15.667837,44.357141
15.670355,44.35583
15.670209,44.355431
15.644732,44.379618
15.645486,44.379628
15.644439,44.379454
15.644678,44.380242
15.644277,44.380411
15.640081,44.382899
15.645639,44.376565
15.671806,44.308175
15.638188,44.372556
15.631673,44.37124
15.631607,44.371604
15.631706,44.373713
15.625801,44.373295
15.625923,44.37336
15.625851,44.374696
15.649085,44.333866
15.653355,44.326795
15.690165,44.305483
15.710683,44.313315
15.656175,44.376511
15.669962,44.351877
15.669829,44.351152
15.673206,44.347784
15.672897,44.347474
15.646025,44.35697
15.645391,44.354017
15.643114,44.354343
15.642306,44.354745
15.642024,44.35509
15.634353,44.354372
15.648447,44.346375
15.648109,44.345709
15.645949,44.345653
15.645685,44.34623
15.642081,44.3459
15.639165,44.348215
15.639795,44.350432
15.640601,44.350783
15.652268,44.363124
15.650361,44.366535
15.648731,44.367044
15.648163,44.36768
15.646383,44.369732
15.645993,44.369866
15.645181,44.369036
15.644332,44.370464
15.646069,44.372302
15.64593,44.372462
15.645572,44.372462
15.643364,44.374313
15.654967,44.356432
15.65267,44.358143
15.653917,44.361145
15.650122,44.359958
15.653458,44.361168
15.655958,44.364837
15.676822,44.344582
15.673935,44.34243
15.673702,44.342391
15.673334,44.342543
15.720763,44.389968
15.71827,44.398916
15.714213,44.402538
15.740272,44.393714
15.730405,44.396487
15.70314,44.405338
14.89731,44.711905
14.897424,44.712266
14.891935,44.718967
14.892344,44.720213
14.891696,44.718407
14.898711,44.716688
14.899206,44.717437
14.897829,44.725154
14.903253,44.721958
14.902962,44.721586
14.902992,44.721643
14.902561,44.7231
14.902538,44.723134
14.902621,44.725708
14.898721,44.738302
14.90241,44.762909
14.90452,44.76323
14.901154,44.75857
14.907815,44.757673
14.907872,44.757798
14.907611,44.758318
14.905523,44.749346
14.904134,44.748798
14.915369,44.733162
14.915418,44.73297
14.918144,44.71944
14.928809,44.709796
14.929309,44.709467
14.906546,44.719928
14.906031,44.718333
14.90822,44.722641
14.893117,44.793044
14.902612,44.796774
14.901215,44.800824
14.901107,44.800987
14.900612,44.801344
14.897103,44.773316
14.906535,44.776119
14.882974,44.798551
14.881695,44.797256
14.880843,44.796668
14.8808,44.796593
14.880441,44.796388
14.881296,44.796491
14.880763,44.796198
14.881863,44.798855
14.880222,44.796794
14.881337,44.797479
14.880125,44.796723
14.881109,44.79733
14.881016,44.797205
14.881937,44.798099
14.88224,44.798992
14.920994,44.930322
14.920805,44.929606
14.920567,44.929423
14.920739,44.929515
14.920293,44.92923
14.921088,44.929457
14.920821,44.928951
14.920916,44.928724
14.920507,44.925169
14.920977,44.92617
14.921165,44.926026
14.920744,44.925726
14.920271,44.924727
14.920779,44.925158
14.921065,44.925665
14.921036,44.92547
14.921519,44.92511
14.921348,44.92505
14.921148,44.924959
14.918703,44.928226
14.917807,44.928405
14.917791,44.926691
14.917461,44.928311
14.91755,44.926252
14.917493,44.926101
14.91713,44.927557
14.91744,44.927081
14.917342,44.926349
14.917227,44.926192
14.917167,44.926077
14.917037,44.925761
14.91696,44.925593
14.920387,44.930464
14.920864,44.931126
14.921292,44.929659
14.921201,44.929105
14.919485,44.927816
14.920177,44.927769
14.920165,44.927547
14.9203,44.927411
14.920218,44.927141
14.921762,44.93136
14.921811,44.931519
14.921719,44.931766
14.921941,44.932178
14.922009,44.932598
14.922012,44.932651
14.922093,44.932863
14.922416,44.933765
14.922824,44.933458
14.922925,44.933067
14.923053,44.932882
14.922546,44.933047
14.922898,44.932094
14.922895,44.931922
14.923149,44.933231
14.923158,44.933406
14.92364,44.932
14.923436,44.932531
14.923468,44.932806
14.921481,44.932263
14.921477,44.932351
14.921456,44.932532
14.921441,44.932755
14.921754,44.932948
14.921445,44.933193
14.921544,44.933487
14.921461,44.934002
14.922011,44.93679
14.921995,44.936976
14.922048,44.937156
14.922196,44.938459
14.919149,44.927961
14.919383,44.927418
14.919204,44.927104
14.919481,44.9273
14.919324,44.926989
14.918891,44.926942
14.922908,44.934411
14.919733,44.929464
14.920305,44.929104
14.919588,44.928471
14.921797,44.933167
14.921838,44.933574
14.92185,44.934358
14.922223,44.934453
14.922566,44.935656
14.922436,44.935758
14.92249,44.937204
14.930016,44.948314
14.931345,44.947146
14.929786,44.947163
14.93003,44.948085
14.92986,44.94787
14.929472,44.947832
14.928795,44.948145
14.922111,44.968485
14.919564,44.973253
14.91926,44.972775
14.919348,44.973023
14.921483,44.929007
14.921606,44.928805
14.921232,44.928613
14.921209,44.928528
14.921284,44.928524
14.921435,44.928514
14.921109,44.928112
14.921074,44.928022
14.921439,44.928074
14.922129,44.929055
14.922932,44.927862
14.921877,44.925849
14.92167,44.925531
14.921481,44.930583
14.921909,44.93089
14.923233,44.930323
15.603657,44.625252
15.603676,44.624999
15.607542,44.621037
15.607734,44.621153
15.607533,44.621436
15.607483,44.621276
15.607537,44.620575
15.607948,44.619958
15.608117,44.619762
15.609095,44.620167
15.608881,44.620271
15.614017,44.623553
15.614114,44.62366
15.614266,44.625619
15.61887,44.625781
15.618598,44.626124
15.622482,44.622168
15.622408,44.62174
15.622318,44.621417
15.622193,44.6213
15.621922,44.621341
15.62469,44.619749
15.625426,44.6198
15.625412,44.618813
15.62924,44.616484
15.639531,44.614614
15.637232,44.617185
15.616733,44.616976
15.785757,44.319382
15.785643,44.318327
15.787282,44.318919
15.787554,44.319138
15.792838,44.316753
15.794851,44.316329
15.795303,44.316662
15.796876,44.316905
15.797474,44.316827
15.810437,44.312187
15.79663,44.31559
15.809298,44.31021
15.796806,44.315367
15.810929,44.309632
15.808219,44.309146
15.812834,44.307629
15.812372,44.306164
15.804552,44.310894
15.815007,44.305129
15.815389,44.305265
15.805409,44.307606
15.81544,44.30561
15.809224,44.307821
15.814757,44.304561
15.8147,44.304305
15.817731,44.30362
15.818993,44.302872
15.81651,44.304554
15.817373,44.306086
15.818039,44.305852
15.817592,44.305828
15.816884,44.304322
15.817059,44.304255
15.81757,44.304358
15.779225,44.316341
15.771232,44.30938
15.772865,44.309122
15.775283,44.311326
15.79969,44.318113
15.763031,44.32365
15.765402,44.322713
15.764495,44.321778
15.765773,44.320928
15.782548,44.320722
15.655946,44.59992
15.65612,44.599478
15.655626,44.599203
15.656171,44.59889
15.657376,44.598072
15.658295,44.598945
15.658937,44.599749
15.659196,44.595265
15.66125,44.59386
15.661173,44.593402
15.661445,44.593419
15.662646,44.592713
15.662676,44.592375
15.664404,44.592467
15.663719,44.5914
15.664075,44.591528
15.66409,44.590991
15.664236,44.590689
15.66526,44.590137
15.665344,44.589552
15.665622,44.589003
15.665798,44.588755
15.66715,44.588205
15.666894,44.58752
15.667486,44.585549
15.667842,44.584154
15.666895,44.590193
14.981688,45.01538
14.988896,45.016149
14.989838,45.01527
14.976848,45.008961
14.977033,45.009101
14.976936,45.007814
14.969683,45.007427
14.968207,45.003897
14.97497,45.003088
15.051419,44.931116
15.011396,44.969642
15.010868,44.973795
15.006126,44.978492
15.005494,44.979063
15.003844,44.979818
14.999326,44.977735
14.997542,44.977726
14.986589,44.869695
14.98685,44.870223
14.986769,44.870283
14.983723,44.873626
14.976386,44.874914
14.977848,44.868604
14.971991,44.867499
14.972764,44.871268
14.968547,44.872119
14.958307,44.893179
14.958356,44.892631
14.958044,44.891552
14.950929,44.885644
14.963061,44.863796
14.934338,44.903848
14.919962,44.908316
14.913785,44.914759
14.912135,44.903912
14.912137,44.903735
14.911694,44.903109
14.913705,44.875141
15.6885,44.432245
15.689395,44.431471
15.691132,44.430995
15.692792,44.42992
15.703389,44.423779
14.913919,45.035695
14.953819,44.995209
14.971132,44.601898
15.672444,44.347919
14.931247,45.071034
16.082031,44.499923
16.040623,44.492784
16.127151,44.474838
16.044752,44.484944
16.041447,44.491075
16.100255,44.492462
16.107334,44.47751
16.090733,44.476421
15.628561,44.47445
16.041203,44.488741
15.690708,44.387643
16.041743,44.489407
16.13451,44.48236
15.685493,44.393235
15.774131,44.311583
16.070438,44.499799
16.045424,44.475965
16.095031,44.473057
15.69973,44.56582
16.096581,44.452935
15.776781,44.311915
14.919866,44.973471
16.100013,44.476543
16.089564,44.477228
16.075712,44.476123
16.040943,44.490181
15.66554,44.444736
16.123708,44.476249
16.07739,44.493771
16.047145,44.494342
16.039619,44.49343
15.687188,44.392622
16.053725,44.47831
16.042487,44.486397
16.094919,44.488012
16.091256,44.475747
16.099392,44.476829
16.055292,44.494387
15.778334,44.317468
16.053221,44.516697
14.923189,44.942282
14.967942,44.849158
15.686223,44.392674
16.070767,44.499841
16.041188,44.48952
15.067775,44.914541
16.059146,44.477004
15.073337,44.921874
14.899738,44.788228
16.12282,44.472163
16.089362,44.500634
16.107405,44.477738
14.89997,44.813603
15.911577,44.730854
16.041357,44.486844
15.632992,44.472271
16.109405,44.48653
16.105444,44.51817
16.112083,44.478086
16.096221,44.474181
16.037284,44.492348
16.121068,44.475845
16.11096,44.460672
16.08941,44.504895
14.884034,44.815803
16.052005,44.479898
16.09841,44.490551
15.051906,44.824887
15.656896,44.37413
16.05837,44.515561
15.614188,44.434565
16.123467,44.475742
16.044139,44.485588
16.104258,44.489777
15.779157,44.316008
16.043839,44.473562
16.093819,44.474049
16.087075,44.478817
14.881106,44.813444
14.884327,44.815866
16.097403,44.477209
16.048034,44.483543
15.944758,44.657663
15.684374,44.418993
16.052324,44.479627
14.910088,45.047458
16.04209,44.492714
16.115357,44.479499
16.024064,44.504421
16.123363,44.475512
15.640906,44.374686
16.090986,44.503374
15.652839,44.327037
14.97133,44.601715
15.772775,44.313097
16.052774,44.477378
15.922521,44.697735
15.771367,44.309697
15.684833,44.392573
15.648622,44.437734
16.043024,44.486117
16.136842,44.477489
15.737464,44.337116
16.098143,44.4906
15.773018,44.309439
16.04818,44.475647
16.123741,44.49553
16.039375,44.493533
15.705056,44.354392
16.130181,44.467029
15.797698,44.31446
16.087211,44.533147
16.089488,44.476923
16.108926,44.510237
16.039011,44.494554
16.057302,44.491693
15.795308,44.316039
16.088347,44.457547
16.05524,44.477779
16.105114,44.477189
16.089274,44.500807
16.108133,44.477645
14.946895,44.905801
16.046765,44.484517
15.625972,44.372939
16.099513,44.493153
15.771455,44.311125
16.110891,44.484413
16.089481,44.476717
16.111601,44.485715
16.124349,44.49514
15.944564,44.661471
15.705473,44.352337
16.119034,44.499814
16.095023,44.488802
16.091491,44.484473
16.097328,44.4752
14.919281,45.019173
16.041825,44.487653
16.045253,44.48468
16.058918,44.47694
16.075226,44.454789
15.770303,44.312078
15.647852,44.369874
16.133555,44.465576
16.040824,44.49259
16.056411,44.492529
15.792738,44.315693
15.070214,44.906164
16.090785,44.476315
16.100256,44.492637
15.687545,44.391104
16.043773,44.47589
16.023808,44.504109
16.087414,44.486368
15.701387,44.565468
14.88201,44.813417
16.082316,44.499829
15.799957,44.316495
16.110929,44.484893
14.89115,44.718044
16.086592,44.47905
16.094794,44.474201
16.04113,44.489963
15.063069,44.818967
16.088129,44.532776
16.050428,44.481509
15.942783,44.673044
14.967152,44.607119
15.690426,44.387589
16.115322,44.479833
16.070452,44.500044
16.07748,44.493798
16.097627,44.482522
15.806119,44.307618
14.927307,44.947684
15.649541,44.40953
16.10316,44.477367
16.12266,44.463331
15.773953,44.31645
15.943893,44.66471
16.126743,44.475047
16.04464,44.485124
15.734423,44.341492
16.099684,44.492244
15.641478,44.346011
15.066989,44.911874
15.081773,44.919954
16.044296,44.485472
14.900807,44.792695
16.097597,44.477119
16.093638,44.474087
16.066401,44.50015
15.049355,44.823707
16.05261,44.517197
15.63643,44.43047
14.883341,44.813754
16.106457,44.477288
15.686732,44.392916
16.098071,44.482113
16.134692,44.481919
16.094493,44.4737
16.08802,44.478582
16.053017,44.47816
15.7704,44.313827
16.097865,44.5254
15.68396,44.392147
16.067803,44.46584
16.122978,44.475567
16.113703,44.479485
16.091265,44.503271
15.904236,44.73373
16.099459,44.49031
16.115466,44.479841
16.052258,44.479793
14.96688,44.604118
15.899388,44.739108
16.043937,44.476119
16.042302,44.491585
14.927184,44.953709
15.76517,44.322919
15.794608,44.316794
16.078712,44.531676
14.943435,45.044577
15.685671,44.39333
16.129152,44.467034
16.080699,44.458612
16.055471,44.477654
14.958848,44.94491
15.687384,44.36183
16.096716,44.47485
16.108304,44.477366
15.071135,44.825293
16.082934,44.499976
16.072763,44.500332
15.686844,44.393269
16.11168,44.484104
16.077636,44.498
16.04149,44.488127
16.04042,44.495366
16.041993,44.487487
14.922829,44.694922
16.047556,44.483545
16.09021,44.476682
16.109313,44.515633
15.739837,44.374802
16.119998,44.501002
16.04843,44.473887
16.094795,44.488145
16.053262,44.494051
16.036963,44.492519
16.080022,44.458866
15.651126,44.459964
16.03933,44.493588
16.09843,44.476593
15.651531,44.420299
16.091556,44.487927
16.055952,44.477125
16.087411,44.533022
16.096231,44.483849
15.662536,44.412228
16.053094,44.517663
15.001818,44.981848
16.107605,44.477738
15.072629,44.921268
15.06071,44.913102
16.048335,44.483334
16.091121,44.522807
16.045727,44.476046
14.881303,44.797575
16.054366,44.477786
16.106448,44.477604
16.083474,44.479715
16.04096,44.489214
14.966998,44.603982
15.903856,44.734259
15.683951,44.392351
16.040386,44.492552
16.122654,44.475676
15.773185,44.31097
16.042252,44.495261
16.089247,44.532395
16.08878,44.477447
14.908428,44.741916
15.685624,44.392611
16.105851,44.463885
16.12582,44.492231
15.944603,44.66629
16.114328,44.479017
16.041619,44.486604
16.098457,44.475525
16.038324,44.494458
16.058974,44.493285
16.107681,44.488563
14.918362,44.719166
15.795716,44.31465
16.050792,44.478352
16.070754,44.500031
15.771374,44.310307
16.131673,44.480384
16.107654,44.477505
16.041194,44.488487
15.683937,44.391773
16.055041,44.477916
16.045946,44.475937
16.09103,44.523013
16.083192,44.480577
15.685229,44.392992
15.770921,44.313763
16.094671,44.473481
16.11348,44.479629
14.938356,44.940984
14.902185,44.799721
16.082437,44.483914
15.6618,44.452836
16.100919,44.463526
16.049111,44.48264
15.045195,44.823789
16.088502,44.477273
15.931497,44.694811
16.07795,44.497759
16.044893,44.494496
15.685402,44.392613
16.089627,44.501099
16.098404,44.477739
14.894681,44.856816
16.061179,44.49738
16.093865,44.473593
16.087257,44.479128
14.966018,44.605251
16.041884,44.492648
14.926016,44.947551
15.697204,44.415204
16.07014,44.49968
16.068563,44.46228
15.068548,44.909669
16.087648,44.478421
14.930812,45.073397
15.930098,44.695297
14.922575,44.941152
16.136745,44.477618
16.123373,44.475899
16.053013,44.477439
16.040064,44.495603
15.663177,44.445582
16.09081,44.502709
15.774987,44.310128
16.053654,44.477755
16.020601,44.50621
15.77067,44.31229
14.880909,44.819308
15.686067,44.393411
15.694061,44.361109
15.062702,44.819533
16.123169,44.471672
16.096998,44.475078
15.048597,44.826938
15.805994,44.307467
16.049245,44.495497
16.091607,44.488102
16.112007,44.485918
15.071714,44.92749
14.968563,44.606722
16.097358,44.522438
16.05861,44.476992
16.097795,44.476827
16.099599,44.493064
16.087874,44.532684
16.10685,44.477769
16.090985,44.475252
15.775577,44.310293
16.110607,44.48626
15.689123,44.360385
15.685956,44.393641
16.090428,44.484319
16.041097,44.487032
15.64057,44.468557
16.095728,44.47405
16.117226,44.49968
16.121159,44.475651
16.051156,44.477902
16.097636,44.522532
15.943945,44.664933
14.970796,44.602123
14.970918,44.602069
14.971037,44.601971
14.971217,44.601806
14.971337,44.601868
14.971437,44.601815
14.971387,44.601637
14.976142,44.598847
14.97043,44.601266
14.970742,44.601163
14.97103,44.601003
14.971154,44.60088
14.971288,44.600932
14.909272,44.813674
14.89471,44.854155
15.673398,44.456809
15.654079,44.456541
15.651877,44.421056
15.651861,44.42046
15.651549,44.419803
15.644147,44.428715
15.642773,44.428715
15.642037,44.429699
15.636095,44.43564
15.676255,44.454898
15.674659,44.45571
15.662409,44.450091
15.661729,44.450413
15.662446,44.448709
15.654992,44.439927
15.666805,44.440467
15.66914,44.455833
15.65232,44.459792
15.65288,44.456568
15.630427,44.47377
15.631444,44.472994
15.647992,44.46103
15.6404,44.468116
15.666743,44.586929
15.667059,44.585992
14.936304,44.678941
15.671235,44.57884
15.700549,44.564875
15.684138,44.562651
15.699179,44.556936
15.698932,44.557477
15.700113,44.55575
15.70792,44.555036
15.673382,44.563595
15.672789,44.562948
15.682511,44.563566
15.684864,44.563094
15.674104,44.571203
15.685285,44.563621
15.709872,44.555178
15.603291,44.599594
15.603042,44.599504
15.601763,44.600493
15.601715,44.601726
15.596973,44.604278
15.596496,44.605668
15.595106,44.609292
15.63772,44.598094
15.63652,44.597596
15.631027,44.594238
15.630766,44.592627
15.630992,44.591172
15.632266,44.585306
15.630549,44.585761
15.631693,44.581785
15.631685,44.581634
15.631634,44.579169
15.626793,44.570474
15.626225,44.570247
15.618988,44.571566
15.630793,44.584372
15.630794,44.582919
15.620964,44.58511
15.620326,44.585698
15.61971,44.588462
15.620554,44.590464
15.618556,44.592422
15.618509,44.593135
15.619929,44.597726
15.623642,44.597229
15.619515,44.599863
15.619794,44.599893
15.618171,44.600401
15.616638,44.603597
15.667815,44.621014
15.666303,44.62425
15.667601,44.621097
15.66814,44.620637
15.669042,44.619346
15.670094,44.618097
15.67286,44.613563
15.669855,44.613503
15.669365,44.61319
15.668994,44.61311
15.668424,44.613156
15.668474,44.613077
15.668164,44.612803
15.667879,44.613324
15.667099,44.613689
15.66636,44.613604
15.665833,44.61353
15.663953,44.612777
15.662056,44.612198
15.660374,44.610631
15.657159,44.60761
15.656586,44.607004
15.617878,44.626325
15.669055,44.354541
15.599889,44.621291
15.6071,44.621149
15.607063,44.620694
15.607591,44.620098
15.624267,44.621494
14.927997,44.948395
15.079612,44.820065
15.091572,44.819242
15.072434,44.820052
14.892532,44.855698
15.081088,44.919587
15.690592,44.430639
15.692459,44.429829
15.699414,44.428141
15.700484,44.427472
15.687053,44.392923
15.686455,44.392917
15.685786,44.392905
15.672872,44.395542
15.666727,44.395291
15.653888,44.393418
15.665379,44.412289
15.672408,44.407042
16.041231,44.488235
16.048005,44.475749
16.044722,44.494563
16.055004,44.494466
16.077625,44.494004
15.674072,44.40697
15.686727,44.411941
15.667368,44.374594
15.668676,44.37457
15.66851,44.374746
15.667709,44.379213
15.940994,44.642791
15.933497,44.637942
14.994892,44.875096
14.971523,44.883981
16.104594,44.477418
16.092793,44.474851
16.103216,44.477161
16.097939,44.482569
16.085137,44.457761
16.106232,44.477577
16.123704,44.475488
16.115017,44.479664
14.900029,44.758946
14.923132,44.705575
14.901309,44.704503
15.716442,44.377933
15.738638,44.390332
15.735149,44.372646
15.699171,44.403513
15.703589,44.408718
15.9445,44.665803
15.964088,44.654441
15.949355,44.653891
15.946127,44.656652
15.94599,44.656798
15.946254,44.656894
15.944262,44.664079
15.944496,44.665594
15.944629,44.668669
15.944516,44.669168
15.944043,44.662886
15.943918,44.670885
15.943877,44.67106
15.943415,44.671765
15.942935,44.672882
15.929754,44.706546
15.930029,44.706739
15.745347,44.336926
15.747118,44.33357
15.746451,44.333366
15.713125,44.347001
15.724735,44.351864
15.723145,44.344679
15.731258,44.345439
15.731813,44.346167
15.732059,44.346265
15.743626,44.338551
15.742592,44.335098
15.742488,44.334759
15.737004,44.34527
15.744187,44.337703
15.747234,44.323756
15.746018,44.319693
15.745885,44.319339
15.75899,44.323583
15.760178,44.323967
15.748425,44.346269
15.76761,44.334735
15.77088,44.331922
15.762964,44.336159
15.687269,44.371326
15.687529,44.371282
15.673775,44.36505
15.688137,44.361203
15.688233,44.360789
15.693542,44.360524
15.693391,44.360379
15.693645,44.360282
15.722319,44.360963
15.723538,44.35903
15.745517,44.336216
15.745743,44.335545
15.74479,44.333343
15.743951,44.333061
15.742977,44.327122
16.034656,44.445944
15.731956,44.352988
16.034902,44.446251
16.05255,44.448444
16.052916,44.448968
15.733751,44.349528
15.999599,44.631974
15.999898,44.632078
16.01917,44.633027
16.021348,44.625798
16.019335,44.632086
16.014681,44.638264
15.985343,44.660528
15.990806,44.64729
15.993683,44.636546
15.994037,44.636135
15.992067,44.636517
15.991735,44.636587
15.991334,44.636826
15.999546,44.613046
15.975798,44.633019
14.884253,44.815219
14.906731,44.813362
14.906729,44.813608
14.900032,44.813453
14.887369,44.836832
14.909662,44.847465
14.929955,44.948019
14.931824,44.94642
14.927229,44.953448
14.929323,44.948053
14.984618,44.608308
14.970735,44.604214
15.645752,44.376774
15.645795,44.376424
15.626561,44.373352
15.630021,44.37204
15.630289,44.37192
15.630897,44.374482
15.647972,44.368174
15.654432,44.327959
14.934235,45.048876
15.636598,44.354104
15.631161,44.356586
15.62784,44.354178
15.664269,44.348966
15.666237,44.353873
15.669393,44.355225
15.670296,44.355647
15.670689,44.35549
15.672274,44.353299
15.67359,44.352638
15.675557,44.344498
15.667671,44.343946
15.653244,44.359766
15.708982,44.312017
15.688565,44.305788
15.633284,44.389353
15.770765,44.316597
15.771878,44.31302
15.770393,44.314339
15.773608,44.312768
15.773463,44.315171
15.77133,44.312279
15.771448,44.309549
15.771435,44.310952
15.761775,44.323424
15.761584,44.323498
15.761343,44.323591
15.762531,44.321922
15.76914,44.319418
15.763692,44.324271
15.76598,44.323147
15.775344,44.318091
15.814048,44.306062
15.795654,44.316345
15.796071,44.316337
15.796073,44.314591
15.797881,44.314463
15.783092,44.321134
15.778039,44.31148
15.775199,44.311456
15.710311,44.381024
15.710099,44.378576
15.712902,44.377173
15.047054,44.830775
15.671427,44.616265
14.929944,44.948542
14.966962,44.607372
14.924058,44.946515
14.960229,44.944493
14.892966,44.857432
14.893893,44.845326
14.894275,44.844559
14.89453,44.84479
14.894564,44.844755
15.04499,44.821045
15.04881,44.828887
15.688623,44.384424
15.692938,44.382277
15.690808,44.38511
15.638967,44.387578
15.754468,44.317838
14.967324,44.603945
14.893492,44.857812
14.924093,44.94632
14.883504,44.815557
14.966794,44.604261
14.892686,44.856615
16.045424,44.484551
16.070227,44.500015
15.997554,44.650741
15.975744,44.633317
15.943895,44.663844
14.967585,44.60434
15.93333,44.700779
14.894001,44.85651
15.667915,44.374231
14.892611,44.855451
14.883343,44.814632
14.907259,44.697068
15.667112,44.45559
14.920493,44.929504
14.893733,44.855816
14.895229,44.854328
14.921779,44.92508
14.88494,44.816631
14.884671,44.816378
14.921824,44.925677
14.9133,44.730401
14.967271,44.604061
15.646539,44.409896
14.927185,44.9484
15.059815,44.817545
15.051817,44.819071
14.967333,44.605109
14.911639,44.696644
16.12695,44.474865
14.915646,44.911792
14.892605,44.85675
15.069769,44.904139
14.880736,44.818436
14.90579,44.869799
15.049276,44.829744
14.892995,44.858119
14.893647,44.856723
14.881285,44.817673
14.96671,44.60454
14.893828,44.856569
15.000028,45.036116
14.967028,44.604632
14.884399,44.815062
14.923557,44.94685
15.721182,44.389745
14.883149,44.815344
14.919221,45.01871
14.893379,44.854855
15.096511,44.819826
14.894377,44.856952
14.928024,44.948068
14.928941,44.947882
14.968737,44.606247
14.967609,44.6042
14.928543,44.94792
15.691852,44.387417
14.967111,44.603718
14.919185,45.019813
14.927829,44.948038
14.915409,44.733063
15.052296,44.825181
14.963183,44.616902
14.963123,44.617177
14.966626,44.60486
15.051831,44.819228
15.046768,44.830354
15.74583,44.336884
15.746023,44.336876
15.745969,44.336705
14.892189,44.855761
14.880691,44.819584
15.059463,44.820497
14.893191,44.85657
14.893141,44.856993
14.892021,44.85493
14.894663,44.854588
14.894244,44.854841
14.894404,44.856082
14.894142,44.85674
14.894084,44.857099
14.893087,44.857731
14.892852,44.857984
14.892804,44.857725
14.892416,44.857599
14.89247,44.857456
14.892738,44.856381
14.891718,44.854763
14.891065,44.854481
14.890551,44.853939
14.893519,44.854693
14.893601,44.856972
14.893379,44.857739
14.892848,44.857607
14.893105,44.857868
14.975528,44.814576
14.89374,44.857253
14.893439,44.857474
14.89381,44.854349
15.943319,44.673115
15.956075,44.654762
15.692248,44.38741
15.804153,44.290294
14.931398,45.067223
14.931479,45.070639
14.929495,45.076246
14.92634,45.073506
14.943219,45.048211
14.94115,45.050627
14.981987,45.034912
14.999737,45.035101
14.978198,45.033466
14.930453,45.076414
14.914188,45.03865
14.919241,45.018876
16.023438,44.632683
14.968792,45.005315
14.949745,45.005017
14.947604,44.906596
14.947369,44.905255
14.946992,44.905498
14.960039,44.944358
14.959046,44.944759
14.958683,44.944374
15.052304,44.820806
14.928344,44.951205
14.928684,44.952212
14.928902,44.95211
14.928789,44.951607
14.9288,44.951213
14.928625,44.950921
14.928106,44.95077
14.928061,44.950309
14.927714,44.949949
14.927628,44.948424
14.927026,44.94823
14.926873,44.947957
14.92712,44.947914
14.927275,44.948022
14.927464,44.948013
14.927646,44.948049
14.928182,44.947988
14.928374,44.948006
14.928781,44.947896
14.928888,44.947519
14.928655,44.947617
14.923887,44.946898
14.92372,44.946771
14.923831,44.946553
14.92559,44.946382
14.923953,44.943553
14.920688,44.974056
14.938528,44.941977
14.928292,44.948344
15.686806,44.39272
15.686431,44.393348
14.985778,44.870906
14.975467,44.86666
14.97137,44.876201
14.967326,44.863754
14.912018,44.884237
14.913017,44.874428
14.966225,44.839718
14.983679,44.87393
14.983301,44.873912
14.880851,44.819209
14.880744,44.819448
14.881143,44.820258
14.880713,44.818666
14.880641,44.818296
14.8808,44.818002
14.880933,44.817903
14.881038,44.817782
14.881713,44.817478
14.882731,44.817401
14.883807,44.814973
14.88297,44.817392
14.883175,44.817434
14.883379,44.817456
14.883814,44.817487
14.884275,44.817663
14.884496,44.817768
14.884848,44.817967
14.885267,44.816884
14.884529,44.816192
14.883663,44.815634
14.884428,44.81482
14.884334,44.814646
14.883344,44.814437
14.884017,44.81464
14.884238,44.81454
14.884294,44.814428
14.884362,44.814292
14.884113,44.814098
14.883566,44.813821
14.882818,44.813782
14.882665,44.81382
14.881565,44.813844
14.881148,44.813725
14.881393,44.813641
14.880907,44.813593
14.880775,44.813461
14.880323,44.813093
14.880478,44.811786
14.905686,44.776476
14.879486,44.795949
14.924468,44.78008
14.89724,44.712322
14.897795,44.712307
14.898785,44.717018
14.898532,44.726666
14.902833,44.72187
14.901576,44.724682
14.89987,44.759296
14.966013,44.721069
14.966972,44.721529
14.967135,44.721652
14.966786,44.722144
14.967349,44.721911
14.967992,44.721794
14.968706,44.721549
14.920994,44.707819
14.975304,44.718439
14.974728,44.718542
14.974401,44.71823
15.023831,44.72783
15.062072,44.738637
14.898211,44.704263
14.903033,44.707525
14.899307,44.706392
14.899201,44.706301
14.896266,44.708063
14.896153,44.707926
14.895973,44.707718
14.902063,44.692739
14.90222,44.691947
14.902511,44.691798
14.902634,44.691678
14.904301,44.691247
15.691828,44.387821
14.904918,44.691065
14.905092,44.691053
14.961646,44.684055
14.96167,44.684155
14.962492,44.684529
14.963437,44.690404
14.910189,44.685737
14.909604,44.68515
14.909343,44.684691
14.93017,44.666148
14.934804,44.678832
14.934285,44.68716
14.923904,44.694005
15.048703,44.708957
15.050257,44.695799
15.050211,44.696121
15.050219,44.696482
15.050164,44.697128
15.051072,44.698977
14.97559,44.716031
14.97644,44.716035
14.967585,44.60619
14.967408,44.60607
14.967279,44.605982
14.967313,44.605358
14.96717,44.605907
14.967061,44.605194
14.966999,44.605802
14.9669,44.605742
14.967023,44.604936
14.966748,44.605157
14.967165,44.604187
14.966707,44.605008
14.966679,44.604695
14.967421,44.603812
14.967493,44.603679
14.967033,44.603861
14.966871,44.603635
14.967184,44.603586
14.967272,44.603453
14.967277,44.604398
14.967256,44.604539
14.967259,44.6047
14.9676,44.604484
14.967313,44.604956
14.967574,44.604774
14.967959,44.605792
14.967797,44.606558
14.967815,44.606643
14.967291,44.607008
14.968202,44.606648
14.96818,44.606804
14.967991,44.607073
14.966905,44.607481
14.967601,44.607122
14.966628,44.607622
14.96748,44.607226
14.966858,44.60763
14.968725,44.606116
14.968352,44.606019
14.968392,44.606198
14.968432,44.606335
14.968442,44.606453
14.968496,44.606592
14.972252,44.623877
14.969564,44.605026
14.963547,44.616474
14.966149,44.609999
14.963469,44.616532
14.963395,44.616585
14.963175,44.616664
14.963193,44.618342
14.963164,44.61872
14.963031,44.619691
15.05617,44.679618
15.057188,44.679572
15.058455,44.679906
15.058621,44.67988
15.05896,44.679773
15.059037,44.679696
15.061873,44.67085
15.060015,44.670226
15.060105,44.670074
15.062699,44.66221
15.060664,44.673489
15.061095,44.673012
15.059454,44.679062
15.059592,44.679093
15.089529,44.821694
15.089123,44.818782
15.079773,44.818029
15.078401,44.819188
15.079055,44.821425
15.081781,44.820285
15.08354,44.820376
15.074285,44.823156
15.07239,44.824033
15.071073,44.824595
15.071894,44.823594
15.072081,44.823525
15.068757,44.815322
15.083496,44.811847
15.066776,44.821027
15.054774,44.820425
15.057652,44.82034
15.051358,44.82241
15.048248,44.822661
15.046834,44.822489
15.048216,44.822155
15.04736,44.821339
15.046506,44.821654
15.046332,44.821757
15.045825,44.823302
15.042607,44.821567
15.04075,44.821299
15.049355,44.82407
15.049552,44.82432
15.050197,44.824567
15.052883,44.823742
15.051994,44.824215
15.051847,44.825059
15.052262,44.825401
15.050292,44.827203
15.050353,44.827745
15.050132,44.827393
15.049031,44.82767
15.049991,44.828152
15.0487,44.8299
15.048215,44.828878
15.047049,44.828861
15.045143,44.830735
15.042241,44.830188
15.04323,44.829394
15.042325,44.829028
15.041845,44.828871
15.093134,44.771002
14.992178,44.82748
15.051453,44.855705
15.020218,44.872174
15.077988,44.782062
15.063332,44.784883
15.03867,44.796293
15.054836,44.765037
15.015028,44.777207
15.011872,44.968768
15.011861,44.970837
15.011447,44.973985
15.010791,44.975271
15.016419,44.967227
15.041298,44.945766
15.080144,44.923537
15.08001,44.923769
15.079678,44.923686
15.076786,44.922294
15.073347,44.921694
15.071654,44.927212
15.037396,44.920314
14.975505,45.010355
14.931074,44.666467
14.920451,44.928972
15.806851,44.306784
14.924238,44.933635
15.049588,44.827836
15.049791,44.827802
14.920712,44.707317
14.893775,44.856262
14.892678,44.857076
15.052351,44.819455
15.697218,44.325375
15.059069,44.820502
15.63321,44.38938
14.920309,44.923474
14.902829,44.691399
14.971017,44.603706
14.927892,44.878448
14.969659,44.87566
15.812975,44.307305
14.905298,44.8983
14.923076,44.705657
14.883905,44.815979
15.050408,44.827585
14.900949,44.704378
15.043304,44.829761
15.04934,44.827935
14.96922,44.721395
14.900943,44.704467
14.901065,44.801058
15.754571,44.317896
14.929614,44.709135
15.073808,44.823448
14.969217,44.72107
15.079816,44.82193
15.074088,44.823335
14.881195,44.797441
15.052243,44.82431
14.954428,44.856852
15.931269,44.648524
15.031976,44.827361
15.04148,44.830931
14.926917,44.948323
15.648132,44.368048
15.031612,44.956337
14.903281,44.722099
14.98491,44.984577
14.971757,44.601473
14.974941,44.718673
15.69206,44.387239
14.921811,44.926771
15.689912,44.387401
14.901088,44.801023
14.901023,44.801089
14.899951,44.813721
14.897105,44.813462
15.691357,44.387834
14.906516,44.757718
14.938551,44.856622
14.938554,44.856528
14.933429,44.85012
14.933881,44.850572
14.905222,44.86726
14.907689,44.721926
14.930693,44.971277
14.930719,44.971383
14.92195,44.934909
14.923596,44.712639
14.923748,44.71263
14.925149,44.713121
14.924337,44.713252
14.924227,44.714166
14.925181,44.713673
14.926139,44.713143
14.923757,44.713138
14.919338,44.71213
14.928575,44.709186
14.928759,44.709066
14.928783,44.708706
14.928998,44.708702
14.929113,44.708472
14.929244,44.707916
14.929134,44.708034
14.929138,44.708297
14.917685,45.022677
14.899411,44.707151
14.959142,44.931191
15.632125,44.384149
14.902275,44.707508
14.915307,44.733202
14.950903,45.004585
14.920572,44.929934
15.640747,44.333546
14.921958,44.926221
14.954575,44.856068
14.906119,44.873399
14.906116,44.873348
14.884046,44.815682
14.915596,44.911897
15.640987,44.335619
15.603063,44.443894
15.703131,44.318981
14.961015,45.034006
14.892358,44.709173
15.669243,44.411794
14.893148,44.793294
14.907163,44.697295
14.907354,44.697231
14.907474,44.697089
14.907497,44.697015
14.907538,44.696916
14.907545,44.69684
14.907462,44.69667
14.909292,44.726039
15.093742,44.81952
14.946431,45.039585
14.971034,44.604126
14.921506,44.9321
14.96621,45.004608
14.921677,44.931598
14.881437,44.797274
15.090058,44.819113
15.777057,44.327676
15.069649,44.824758
15.06961,44.82456
14.920635,44.92845
14.919023,44.927628
14.916178,44.733873
14.916186,44.733783
15.988494,44.636695
15.988184,44.636631
16.03685,44.450248
16.033955,44.448678
16.036961,44.449895
16.035901,44.448586
16.038445,44.450645
16.034612,44.449222
16.037669,44.451753
16.034963,44.446541
16.035645,44.447113
16.034568,44.448716
16.035452,44.449628
16.035382,44.447479
16.034362,44.448554
16.037214,44.449923
16.03418,44.449087
15.77117,44.310379
15.731399,44.340677
15.785258,44.320193
14.893525,44.855965
15.072147,44.82068
15.072166,44.820438
14.9189,44.927624
14.894128,44.855221
14.89423,44.855115
14.880252,44.795509
14.883473,44.813968
14.972128,44.867212
15.070899,44.824944
14.880417,44.799013
14.897926,44.724871
14.897931,44.724776
14.902174,44.723551
14.902121,44.723612
15.63611,44.370526
14.999856,44.979281
14.909506,44.726092
14.909512,44.726062
14.90105,44.704032
14.897231,44.711816
14.951737,45.068361
15.051096,44.822755
14.910391,44.724802
15.050959,44.822906
14.881266,44.798606
14.89707,44.706407
15.652115,44.357344
14.887461,44.836827
14.920477,44.926432
14.920302,44.925824
14.920588,44.926273
14.920912,44.926012
14.921193,44.926101
14.920557,44.924471
14.920267,44.924596
14.920745,44.925552
14.920329,44.924463
14.920773,44.925344
14.920452,44.9243
14.920601,44.924122
14.920819,44.924912
14.920616,44.923893
14.920824,44.924688
14.920697,44.923732
14.920855,44.924522
14.920915,44.924232
14.921028,44.92402
14.920876,44.924379
14.92103,44.923829
14.921258,44.92374
14.92104,44.925299
14.921334,44.925468
14.921375,44.925316
14.92369,44.927274
14.923525,44.92714
14.921738,44.931053
14.92178,44.931957
14.921903,44.932398
14.922416,44.933257
14.922416,44.933431
14.922367,44.933626
14.922799,44.933248
14.922531,44.932828
14.923408,44.93219
14.923439,44.932349
14.923527,44.933132
14.923518,44.933308
14.923558,44.933777
14.922457,44.934628
14.922757,44.934724
14.923045,44.934552
14.898502,44.726377
15.743228,44.335597
14.922074,44.933838
14.921829,44.933403
14.921994,44.934104
14.921667,44.933923
14.922123,44.934261
14.921957,44.934702
14.921944,44.934872
14.922473,44.936323
14.922441,44.936737
14.922452,44.936974
14.920694,44.929916
14.920922,44.929756
14.920622,44.929271
14.920535,44.929233
14.920846,44.929462
14.920429,44.929249
14.920736,44.92935
14.920972,44.929457
14.920522,44.928702
14.921112,44.929296
14.920974,44.92928
14.920962,44.929197
14.920965,44.929104
14.920794,44.929242
14.920746,44.929149
14.920677,44.929053
14.920624,44.928964
14.917774,44.926858
14.91773,44.926477
14.917422,44.928163
14.917316,44.928066
14.917151,44.927843
14.917112,44.927713
14.917165,44.927441
14.917201,44.927298
14.917478,44.926922
14.917512,44.926771
14.917483,44.926627
14.917381,44.926495
14.916542,44.924958
14.920275,44.929809
14.92014,44.929603
14.920585,44.930013
14.920522,44.929878
14.920483,44.9297
14.920362,44.929533
15.639497,44.375429
14.922406,44.929533
14.921833,44.929296
14.921705,44.929464
14.921642,44.929096
14.921474,44.928928
14.92147,44.928854
14.921204,44.928427
14.92122,44.928354
14.921298,44.928288
14.921015,44.927945
14.921018,44.927844
14.92092,44.927619
14.920888,44.927461
14.921146,44.927243
14.920745,44.927131
14.920714,44.926962
14.920623,44.926806
14.920548,44.926688
14.920753,44.926423
14.920862,44.926579
14.921009,44.926729
14.921265,44.927597
14.921291,44.927711
14.921271,44.927814
14.921507,44.927905
14.921496,44.928337
14.921907,44.928499
14.921831,44.928676
14.921699,44.9286
14.921719,44.928675
14.921944,44.928787
14.921409,44.925834
14.921533,44.926145
14.922824,44.928175
14.922861,44.928011
14.923403,44.927518
14.922234,44.926728
14.922148,44.926511
14.92206,44.92639
14.921894,44.926045
14.920243,44.92936
14.920205,44.929239
14.919778,44.928462
14.919371,44.928431
14.918967,44.927899
14.919573,44.92723
14.919558,44.926963
14.919925,44.926996
14.919107,44.926864
14.92111,44.931114
14.921133,44.930949
14.921142,44.9308
14.921133,44.93028
14.921221,44.929789
14.92124,44.929152
14.921026,44.929006
14.921085,44.928889
14.920744,44.928435
14.920662,44.928527
14.92056,44.928588
14.920426,44.928606
14.920618,44.928014
14.920451,44.927786
14.916456,44.92444
14.920639,44.92827
14.921382,44.931632
14.921477,44.931895
14.921464,44.93372
14.921664,44.934151
14.921949,44.93506
14.921997,44.935379
14.921974,44.935927
14.921986,44.936219
14.922015,44.936579
14.921691,44.930604
14.922236,44.930898
14.922678,44.93075
14.920121,44.928355
14.920331,44.928297
14.920022,44.928084
14.919739,44.927849
14.920054,44.928008
14.920083,44.927914
14.91989,44.927602
14.91994,44.927424
14.920225,44.927677
14.919981,44.927218
14.920305,44.927252
14.900652,44.703973
14.899403,44.703759
14.901737,44.70483
14.900884,44.703954
14.901767,44.704416
14.901467,44.706476
14.902306,44.706143
14.902306,44.7062
14.902602,44.705454
14.902432,44.706961
14.902458,44.707032
14.902857,44.705209
14.902343,44.707287
14.902847,44.705531
14.902327,44.707388
14.902672,44.706114
14.90284,44.707226
14.90312,44.707313
14.893562,44.856137
14.893797,44.856113
14.897351,44.706617
14.896537,44.706261
14.898099,44.706403
14.898002,44.706367
14.896587,44.706975
14.897236,44.704562
14.898043,44.705853
14.899118,44.706832
14.899434,44.706878
14.899135,44.706247
14.896771,44.706048
14.896811,44.706144
14.897135,44.706401
14.897228,44.706388
14.897398,44.706371
14.8975,44.706351
14.897854,44.706372
14.897977,44.706293
14.898022,44.705754
14.897939,44.705645
14.89755,44.705232
14.897657,44.705136
14.911882,44.69532
14.913121,44.695271
14.908519,44.695638
14.908819,44.695702
14.912752,44.684018
14.912062,44.684107
14.914655,44.681656
14.9146,44.681837
14.930009,44.666383
14.929956,44.666286
14.930129,44.666421
14.930071,44.666557
14.930899,44.666434
14.930623,44.666159
14.930795,44.666186
14.931007,44.666528
14.931595,44.666207
14.931796,44.666071
14.931955,44.665959
14.935663,44.678543
14.937909,44.679654
14.937666,44.680154
14.937368,44.68009
14.93742,44.680375
14.935123,44.67877
14.93491,44.678546
14.934946,44.678375
14.934613,44.678047
14.934234,44.678353
14.934356,44.678864
14.933908,44.67861
14.934032,44.678806
14.933951,44.678885
14.933723,44.678695
14.930986,44.679617
14.931132,44.679568
14.931069,44.679354
14.935036,44.686463
14.935281,44.686285
14.935898,44.686144
14.935515,44.68653
14.935327,44.686587
14.934578,44.687182
14.934763,44.687269
14.935073,44.687152
14.93504,44.687247
14.926514,44.692525
14.925863,44.692785
14.926019,44.692675
14.922062,44.695102
14.92199,44.694931
14.921743,44.695388
14.924563,44.701441
14.924648,44.70126
14.924654,44.70121
14.924658,44.701145
14.924439,44.701178
14.972947,44.664944
14.973067,44.665216
14.964436,44.67796
14.923823,44.705487
14.923797,44.705706
14.957916,44.687635
14.898035,44.706223
14.898056,44.706389
14.89851,44.706647
14.898553,44.706698
14.898301,44.706412
14.89846,44.706493
14.898949,44.706936
14.898639,44.706598
14.898724,44.706644
14.898311,44.706541
14.896733,44.706096
14.896644,44.706046
14.896705,44.706206
14.896913,44.70632
15.688704,44.368077
14.957987,44.89208
14.998733,44.977403
15.032913,44.95323
15.679215,44.4175
14.883182,44.814862
14.883364,44.814789
14.883246,44.814802
14.998041,45.032088
14.902686,44.706203
15.983009,44.649295
14.939568,45.042127
14.905932,44.813459
14.898021,44.705939
14.898058,44.706021
14.898095,44.706054
14.898156,44.706094
14.898208,44.706129
14.898143,44.706261
14.898253,44.706306
14.898533,44.706398
14.898664,44.706499
14.898298,44.706334
14.898576,44.706548
14.898572,44.704753
14.898621,44.706288
14.898927,44.705926
14.898211,44.70566
14.898059,44.705647
14.898042,44.705597
14.898448,44.706233
14.900481,44.705769
14.899543,44.705027
14.899916,44.704667
14.900255,44.704705
14.898366,44.70449
14.898375,44.706164
14.898837,44.706097
14.898272,44.705923
14.898223,44.705807
14.89822,44.705746
14.898255,44.705368
14.898304,44.704794
14.898172,44.705514
14.899038,44.706087
15.665535,44.372977
14.969889,44.623803
15.785579,44.318319
15.047497,44.82268
15.797441,44.315114
14.91898,44.927771
15.067478,44.916138
14.902236,44.723391
14.892835,44.793161
14.89245,44.856969
15.057761,44.67951
15.032347,44.956179
15.76077,44.321926
15.06843,44.923518
14.923933,44.946693
14.903086,44.722786
14.952808,44.916421
14.952904,44.917063
14.955042,44.911417
14.951067,44.909129
14.956262,44.913144
14.9805,44.892588
14.977555,44.893454
15.039179,44.881566
14.941507,44.941137
14.963626,44.94014
14.963233,44.939478
14.963629,44.93989
14.957894,44.935239
14.963621,44.940257
15.983981,44.648723
14.921695,44.928366
14.921504,44.926001
14.898171,44.705996
14.933679,44.679061
14.892766,44.85786
15.688298,44.348261
14.947077,44.906631
15.060522,44.816928
15.087594,44.826166
15.687843,44.304203
14.92779,44.948411
15.010274,44.976269
14.937003,44.659777
14.921014,44.931228
15.667717,44.375514
14.967566,44.603537
15.666955,44.354449
14.901296,44.798371
15.678506,44.417341
14.967816,44.606344
14.883968,44.817531
15.052652,44.824079
15.052678,44.824392
14.920757,44.923555
14.883577,44.817456
14.907995,44.722361
15.051878,44.931046
15.043711,44.821216
14.898385,44.706381
14.899912,44.704469
14.898683,44.705292
14.97836,44.645288
14.978547,44.644974
14.978716,44.645479
15.680865,44.389488
14.97431,44.718825
14.905398,44.867263
14.924914,44.960271
14.924266,44.962784
14.924489,44.961516
14.923991,44.962811
14.924054,44.96247
14.923585,44.962693
14.9253,44.960617
14.923392,44.962587
14.924663,44.960969
14.923845,44.962585
14.925067,44.960992
14.924772,44.960347
14.923662,44.96245
14.923791,44.962928
14.923325,44.962823
14.923411,44.962784
14.925769,44.96058
14.923532,44.963027
14.924068,44.962192
14.924497,44.962221
14.931485,45.073458
15.686625,44.393313
14.992663,44.899819
15.944101,44.660992
14.880653,44.79566
15.092001,44.819898
15.667838,44.373777
15.050284,44.827025
15.946864,44.652415
14.951548,44.99602
15.050262,44.829498
14.88395,44.815514
15.051063,44.931707
14.906932,44.721089
15.003287,44.980353
14.910393,44.723603
14.909423,44.723478
14.910456,44.723947
14.910222,44.724444
14.920395,44.927959
14.920496,44.928033
14.897953,44.724627
15.666652,44.447039
15.072929,44.819234
15.670616,44.34456
14.90839,44.723136
14.983881,44.863866
15.048642,44.828747
14.881599,44.796973
15.763076,44.331772
14.907441,44.721658
14.919139,44.909055
14.984141,44.873815
14.921067,44.927668
15.070958,44.820226
15.945524,44.655376
14.951763,44.995646
14.909396,44.726402
14.909536,44.726283
14.909418,44.726275
15.069079,44.923528
14.920465,44.929626
14.905784,44.718347
14.890689,44.854324
14.976692,45.033939
14.899058,44.706439
14.98017,44.620097
14.903227,44.721891
15.08203,44.811163
14.970136,44.604716
15.815727,44.305473
14.967074,44.607232
14.881365,44.796262
14.917402,44.927203
14.921686,44.695508
14.8829,44.798371
15.010139,44.975932
14.89398,44.854831
15.044969,44.82162
15.639342,44.375321
14.902891,44.723387
14.919333,44.927889
15.688529,44.391841
15.759066,44.32754
14.930219,44.666341
14.926403,44.777745
14.969028,44.604712
15.64697,44.37279
14.930733,45.076488
14.921254,44.929288
14.920752,44.930415
14.967608,44.604917
14.967639,44.605054
15.673857,44.386388
14.94694,44.650036
14.946901,44.650108
14.908623,44.813739
15.080253,44.921922
15.080092,44.922122
14.958365,44.944523
15.071843,44.82074
14.881038,44.798652
14.882138,44.797469
14.892671,44.857372
14.920414,44.92491
14.920556,44.924808
14.892195,44.719227
15.001194,45.035872
15.639077,44.354984
14.882083,44.798434
14.882136,44.798502
14.882158,44.798558
14.974011,44.718248
14.908128,44.722909
15.044253,44.823794
14.919611,44.908466
14.906672,44.720415
14.906677,44.720455
15.090243,44.821289
15.687961,44.391333
15.063786,44.819039
14.923362,44.713693
14.917864,45.01984
14.900929,44.798401
14.899159,44.739305
14.895464,44.854173
15.004729,44.979432
14.909026,44.695559
15.772146,44.309134
15.05949,44.816786
14.884142,44.817601
14.93879,44.659186
14.898363,44.706047
14.896702,44.706575
14.912479,44.695702
14.893298,44.856195
14.892468,44.85523
14.892363,44.855594
14.892549,44.855085
14.893721,44.85458
14.893541,44.856067
14.891878,44.8554
14.89273,44.855087
14.89221,44.855093
14.891914,44.855132
14.892228,44.855177
14.892494,44.855018
14.910045,44.843775
14.904754,44.869341
15.698236,44.353981
15.706492,44.352477
15.704801,44.352658
15.704487,44.352413
15.700439,44.355857
15.707939,44.351439
15.704577,44.354497
15.711165,44.349669
15.709422,44.350808
15.711597,44.350051
15.705651,44.353639
15.706418,44.353604
15.708862,44.351624
15.712357,44.363469
15.712502,44.363341
15.717577,44.363107
15.716808,44.363232
15.718738,44.363231
15.713724,44.363023
15.722019,44.36051
15.721892,44.362421
15.721071,44.362854
15.732546,44.352894
15.685299,44.347044
15.684886,44.346907
15.697337,44.32504
15.700858,44.319565
15.709304,44.315976
15.687149,44.371313
15.688151,44.369692
15.688978,44.369076
15.689131,44.361241
15.688349,44.360994
15.689737,44.360781
15.689951,44.360702
15.690952,44.359758
15.692453,44.359886
15.692426,44.358907
15.693447,44.35853
15.696873,44.356557
15.69354,44.359315
15.698637,44.355785
15.693953,44.361444
15.674984,44.367039
15.670546,44.386804
15.670922,44.385979
15.668418,44.384953
15.673213,44.383503
15.676676,44.381059
15.677779,44.382064
15.676568,44.382569
15.680537,44.389033
15.67964,44.388876
15.68068,44.389409
15.679273,44.388623
15.680952,44.38921
15.681552,44.390743
15.681783,44.390356
15.682461,44.390337
15.672495,44.407893
15.676614,44.401372
15.676513,44.400617
15.679461,44.394401
15.680308,44.392665
15.661223,44.422998
15.65958,44.421683
15.659998,44.417001
15.656781,44.417515
15.647407,44.410281
15.647546,44.410579
15.673096,44.415759
15.676044,44.41461
15.675244,44.419876
15.674662,44.419931
15.679542,44.417456
15.678675,44.413393
15.686448,44.418501
15.698341,44.410056
15.696363,44.409921
15.696906,44.409365
15.66954,44.395667
15.667003,44.394684
15.654085,44.396844
15.652206,44.394706
15.65147,44.394688
15.651817,44.39536
15.668346,44.413569
15.668132,44.413769
15.666297,44.413939
15.664487,44.412398
15.66282,44.412259
15.663295,44.41256
15.686586,44.386719
15.688725,44.383939
15.693148,44.383468
15.690974,44.386805
15.715063,44.378341
15.716181,44.379148
15.676477,44.402093
15.676208,44.402634
15.65014,44.460995
15.649625,44.461281
15.64933,44.461257
15.648752,44.461795
15.648583,44.462044
15.648201,44.462976
15.646751,44.463586
15.646227,44.463737
15.646032,44.464055
15.643654,44.464967
15.642644,44.465389
15.639523,44.466346
15.640525,44.467779
15.640443,44.467406
15.64016,44.467424
15.638555,44.469176
15.638134,44.4694
15.626493,44.473329
15.62108,44.469779
15.620707,44.469396
15.61934,44.469991
15.619701,44.469866
15.6182,44.469166
15.618081,44.468378
15.618998,44.467798
15.613034,44.465421
15.614286,44.466293
15.665026,44.446108
15.665386,44.446251
14.920824,44.929406
15.66141,44.452313
14.926719,44.953603
14.986625,44.870032
14.986547,44.870114
14.983956,44.874168
14.983813,44.87457
14.983871,44.874014
14.984294,44.87347
14.98384,44.874338
14.97836,44.869139
14.978217,44.868764
14.978083,44.869527
14.977113,44.86841
14.977849,44.869389
14.978462,44.869454
14.978166,44.869273
14.977902,44.868982
14.97818,44.869719
14.977474,44.86869
14.978242,44.868824
14.975766,44.866533
14.975393,44.866764
14.975239,44.866728
14.975546,44.866433
14.975228,44.866459
14.975623,44.866694
14.975684,44.866495
14.975125,44.866318
14.971709,44.867091
14.971695,44.867256
14.971978,44.867381
14.974016,44.871288
14.971503,44.873476
14.972636,44.873756
14.973273,44.874956
14.973214,44.875005
14.970378,44.878344
15.663309,44.450225
15.648511,44.438058
14.970093,44.870216
15.666086,44.455598
15.665854,44.45552
15.664735,44.45541
14.971283,44.884219
14.971024,44.884507
14.971415,44.883494
14.971318,44.88399
15.657289,44.459382
15.657692,44.459734
15.656297,44.459556
15.654968,44.459409
15.65424,44.459778
15.654542,44.459669
15.654767,44.459806
14.958706,44.892814
14.958349,44.892309
14.958096,44.892312
14.958098,44.892781
14.958405,44.892404
14.958264,44.89211
15.653721,44.45942
15.653446,44.459832
15.653109,44.460053
14.950281,44.889022
14.950568,44.887695
14.950498,44.887497
14.950856,44.886207
14.929656,44.861025
14.927265,44.865764
14.927089,44.865602
14.966909,44.863885
14.966934,44.863974
14.966668,44.86399
14.958014,44.863847
14.95807,44.863718
14.95402,44.857087
14.954228,44.856771
14.953868,44.85707
14.954649,44.855913
14.954756,44.855602
14.934475,44.905242
14.934484,44.903612
14.934623,44.90357
14.935008,44.90349
14.932798,44.90288
14.934426,44.903994
14.934491,44.903912
14.933327,44.89574
14.930411,44.894858
14.930219,44.895366
14.930728,44.89526
14.931303,44.895435
14.93077,44.895572
14.925646,44.892724
14.925466,44.89245
14.931736,44.891446
14.925389,44.871466
14.9256,44.871179
14.925388,44.871517
14.925288,44.871354
14.914175,44.874243
14.914183,44.874138
14.914186,44.874089
14.914171,44.874322
14.926935,44.902732
14.926613,44.902085
14.926531,44.902701
14.926737,44.902697
14.926036,44.902671
14.926133,44.902559
14.920068,44.904966
14.920514,44.90553
14.920726,44.905849
14.919828,44.90829
14.920338,44.908268
14.919254,44.908276
14.92042,44.908376
14.920623,44.908451
14.90982,44.897105
14.906768,44.896297
14.917701,44.909507
14.918426,44.907979
14.91797,44.90788
14.912392,44.904375
14.91213,44.903819
14.91114,44.902915
14.910605,44.902226
14.910521,44.901154
14.909881,44.902161
14.91292,44.874321
14.912893,44.874254
14.914561,44.873246
15.743093,44.327297
15.743484,44.325985
15.746973,44.32384
15.745769,44.322698
15.74493,44.322918
15.748677,44.320704
15.74802,44.320711
15.748143,44.318885
15.75209,44.321807
15.759696,44.324356
15.759851,44.32325
15.753779,44.317643
15.760887,44.323689
15.738467,44.340189
15.742118,44.337462
15.743022,44.338289
15.743026,44.337851
15.746159,44.336042
15.746798,44.335712
15.74879,44.333376
15.752013,44.333918
15.752526,44.333313
15.745151,44.338419
15.745612,44.339173
15.745527,44.33888
15.761814,44.332819
15.72293,44.345134
15.720926,44.345592
15.721995,44.343323
15.726707,44.340594
15.731252,44.344412
15.728627,44.34048
15.737687,44.34613
15.735328,44.3505
15.733485,44.352048
15.733121,44.351921
15.732831,44.351688
15.766881,44.33452
15.766436,44.334445
15.767433,44.334402
15.767084,44.333679
15.767671,44.334254
15.712719,44.347683
15.714461,44.349216
15.714102,44.351713
15.717565,44.357242
15.717724,44.357228
15.717707,44.35753
15.73094,44.33924
15.7312,44.339145
15.730682,44.338952
15.73656,44.337736
15.744465,44.336048
15.743481,44.335388
15.746944,44.333713
15.748139,44.346193
14.883087,44.814695
14.882578,44.814157
14.883035,44.814628
14.88364,44.814903
14.883616,44.815426
14.883522,44.815363
14.883479,44.815323
14.882999,44.815224
14.883879,44.814911
14.884462,44.815178
14.883349,44.815231
14.883344,44.814915
14.883394,44.815019
14.883948,44.815084
14.88418,44.814803
14.883826,44.815168
14.883823,44.815444
14.883496,44.814938
14.883994,44.816036
14.884235,44.816137
14.884558,44.816531
14.897415,44.80643
14.896949,44.806413
14.897785,44.806122
14.897897,44.805959
14.897897,44.806298
14.898171,44.806716
14.89701,44.8066
14.89761,44.80835
14.904815,44.805409
14.901628,44.81185
14.90616,44.813331
14.906774,44.814238
14.907115,44.813186
14.90687,44.813945
14.906847,44.813829
14.906149,44.813774
14.909434,44.813694
14.909355,44.813906
14.9093,44.813513
14.907836,44.816703
14.907975,44.817517
14.908051,44.818357
14.908058,44.818122
15.083796,44.811185
15.720894,44.388917
15.720744,44.38911
15.721337,44.389584
15.718927,44.39268
15.719368,44.393436
15.719948,44.392231
15.718912,44.39301
15.718224,44.399637
15.718114,44.399834
15.741562,44.384023
15.742391,44.38268
15.741393,44.381418
15.739655,44.378351
15.741754,44.387481
15.741739,44.387893
15.739066,44.388496
15.739304,44.389163
15.738687,44.392324
15.7401,44.39426
15.736731,44.394882
15.737354,44.394922
15.739235,44.375143
15.699048,44.407636
15.699804,44.40704
15.699565,44.407282
15.700534,44.405958
15.700237,44.405803
15.700001,44.406163
15.708775,44.405099
15.70864,44.405653
15.707736,44.408205
15.704117,44.40903
15.660026,44.357491
15.65964,44.35768
15.661195,44.354514
15.670948,44.346246
15.664818,44.352348
15.666046,44.352041
15.664471,44.348954
15.672238,44.343664
15.673402,44.346549
15.674032,44.347244
15.64807,44.362557
15.6477,44.363088
15.645086,44.361678
15.643555,44.362331
15.643857,44.362131
15.643805,44.362562
15.640504,44.333328
15.64512,44.327366
15.647165,44.31989
15.639777,44.385721
15.638469,44.387436
15.638214,44.38754
15.639047,44.387272
15.635884,44.38812
15.636092,44.388962
15.645264,44.39138
15.636475,44.383927
15.631917,44.384306
15.667539,44.357471
15.668616,44.356702
15.667141,44.353792
15.668875,44.353049
15.676671,44.354947
15.667085,44.363297
15.641009,44.381404
15.645763,44.377347
15.671879,44.308343
15.675374,44.307251
15.637666,44.370453
15.637075,44.372435
15.631795,44.373931
15.628296,44.371288
15.627421,44.372359
15.649098,44.334458
15.653915,44.328314
15.653519,44.327072
15.655353,44.327387
15.655046,44.327514
15.652744,44.326577
15.652922,44.326304
15.652865,44.326412
15.688291,44.304866
15.688421,44.304703
15.69149,44.311158
15.711549,44.31306
15.659328,44.37483
15.669697,44.350528
15.098305,44.82197
15.098461,44.822124
15.098022,44.82205
15.097242,44.820081
15.097053,44.820438
15.097846,44.818724
15.091627,44.82022
15.089805,44.81924
15.08972,44.819765
15.091876,44.820319
15.091113,44.819539
15.088188,44.819478
15.090901,44.819885
15.090532,44.819394
15.09116,44.819927
15.089324,44.819833
15.090236,44.819171
15.073842,44.823179
15.073958,44.823118
15.071485,44.824609
15.071067,44.824701
15.072821,44.821858
15.072534,44.820364
15.072698,44.819087
15.073393,44.819159
15.072621,44.818993
15.072338,44.820268
15.072939,44.820104
15.072886,44.82021
15.0731,44.819374
15.072715,44.818702
15.073082,44.81959
15.072052,44.816836
15.072147,44.816652
15.079111,44.811289
15.083315,44.81197
15.083456,44.811029
15.083242,44.811794
15.082354,44.811103
15.080604,44.811155
15.080614,44.811543
15.080529,44.811629
15.085748,44.810618
15.061849,44.820312
15.054025,44.820808
15.051127,44.822096
15.64569,44.356599
15.048946,44.821441
15.048806,44.821626
15.0493,44.821775
15.049429,44.82156
15.048843,44.821772
15.048298,44.82246
15.642183,44.354715
15.64228,44.354472
15.047841,44.82165
15.048008,44.822107
15.046907,44.821929
15.047153,44.821593
15.047836,44.821856
15.04766,44.821967
15.638787,44.354679
15.639105,44.35324
15.046696,44.821576
15.046636,44.821772
15.046159,44.821362
15.046653,44.821332
15.046891,44.821484
15.044846,44.82133
15.046216,44.821561
15.045289,44.821331
15.047671,44.823061
15.045946,44.823622
15.626535,44.354511
15.625396,44.347855
15.041199,44.821311
15.044255,44.821479
15.04173,44.821012
15.626723,44.346108
15.652351,44.349636
15.656202,44.34423
15.052154,44.818912
15.651803,44.344961
15.650775,44.345462
15.060213,44.811074
15.642201,44.344327
15.642224,44.346258
15.050805,44.823204
15.051657,44.822391
15.052429,44.823713
15.636877,44.348237
15.637172,44.348512
15.637999,44.348603
15.052736,44.823906
15.052482,44.824072
15.640139,44.350605
15.052996,44.824833
15.653317,44.362261
15.052313,44.824769
15.051784,44.825426
15.652004,44.363934
15.651287,44.364163
15.05212,44.826261
15.649342,44.366989
15.648239,44.367888
15.648826,44.367708
15.650077,44.367011
15.648959,44.367275
15.64698,44.370137
15.048492,44.826565
15.645787,44.372411
15.645048,44.368885
15.049236,44.827265
15.049773,44.827301
15.049531,44.82724
15.049577,44.827602
15.049928,44.827485
15.049355,44.827573
15.049624,44.827403
15.049361,44.82763
15.05027,44.827292
15.640842,44.374525
15.048852,44.828083
15.049367,44.828468
15.047731,44.8286
15.650641,44.356862
15.651625,44.357736
15.652433,44.357937
15.047154,44.829341
15.048488,44.830065
15.653848,44.360673
15.652265,44.35964
15.653286,44.359931
15.652924,44.359886
15.650014,44.360942
15.041921,44.829052
15.044439,44.830316
15.042882,44.829613
15.042884,44.82977
15.042508,44.8292
15.043971,44.830233
15.042198,44.829192
15.65329,44.361285
15.67749,44.344926
15.678091,44.345003
15.677547,44.344142
15.673997,44.342536
15.673652,44.342529
15.673012,44.342476
15.032763,44.827489
15.032962,44.827523
15.032775,44.827552
15.032873,44.82708
15.028728,44.826303
15.029478,44.826993
15.029293,44.8255
15.030259,44.826264
15.030025,44.826113
15.029586,44.827258
15.029139,44.825662
15.029619,44.826392
15.636639,44.387856
15.654943,44.327483
15.635523,44.348758
15.060661,44.912702
15.677797,44.438617
15.685486,44.433075
15.690198,44.431299
15.69266,44.430944
15.667647,44.432771
15.668882,44.431546
15.669245,44.43109
15.702455,44.423578
15.704004,44.423805
15.689779,44.431609
15.665444,44.373639
15.667678,44.37401
15.666129,44.375309
15.664806,44.376
15.894802,44.73985
15.892984,44.739333
15.081582,44.8118
15.093285,44.819523
15.092653,44.819838
15.09257,44.819879
15.052223,44.823012
15.091327,44.819145
15.089187,44.818889
15.04823,44.821496
14.970281,45.032243
14.969813,45.032171
14.969676,45.032146
14.969917,45.032405
14.971896,45.032719
14.954137,45.040344
14.954149,45.040572
14.953075,45.040141
14.952557,45.039597
14.954122,45.036795
14.960374,45.033747
14.956963,45.032118
14.957794,45.033385
14.960343,45.033889
14.95992,45.032771
14.957407,45.03252
14.957758,45.033584
14.957925,45.033699
14.956692,45.033704
14.956491,45.033744
14.957784,45.033491
14.960887,45.034455
14.956712,45.033475
14.959864,45.032688
14.958023,45.03377
14.963144,45.031999
14.965855,45.032536
14.964382,45.031703
14.964953,45.031594
14.965087,45.03148
14.969956,45.026755
14.964534,45.02732
14.964553,45.027827
14.948231,45.028731
14.947705,45.028471
14.947868,45.02834
14.948757,45.019049
14.950185,45.018731
14.950099,45.018818
14.948699,45.016053
14.95609,45.015183
14.95739,45.01671
14.957826,45.016737
14.959174,45.017002
14.956791,45.016509
14.953252,45.029232
14.952873,45.029897
14.975463,45.034416
14.975136,45.034251
14.980329,45.033044
14.979236,45.033331
14.987781,45.032665
14.987924,45.033306
14.990947,45.034358
14.994706,45.033924
14.991816,45.033596
14.994379,45.033989
14.991544,45.033699
14.994866,45.033836
14.995192,45.031349
14.994348,45.0315
14.998823,45.030936
14.998725,45.030804
14.99898,45.031163
14.998914,45.030673
15.000879,45.035632
15.000756,45.035975
15.000342,45.035561
15.000786,45.035609
15.000053,45.030051
14.977484,45.034089
14.944952,45.041706
14.944466,45.039854
14.947091,45.039129
14.948073,45.03816
14.948144,45.037779
14.948171,45.038348
14.947755,45.037589
14.947612,45.037549
14.94799,45.037885
14.948119,45.038507
14.947818,45.043038
14.943874,45.044724
14.945887,45.047541
14.943973,45.047174
14.944256,45.04725
14.94916,45.043622
14.943689,45.048832
14.940525,45.050941
14.940362,45.050995
14.940897,45.050901
14.940844,45.051071
14.940881,45.051773
14.940723,45.050825
14.941321,45.052262
14.941402,45.052307
14.941163,45.052328
14.941528,45.052991
14.941899,45.052551
14.940826,45.052293
14.940853,45.052045
14.941832,45.052308
14.94184,45.052729
14.941881,45.052236
14.937986,45.05456
14.937897,45.054811
15.664276,44.590867
15.69006,44.561676
14.938233,45.054449
14.982167,45.015458
14.989482,45.01539
14.989294,45.015849
14.989274,45.015522
14.989326,45.015488
14.995901,45.013805
14.997928,45.013654
14.997775,45.013723
15.006887,45.004913
15.006567,45.00492
14.975751,45.010396
14.97306,45.010214
14.974946,45.008115
14.973954,45.006786
14.974816,45.00792
14.974708,45.007162
14.970599,45.007024
14.970637,45.006438
14.972353,45.005598
14.972876,45.005633
14.970554,45.006572
14.968673,45.004913
14.952182,44.916809
14.92151,44.926309
15.784057,44.319016
15.784712,44.319244
15.78542,44.319214
15.786462,44.319225
15.78599,44.319822
15.786291,44.318384
15.787949,44.319432
15.795877,44.316719
15.795476,44.316419
15.793699,44.315809
15.79201,44.314903
15.791953,44.315636
15.792212,44.313841
15.792509,44.313804
15.800707,44.314018
15.795514,44.315106
15.79713,44.315285
15.795953,44.315739
15.795724,44.314466
15.796147,44.315673
15.795931,44.315361
15.807012,44.310218
15.808239,44.311336
15.811752,44.310574
15.811471,44.31022
15.813004,44.306358
15.813609,44.306092
15.805149,44.310562
15.804404,44.310298
15.81453,44.305545
15.814505,44.305069
15.814442,44.306113
15.814906,44.305528
15.806298,44.308937
15.806413,44.308356
15.806093,44.308453
15.806354,44.309173
15.808415,44.307806
15.80734,44.308232
15.815202,44.307082
15.815778,44.306815
15.815488,44.307053
15.815428,44.306608
15.816147,44.306875
15.815287,44.306881
15.81608,44.30461
15.817257,44.305856
15.818654,44.304355
15.818403,44.304954
15.819421,44.304162
15.819573,44.304063
15.819373,44.303763
15.819288,44.304015
15.818809,44.303542
15.819755,44.302787
15.81657,44.304002
15.814321,44.304399
15.776324,44.31725
15.777618,44.317686
15.77771,44.317261
15.770896,44.315929
15.770727,44.316502
15.770104,44.314344
15.770394,44.312236
15.774929,44.311939
15.776963,44.311608
15.799596,44.315713
15.798986,44.316347
15.799194,44.316089
15.799875,44.318072
15.76549,44.322596
15.765613,44.322936
15.762419,44.322887
15.760654,44.321826
15.762844,44.321866
15.766925,44.321443
15.766493,44.320882
15.780472,44.319742
15.782281,44.320992
15.781666,44.321167
15.774696,44.329996
15.775078,44.329692
14.960911,45.003891
14.971455,45.003338
14.971872,45.003288
14.974408,44.998122
14.974873,44.997728
14.974929,44.997524
14.97459,44.998059
14.974467,44.998354
14.971464,44.995608
14.971122,44.996839
14.974218,44.993146
14.951236,45.004975
14.950504,45.00444
14.951306,45.004291
14.952795,44.997619
14.951897,44.99759
14.952719,44.998017
14.95325,44.997047
14.952486,44.995221
14.95208,44.995594
14.951979,44.995569
14.952042,44.995461
14.951712,44.995488
14.953155,44.994983
14.952636,44.993763
14.952752,44.994221
14.924324,45.01269
14.91869,45.017409
14.91888,45.01734
14.918598,45.017452
14.917638,45.020137
14.917371,45.026596
14.915266,45.035798
14.915811,45.036691
14.914882,45.037892
14.913801,45.037843
14.918634,45.041018
14.910584,45.04182
14.910678,45.042274
14.910527,45.041865
14.910197,45.042178
14.904274,45.055177
14.90401,45.055354
14.903847,45.055334
14.90158,45.060988
15.050017,44.942555
15.048001,44.940846
15.043073,44.947762
15.031438,44.958985
15.034051,44.961368
15.330406,44.993853
15.32797,44.992735
15.331744,44.991503
15.319452,44.997097
15.327017,44.994628
15.32995,44.992643
15.328172,44.993657
15.331523,44.993896
15.328239,44.992746
15.328074,44.993039
15.327999,44.992834
15.331104,44.991945
15.32882,44.993827
15.319564,44.997057
15.331136,44.994232
15.32794,44.993823
15.688604,44.369316
15.661018,44.456125
15.752528,44.336363
14.977267,44.868585
15.667202,44.357804
15.064589,44.820452
15.063065,44.819458
15.676484,44.344672
15.766769,44.325153
16.034402,44.449236
16.03399,44.448858
14.934161,44.678699
16.097789,44.4774
14.92181,44.695244
15.942451,44.673312
15.625977,44.374232
15.767027,44.334495
16.050514,44.48132
15.771238,44.309115
15.072412,44.824224
14.885166,44.817856
15.944463,44.665182
16.007287,44.639185
16.088893,44.477931
15.68518,44.347097
16.048908,44.494725
15.993186,44.636185
15.631543,44.579911
15.814738,44.306707
15.934994,44.63907
15.934287,44.634631
15.765517,44.320938
16.051017,44.477854
16.049503,44.495474
15.797025,44.318359
16.041866,44.489514
16.01951,44.632751
16.006996,44.639253
15.991274,44.647182
16.026119,44.620796
15.677893,44.438968
15.639279,44.385345
16.104205,44.477922
15.668247,44.345171
15.942741,44.627546
15.930801,44.647944
16.035392,44.446578
15.900219,44.739361
15.942235,44.67552
15.944053,44.658947
15.947493,44.653396
15.766857,44.33414
15.689294,44.368723
15.687044,44.361486
15.684214,44.348584
15.943986,44.6651
15.79826,44.313971
15.778225,44.311249
16.075623,44.453324
14.910795,44.686359
15.957785,44.655053
16.053397,44.477516
16.105936,44.476371
16.110201,44.478437
14.896431,44.708227
16.053069,44.477912
15.935906,44.634081
15.933339,44.637505
15.702145,44.319227
16.006804,44.639172
16.041934,44.491654
15.948377,44.656068
15.739947,44.376257
15.719644,44.347932
15.731455,44.340176
15.658462,44.59894
15.664105,44.455261
14.917811,44.908162
14.898192,44.7157
14.898319,44.715803
14.898258,44.715768
14.898174,44.715652
15.206972,45.045892
15.206102,45.049243
15.205344,45.049771
15.207303,45.047726
15.20585,45.050235
15.200356,45.049813
15.202131,45.049509
15.20649,45.051143
15.19919,45.053762
15.204237,45.054595
15.206088,45.052484
15.205342,45.054037
15.207949,45.047786
15.207627,45.053397
15.207141,45.053966
15.204019,45.054546
15.204491,45.05339
15.206323,45.052978
15.208166,45.048051
15.206976,45.051923
15.20345,45.050607
15.204541,45.05017
15.20613,45.051365
15.207023,45.051701
15.207057,45.053905
15.204687,45.048803
15.207352,45.046298
15.204176,45.045869
15.204273,45.046575
15.206813,45.04613
15.203941,45.048723
15.207381,45.045852
15.20734,45.049448
15.204789,45.049194
15.199207,45.053228
15.208221,45.05163
15.199472,45.053747
15.207179,45.049594
15.202244,45.053938
15.204832,45.048929
15.199577,45.053697
15.205879,45.052848
15.2009,45.049981
15.206494,45.052543
15.200026,45.053528
15.203577,45.053689
15.206778,45.049663
15.205788,45.055787
15.207061,45.053476
15.205161,45.046164
15.207333,45.051516
15.206514,45.048921
15.200168,45.04994
15.200372,45.050121
15.206205,45.052942
15.202472,45.050958
15.19926,45.053985
15.207341,45.046001
15.199618,45.053975
15.204491,45.049738
15.20457,45.055184
15.206356,45.052014
15.205233,45.046759
15.203463,45.046893
15.20643,45.051743
15.204969,45.049803
15.204332,45.046967
15.20389,45.047124
15.206605,45.05436
15.207421,45.052096
15.205627,45.049936
15.203201,45.046319
15.206078,45.048604
15.199811,45.055895
15.205703,45.054929
15.204712,45.04678
15.207057,45.052142
15.761547,44.332045
16.088936,44.477174
15.215136,45.040162
15.215625,45.040646
15.215476,45.040974
15.215021,45.040416
15.212657,45.054236
15.215454,45.040781
15.215139,45.040835
15.214854,45.040113
15.21017,45.054592
15.213498,45.054086
15.209549,45.054596
15.029504,44.959584
15.027485,44.960633
15.020086,44.959413
15.021363,44.958541
15.01984,44.959408
15.021464,44.95849
15.025861,44.960903
15.025673,44.961693
15.025606,44.961739
15.02393,44.962129
15.023575,44.962032
15.023514,44.962357
15.02305,44.964978
15.021553,44.963446
15.020535,44.962746
15.021835,44.963282
15.02051,44.962936
15.021466,44.963463
15.021037,44.962697
15.021158,44.96266
15.020235,44.963036
15.015744,44.967349
15.015427,44.967146
15.016175,44.965551
15.017932,44.965288
15.01915,44.964792
15.016816,44.96604
15.015162,44.96725
15.016752,44.966586
15.016534,44.965757
15.016886,44.965751
15.015642,44.967374
15.01625,44.967208
15.016527,44.966014
15.017193,44.966727
15.012621,44.968625
15.013483,44.968421
15.014072,44.968328
15.013645,44.968559
15.013706,44.968248
15.013552,44.969054
15.250112,45.041936
15.216101,45.053609
15.217874,45.042642
15.243356,45.040212
15.244421,45.042273
15.240135,45.040973
15.242727,45.040527
15.243557,45.040362
15.250615,45.040059
15.248579,45.04074
15.217479,45.052884
15.217654,45.052763
15.216409,45.053604
15.222558,45.049493
15.216864,45.053546
15.218143,45.052058
15.219049,45.051971
15.218575,45.053047
15.217316,45.052083
15.217474,45.052206
15.220308,45.051202
15.217457,45.053008
15.24938,45.0404
15.25135,45.039976
15.24968,45.041908
15.240842,45.040861
15.241126,45.040697
15.250411,45.041922
15.241729,45.040568
15.237943,45.042235
15.244512,45.040441
15.239268,45.041549
15.240834,45.041253
15.236028,45.043029
15.248281,45.042567
15.243818,45.040575
15.22885,45.046502
15.236444,45.042986
15.245146,45.041356
15.248571,45.0418
15.230996,45.045428
15.24384,45.041283
15.240434,45.040732
15.239917,45.041155
15.247788,45.042334
15.249134,45.040576
15.236064,45.04321
15.252328,45.039504
15.250255,45.04165
15.23612,45.042984
15.230671,45.045445
15.244932,45.040933
15.235052,45.04344
15.242591,45.040543
15.251897,45.03583
15.252256,45.035482
15.253767,45.035689
15.250294,45.038879
15.256761,45.035538
15.250828,45.036666
15.228074,45.035768
15.250433,45.039427
15.244197,45.040205
15.250874,45.038015
15.256681,45.035966
15.249742,45.04038
15.252084,45.039607
15.252857,45.039274
15.255891,45.036189
15.252769,45.039627
15.249012,45.040313
15.256222,45.035319
15.255807,45.03642
15.250931,45.039997
15.256626,45.035905
15.252287,45.039636
15.252636,45.038799
15.251401,45.040159
15.251703,45.039201
15.217371,45.039335
15.243089,45.040596
15.251808,45.039637
15.221318,45.050101
15.228449,45.03574
15.250924,45.038456
15.248794,45.04141
15.219929,45.051615
15.250116,45.03988
15.25665,45.03539
15.250841,45.03701
15.233407,45.044029
15.2195,45.052449
15.221131,45.050739
15.243313,45.04057
15.231569,45.045198
15.227087,45.047352
15.241186,45.04113
15.217066,45.052452
15.241152,45.040259
15.239713,45.041278
15.216982,45.052707
15.251431,45.036183
15.246046,45.040664
15.255828,45.035882
15.255384,45.035864
15.24881,45.041768
15.255733,45.034584
15.249097,45.041547
15.25052,45.036928
15.251007,45.037018
15.011776,44.96953
15.012456,44.969802
15.012031,44.969508
15.011383,44.970818
15.011669,44.970506
15.012107,44.969803
15.008852,44.970105
15.009008,44.970436
15.00857,44.970159
15.010795,44.973637
15.010581,44.975741
15.010684,44.975008
15.010562,44.974253
15.009844,44.976498
15.010559,44.97583
15.009489,44.976773
15.011624,44.974283
15.005032,44.978923
15.008562,44.977404
15.005619,44.97864
15.00526,44.979086
15.001419,44.979619
15.001327,44.981858
15.003553,44.980111
15.000763,44.980704
15.004044,44.979728
15.000499,44.98013
15.000402,44.979859
15.001481,44.980288
15.003174,44.98007
14.996313,44.978729
14.995105,44.976557
14.997594,44.978158
14.995952,44.97622
14.997099,44.978402
14.994737,44.975368
14.997909,44.977999
14.996465,44.978052
14.994705,44.975211
14.998598,44.977968
15.001605,44.972769
14.975287,44.718704
14.975535,44.71859
15.172078,45.070326
15.171792,45.070248
15.169938,45.072311
15.177415,45.067357
15.177321,45.067652
15.178482,45.06345
15.178977,45.062938
15.185822,45.061835
15.185176,45.061941
15.184665,45.061612
15.175882,45.068984
15.178674,45.06443
15.179786,45.06226
15.181115,45.062466
15.176138,45.06881
15.176225,45.068751
15.18987,45.059257
15.194678,45.059776
15.195231,45.056643
15.194772,45.058272
15.190165,45.058907
15.195087,45.058953
15.189416,45.060346
15.191233,45.059474
15.189623,45.059801
15.189718,45.060292
15.194316,45.059544
15.189539,45.058762
15.194926,45.058622
15.185421,45.055101
15.189196,45.059792
15.195014,45.056921
15.190233,45.059881
15.194918,45.058803
15.190057,45.059656
15.190601,45.060767
15.194276,45.059054
15.190962,45.059037
15.190288,45.060169
14.968621,45.004754
14.96851,45.004911
15.18502,45.054991
15.185156,45.056601
15.184528,45.055857
15.184677,45.056132
15.199613,45.050217
14.968361,45.004924
15.214004,45.081427
15.208458,45.06913
15.204542,45.063636
15.203925,45.063217
15.213712,45.079304
15.213708,45.080751
15.213309,45.079797
15.20863,45.075376
15.21383,45.080543
15.213067,45.077057
15.204782,45.063858
15.213123,45.078206
15.212918,45.078537
15.213346,45.078492
15.209139,45.067402
15.212607,45.076543
15.213097,45.078826
15.21453,45.079853
15.055678,44.930078
15.051369,44.931378
15.055046,44.928617
15.051615,44.931032
15.052136,44.930452
15.054858,44.930155
15.054556,44.929968
15.053757,44.92903
15.051921,44.93044
15.054676,44.930199
15.051932,44.930732
15.055514,44.929922
15.055081,44.929892
15.051439,44.931327
15.051175,44.93159
15.054114,44.929847
15.054843,44.92876
15.052503,44.930363
15.050733,44.931478
15.050171,44.932945
15.208661,45.058813
15.204914,45.057734
15.264177,45.026766
15.263376,45.027732
15.261898,45.029741
15.268988,45.023899
15.258119,45.031279
15.263989,45.027105
15.271695,45.024393
15.264385,45.026431
15.264126,45.026565
15.269997,45.023335
15.269781,45.023867
15.262356,45.028555
15.260488,45.029977
15.259189,45.030473
15.270496,45.025928
15.271244,45.02556
15.271133,45.024773
15.271495,45.025585
15.270731,45.025525
15.270693,45.025744
15.271399,45.022312
15.270732,45.025318
15.271495,45.025237
15.271989,45.023097
15.270289,45.023321
15.272087,45.025447
15.261519,45.029739
15.262968,45.028292
15.270115,45.025114
15.261931,45.028347
15.259865,45.030235
15.270815,45.024882
15.270263,45.02526
15.268617,45.024111
15.259464,45.030134
15.271295,45.024809
15.261906,45.029581
15.271318,45.023417
15.270305,45.023491
15.270646,45.025008
15.263489,45.026786
15.262446,45.028876
15.263886,45.026847
15.260395,45.030048
15.264388,45.026851
15.241736,45.030142
15.241874,45.029776
15.238138,45.031927
15.242122,45.029436
15.235397,45.033077
15.241645,45.030104
15.240182,45.030581
15.236101,45.032487
15.241032,45.030304
15.238808,45.031694
15.238104,45.031718
15.237199,45.032392
15.239093,45.031468
15.241263,45.030142
15.24284,45.029358
15.239696,45.030753
15.242376,45.029402
15.239314,45.031115
15.238956,45.031362
15.24477,45.030966
15.243232,45.029009
15.242289,45.029645
15.236286,45.03238
15.235305,45.03288
15.239298,45.031432
15.241906,45.029539
15.235794,45.033154
15.237689,45.031783
15.236087,45.032791
15.244957,45.022425
15.25362,45.024867
15.253294,45.024935
15.244606,45.024426
15.247289,45.023799
15.243042,45.021875
15.253413,45.025368
15.252398,45.025129
15.252929,45.024879
15.245645,45.023264
15.242597,45.022405
15.253626,45.025144
15.255311,45.025293
15.252747,45.024914
15.253087,45.025095
15.246553,45.023306
15.25374,45.024726
15.246397,45.023991
15.246452,45.025052
15.245364,45.024006
15.252625,45.025561
15.24629,45.023527
15.246077,45.025452
15.255012,45.024817
15.252297,45.024882
15.252395,45.025631
15.254161,45.024646
15.25229,45.024699
15.245861,45.025546
15.246637,45.024211
15.252891,45.025273
15.253879,45.024861
15.276025,45.020935
15.274748,45.021613
15.275651,45.021526
15.275339,45.021331
15.286058,45.014176
15.285376,45.014211
15.292578,45.013795
15.292215,45.013311
15.290785,45.013316
15.291797,45.013474
15.28876,45.0136
15.288926,45.013924
15.289366,45.013348
15.289681,45.013505
15.29042,45.013238
15.291216,45.013057
15.257583,45.033958
15.257315,45.034142
15.25811,45.034713
15.257794,45.03416
15.257847,45.03441
15.257422,45.034272
15.257457,45.034537
15.257267,45.034326
15.257363,45.034831
14.93785,44.659603
14.938192,44.659322
14.948927,44.656956
14.949593,44.656829
14.94923,44.656607
14.949715,44.656586
14.949091,44.656848
14.950354,44.659189
14.947157,44.649904
14.946775,44.649549
14.947084,44.649656
14.941554,44.644469
14.941778,44.643928
14.940831,44.644403
14.941557,44.644205
14.941596,44.644804
14.941669,44.645048
14.942057,44.642735
14.965841,44.637958
14.979175,44.647879
14.979825,44.646628
14.979191,44.64762
14.979427,44.647084
14.979282,44.647374
14.979675,44.647053
14.978888,44.645342
14.978747,44.644608
14.981,44.638626
14.980398,44.638607
14.981584,44.6378
14.974158,44.627864
14.97418,44.628237
14.974349,44.627961
14.974351,44.628812
14.974388,44.628727
14.971381,44.624228
14.970992,44.624152
14.971677,44.623995
14.971148,44.624386
14.971134,44.624036
14.970965,44.624581
14.97991,44.619409
14.980972,44.612524
14.981662,44.61089
14.985272,44.607714
14.98519,44.607859
14.985132,44.607956
14.985392,44.607197
14.988543,44.600449
14.988633,44.599825
14.98825,44.599187
14.988952,44.599643
14.989242,44.599465
14.990348,44.599468
14.989901,44.599276
14.988492,44.600101
14.988808,44.600097
14.97263,44.601142
14.972676,44.601609
14.972158,44.60074
14.972999,44.601035
14.972921,44.601088
14.974283,44.606334
14.973922,44.606586
14.974003,44.606917
14.970944,44.604275
14.966258,44.609963
14.968042,44.664833
14.968444,44.664402
14.967389,44.605523
14.967627,44.605835
14.967013,44.604766
15.25827,45.005318
15.254357,45.006767
15.262181,45.004245
15.26186,45.00465
15.259698,45.004951
15.262446,45.005248
15.258122,45.005183
15.263929,45.004275
15.263915,45.004557
15.254178,45.00622
15.26385,45.003971
15.263599,45.004935
15.259595,45.004617
15.259708,45.004744
15.256722,45.007969
15.256654,45.009095
15.259088,45.004976
15.254446,45.006193
15.256227,45.00813
15.258871,45.004804
15.262387,45.004518
15.254763,45.0065
15.26356,45.004512
15.258354,45.005004
15.26219,45.004656
15.263943,45.004413
15.263715,45.004246
15.264207,45.004132
15.256743,45.008844
15.264036,45.004429
15.256449,45.007823
15.256563,45.00781
15.259779,45.004902
15.24,45.004455
15.245124,45.003388
15.230539,45.00217
15.235057,45.000261
15.237571,45.000947
15.237259,45.001481
15.240833,45.003906
15.24043,45.004355
15.246735,45.003217
15.238614,45.001752
15.238205,45.001559
15.230768,45.002515
15.240611,45.001444
15.239755,45.001318
15.238422,45.002255
15.230175,45.0025
15.238685,45.001965
15.23101,45.002699
15.230575,45.002422
15.231315,45.002244
15.230261,45.002264
15.242825,45.007205
15.240236,45.001963
15.23924,45.001806
15.242842,45.006975
15.232189,45.00178
15.240516,45.005481
15.240624,45.005836
15.232403,45.001937
15.240615,45.00107
15.243789,45.000072
15.246894,45.003915
15.237107,45.001256
15.245277,45.000432
15.24634,45.003343
15.238891,45.001853
15.247315,45.003975
15.24593,45.002085
15.244387,45.000139
15.245762,45.000493
15.245281,45.003145
15.243673,45.00021
15.240543,45.001256
15.242566,45.00715
15.240584,45.002152
15.246839,45.00343
15.238823,45.002631
15.258301,45.001787
15.253232,45.002016
15.259617,45.002639
15.256003,44.99757
15.255691,44.998135
15.25486,45.000727
15.253543,45.002055
15.256123,44.998568
15.25858,45.001455
15.255545,44.998271
15.252236,45.001921
15.254923,44.997412
15.254482,45.000822
15.255797,44.997824
15.255446,44.998638
15.251805,45.00168
15.818589,44.305172
15.269102,45.00601
15.266483,45.005797
15.265511,45.006368
15.271265,45.00491
15.267273,45.00642
15.267045,45.006523
15.267441,45.006396
15.271222,45.007383
15.266973,45.00591
15.268945,45.006544
15.269386,45.006859
15.266395,45.006149
15.269955,45.00555
15.266705,45.006459
15.269615,45.006335
15.270477,45.007187
15.265204,45.006519
15.269963,45.005839
15.271,45.005289
15.26502,45.006622
15.266778,45.00596
15.270588,45.006466
15.266593,45.006706
15.269422,45.006571
14.973069,44.600963
15.277769,45.00847
15.27769,45.008864
15.276221,45.00701
15.275744,45.006825
15.276058,45.007155
15.277384,45.009023
15.277521,45.007272
15.278054,45.008805
15.277276,45.008809
15.275778,45.007125
15.277162,45.007373
15.277314,45.008186
15.276431,45.00647
15.276754,45.007665
15.276247,45.008769
15.276991,45.00853
15.276529,45.00737
15.275862,45.006183
15.275724,45.007428
15.276994,45.008881
15.276775,45.00553
15.272907,45.007924
14.892984,44.793498
14.892608,44.793816
14.892956,44.794008
14.892989,44.793917
14.893645,44.793881
14.894094,44.790898
14.900409,44.793124
14.901296,44.792017
14.901118,44.792845
14.900165,44.792904
14.901108,44.791847
14.901185,44.79179
14.899879,44.792902
14.901148,44.79198
14.901372,44.793442
14.901334,44.793229
14.903707,44.789426
14.902848,44.796335
14.903071,44.796681
14.900998,44.79695
14.903099,44.796426
14.902956,44.796468
14.902977,44.796516
14.902355,44.79669
14.901969,44.795987
14.901278,44.800638
14.901401,44.800482
14.899034,44.769819
14.898337,44.767041
14.902628,44.775023
14.902418,44.775331
14.902419,44.776222
14.905923,44.778948
14.906062,44.778374
14.905717,44.778326
14.905775,44.778112
14.879622,44.796447
14.879783,44.796556
14.881813,44.796897
14.881405,44.79659
14.881251,44.796821
14.881577,44.796642
14.880654,44.79584
14.88134,44.79655
14.881636,44.796677
14.880855,44.796324
14.880639,44.79598
14.880672,44.79573
14.879825,44.795851
14.881273,44.796234
14.88214,44.796445
14.881434,44.796939
14.881005,44.796704
14.881095,44.796752
14.881205,44.796471
14.880633,44.796099
14.880629,44.796503
14.880169,44.796183
14.880266,44.796326
14.882098,44.797277
14.882346,44.797119
14.881316,44.79716
14.881913,44.797849
14.881917,44.798042
14.882145,44.797558
14.882083,44.797742
14.881589,44.797382
14.881823,44.797589
14.881929,44.797927
14.881148,44.797228
14.881889,44.797227
14.882168,44.797145
14.882125,44.797647
14.882128,44.797961
14.881179,44.797103
14.881319,44.797368
14.880469,44.79878
14.880132,44.798786
14.881115,44.798605
14.88095,44.798694
14.882268,44.798443
14.881257,44.798856
14.881338,44.798842
14.88027,44.798886
14.880739,44.798775
14.882257,44.798568
14.879374,44.799217
14.880826,44.798968
14.881458,44.798703
14.881346,44.798598
14.881791,44.798617
14.881928,44.798631
14.881564,44.798808
14.881966,44.798574
14.882026,44.798623
14.881485,44.798597
14.882179,44.79884
14.882755,44.799215
14.882215,44.798369
14.880297,44.798776
14.882123,44.798743
15.206022,45.022861
15.208271,45.0224
15.205439,45.022873
15.205253,45.022557
15.20353,45.021907
15.20508,45.022128
15.207908,45.021828
15.205586,45.021666
15.204939,45.022022
15.208133,45.021728
15.20838,45.021882
15.209153,45.022355
15.207642,45.021763
15.205024,45.021634
15.207857,45.022258
15.20816,45.022276
15.208492,45.0217
15.192898,45.028322
15.190531,45.035992
15.191569,45.037836
15.191931,45.037939
15.20104,45.033288
15.190153,45.035712
15.194231,45.027829
15.192708,45.028162
15.192288,45.038146
15.191526,45.037535
15.195007,45.030228
15.188231,45.034049
15.187359,45.036683
15.20184,45.033468
15.188654,45.034671
15.189704,45.034835
15.193779,45.027596
15.188584,45.034354
15.187194,45.033476
15.187884,45.037092
15.201497,45.032723
15.200528,45.034626
15.189367,45.034599
15.19297,45.028866
15.200538,45.034929
15.188429,45.034433
15.193923,45.027309
15.19508,45.031571
15.188289,45.035594
15.190339,45.036109
15.194934,45.029763
15.200368,45.03494
15.203554,45.033296
15.187918,45.034047
15.191967,45.037721
15.20143,45.033097
15.187807,45.036735
15.203575,45.032563
15.200739,45.035186
15.195884,45.03092
15.194473,45.027791
15.188807,45.035559
15.193395,45.028955
15.176999,45.046058
15.174366,45.042782
15.175093,45.044097
15.181343,45.045876
15.180927,45.045303
15.176248,45.045996
15.174642,45.043146
15.173493,45.046898
15.173368,45.046724
15.172932,45.046116
15.172303,45.045926
15.176872,45.046377
15.172688,45.046264
15.183021,45.047739
15.182346,45.031542
15.182694,45.032425
15.182494,45.027701
15.183497,45.026761
15.181306,45.032187
15.184248,45.033005
15.18345,45.027152
15.182394,45.031182
15.184493,45.033151
15.183185,45.027103
15.185099,45.033471
15.182535,45.027933
15.199333,45.011819
15.19955,45.011618
15.198693,45.012506
15.197804,45.012478
15.20316,45.010247
15.197129,45.011778
15.199081,45.01213
15.183359,45.02266
15.182773,45.022771
15.201806,45.021889
15.198824,45.020754
15.202515,45.021785
15.203112,45.021623
15.198559,45.02087
15.197746,45.011618
14.896422,44.711112
14.897412,44.712002
14.891994,44.714453
14.892053,44.713324
14.892163,44.719035
14.892157,44.719172
14.892337,44.72007
14.899642,44.715562
14.898453,44.71591
14.899053,44.717905
14.898587,44.718909
14.898999,44.718061
14.896072,44.719136
14.898751,44.724668
14.898368,44.72624
14.898107,44.725684
14.902622,44.725856
14.902433,44.725884
14.902936,44.725708
14.903421,44.725732
14.902597,44.723748
14.903295,44.723259
14.903466,44.723174
14.902794,44.723795
14.90294,44.723639
14.902438,44.723257
14.902323,44.723345
14.902191,44.723444
14.902778,44.7232
14.902674,44.722807
14.902899,44.722538
14.903201,44.72183
14.902669,44.721417
14.89977,44.734714
14.899527,44.734545
14.899952,44.734527
14.899888,44.734694
14.89699,44.736488
14.897257,44.735811
14.902181,44.762677
14.904217,44.763721
14.905031,44.763288
14.904601,44.763624
14.904746,44.763594
14.904512,44.763429
14.904651,44.763177
14.904131,44.7634
14.905051,44.76379
14.904879,44.763367
14.900241,44.759192
14.900827,44.759369
14.900486,44.759207
14.900659,44.758939
14.901132,44.759047
14.900708,44.759372
14.900197,44.759402
14.907645,44.758515
14.908407,44.758502
14.906497,44.750183
14.905302,44.748992
14.904685,44.747963
14.90858,44.741363
14.907714,44.741845
14.908068,44.742171
14.92123,44.751212
14.92199,44.751028
14.922356,44.750915
14.920621,44.753382
14.94438,44.723736
14.944327,44.723847
14.915645,44.733248
14.916103,44.732919
14.915305,44.733328
14.91595,44.73312
14.915482,44.733223
14.915749,44.733453
14.915739,44.733526
14.915669,44.73248
14.915335,44.732117
14.915923,44.732565
14.914695,44.731503
14.909533,44.725901
14.909684,44.725803
14.909869,44.725481
14.90969,44.725341
14.91021,44.725039
14.909938,44.724748
14.910217,44.724368
14.908988,44.723212
14.908625,44.723255
14.908279,44.723031
14.908531,44.722882
14.907712,44.722476
14.907464,44.722192
14.907866,44.722215
14.907896,44.722256
14.907751,44.722092
14.907554,44.721806
14.907089,44.721222
14.907227,44.721365
14.906863,44.720949
14.9067,44.720578
14.906772,44.72076
14.906627,44.720087
14.905873,44.71873
14.905592,44.718659
14.905942,44.718528
14.905826,44.718883
14.905718,44.718462
14.918183,44.720323
14.918197,44.719741
14.91836,44.71976
14.929067,44.708578
14.898495,44.726455
14.898466,44.72675
15.17089,45.009888
15.172501,45.009213
15.173323,45.012828
15.190242,45.017653
15.188614,45.016929
15.172095,45.009188
15.172175,45.009239
15.180142,45.012979
15.190612,45.017765
15.179679,45.012989
15.177344,45.01443
15.176518,45.014715
15.179722,45.013347
15.180368,45.012753
15.177372,45.013884
15.189968,45.017276
15.18988,45.017559
15.179544,45.012583
15.17187,45.009665
15.171821,45.009403
15.164596,45.02668
15.164214,45.024694
15.156846,45.031814
15.159057,45.026883
15.171385,45.029895
15.167078,45.027857
15.164762,45.026846
15.163794,45.025426
15.164308,45.022591
15.157997,45.032005
15.163024,45.02637
15.168576,45.02819
15.162977,45.025287
15.163352,45.025667
15.166622,45.027283
15.158591,45.031614
15.152743,45.030124
15.164143,45.024397
15.163867,45.025045
15.166813,45.022018
15.165404,45.022342
15.163097,45.025094
15.158299,45.031876
15.163927,45.023122
15.16439,45.026606
15.163994,45.026042
15.151968,45.029264
15.164561,45.029497
15.168109,45.027754
15.166012,45.022112
15.166169,45.027118
15.166401,45.027195
15.164673,45.026398
15.161871,45.024708
15.163947,45.026329
15.166925,45.027657
15.159393,45.031664
15.153098,45.030019
15.16724,45.02747
15.1652,45.026689
15.166859,45.027362
15.164336,45.027476
15.178482,45.0303
15.174841,45.028905
15.178901,45.02747
15.173109,45.030486
15.173743,45.031399
15.175993,45.029204
15.1776,45.031057
15.174222,45.031333
15.178211,45.028548
15.178124,45.031461
15.172353,45.029997
15.171729,45.029344
15.176184,45.029496
15.164012,45.024796
15.158282,45.022849
15.157019,45.02222
15.155763,45.022764
15.15801,45.022597
15.156753,45.022349
15.159419,45.020356
15.164583,45.017411
15.163734,45.017711
15.162482,45.01845
15.169005,45.028322
15.152531,45.029486
15.16539,45.027196
15.168188,45.027772
15.163789,45.023471
15.164276,45.024134
15.165806,45.026843
15.16786,45.027632
15.164987,45.026569
15.167798,45.0279
15.168424,45.02782
15.157329,45.033351
15.163557,45.017175
15.168279,45.028093
15.170241,45.028801
15.166724,45.027608
15.164409,45.026334
15.162226,45.024942
15.166143,45.027501
15.167325,45.027878
14.906606,44.776227
14.906744,44.775919
14.92307,44.775156
14.92268,44.774569
14.924587,44.7722
14.925444,44.772427
14.925378,44.772572
14.925077,44.77236
14.924949,44.772069
14.92565,44.77355
14.925493,44.773676
14.925121,44.773985
14.926512,44.777923
14.926195,44.777732
14.92599,44.777733
14.926132,44.777957
14.925577,44.778718
14.925773,44.779296
14.925588,44.778903
14.925603,44.779081
14.925612,44.780057
14.925591,44.779958
14.925387,44.780764
14.925544,44.780876
14.925541,44.781041
14.925454,44.781456
14.925282,44.782102
14.92547,44.781895
14.925477,44.783332
15.022365,44.962859
14.91564,44.91647
14.915451,44.916447
14.915897,44.916471
14.920758,44.707471
15.166288,45.014089
15.149728,45.040798
15.147447,45.042016
15.152548,45.040098
15.150265,45.041059
15.146673,45.042167
15.150297,45.041217
15.147095,45.042034
15.147281,45.04186
15.147086,45.042425
15.151135,45.040895
15.152902,45.041207
15.147702,45.042505
15.147335,45.042374
15.149828,45.037448
15.150769,45.037057
15.151388,45.037651
15.153077,45.038148
15.150616,45.036735
15.150937,45.036725
15.150569,45.037433
15.151337,45.037539
15.152159,45.037864
15.150412,45.037482
15.151637,45.037676
15.151191,45.037426
15.150184,45.037356
15.150865,45.037499
15.150767,45.036524
15.150901,45.037583
15.152613,45.036235
15.153053,45.037034
15.152723,45.03656
15.152751,45.037872
15.208145,45.02142
15.20827,45.021524
14.898832,44.716497
14.932517,45.06556
14.932204,45.066074
14.931563,45.067018
14.931692,45.067133
14.931694,45.067247
14.934111,45.070676
14.931424,45.071446
14.93159,45.071054
14.931565,45.071909
14.931305,45.074365
14.930988,45.074019
14.931267,45.074474
14.931396,45.073849
14.931401,45.073992
14.931355,45.07417
14.931018,45.073937
14.931142,45.074173
14.931061,45.073832
14.930533,45.07381
14.930261,45.076623
14.930292,45.076492
14.931093,45.076212
14.930916,45.076384
14.930863,45.075786
14.931474,45.07576
14.929484,45.075989
14.924931,45.074336
14.924729,45.074235
14.924783,45.07438
14.91831,45.062493
14.918652,45.06212
14.931507,45.075305
15.069803,44.903472
15.072275,44.901861
15.071052,44.90274
15.071913,44.901805
15.057313,44.911482
15.061637,44.913024
15.068089,44.910799
15.068313,44.909639
15.07266,44.913266
15.065089,44.91949
15.070388,44.921103
15.077552,44.916463
15.076705,44.922454
15.072222,44.927826
15.072302,44.927654
15.072142,44.927551
15.067735,44.924343
15.069957,44.900837
15.269841,45.005201
15.270493,45.005216
14.964855,45.032238
14.951415,45.004699
14.918546,45.017586
14.963929,45.027689
14.938166,45.054517
14.938036,45.054657
15.683249,44.390146
14.894306,44.856681
14.908,44.817886
14.907846,44.817862
14.900286,44.758814
14.893139,44.856398
15.189929,45.018236
15.083033,44.811247
15.818765,44.30487
15.941458,44.642833
14.896997,44.71148
15.661441,44.3542
14.919966,44.927319
14.90574,44.81442
14.946812,44.650211
14.885359,44.817895
14.885516,44.817927
14.897739,44.740617
15.666606,44.440413
15.667048,44.441082
15.059806,44.816992
14.929364,44.947799
14.902973,44.721929
15.638591,44.35399
14.893657,44.855207
14.893599,44.855252
14.89355,44.855299
14.893513,44.85537
14.880707,44.796932
14.894981,44.854434
14.898482,44.807266
14.898467,44.807336
14.898459,44.807396
14.898454,44.807459
14.898454,44.807518
14.909107,44.848523
14.968318,44.605884
14.939955,45.040924
14.919849,44.927352
15.670583,44.612863
14.898473,44.726532
14.92409,44.712661
14.924181,44.712715
15.071521,44.824373
15.05469,44.820908
14.892388,44.857125
14.949766,45.019119
14.881466,44.797568
14.915095,44.733482
15.289041,45.013658
15.239358,45.001513
14.909174,44.695483
14.908495,44.845042
14.908264,44.845157
14.921211,44.930251
14.985138,44.887284
14.93155,45.06661
14.899494,44.705177
14.882042,44.798339
14.882064,44.798384
14.921642,44.695576
14.921889,44.93453
15.0283,44.95983
15.02814,44.959726
15.936189,44.685104
15.051532,44.826074
14.924776,44.960796
14.924839,44.960761
15.948208,44.653735
14.987594,45.032944
15.077428,44.812442
14.881011,44.798931
15.677063,44.448116
14.900835,44.792571
14.900678,44.79276
15.630587,44.591388
14.92097,44.929542
14.919126,44.928177
15.082693,44.811175
15.250662,45.039401
14.906173,44.749412
15.70323,44.371629
14.95794,44.857823
14.958242,44.857526
15.649518,44.366461
15.213825,45.081599
15.029073,44.826842
15.194833,45.029961
14.891054,44.71782
14.914923,45.034563
16.03889,44.452941
14.900696,44.792614
15.20257,45.0328
14.916995,44.916723
15.795073,44.315364
15.768936,44.316802
15.756883,44.325922
14.9217,44.929232
14.987377,45.033029
15.648442,44.368033
15.058053,44.679355
15.201406,45.054235
14.898635,44.740153
14.963369,44.618393
14.906236,44.778742
14.930147,44.948093
15.029143,44.826784
14.893144,44.854913
15.167134,45.021771
14.896573,44.705995
14.896703,44.705937
14.896637,44.705973
15.947621,44.703144
14.924949,44.960644
14.925021,44.960614
15.007981,44.977798
15.008236,44.977776
15.33214,44.991294
14.923275,44.713521
14.893266,44.85797
14.893182,44.790962
15.007725,44.977879
14.915507,44.912109
15.687826,44.392712
15.687835,44.392803
15.687893,44.39293
15.688005,44.393243
15.687922,44.393109
15.688084,44.393347
14.96823,44.605775
15.010303,44.8942
14.971076,44.884404
15.979569,44.645216
14.897578,44.741078
14.924668,44.70109
14.971946,44.87379
14.911767,44.696338
15.070876,44.824835
14.903636,44.763709
14.971351,44.883792
14.921833,44.926834
14.918311,44.720651
15.049114,44.827823
15.773171,44.313645
14.922478,44.934115
14.930174,45.076717
15.70062,44.354406
14.987528,45.033753
15.638144,44.383132
14.910528,44.696269
14.912889,44.683968
14.967576,44.605661
15.671242,44.346306
14.911882,44.695852
14.922263,44.938627
14.917239,45.020782
14.971754,44.884268
14.908782,44.723351
14.89802,44.706672
15.080691,44.923393
15.683434,44.391804
14.892406,44.857081
15.058886,44.679833
15.058792,44.679889
15.644301,44.390355
15.205488,45.04953
14.972255,44.883688
15.048366,44.829722
15.047735,44.829501
16.009856,44.655728
15.717874,44.34853
14.920652,44.929686
15.152312,45.02982
15.048325,44.828545
14.957739,45.032831
15.266952,45.005677
14.898668,44.716228
15.152357,45.037237
14.921699,44.928465
14.938821,44.659088
15.941117,44.700068
15.654854,44.439659
14.885379,44.817123
14.885471,44.817129
14.885326,44.817084
14.891776,44.854698
14.881624,44.798518
15.953323,44.655085
15.266878,45.005566
14.920278,44.928659
14.920147,44.928528
14.919992,44.928376
14.905235,44.748758
14.951755,45.039279
14.882059,44.796458
14.941091,44.725354
15.079388,44.820812
14.899857,44.725301
14.900169,44.724641
15.072073,44.821978
14.973961,44.606343
14.973943,44.606409
14.915234,44.733389
14.896821,44.706278
14.968228,44.605736
15.813123,44.307497
15.071941,44.816724
15.057388,44.741865
15.089298,44.827873
15.061238,44.819795
14.970261,44.60449
15.232871,45.044256
15.671368,44.613313
14.918339,45.01719
14.919054,44.928472
15.270661,45.005297
14.910442,44.843692
15.258624,45.001754
15.671671,44.386365
15.717549,44.347838
14.898721,44.717606
14.898865,44.717476
14.899101,44.717096
14.898695,44.717114
14.892372,44.709902
14.892359,44.709796
14.921874,44.930676
14.936299,44.677112
14.936339,44.677065
14.936124,44.677491
14.909814,44.724586
14.909873,44.724675
15.66578,44.446675
15.712659,44.36347
15.987094,44.6494
14.920323,44.929349
14.922036,44.929
14.938004,45.054297
14.975317,44.866553
14.883589,44.815232
14.917647,44.926393
15.05922,44.679636
15.059333,44.679419
15.151452,45.036829
15.201751,45.033027
15.718735,44.357407
15.177084,45.014653
15.000286,44.980292
15.758443,44.323547
14.959565,44.930993
16.000516,44.651873
14.882638,44.813619
15.051712,44.821448
15.052034,44.821361
14.954578,44.856267
14.954531,44.85638
14.88089,44.818889
15.073644,44.823267
14.893,44.854993
14.893087,44.855054
15.215582,45.053957
14.893913,44.857172
15.686314,44.384221
15.645418,44.378326
15.66489,44.4131
14.881914,44.798177
15.694924,44.384576
14.929659,44.666383
14.967953,44.606065
14.972762,44.874547
14.95563,45.014949
16.075668,44.483241
15.705886,44.352886
14.899114,44.739049
15.672574,44.576137
15.05082,44.823363
14.894859,44.856459
15.669056,44.374144
14.883038,44.814554
14.882896,44.814398
14.882967,44.814509
14.947007,44.649729
14.89818,44.706328
14.898225,44.706355
14.898219,44.706287
14.907125,44.758183
14.937773,45.019725
15.65009,44.360525
15.667005,44.440465
15.670089,44.613539
15.621902,44.620819
15.658262,44.595937
15.65799,44.595535
15.207083,45.054677
15.660943,44.355367
15.660774,44.355919
15.660606,44.357118
15.710565,44.377877
15.683928,44.39284
15.804938,44.313898
14.922901,44.92928
14.900401,44.72475
15.626591,44.374601
15.05071,44.931939
14.921015,44.928811
14.897632,44.740838
14.897054,44.722565
15.9314,44.706
15.150524,45.040457
14.99866,45.031402
14.998757,45.031336
15.071847,44.81704
14.955694,45.014965
14.893871,44.85688
15.651956,44.364215
14.919752,44.928401
14.917894,44.925829
14.933384,45.066828
14.933619,45.066744
15.634804,44.354029
14.90569,44.74854
14.920857,44.924959
15.193535,45.028046
15.193475,45.028078
14.995953,45.032308
15.704983,44.40893
15.804907,44.313169
14.882149,44.817426
14.915787,44.73332
14.901887,44.692277
14.897801,44.740334
14.970854,44.601137
15.706138,44.352816
15.050911,44.931778
15.745491,44.336971
15.205633,45.050594
14.899095,44.738573
14.882377,44.81398
14.967825,44.607107
15.079648,44.821028
15.254834,45.006905
14.929578,44.947877
15.640655,44.330379
15.049346,44.824607
14.936139,44.677438
14.936288,44.677354
14.882349,44.798764
15.744761,44.337077
14.917118,44.925902
14.972377,44.993008
14.897072,44.773623
14.95855,44.941928
14.898484,44.72456
15.743378,44.336406
15.74359,44.336535
15.635423,44.354018
15.635575,44.354017
14.958909,45.015308
15.050551,44.823496
14.950196,45.018593
15.795023,44.315956
15.176835,45.047455
15.205708,45.022806
14.906612,44.813486
14.892581,44.85486
15.665488,44.590542
14.892637,44.854921
14.892699,44.854997
14.99763,45.032152
14.909459,44.726162
16.026838,44.627247
15.64432,44.379651
15.644291,44.379709
14.897995,44.705327
14.921956,44.928942
14.883874,44.815819
15.668206,44.388588
15.628708,44.370928
15.04996,44.829837
15.984562,44.646292
15.982472,44.648727
15.98259,44.648501
15.772519,44.315229
15.772567,44.314867
14.940362,45.051158
15.031998,44.955277
15.03201,44.95502
14.910077,44.72515
15.128142,45.05019
15.130987,45.048127
15.125229,45.046022
15.124922,45.048624
15.128816,45.048106
15.125092,45.04866
15.130147,45.048083
15.128249,45.049344
15.125761,45.048949
15.1277,45.049143
15.126205,45.047309
15.129065,45.047919
15.125303,45.048698
15.126984,45.048883
15.126428,45.047562
15.127536,45.04779
15.124903,45.045907
15.128278,45.048862
15.125878,45.046286
15.125592,45.04877
15.125554,45.048919
15.127944,45.048853
15.131297,45.044614
15.133012,45.043659
15.131383,45.045183
15.131675,45.04458
15.132767,45.045138
15.13267,45.044095
15.132653,45.045842
15.132638,45.046718
15.132234,45.046221
15.133338,45.043839
15.131341,45.044453
15.13254,45.045466
15.132616,45.044995
15.132219,45.045086
15.133031,45.04591
15.130754,45.034906
15.130263,45.036484
15.129262,45.034876
15.130161,45.036287
15.127747,45.034109
15.131251,45.033578
15.130459,45.033492
15.127829,45.034421
15.12827,45.034168
15.129993,45.037325
15.131099,45.036384
15.131444,45.036469
15.130464,45.03651
15.1314,45.037016
15.128956,45.034964
15.135073,45.033795
15.137407,45.035106
15.133089,45.03366
15.136171,45.034682
15.136899,45.034731
15.135817,45.034536
15.135685,45.034483
15.131703,45.032772
15.132528,45.033459
15.13328,45.032812
15.134945,45.033633
15.13751,45.034854
15.136538,45.034596
15.135168,45.03462
15.140582,45.033469
15.145811,45.031705
15.140884,45.032881
15.144524,45.032305
15.145571,45.03259
15.142738,45.034628
15.140832,45.033426
15.143538,45.034871
15.140854,45.033221
15.140759,45.03323
15.14571,45.031914
15.145464,45.034098
15.141202,45.03304
15.145255,45.034152
15.14264,45.034232
15.143743,45.034123
15.144603,45.031866
15.142209,45.033396
15.131863,45.043829
15.132368,45.044758
15.133992,45.033074
15.128495,45.033836
15.125128,45.046376
15.125453,45.046511
15.126717,45.049013
15.132869,45.032775
15.145357,45.032521
14.899051,44.739103
14.899215,44.738875
15.132384,45.033238
14.971216,44.884024
14.899021,44.739482
14.898984,44.739596
14.898967,44.739389
14.898991,44.739301
14.899014,44.739196
14.898814,44.739932
14.89907,44.739814
14.898111,44.740192
14.956522,45.014902
14.926699,44.953702
15.059327,44.67953
15.944847,44.656703
15.938907,44.641961
14.949199,45.043797
15.699057,44.557007
15.655745,44.599512
15.625541,44.619055
15.047111,44.821399
14.921144,44.92332
14.920404,44.923266
14.922302,44.928659
14.922264,44.928574
15.052431,44.824814
14.907357,44.812391
14.963388,44.939962
15.04863,44.821543
15.042798,44.830017
14.897127,44.711677
15.09756,44.819891
14.918014,45.022051
14.893099,44.857558
14.900583,44.759441
14.964043,45.032294
15.684385,44.347513
15.667466,44.375001
15.671358,44.370427
15.668882,44.412233
15.691606,44.387212
15.683867,44.393173
14.99786,45.0134
14.903138,44.70722
14.898841,44.715323
14.898746,44.717413
14.900333,44.71591
14.897267,44.737046
14.899307,44.739948
14.907621,44.75735
14.97198,45.032954
14.975589,45.033563
14.969538,45.032314
14.952678,45.039463
14.982239,45.015979
14.894882,44.856738
14.959425,44.931468
14.883228,44.815408
14.920893,44.930763
15.632207,44.472226
15.266219,45.005914
15.730261,44.396282
15.640101,44.387281
15.736427,44.395022
15.77021,44.318679
15.621604,44.471178
15.046969,44.829107
15.130368,45.036633
15.666148,44.441148
14.920732,44.928863
14.920622,44.928836
14.996917,44.977979
14.963463,45.032043
15.656643,44.359506
15.181791,45.031187
15.181901,45.03131
16.051073,44.478114
15.941518,44.643237
15.640244,44.385114
15.690587,44.385056
15.743592,44.336851
14.892076,44.855072
14.97335,44.665334
14.887974,44.837044
14.952028,44.995768
15.090597,44.819887
14.898628,44.721427
14.898584,44.72142
14.898593,44.721306
14.898641,44.721308
14.898696,44.721313
14.899334,44.72079
14.898735,44.721041
14.89884,44.721014
14.898963,44.720958
14.898997,44.720927
14.899037,44.720911
14.899083,44.720893
14.899119,44.720877
14.899201,44.720839
14.89955,44.720916
14.89929,44.721015
14.899631,44.72088
14.899511,44.720934
14.899334,44.720994
14.899075,44.721103
14.898759,44.721069
14.898716,44.721013
14.898883,44.720995
14.898925,44.720978
14.899159,44.720858
14.899256,44.720829
14.899292,44.720809
14.899374,44.72077
14.899415,44.720753
14.899455,44.720735
14.899484,44.720705
14.899526,44.720686
14.899573,44.720672
14.899617,44.720654
14.899223,44.721048
14.899593,44.720895
14.899473,44.720961
14.899445,44.720977
14.899377,44.72098
14.899255,44.721033
14.899172,44.721067
14.899124,44.721087
14.898949,44.721194
14.898986,44.721179
14.899027,44.721164
14.899066,44.721149
14.89886,44.721187
15.000598,44.980793
14.884661,44.815041
14.893494,44.855812
14.898318,44.721514
14.898339,44.721378
14.898368,44.72131
14.898371,44.721277
14.898374,44.721244
14.898361,44.721202
14.898364,44.72117
14.898358,44.721586
14.89836,44.721555
14.898322,44.721478
14.898328,44.721444
14.898331,44.72141
14.89836,44.721345
14.898378,44.721092
14.898403,44.721069
15.959648,44.687492
15.946328,44.703199
14.898192,44.722991
14.898314,44.723098
14.898183,44.723042
14.898352,44.723121
14.898218,44.723063
14.898272,44.723076
14.898162,44.722975
14.897943,44.72288
14.897975,44.722902
14.898046,44.722909
14.897616,44.722696
14.897656,44.722712
14.897719,44.722723
14.897753,44.722743
14.897786,44.722761
14.897821,44.72278
14.897852,44.722799
14.89787,44.722838
14.897907,44.72286
14.898076,44.722928
14.898123,44.722952
14.897976,44.723126
14.898012,44.723148
14.897935,44.723102
14.898146,44.723237
14.897406,44.722812
14.897441,44.722834
14.897481,44.722852
14.897531,44.722869
14.897569,44.72289
14.897613,44.722908
14.897653,44.722929
14.897686,44.72295
14.897706,44.722988
14.89774,44.723004
14.897769,44.723022
14.897806,44.723042
14.897847,44.723067
14.897896,44.723079
14.898039,44.723173
14.898069,44.723191
14.898105,44.72321
14.898191,44.723262
14.898899,44.722249
14.898944,44.722184
14.898975,44.722161
14.898928,44.722223
14.89901,44.722137
14.899041,44.722111
14.89907,44.722087
14.899105,44.72206
14.899133,44.722038
14.899168,44.722018
15.662873,44.358511
14.898346,44.722404
14.898424,44.722409
14.898393,44.722577
14.897974,44.72254
14.898046,44.722361
14.897876,44.722524
14.898246,44.722589
14.898145,44.722581
14.898056,44.722575
14.898008,44.722337
14.898093,44.722364
14.897926,44.722538
14.897908,44.722332
14.898541,44.722378
14.89849,44.722377
14.89849,44.722585
14.89777,44.722494
14.898343,44.722573
14.898298,44.7224
14.898196,44.722585
14.898022,44.722543
14.898188,44.722387
14.897718,44.722328
14.898385,44.722406
14.898295,44.722592
14.898244,44.722394
14.898141,44.722384
14.897766,44.72253
14.897765,44.722331
14.897862,44.722326
14.89796,44.722337
14.897761,44.722563
14.897814,44.722335
14.898097,44.722578
14.898443,44.722581
14.89812,44.721853
14.898327,44.721966
14.898643,44.721618
14.898068,44.722054
14.899341,44.721355
14.898285,44.721993
14.899247,44.721617
14.898853,44.721744
14.897571,44.722049
14.898663,44.721651
14.897734,44.722008
14.897909,44.722161
14.89861,44.721806
14.89862,44.721585
14.898033,44.722078
14.897823,44.72197
14.899293,44.721368
14.899426,44.721328
14.897989,44.722094
14.898433,44.721886
14.89794,44.722194
14.898277,44.721744
14.898151,44.721842
14.899541,44.721495
14.89814,44.722065
14.897681,44.722031
14.898775,44.721774
14.898816,44.721755
14.899022,44.72168
14.898981,44.721692
14.89819,44.721823
14.89801,44.721871
14.898468,44.721868
14.899208,44.721633
14.899511,44.721295
14.899381,44.721341
14.899201,44.721397
14.899039,44.721468
14.898955,44.7215
14.89883,44.721546
14.899131,44.721441
14.899366,44.721569
14.899129,44.721673
14.899498,44.721511
14.898907,44.721742
14.898629,44.721837
14.898949,44.72173
14.898728,44.72179
14.899453,44.721528
14.89941,44.721547
14.899287,44.721603
14.899168,44.72165
14.899584,44.721481
14.899087,44.721689
14.898649,44.721865
14.899325,44.721584
14.899247,44.721382
14.899,44.721483
14.898915,44.721515
14.899629,44.721238
14.89959,44.721251
14.899554,44.721281
14.899469,44.721315
14.899164,44.721414
14.899082,44.721457
14.898871,44.721528
14.898784,44.721562
14.898745,44.721575
14.898254,44.722008
14.897868,44.721955
14.898182,44.722045
14.898364,44.721941
14.8976,44.722081
14.897632,44.722107
14.898236,44.721759
14.89794,44.721921
14.898317,44.721723
14.898233,44.721804
14.897905,44.721938
14.898049,44.721858
14.897977,44.721907
14.897773,44.721967
14.89788,44.722132
14.898221,44.722028
14.898387,44.721906
14.897173,44.722695
14.89745,44.722533
14.897515,44.722325
14.897393,44.72218
14.917386,45.026702
14.89266,44.854765
14.89307,44.85474
14.892822,44.85475
15.067878,44.9214
15.135684,45.033158
14.880684,44.818108
15.136677,45.034678
15.998074,44.649176
14.973698,44.630156
15.668315,44.374458
15.176774,45.047155
16.097508,44.480899
15.695487,44.356471
15.671729,44.613953
16.001651,44.636708
15.991409,44.647928
15.651801,44.420861
14.909983,44.72527
15.65131,44.347643
14.920508,44.9298
14.938304,44.658967
14.938374,44.658894
15.702113,44.355186
15.27439,45.00978
14.895927,44.747873
14.921789,44.932066
15.666806,44.440166
14.935171,44.678578
14.930976,44.666793
15.072643,44.8202
14.926578,44.948154
14.920451,45.016059
14.924992,44.94694
15.649747,44.365864
15.651679,44.421031
14.91943,44.908441
14.919261,44.908448
15.687439,44.391392
14.998648,45.031159
15.047962,44.821543
14.963551,45.00275
15.254288,45.0355
15.254271,45.035078
14.919253,45.019388
15.689648,44.391954
15.960679,44.687408
15.958468,44.675753
15.960391,44.687342
15.954964,44.695852
15.95994,44.675595
15.960848,44.687382
15.95649,44.677479
15.956944,44.677029
15.961176,44.675528
15.961719,44.675993
15.962896,44.676824
15.955351,44.695623
15.955691,44.695482
15.132486,45.045016
15.667111,44.440355
14.924419,44.701584
15.127957,45.049008
15.263117,45.004885
15.262138,45.004866
15.688488,44.36119
15.173445,45.029152
15.745302,44.336733
15.819341,44.30302
15.089194,44.819054
15.089186,44.819101
14.89283,44.855747
14.892867,44.855662
14.958633,45.017625
14.958763,45.017476
14.958519,45.017706
14.931575,45.073682
14.931621,45.073623
15.640124,44.467068
15.687897,44.392392
14.974223,44.628951
14.931212,44.666699
15.667279,44.375161
15.067107,44.819982
14.941456,45.052367
15.712211,44.348008
15.646975,44.361826
14.975293,45.010304
15.778599,44.317918
14.894404,44.854744
15.126626,45.04777
15.738304,44.395171
14.926136,45.073511
15.208249,45.047738
15.060357,44.816917
15.131611,45.043935
14.92517,44.94709
15.70295,44.410089
15.040801,44.823799
15.151542,45.029324
15.190757,45.035859
14.971131,44.878452
14.93237,45.065964
14.930583,45.076192
15.672512,44.568993
15.672282,44.568898
15.679727,44.567526
15.680153,44.567726
15.988925,44.653983
15.194168,45.058494
14.939248,45.048981
14.891926,44.854819
14.907157,44.812029
15.051825,44.824761
15.66247,44.612144
14.971589,45.032984
14.953787,45.03755
14.95373,45.036727
14.960913,45.032258
14.965357,45.03264
14.964517,45.027668
14.948353,45.028656
15.798045,44.313722
14.948114,45.028592
14.958652,45.016953
15.070281,44.824588
15.070871,44.824205
15.083205,44.811055
15.942378,44.64572
15.944652,44.646506
15.941818,44.645423
15.941152,44.643269
15.94118,44.64297
15.935438,44.636271
15.93552,44.636211
15.941004,44.63358
15.676092,44.380193
14.909514,44.847389
14.980108,45.033417
14.988573,45.033229
14.989551,45.033311
14.994531,45.031573
14.999481,45.031067
15.001509,45.035582
14.999043,45.030811
15.944721,44.6581
15.944104,44.665558
15.944143,44.666216
15.944343,44.668003
14.940384,45.044789
14.941283,45.046785
14.940768,45.050575
14.940602,45.051755
14.937853,45.054867
15.631664,44.580139
15.626932,44.571335
15.619078,44.568559
15.625272,44.577077
15.77504,44.310424
15.760853,44.325041
15.66663,44.440328
14.913806,44.873136
14.905323,44.748696
14.920481,44.927915
15.625338,44.61921
15.658534,44.599534
15.658941,44.599261
14.981986,45.015374
14.950633,45.004906
14.951974,44.997562
14.952869,44.993835
15.274295,45.020783
14.918775,45.017207
14.917581,45.02047
14.920677,45.038294
16.065758,44.50028
15.07761,44.913706
15.94149,44.645283
16.056126,44.495409
15.650018,44.460738
15.626906,44.571055
15.619113,44.571953
15.625208,44.577317
15.623077,44.574685
15.940858,44.645115
15.051951,44.825728
15.661085,44.374312
15.05957,44.817244
14.969998,45.032261
14.910377,45.060022
14.979857,44.619733
15.059606,44.816525
14.978296,44.611951
14.978676,44.611739
14.93396,45.070789
15.686307,44.418642
16.019036,44.63222
14.909966,44.723944
14.909893,44.723851
15.703423,44.352376
15.689177,44.36845
15.689174,44.368597
14.973751,44.994102
14.978352,44.869029
15.070296,44.824269
14.948152,45.02855
14.962708,44.685276
14.920768,44.930281
14.920744,44.930165
14.920732,44.930092
14.955672,45.015149
15.647342,44.377741
15.655922,44.39523
14.976209,45.034193
14.954121,44.857117
14.95442,44.857112
14.952117,44.995804
15.080236,44.817703
15.079787,44.820626
15.07131,44.824422
15.059898,44.816496
15.049225,44.822407
15.053235,44.825041
14.917852,45.017403
14.956573,45.033839
14.947867,45.028557
15.796035,44.316623
14.96339,45.002953
14.914857,45.035648
14.914818,45.035936
15.895564,44.740168
15.071432,44.824091
16.051455,44.480519
14.898428,44.734388
14.9019,44.756531
14.905455,44.748512
14.904168,44.749132
14.908365,44.741537
14.90822,44.741742
15.741363,44.387738
14.881767,44.796663
14.922805,44.928378
14.880651,44.795609
14.880618,44.795547
15.573315,44.397988
15.57968,44.401701
15.59661,44.383071
15.597085,44.381206
15.599313,44.379141
15.598547,44.378692
15.597065,44.377204
15.60356,44.377225
15.597086,44.376963
15.596592,44.381618
15.58113,44.401706
15.580244,44.401985
15.580193,44.401511
15.578229,44.397907
15.579139,44.394358
15.573654,44.391285
15.641817,44.407615
15.585852,44.39431
15.584302,44.395323
15.583568,44.395439
15.584744,44.394359
15.584965,44.39434
15.583759,44.395365
15.584634,44.394872
15.585284,44.394236
15.581006,44.394415
15.582284,44.394671
15.581719,44.394687
15.579749,44.393968
15.581838,44.394501
15.581968,44.39445
15.577386,44.393739
15.578709,44.393657
15.577838,44.393698
15.573946,44.393269
15.573186,44.395296
15.574098,44.395192
15.574023,44.39451
15.573155,44.395479
15.573803,44.397265
15.573476,44.397257
15.573576,44.390452
15.574559,44.392201
15.591287,44.387427
15.598684,44.379039
15.593239,44.386062
15.600887,44.375351
15.594658,44.377455
15.601516,44.375302
15.596097,44.375581
15.596978,44.380838
15.612864,44.379847
15.597128,44.377736
15.597598,44.377084
15.603136,44.377079
15.595941,44.375308
15.598343,44.378165
15.601294,44.375591
15.613879,44.379705
15.605665,44.38024
15.573176,44.396877
15.577579,44.397916
15.579073,44.397537
15.573326,44.401783
15.598195,44.373665
15.579004,44.402438
15.641048,44.407916
15.591629,44.395392
15.581064,44.394641
15.612363,44.380117
15.610352,44.379472
15.574183,44.394228
14.91384,44.873187
15.687363,44.389737
15.132702,45.046368
14.950992,45.004487
15.68724,44.390525
14.897634,44.741295
14.971412,45.032829
15.051819,44.82289
14.948226,45.037968
15.682269,44.389844
15.682387,44.389943
15.021597,44.959284
15.721315,44.343977
14.967414,44.607359
14.924011,44.932591
15.713582,44.375297
15.614834,44.388607
15.675836,44.387773
15.637092,44.38883
14.928849,44.708929
15.136782,45.034932
14.991314,45.034282
16.10878,44.4776
16.108862,44.477597
16.109138,44.477268
16.109395,44.477374
15.717967,44.348955
15.717957,44.349217
14.927433,44.953259
15.651001,44.365448
14.921132,44.928214
14.958834,44.944479
14.958906,44.944461
14.896359,44.705765
14.899371,44.70647
14.969889,44.60461
15.157925,45.032821
15.664366,44.355137
14.955545,45.01513
14.93727,44.659632
15.163652,45.026255
15.126995,45.047736
14.961182,44.932599
14.961294,44.932488
14.986962,44.870131
14.991449,45.034209
15.216491,45.053822
14.960065,44.9446
15.648397,44.367183
15.651731,44.362596
14.930065,44.948205
15.662606,44.445574
15.769353,44.31654
15.152515,45.037107
15.152611,45.037204
15.943949,44.660555
14.928883,44.708852
14.940121,45.041557
14.92061,44.92958
15.675733,44.455344
14.881316,44.814
14.881473,44.814051
15.072965,44.819809
15.072902,44.819935
14.903588,44.721916
14.903415,44.721888
15.141192,45.034901
15.128945,45.03471
14.887592,44.836989
14.887757,44.837051
15.270329,45.024563
15.152687,45.029902
15.656819,44.355447
15.690848,44.386505
15.680975,44.565052
15.698454,44.320667
15.206683,45.052376
15.673936,44.342095
15.668451,44.38171
14.960812,45.034323
15.687531,44.432296
15.596874,44.380959
15.127234,45.04765
15.697315,44.562653
15.597384,44.603984
15.685625,44.394354
15.033191,44.8272
15.704881,44.35226
15.660871,44.355709
15.660718,44.356531
14.905239,44.763451
15.082865,44.820496
15.260039,45.030139
14.954939,44.856873
15.152399,45.029071
15.206742,45.052327
16.043602,44.4862
15.244145,45.000259
15.137218,45.034815
14.884169,44.815693
15.070794,44.820675
15.03186,44.827102
15.67228,44.369812
15.672293,44.370129
15.672132,44.370493
15.246441,45.024262
15.661985,44.593195
15.208937,45.022227
15.659847,44.358089
15.659616,44.358245
15.659689,44.358141
14.924897,45.074104
14.924908,45.074013
14.922149,44.933039
15.611774,44.434411
15.898259,44.743057
15.897513,44.743206
15.042837,44.829423
14.944201,45.041425
14.963146,44.618504
14.96319,44.618462
15.769105,44.316698
14.883947,44.815651
14.930923,45.0671
14.925383,44.779226
14.925399,44.779144
15.677549,44.383942
15.703466,44.42397
15.703905,44.424009
15.669901,44.384485
15.216931,45.052353
14.937746,44.679948
15.178844,45.027842
14.897389,44.721547
14.940937,44.644524
15.673381,44.342697
15.684456,44.392901
15.750791,44.344162
14.907986,44.817754
14.95504,44.856013
15.685968,44.369407
15.091397,44.818959
15.268001,45.024699
15.047182,44.828674
14.898705,44.717212
14.904995,44.745367
15.767689,44.321235
15.714772,44.348135
14.921561,44.928202
14.922206,44.928119
14.922186,44.928197
14.922219,44.928345
14.922247,44.92842
14.951551,45.068091
14.952056,45.068021
14.920529,44.927627
14.917714,44.92557
14.952465,44.995472
14.899838,44.720574
15.983811,44.648392
14.937915,44.916129
14.937959,44.915917
14.948427,44.906231
14.991281,44.901546
15.075759,44.925866
14.924448,44.705354
15.033079,44.827336
15.073569,44.819383
15.079933,44.810068
15.062513,44.819176
14.953983,45.036977
14.964053,45.032093
15.133369,45.033057
16.034654,44.446417
16.053409,44.448414
16.047903,44.475849
16.039681,44.495215
16.088929,44.500872
16.068626,44.462114
14.958869,45.017419
14.981727,45.035506
14.947738,45.037846
14.940954,45.048507
14.94105,45.050026
14.936431,44.6596
14.970773,44.604358
14.955162,44.64437
14.955339,44.644241
14.955644,44.644143
14.971379,44.624763
14.892817,44.79409
14.908599,44.741676
14.925507,44.782747
14.974565,44.997879
14.952439,44.995695
14.986354,44.870444
14.958566,44.892757
14.950279,44.889111
14.951066,44.885964
14.917341,45.020581
14.914687,45.035865
15.055531,44.928441
15.052593,44.930222
15.055342,44.928657
15.993059,44.654851
14.929888,44.664898
16.005622,44.635418
15.93176,44.648478
15.931798,44.648597
15.931638,44.648789
15.904956,44.734614
15.945434,44.655517
15.945436,44.656058
15.582799,44.396104
15.7017,44.426106
15.183394,45.056919
15.003118,44.980443
16.00195,44.63136
15.980935,44.628231
15.707841,44.379775
15.12911,45.048136
14.919915,44.908949
15.743332,44.325797
14.898651,44.715691
15.289561,45.013356
16.104725,44.478357
14.941096,45.052424
15.688364,44.390478
15.599787,44.60265
14.91887,44.928497
15.574275,44.395484
14.920265,44.928969
14.92025,44.928924
15.685562,44.390512
15.681781,44.38993
15.68075,44.389141
15.613438,44.434658
15.047611,44.829214
15.047627,44.828904
14.892296,44.854913
14.892199,44.854854
15.70897,44.350875
15.768522,44.317998
14.898156,44.741256
14.985437,44.887792
14.898132,44.74071
14.9571,45.01656
14.890808,44.854128
14.913949,44.914663
15.579343,44.394347
15.081845,44.920065
14.948496,44.906009
15.761621,44.3325
14.914375,44.733798
15.132175,45.032708
14.892119,44.854804
15.052078,44.824657
14.921553,44.928121
14.920664,44.929768
14.892858,44.855038
14.909231,44.847814
14.892076,44.855142
15.244818,45.041613
15.244635,45.041682
15.76432,44.335986
15.66285,44.371389
15.128684,45.04788
15.128523,45.049167
14.905783,44.778539
14.9062,44.778646
15.04777,44.821413
15.731771,44.344029
15.16598,45.026972
15.073018,44.81949
15.5781,44.393614
15.707611,44.376697
14.956832,45.033798
14.955431,45.014891
14.920912,44.930951
15.04227,44.830403
15.052427,44.825383
15.207296,45.053804
15.128419,45.048266
14.898269,44.706201
14.909611,44.725763
14.94337,45.048453
14.943389,45.048578
14.90302,44.723563
14.903104,44.723467
14.987056,44.87
16.052495,44.517068
15.771563,44.311406
14.947648,45.028408
15.047942,44.821383
15.631715,44.616727
15.200128,45.03497
14.947575,45.040965
15.20743,45.054158
15.246132,45.040053
16.000576,44.652856
14.922758,44.928691
14.918474,44.719825
15.739578,44.374692
15.795794,44.316841
15.74698,44.332901
14.950972,44.886126
14.950915,44.886316
15.649237,44.351687
15.207852,45.021608
14.897961,44.705234
14.898358,44.706262
15.127261,45.047931
15.157761,45.031923
15.206842,45.053339
15.051916,44.825501
15.152943,45.029741
14.896569,44.706142
15.670994,44.585605
15.670771,44.585846
14.974542,44.992736
15.000162,44.980083
15.673692,44.571367
14.898069,44.706188
14.898679,44.716064
14.974831,44.997801
14.974777,44.997889
15.047436,44.8287
15.71793,44.348389
14.892004,44.855827
15.598584,44.616653
15.611808,44.619135
15.612139,44.618531
15.611316,44.619522
15.619924,44.62587
15.629495,44.618335
15.631962,44.617056
15.713291,44.543784
15.164655,45.023132
15.164755,45.022643
15.047612,44.82876
15.638361,44.588195
15.620613,44.590725
15.618673,44.593934
15.048631,44.821954
15.639542,44.601542
14.985451,44.888021
14.898778,44.717809
14.898746,44.717651
14.958813,44.944667
15.676155,44.344554
15.244052,45.041169
14.9201,44.923991
15.619811,44.597446
15.584296,44.404228
15.083432,44.811648
14.956158,44.957598
15.637519,44.372509
15.769879,44.318771
15.183298,45.032408
15.987279,44.643981
15.988978,44.644934
15.663045,44.375716
15.597129,44.60411
14.966533,44.6056
14.920238,44.928812
14.924706,44.713908
14.924796,44.713879
15.339691,44.796336
15.234476,44.866998
15.137746,44.985121
15.268699,44.501412
15.601092,44.921289
15.714794,44.74633
15.715155,44.745987
15.714708,44.745999
15.714636,44.745874
15.714753,44.745809
15.714432,44.745764
15.715712,44.745555
15.71446,44.745521
15.713805,44.746259
15.714063,44.746452
15.714119,44.746809
14.745572,44.688284
14.748036,44.687628
14.749511,44.686811
14.749692,44.686577
14.749543,44.686221
14.751052,44.68595
14.750695,44.685914
14.749967,44.685863
14.751406,44.68502
14.751738,44.684948
14.735389,44.697025
14.734615,44.695805
14.735079,44.695456
14.73543,44.69529
14.735127,44.695147
14.734698,44.695237
14.734326,44.695065
14.734368,44.69551
14.734091,44.695199
14.733663,44.694125
14.733734,44.693632
14.733851,44.693519
14.734311,44.693221
14.735508,44.692897
14.735896,44.692933
14.736691,44.693158
14.736874,44.692888
14.737203,44.692625
14.737658,44.692217
14.736766,44.692208
14.734626,44.691207
14.734159,44.690888
14.734372,44.690739
14.734151,44.690559
14.734596,44.690872
14.734875,44.690841
14.735328,44.691028
14.735719,44.690603
14.736205,44.690838
14.735485,44.691338
14.736112,44.691515
14.736387,44.691475
14.736819,44.691585
14.737072,44.69139
14.736884,44.691127
14.736714,44.69105
14.736887,44.690806
14.737261,44.691009
14.737521,44.691252
14.738139,44.691456
14.737392,44.690964
14.737306,44.690835
14.737175,44.69058
14.737467,44.690754
14.737588,44.690505
14.737888,44.690701
14.738043,44.690617
14.73788,44.690542
14.737765,44.69048
14.737662,44.690361
14.737585,44.690205
14.73808,44.689959
14.737915,44.69033
14.739041,44.69057
14.739025,44.690106
14.739578,44.689958
14.760854,44.677165
14.766196,44.675273
14.766932,44.675074
14.767601,44.662052
14.767735,44.661956
14.76796,44.661627
14.768079,44.661568
14.768154,44.661537
14.767716,44.660354
14.766372,44.656774
14.766797,44.656565
14.76705,44.656373
14.767426,44.6564
14.767438,44.656694
14.767691,44.656136
14.767729,44.655903
14.767402,44.655682
14.767277,44.655355
14.78255,44.651995
14.782513,44.651873
14.782266,44.65149
14.782555,44.651069
14.782646,44.651008
14.782852,44.650926
14.783029,44.650513
14.783119,44.650249
14.783684,44.649445
14.783793,44.649351
14.783739,44.649324
14.783016,44.649686
14.782775,44.650309
14.782663,44.650406
14.781933,44.651182
14.781618,44.651201
14.781477,44.650456
14.782104,44.649814
14.782403,44.649524
14.781785,44.64953
14.782456,44.649273
14.781667,44.649184
14.782255,44.648782
14.781765,44.648946
14.781777,44.648889
14.782095,44.648592
14.78017,44.647074
14.780966,44.64656
14.780618,44.646159
14.780014,44.646139
14.78023,44.645932
14.780568,44.64554
14.781826,44.645306
14.780644,44.645069
14.780245,44.644896
14.780222,44.64541
14.780123,44.645566
14.779886,44.645507
14.780009,44.645686
14.779732,44.645782
14.779369,44.646113
14.778943,44.646828
14.778786,44.646971
14.778962,44.646254
14.779046,44.645677
14.779398,44.645445
14.778723,44.645637
14.778292,44.646163
14.77794,44.645871
14.778328,44.645601
14.778757,44.645356
14.777951,44.645515
14.776835,44.64633
14.775569,44.645817
14.776057,44.646099
14.776622,44.645812
14.776896,44.645661
14.777112,44.645401
14.777043,44.64519
14.776831,44.645322
14.775881,44.644713
14.776256,44.644509
14.77695,44.644401
14.77724,44.644336
14.777159,44.644558
14.777201,44.644535
14.777795,44.64466
14.777934,44.644873
14.778225,44.645059
14.778464,44.644993
14.779961,44.644706
14.780977,44.644434
14.780729,44.644332
14.780911,44.644029
14.781099,44.643827
14.781149,44.643685
14.780508,44.644198
14.780473,44.644118
14.780087,44.643917
14.780609,44.643742
14.780082,44.643712
14.780311,44.64292
14.780072,44.642607
14.779462,44.642449
14.779022,44.642368
14.779283,44.64227
14.779219,44.642097
14.778777,44.64196
14.77876,44.641652
14.780739,44.643128
14.780955,44.643128
14.780811,44.643484
14.780642,44.643577
14.781939,44.643068
14.782292,44.643292
14.782442,44.642976
14.78293,44.643352
14.783198,44.643339
14.783522,44.643385
14.786705,44.644153
14.786762,44.644455
14.786968,44.644491
14.787209,44.644503
14.787688,44.644853
14.788014,44.644642
14.787702,44.644411
14.787748,44.64435
14.78777,44.644276
14.787801,44.644214
14.787816,44.644163
14.787915,44.644186
14.788402,44.644101
14.787714,44.643923
14.787721,44.64385
14.788254,44.64365
14.787929,44.643572
14.787961,44.643532
14.787729,44.643484
14.787805,44.643431
14.788573,44.643556
14.788401,44.643408
14.78843,44.6433
14.788452,44.643263
14.788498,44.64318
14.788519,44.64314
14.788756,44.643148
14.788593,44.643033
14.788645,44.642914
14.782805,44.639818
14.737398,44.688019
14.74067,44.690089
14.74085,44.689988
14.740479,44.689624
14.740709,44.689489
14.740953,44.689458
14.740848,44.689383
14.741252,44.689394
14.741717,44.689314
14.742294,44.689188
15.008673,44.509755
15.009528,44.509432
15.009883,44.510744
15.010062,44.51051
15.010209,44.510437
15.010429,44.510082
15.010474,44.510038
15.010578,44.509964
15.010486,44.509885
15.009805,44.509685
15.009833,44.509651
15.009996,44.509542
15.010074,44.509468
15.010106,44.50943
15.010171,44.509383
15.010232,44.509347
15.010281,44.50932
15.010319,44.509271
15.010385,44.509235
15.010466,44.509189
15.010627,44.509086
15.010682,44.509057
15.010726,44.509025
15.010799,44.50899
15.010815,44.508909
15.010766,44.509008
15.010858,44.508878
15.010889,44.50885
15.010927,44.508826
15.010973,44.508793
15.011036,44.508753
15.011034,44.509006
15.011077,44.508975
15.011115,44.508942
15.011157,44.508906
15.011215,44.508884
15.011252,44.50885
15.011491,44.508598
15.011762,44.508148
15.01238,44.507918
15.012431,44.507646
15.012141,44.507839
15.01293,44.507285
15.013206,44.507145
15.012749,44.506569
15.013688,44.505338
15.012454,44.505839
15.010843,44.506945
15.011011,44.507201
15.010853,44.508245
15.010645,44.508669
15.010447,44.508719
15.010017,44.50868
15.009698,44.508863
15.00914,44.50894
15.008093,44.509569
14.89128,44.573287
14.891352,44.573078
14.893313,44.573671
14.890471,44.5724
14.891095,44.573073
14.890976,44.573311
14.891042,44.573447
14.946922,44.540539
14.947394,44.540389
14.947507,44.540351
14.947746,44.540275
14.947087,44.540093
14.947257,44.540045
14.947532,44.539995
14.947662,44.539912
14.947888,44.539856
14.948065,44.53981
14.948234,44.539789
14.948392,44.539725
14.948582,44.539663
14.946897,44.539882
14.947009,44.539843
14.94731,44.53972
14.947406,44.539629
14.947637,44.539562
14.94825,44.539412
14.948471,44.539432
14.948739,44.539351
14.948864,44.539312
14.94923,44.539119
14.949353,44.539016
14.946427,44.540197
14.94647,44.53998
14.946464,44.539791
14.946612,44.539618
14.946819,44.539576
14.947139,44.539366
14.947356,44.539339
14.947575,44.539274
14.947903,44.539177
14.948125,44.539152
14.948309,44.539108
14.948508,44.539023
14.948648,44.538993
14.948882,44.538896
14.949062,44.538792
14.949938,44.538679
14.950119,44.538592
14.950339,44.538553
14.950662,44.538458
14.950251,44.539158
14.95044,44.539069
14.950971,44.538745
14.951158,44.538655
14.951358,44.538568
14.951956,44.538389
14.95154,44.537994
14.951646,44.537813
14.952062,44.537961
14.952321,44.537664
14.952663,44.537526
14.952818,44.537363
14.952938,44.537231
14.953263,44.537161
14.953477,44.537566
14.953377,44.537015
14.953559,44.536935
14.953745,44.536868
14.954047,44.536752
14.955342,44.536915
14.954093,44.536387
14.954309,44.536299
14.954463,44.536192
14.954983,44.536058
14.955362,44.536459
14.95495,44.535774
14.955079,44.535659
14.955967,44.536042
14.955246,44.535581
14.955396,44.5355
14.955692,44.535656
14.95606,44.535878
14.955424,44.535392
14.955693,44.535546
14.955672,44.535085
14.956319,44.534528
14.956596,44.534738
14.782853,44.651929
14.782054,44.65195
14.781402,44.650015
15.009442,44.510312
14.946186,44.539932
14.964723,44.525297
14.962304,44.525977
14.962024,44.526116
14.961935,44.526289
14.961872,44.526502
14.961862,44.526885
14.961846,44.527057
14.961722,44.527181
14.962128,44.528778
14.961951,44.528869
14.961764,44.529233
14.961367,44.529309
14.96229,44.5298
14.96262,44.528857
14.962342,44.528643
14.96239,44.52848
14.965278,44.530012
14.965675,44.529759
14.965957,44.529949
14.959788,44.529739
14.96036,44.529334
14.959594,44.530508
14.958609,44.531149
14.958607,44.531308
14.95855,44.531637
14.957846,44.532062
14.958058,44.532593
14.956967,44.532794
14.956777,44.532625
14.956461,44.532944
14.973369,44.526493
14.976256,44.525744
14.976209,44.525564
14.976382,44.525492
14.975738,44.525403
14.976651,44.525275
14.976998,44.524602
14.977745,44.524415
14.97803,44.524139
14.978097,44.524094
14.978637,44.523715
14.981848,44.522365
14.9823,44.522276
14.98324,44.521682
14.983296,44.521618
14.983356,44.520912
14.974831,44.523215
14.974554,44.522997
14.977375,44.523561
14.977481,44.523451
14.977569,44.523385
14.977573,44.523276
14.977757,44.523261
14.977109,44.522983
14.977427,44.52293
14.977082,44.522749
14.977446,44.522611
14.976443,44.52361
14.976331,44.523832
14.975634,44.522963
14.975671,44.522779
14.974669,44.522133
14.979249,44.523766
14.979187,44.523955
14.980319,44.52255
14.962182,44.526701
14.961968,44.526732
14.961596,44.527318
14.96183,44.528951
14.961708,44.527626
14.96227,44.530741
14.96217,44.53024
14.961759,44.52987
14.962037,44.529452
14.962156,44.529937
14.960163,44.529346
14.959956,44.52952
14.95968,44.530369
14.958829,44.530851
14.958732,44.531026
14.959046,44.531878
14.958141,44.531729
14.958093,44.531865
14.95787,44.531991
14.957939,44.532216
14.956627,44.533127
14.965497,44.52991
14.965537,44.530108
14.965758,44.529331
14.965616,44.530053
14.966234,44.529598
14.965759,44.530181
14.965853,44.530113
14.966423,44.529277
14.966801,44.529174
14.967282,44.528959
14.966252,44.530071
14.966295,44.530034
14.96592,44.530013
14.967538,44.528809
14.965868,44.529971
14.967671,44.52869
14.966355,44.529742
14.966406,44.529704
14.96645,44.529662
14.966523,44.529614
14.97487,44.525613
14.974759,44.525777
14.974741,44.525533
14.974551,44.525395
14.982014,44.522291
14.982221,44.522319
14.983378,44.520533
14.983399,44.521415
14.983413,44.521304
14.983378,44.520776
14.979923,44.523828
14.979237,44.524185
14.97913,44.524252
14.979099,44.524298
14.979069,44.524345
14.978336,44.524708
14.978635,44.52494
14.978447,44.525016
14.977643,44.525294
14.977967,44.524901
14.977723,44.525086
14.977873,44.523747
14.976543,44.523158
14.9766,44.522861
14.976439,44.522944
14.976849,44.523039
14.976949,44.523827
14.976875,44.524079
14.976344,44.523682
14.976144,44.523604
14.975657,44.523615
14.976021,44.523012
14.976182,44.522968
14.975966,44.522826
14.976035,44.522726
14.976217,44.522697
14.975917,44.522552
14.975487,44.522531
14.979199,44.523805
14.979093,44.52402
14.97888,44.523988
14.977885,44.525472
14.977823,44.525521
14.97766,44.525746
14.979893,44.523282
14.979508,44.523141
14.980082,44.523146
14.979702,44.523026
14.97977,44.522947
14.980081,44.522474
14.979452,44.522293
14.979237,44.522245
14.979019,44.522155
14.971737,44.527001
14.971824,44.526449
14.972156,44.526548
14.975304,44.525972
14.976079,44.525236
14.97679,44.525194
14.976453,44.524954
14.976909,44.525113
14.976937,44.524879
14.976722,44.524801
14.977231,44.524739
14.976836,44.524733
14.977113,44.524504
14.977825,44.524481
14.977863,44.523945
14.977901,44.524442
14.977964,44.524408
14.977913,44.524308
14.978135,44.523782
14.978078,44.524357
14.97797,44.524184
14.978177,44.524287
14.978223,44.524242
14.978191,44.524015
14.97851,44.523766
14.9798,44.523727
14.96241,44.528324
14.962852,44.528049
14.963848,44.528975
14.974417,44.526346
14.974944,44.526161
14.97724,44.522667
14.97606,44.523135
14.974174,44.521821
14.9833,44.521929
14.983617,44.520934
15.008786,44.51103
15.010319,44.51028
15.010406,44.510607
15.010241,44.510711
14.775899,44.645433
14.778437,44.645953
14.77947,44.644955
14.779539,44.644883
14.779855,44.645189
14.779833,44.644877
14.780077,44.64504
14.78172,44.648089
14.737759,44.691055
14.738246,44.691213
14.73683,44.690644
14.766108,44.674646
14.784322,44.643949
14.784479,44.644127
14.7851,44.643685
14.785138,44.64363
14.785182,44.643458
14.785437,44.643682
14.785332,44.64374
14.785285,44.643839
14.785584,44.643773
14.788692,44.643269
14.78918,44.642972
14.978614,44.524149
14.978534,44.524196
14.978419,44.524317
14.978322,44.524377
14.978268,44.524457
14.978205,44.524515
14.977978,44.524545
14.97763,44.52473
14.977223,44.524965
14.978686,44.524269
14.978648,44.524298
14.978587,44.524324
14.978502,44.524379
14.978374,44.524496
14.978208,44.524609
14.977698,44.524563
14.978669,44.52394
14.979604,44.52381
14.979477,44.523858
14.979372,44.523911
14.979161,44.523014
14.975247,44.524023
14.970173,44.522706
14.974001,44.521503
14.890632,44.572585
14.89137,44.572737
14.891384,44.572472
14.891201,44.572287
14.891274,44.572847
14.893928,44.574277
14.875656,44.608069
14.974906,44.525876
14.977987,44.523588
14.975719,44.523085
14.978018,44.52458
14.947091,44.540448
14.947221,44.540413
14.947472,44.539606
14.949069,44.539245
14.949141,44.539172
14.94608,44.540134
14.94789,44.540268
14.951043,44.538298
14.946976,44.540164
14.956033,44.535727
14.956126,44.535782
15.010895,44.507064
15.011032,44.507324
15.011516,44.507218
15.010969,44.50803
15.010596,44.508706
15.009445,44.508819
15.009406,44.509011
15.008297,44.510114
15.0109,44.509874
15.011231,44.509827
15.010203,44.509804
15.01248,44.507565
15.013018,44.507204
15.013137,44.507118
15.013807,44.505651
15.012468,44.505789
14.960884,44.529314
14.966563,44.529579
14.966646,44.52977
14.960337,44.529712
14.960871,44.529821
14.747865,44.687497
14.734718,44.690777
14.735945,44.691116
14.779868,44.648726
14.891067,44.573508
14.761344,44.677001
14.976578,44.523955
14.958126,44.532414
14.974992,44.52315
14.977558,44.524171
14.96011,44.530021
14.741863,44.689162
14.74394,44.689297
14.74585,44.688776
14.745342,44.688389
14.748735,44.686837
14.751192,44.685836
14.781346,44.652217
14.949465,44.539122
14.781039,44.650511
14.781993,44.650756
14.782296,44.646143
14.778626,44.645212
14.779841,44.645351
14.994131,44.518301
14.753784,44.682551
14.782331,44.646549
14.961511,44.531048
14.787364,44.644295
14.963258,44.529574
14.962858,44.529518
14.962745,44.53044
14.735017,44.697306
14.982304,44.521918
14.961321,44.529124
14.977497,44.525273
14.962245,44.527974
14.967693,44.52896
14.964604,44.526817
14.738411,44.691231
14.778268,44.646238
14.891127,44.572524
14.975656,44.524182
14.977671,44.525713
14.775148,44.645446
14.739118,44.69007
14.959572,44.530284
15.01003,44.511417
14.964183,44.530701
14.785234,44.64326
14.760943,44.677122
14.781452,44.647801
14.782496,44.646375
14.74061,44.688222
14.891706,44.573049
14.739816,44.689896
14.972193,44.523579
14.960526,44.530398
14.977394,44.525364
14.782048,44.646311
15.011062,44.508478
15.009749,44.510327
14.780686,44.6459
15.010991,44.511045
14.778745,44.642274
14.781582,44.643597
14.778928,44.642144
14.756295,44.682085
14.762927,44.676091
15.000858,44.512702
14.964327,44.526588
14.784563,44.643731
14.962865,44.529211
14.962624,44.527932
14.780961,44.646956
15.010087,44.505495
15.010333,44.505436
15.009888,44.505559
15.009644,44.505595
15.009622,44.509394
15.008079,44.512402
14.780346,44.645224
15.007585,44.510796
14.78192,44.649341
14.748374,44.687307
14.748199,44.687341
14.983184,44.520778
14.736802,44.692016
14.782342,44.64908
14.963413,44.529067
14.740087,44.688105
14.788706,44.642711
14.960025,44.529477
14.962098,44.528293
14.737458,44.690615
14.737614,44.690851
15.010411,44.509674
14.733702,44.693884
15.008967,44.508998
14.95485,44.53703
15.241425,44.399252
15.252273,44.389606
15.243777,44.395732
15.23946,44.402571
15.237867,44.402589
15.257594,44.384279
15.251936,44.390185
15.257768,44.38386
15.252153,44.389175
15.248333,44.391985
15.258941,44.383571
15.252533,44.388288
15.260138,44.383653
15.243529,44.39597
15.247159,44.392523
15.244676,44.395708
15.257318,44.384112
15.253004,44.390296
15.255922,44.386454
15.245148,44.395354
15.254991,44.38767
15.25757,44.383927
15.254348,44.387853
15.252,44.390028
15.258496,44.384583
15.252883,44.388875
15.246476,44.394433
15.24667,44.393714
15.254916,44.387713
15.24741,44.392328
15.246567,44.393915
15.255016,44.387109
15.258427,44.383537
15.254573,44.388116
15.258666,44.38341
15.257279,44.385513
15.241284,44.399437
15.257467,44.385063
15.24406,44.395531
15.255104,44.387641
15.258083,44.384001
15.246608,44.39444
15.256257,44.387167
15.255033,44.386905
15.257506,44.38497
15.259146,44.383193
15.241052,44.39964
15.252318,44.388404
15.257443,44.384032
15.245017,44.394667
15.238985,44.402872
15.253229,44.388493
15.248162,44.392152
15.243837,44.396188
15.252164,44.388535
15.240762,44.400093
15.246626,44.394314
15.252257,44.388689
15.25885,44.383191
15.258871,44.384276
15.259374,44.383752
15.259802,44.383414
15.245065,44.39548
15.260716,44.38062
15.226377,44.4128
15.214646,44.425963
15.198359,44.433807
15.225611,44.414113
15.198057,44.433159
15.232927,44.408755
15.220862,44.420469
15.234022,44.406596
15.227761,44.411652
15.198014,44.433451
15.20119,44.432873
15.227463,44.411821
15.230795,44.408867
15.198028,44.432915
15.192069,44.436889
15.197976,44.433556
15.198009,44.433215
15.212978,44.427251
15.231202,44.408563
15.216977,44.42343
15.198195,44.433258
15.218715,44.422074
15.198797,44.432856
15.192446,44.438815
15.211142,44.428094
15.211068,44.428183
15.201602,44.432658
15.198108,44.433358
15.223728,44.416175
15.198611,44.43348
15.222816,44.416642
15.214794,44.426598
15.223277,44.416264
15.22572,44.414592
15.205631,44.430429
15.195248,44.435177
15.198658,44.43289
15.230362,44.410778
15.207142,44.429798
15.210646,44.428378
15.19853,44.432731
15.22523,44.414797
15.217368,44.422911
15.223752,44.415618
15.205068,44.432316
15.227809,44.411596
15.197558,44.43396
15.226385,44.412592
15.190854,44.436816
15.231868,44.407962
15.226266,44.412925
15.199418,44.432826
15.198653,44.432653
15.225665,44.414447
15.23013,44.411088
15.223326,44.416536
15.23,44.41002
15.190767,44.437309
15.201784,44.432619
15.198935,44.432541
15.199265,44.432778
15.214089,44.426498
15.198418,44.433095
15.198875,44.432717
15.192733,44.437066
15.222977,44.416483
15.224727,44.414705
15.218927,44.421907
15.221183,44.419085
15.201953,44.433206
15.19813,44.432862
15.199618,44.432862
15.231815,44.408302
15.225442,44.413497
15.203493,44.431806
15.23193,44.407854
15.218548,44.421748
15.223426,44.416133
15.198792,44.432586
15.193156,44.437286
15.191822,44.438701
15.19705,44.434132
15.220902,44.419437
15.208849,44.429014
15.206417,44.430723
15.192339,44.437838
15.210048,44.428309
15.222544,44.416899
15.214821,44.426563
15.232183,44.407636
15.216434,44.423971
15.19835,44.432925
15.225607,44.414187
15.230793,44.40936
15.19661,44.433863
15.214197,44.427155
15.230428,44.409183
15.19673,44.43405
15.20696,44.430258
15.198199,44.433952
15.214953,44.426197
15.198291,44.433197
15.190516,44.437116
15.223202,44.416608
15.191649,44.438476
15.220793,44.420421
15.231,44.409128
15.207249,44.430127
15.196348,44.433858
15.191634,44.438659
15.197121,44.433946
15.19753,44.433779
15.230117,44.409517
15.222317,44.418282
15.232331,44.408214
15.230476,44.409148
15.20684,44.430609
15.20209,44.432485
15.222847,44.417132
15.191093,44.437093
15.197333,44.433843
15.198105,44.433055
15.232953,44.407582
15.202558,44.432134
15.198997,44.432685
15.19443,44.435815
15.196766,44.434233
15.23043,44.410591
15.206146,44.430225
15.20746,44.429558
15.196558,44.434212
15.229028,44.41077
15.208666,44.429672
15.21709,44.423317
15.207701,44.429483
15.210314,44.428256
15.199132,44.432567
15.202697,44.432065
15.198244,44.43279
15.229962,44.411147
15.209666,44.4285
15.219414,44.421843
15.179906,44.448392
15.185591,44.446213
15.17987,44.44885
15.154289,44.467985
15.179882,44.44994
15.179787,44.449772
15.180327,44.4483
15.18075,44.448916
15.18564,44.446175
15.153393,44.46816
15.18031,44.448854
15.166582,44.45873
15.180041,44.450921
15.180731,44.448702
15.186036,44.44511
15.185213,44.446698
15.188577,44.444777
15.186226,44.444559
15.18547,44.446473
15.180516,44.448338
15.186313,44.444405
15.180595,44.451194
15.185938,44.445379
15.180737,44.448303
15.184289,44.447757
15.185937,44.445767
15.179795,44.449299
15.17989,44.449022
15.179889,44.448641
15.18069,44.448993
15.18587,44.445976
15.184666,44.446929
15.184374,44.447264
15.152265,44.470392
15.180869,44.448495
15.180597,44.449058
15.180449,44.448604
15.180394,44.448487
15.18093,44.45147
15.180237,44.450827
15.179796,44.450122
15.184578,44.447579
15.185984,44.445227
15.145029,44.475514
15.18593,44.445875
15.180233,44.448296
15.239882,44.401052
15.23984,44.40111
15.244158,44.397847
15.240217,44.400732
15.244251,44.397838
15.24654,44.394197
15.255561,44.385187
15.257286,44.384906
15.257411,44.384712
15.257176,44.384589
15.260016,44.383483
14.780994,44.645684
14.950751,44.538813
14.950809,44.538801
14.947762,44.539535
15.202988,44.431891
14.978043,44.523859
14.950617,44.538974
14.778485,44.647089
14.736494,44.691242
14.735074,44.690935
15.007289,44.510865
15.007497,44.510842
15.007171,44.511046
14.744513,44.688361
14.978471,44.524539
14.978525,44.524501
14.978569,44.524461
15.179836,44.450403
15.011661,44.50843
14.779201,44.645901
15.192365,44.438032
15.217481,44.422781
14.974351,44.525444
15.180365,44.449719
15.191985,44.438334
15.196933,44.434117
15.19688,44.433803
15.197409,44.434021
15.197851,44.433629
15.19772,44.433877
14.977376,44.524313
14.781166,44.644163
15.146856,44.47481
14.978712,44.524376
14.748676,44.687293
15.011351,44.508762
14.749355,44.686111
14.7488,44.686222
14.748906,44.686102
15.011459,44.508639
15.010749,44.508336
14.959375,44.5305
14.96671,44.529752
14.978153,44.524567
14.978367,44.52434
14.748872,44.686141
14.978656,44.524411
14.751064,44.686256
14.750025,44.685583
14.749819,44.685344
14.748903,44.686212
14.749827,44.685862
14.966222,44.530116
14.736663,44.691966
14.97882,44.524029
14.749614,44.68619
14.978054,44.524541
14.749762,44.685254
15.010311,44.508809
14.978226,44.52476
14.74908,44.685764
15.011714,44.508408
15.01167,44.508439
15.011585,44.508534
14.978156,44.524462
14.749484,44.686093
14.7493,44.686261
15.011545,44.50858
14.959272,44.530644
14.749504,44.68627
14.749002,44.685849
15.011412,44.508679
14.748836,44.68618
14.748868,44.686254
14.74974,44.686038
14.750055,44.685797
14.748986,44.686015
14.748748,44.687233
14.965995,44.529892
15.010542,44.509148
14.749431,44.686154
14.750086,44.685514
15.011288,44.508822
14.96618,44.53015
14.749386,44.686206
15.010588,44.509119
14.748956,44.68701
14.748644,44.686125
14.750151,44.685438
14.748785,44.686974
15.011316,44.508798
14.978862,44.524204
14.748943,44.686061
14.750236,44.685654
14.966111,44.529815
15.011624,44.50848
14.789223,44.646164
14.779006,44.646023
14.782987,44.645746
14.78324,44.645567
14.733764,44.694031
14.978739,44.524238
14.740104,44.690391
15.008379,44.509962
14.980166,44.522479
14.977644,44.525805
15.192223,44.437282
14.781693,44.642414
14.977801,44.524639
14.737162,44.690906
14.977153,44.524144
14.784721,44.643879
14.784893,44.643975
14.785105,44.644026
15.01145,44.509631
15.011639,44.509506
14.949596,44.538542
14.788054,44.644011
15.008555,44.509367
15.007951,44.509596
15.007813,44.50977
15.007941,44.509913
15.008133,44.510005
14.980046,44.523646
14.751942,44.684779
14.73788,44.691244
14.976641,44.526044
14.890748,44.572312
15.233977,44.407109
15.179693,44.449561
15.009813,44.508725
15.191766,44.43668
15.191415,44.436646
15.191346,44.436535
14.978153,44.524806
14.789191,44.642836
14.975927,44.525888
14.961047,44.529272
14.975047,44.526101
14.960269,44.530196
14.978352,44.524623
14.962281,44.529235
14.777774,44.645167
14.975938,44.522656
14.962759,44.52934
14.963055,44.528799
14.955424,44.536501
14.975496,44.525533
14.962932,44.529019
14.790265,44.647821
14.978891,44.523095
14.961919,44.526806
14.782307,44.6458
15.011815,44.505841
15.005557,44.511856
15.005394,44.511883
15.005356,44.511969
15.005685,44.51259
15.005596,44.51266
15.005566,44.512779
15.003321,44.51272
15.003071,44.512819
15.003256,44.512988
15.002464,44.51266
15.002149,44.512905
15.000955,44.512901
15.008384,44.50924
15.008701,44.509204
15.008868,44.509215
15.008758,44.509048
15.009419,44.510167
14.760142,44.678006
14.982129,44.522872
15.008791,44.509054
14.759942,44.678071
14.961595,44.527469
14.783763,44.643342
14.783928,44.643451
14.979516,44.52421
14.978689,44.523362
15.195579,44.434094
14.782756,44.650733
14.967447,44.528837
14.783065,44.643613
14.88,44.592073
14.878728,44.592125
14.879886,44.593074
14.878717,44.590434
14.881948,44.586968
14.880204,44.589054
14.879085,44.591615
14.881854,44.587126
14.882506,44.586367
14.878032,44.591828
14.878628,44.591296
14.882464,44.587448
14.879235,44.590326
14.882628,44.586219
14.878922,44.591874
14.878805,44.591695
14.877711,44.591998
14.879901,44.591803
14.881418,44.587435
14.880439,44.58966
14.879437,44.593166
14.880159,44.590093
14.8812,44.588842
14.878711,44.591858
14.880259,44.589946
14.8794,44.590183
14.87867,44.592788
14.880171,44.589485
14.878912,44.590758
14.879429,44.591894
14.880376,44.589728
14.88023,44.591918
14.878067,44.592266
14.881523,44.587394
14.881013,44.587724
14.879967,44.592099
14.882537,44.587664
14.881607,44.588102
14.879146,44.589898
14.879216,44.59115
14.877947,44.591977
14.879818,44.592923
14.877518,44.592567
14.880544,44.58855
14.878915,44.591923
14.880378,44.590227
14.880956,44.588245
14.879681,44.591942
14.881196,44.587587
14.877781,44.59213
14.88036,44.591758
14.879267,44.589827
14.87954,44.592825
14.881257,44.587547
14.880665,44.589539
14.879109,44.590017
14.879928,44.593138
14.880807,44.588386
14.878201,44.5928
14.87828,44.591979
14.879843,44.592886
14.879065,44.591343
14.879475,44.591834
14.877733,44.592211
14.880061,44.589576
14.879773,44.593001
14.880345,44.589842
14.878856,44.590283
14.881204,44.587899
14.881065,44.588958
14.880166,44.589294
14.880403,44.591759
14.879156,44.590496
14.881592,44.588767
14.880299,44.588907
14.878249,44.591743
14.881101,44.588165
14.784248,44.643616
15.010517,44.510024
14.778165,44.646942
14.966306,44.529559
15.244712,44.394919
15.244702,44.395159
14.780997,44.651064
14.738027,44.69036
15.007744,44.51014
15.008328,44.509775
15.01201,44.505831
14.782781,44.643822
15.198283,44.432493
14.981791,44.522656
15.263158,44.379982
15.262133,44.379888
15.262401,44.380458
15.262487,44.380136
15.262287,44.380159
15.262125,44.380652
15.262261,44.380534
15.26237,44.379868
15.261496,44.380124
15.262959,44.380186
15.262516,44.379691
15.262746,44.379949
15.261343,44.380595
15.261876,44.380278
15.26259,44.380379
15.261499,44.379799
15.261681,44.380026
15.261336,44.380258
15.262084,44.380202
15.261389,44.379882
15.261887,44.379952
15.262406,44.379579
15.261664,44.380407
15.263054,44.38021
15.26097,44.380121
15.26115,44.379966
15.261602,44.380604
15.262452,44.379899
15.261289,44.380406
15.262758,44.380352
15.275079,44.369104
15.278873,44.365125
15.269927,44.373465
15.272918,44.371619
15.268826,44.374943
15.273236,44.370782
15.266733,44.376589
15.275804,44.367859
15.267396,44.37718
15.270073,44.373381
15.263838,44.378191
15.27602,44.367684
15.268013,44.374537
15.268556,44.375231
15.273313,44.370685
15.269763,44.373761
15.268631,44.373946
15.267794,44.376094
15.264465,44.377324
15.273095,44.371027
15.282531,44.365965
15.282303,44.366057
15.268919,44.374815
15.278729,44.365207
15.266299,44.376887
15.272429,44.37197
15.267022,44.375855
15.264843,44.377905
15.26713,44.377644
15.273656,44.371799
15.272894,44.37125
15.273539,44.370603
15.264264,44.377571
15.263879,44.378879
15.268377,44.374234
15.264565,44.378281
15.263784,44.3783
15.267733,44.376246
15.272177,44.372472
15.274754,44.36942
15.275692,44.368143
15.272644,44.37227
15.266595,44.37716
15.275657,44.368323
15.268083,44.376537
15.267173,44.375482
15.266061,44.376755
15.267991,44.374976
15.268273,44.374293
15.267559,44.375731
15.264257,44.378607
15.264324,44.379534
15.273991,44.370427
15.269932,44.373665
15.269097,44.373501
15.270233,44.373322
15.265291,44.377278
15.270792,44.373063
15.264645,44.378165
15.273155,44.370891
15.266954,44.376647
15.268314,44.375391
15.268319,44.37414
15.267875,44.375998
15.269601,44.373742
15.267471,44.375945
15.270259,44.373475
15.266803,44.378355
15.270401,44.373306
15.272672,44.371451
15.272462,44.371838
15.267601,44.374877
15.266917,44.376195
15.269254,44.373446
15.276267,44.367369
15.266917,44.376003
15.264159,44.378847
15.27966,44.365215
15.267319,44.376852
15.267306,44.376209
15.268804,44.374269
15.266694,44.377256
15.269455,44.373692
15.263738,44.379005
15.273578,44.372077
15.272303,44.372376
15.268932,44.37418
15.270442,44.373408
15.267696,44.376297
15.265999,44.377692
15.268634,44.375093
15.266216,44.376815
15.264565,44.377223
15.275294,44.368815
15.272495,44.37173
15.268739,44.375025
15.266842,44.376294
15.267948,44.374722
15.268126,44.37436
15.273341,44.370635
15.265216,44.377482
15.264672,44.377066
15.270275,44.373085
15.268721,44.374597
15.272986,44.371124
15.268984,44.374064
15.268601,44.375131
15.266839,44.377257
15.265781,44.376953
15.267243,44.377402
15.269775,44.373254
15.263937,44.378095
15.264175,44.378188
15.267363,44.375246
15.265903,44.377193
15.273037,44.372648
15.266739,44.376204
15.272984,44.371492
15.267062,44.375695
15.272413,44.372107
15.272577,44.37158
15.263776,44.378542
15.263811,44.379159
15.266744,44.37608
15.276591,44.367639
15.269612,44.37484
15.269425,44.373505
15.27378,44.371529
15.267138,44.377202
15.269227,44.374485
15.270998,44.373028
15.268709,44.373887
15.283374,44.362722
15.285664,44.361277
15.289244,44.363514
15.285418,44.361769
15.285106,44.361909
15.282605,44.363379
15.284573,44.361799
15.283686,44.363137
15.285944,44.361221
15.282695,44.363228
15.284049,44.362861
15.282304,44.363902
15.283653,44.363327
15.285647,44.361682
15.285768,44.361604
15.284653,44.36227
15.289403,44.363675
15.283684,44.362417
15.28426,44.362664
15.284183,44.362614
15.284764,44.362149
15.284221,44.362034
15.284014,44.362742
15.283532,44.362545
15.285934,44.361547
15.283484,44.363315
15.282522,44.363518
15.284385,44.362517
15.284505,44.362364
15.282861,44.363089
15.284857,44.362084
15.284945,44.361998
15.286363,44.361226
15.284794,44.361656
15.283796,44.362904
15.267601,44.375562
15.286165,44.361563
15.268052,44.375702
15.268939,44.373827
15.264543,44.380489
15.263996,44.378357
15.264104,44.378246
15.264036,44.377872
15.263979,44.378574
15.266387,44.376957
15.266112,44.377535
15.266039,44.377334
15.267331,44.377611
15.266988,44.377022
15.266754,44.376729
15.26675,44.376815
15.267285,44.376421
15.267939,44.375321
15.267923,44.375207
15.268162,44.375533
15.2671,44.375622
15.268464,44.374038
15.270029,44.373606
15.270197,44.373575
15.270805,44.373307
15.273136,44.371346
15.273295,44.37236
15.273209,44.371225
15.274849,44.36928
15.282526,44.366194
15.282421,44.366218
15.264172,44.377689
15.267312,44.375587
14.875949,44.596115
14.875318,44.596284
14.877548,44.594329
14.876065,44.597484
14.875812,44.597504
14.878318,44.593307
14.87699,44.596242
14.877087,44.593994
14.874852,44.597621
14.878001,44.595782
14.876822,44.593916
14.876011,44.59766
14.875444,44.598708
14.876896,44.594467
14.875601,44.597473
14.878737,44.593489
14.87785,44.594526
14.878544,44.595663
14.878128,44.596602
14.874972,44.598917
14.877799,44.596116
14.87414,44.602446
14.876071,44.59742
14.876423,44.59519
14.874322,44.599725
14.878269,44.59638
14.876248,44.59749
14.874306,44.603158
14.877013,44.595053
14.877603,44.59364
14.875961,44.597593
14.87683,44.594146
14.877754,44.593407
14.87447,44.599592
14.874869,44.597511
14.873582,44.603576
14.876323,44.595657
14.875229,44.596352
14.875249,44.597198
14.876093,44.598067
14.874545,44.596741
14.877351,44.594207
14.877123,44.593462
14.877503,44.594441
14.875817,44.595967
14.876018,44.597523
14.876126,44.597549
14.877634,44.596108
14.878514,44.59556
14.875085,44.597804
14.875977,44.597749
14.877829,44.593666
14.875093,44.597559
14.875995,44.597703
14.878527,44.595604
14.874975,44.598421
14.874815,44.598746
14.876112,44.59761
14.876066,44.597991
14.872198,44.603609
14.877929,44.594406
14.875818,44.597568
14.876155,44.597456
14.877413,44.596085
14.877247,44.593266
14.876087,44.595871
14.874817,44.599561
14.874606,44.596963
14.874104,44.603214
14.878103,44.593224
14.877322,44.594325
14.877959,44.593476
14.878494,44.593411
14.874934,44.597069
14.873676,44.603451
14.875966,44.597797
14.877883,44.596329
14.874975,44.598111
14.877652,44.592836
14.875628,44.596221
14.875278,44.596278
14.876029,44.597605
14.877375,44.592936
14.878522,44.595501
14.875163,44.596432
14.878055,44.593004
14.876364,44.597709
14.876175,44.595702
14.876888,44.593798
14.876394,44.597643
14.877311,44.593111
14.876306,44.596479
14.875172,44.600055
14.877761,44.59475
14.876736,44.594309
14.87665,44.594965
14.876371,44.594983
14.87508,44.596535
14.87643,44.597599
14.875368,44.599609
14.875084,44.597663
14.874787,44.599071
14.87418,44.602965
14.875772,44.597718
14.877286,44.594661
14.876339,44.597787
14.876314,44.595496
14.875647,44.596721
14.875473,44.596826
14.876684,44.594659
14.877081,44.59485
14.877133,44.593882
14.875958,44.597259
14.874847,44.596898
14.875299,44.597105
14.875934,44.598782
14.878462,44.595983
14.877226,44.593338
14.876121,44.595414
14.876645,44.594811
14.875953,44.597841
14.875775,44.597628
14.873875,44.603018
14.877011,44.595381
14.875651,44.597261
14.874705,44.599252
14.875852,44.596399
14.784163,44.643542
14.876094,44.59956
14.752757,44.683716
14.961472,44.529542
14.782797,44.650697
14.781664,44.652235
15.01157,44.506224
14.767868,44.660266
14.947645,44.540309
14.977549,44.524447
14.781523,44.650982
14.781862,44.644003
14.781739,44.644191
15.1905,44.437417
14.982943,44.52235
14.983026,44.522569
14.966055,44.529852
14.788114,44.64385
14.87849,44.595923
14.782052,44.643255
14.749308,44.686973
15.258149,44.383661
14.891234,44.576483
14.889433,44.576522
14.891055,44.577825
14.884714,44.584158
14.890913,44.577121
14.890987,44.577014
14.890987,44.574599
14.890381,44.576538
14.89122,44.575048
14.892303,44.577469
14.887516,44.580815
14.891826,44.577118
14.89133,44.577351
14.888898,44.578241
14.892362,44.577212
14.885353,44.584485
14.88957,44.574395
14.894066,44.576488
14.891979,44.577355
14.885797,44.582693
14.883108,44.585319
14.889929,44.575803
14.886826,44.580959
14.891573,44.575655
14.889371,44.579195
14.890399,44.577356
14.892788,44.574102
14.891646,44.577508
14.883357,44.586316
14.891692,44.574127
14.889622,44.576884
14.89052,44.575227
14.892205,44.575985
14.890284,44.577592
14.893125,44.575593
14.887377,44.582459
14.893139,44.57454
14.890052,44.577251
14.889543,44.574829
14.889392,44.577216
14.889107,44.579468
14.891016,44.577305
14.889652,44.578069
14.891304,44.578454
14.890492,44.576372
14.88806,44.58028
14.892317,44.577582
14.891616,44.573399
14.892229,44.57495
14.889783,44.5747
14.892533,44.575635
14.888683,44.57843
14.890226,44.576828
14.89116,44.578102
14.885069,44.58329
14.889734,44.577946
14.89042,44.575801
14.893767,44.57644
14.886422,44.582091
14.891948,44.576872
14.892606,44.575038
14.892077,44.574234
14.886837,44.581288
14.890615,44.575671
14.891045,44.576857
14.892323,44.574065
14.889798,44.577791
14.886707,44.582187
14.884034,44.585093
14.894205,44.576634
14.884321,44.583678
14.890225,44.576641
14.892999,44.575741
14.888462,44.579704
14.890673,44.575601
14.894306,44.576525
14.884443,44.584399
14.891276,44.574851
14.891861,44.576498
14.888287,44.579759
14.885221,44.582535
14.89051,44.576219
14.883498,44.585622
14.891094,44.574337
14.886831,44.58204
14.884707,44.583437
14.892071,44.5772
14.890072,44.575299
14.887438,44.581227
14.891577,44.574334
14.892344,44.574264
14.885985,44.582521
14.883485,44.586166
14.889555,44.575734
14.891434,44.574037
14.886406,44.581833
14.885978,44.582287
14.890898,44.574713
14.890674,44.574599
14.892674,44.5736
14.893975,44.576283
14.888113,44.579789
14.886954,44.581867
14.892748,44.577188
14.88946,44.576277
14.891369,44.574726
14.891424,44.574613
14.890794,44.574299
14.893298,44.575823
14.892166,44.577798
14.886557,44.58149
14.889859,44.577641
14.891665,44.574971
14.890494,44.576307
14.887117,44.581385
14.889745,44.57545
14.892594,44.573757
14.891958,44.576196
14.887176,44.58065
14.891395,44.577207
14.887698,44.581478
14.891235,44.577484
14.890961,44.573717
14.890517,44.577655
14.885452,44.582602
14.889578,44.576124
14.890876,44.577164
14.88497,44.584264
14.885424,44.584383
14.892441,44.573458
14.889711,44.575052
14.89323,44.575406
14.891439,44.577746
14.89172,44.574832
14.888002,44.579286
14.891395,44.578252
14.889565,44.575924
14.887813,44.579623
14.892689,44.575692
14.891822,44.577552
14.889558,44.578185
14.891745,44.577316
14.886054,44.582922
14.883667,44.585259
14.891979,44.573805
14.89081,44.576764
14.890855,44.577532
14.893102,44.575004
14.889084,44.579181
14.889936,44.577559
14.892475,44.57703
14.887484,44.58009
14.890262,44.574551
14.890763,44.575799
14.893583,44.5754
14.889729,44.576433
14.893558,44.576101
14.891896,44.577817
14.891603,44.57379
14.891997,44.578129
14.891216,44.575014
14.890728,44.575883
14.886681,44.581116
14.891629,44.574181
14.883402,44.584986
14.892326,44.57563
14.891992,44.573407
14.891676,44.577291
14.889317,44.577758
14.886102,44.581733
14.892038,44.573713
14.890735,44.575469
14.890456,44.573285
14.889222,44.578437
14.885462,44.584253
14.892693,44.574844
14.892896,44.575289
14.892447,44.578047
14.890976,44.577962
14.891912,44.577439
14.891148,44.57429
14.889799,44.574036
14.89066,44.576647
14.893447,44.575556
14.88883,44.57891
14.893707,44.576023
14.887015,44.580793
14.885226,44.583173
14.891638,44.574294
14.893114,44.575946
14.887909,44.579418
14.892381,44.574697
14.890749,44.576927
14.885325,44.583651
14.89032,44.572708
14.891696,44.575257
14.892229,44.578334
14.891924,44.576329
14.888286,44.578855
14.891077,44.575305
14.893478,44.576254
14.890481,44.575422
14.888569,44.578603
14.883502,44.58484
14.891783,44.573669
14.886033,44.581927
14.891485,44.577593
14.892692,44.575495
14.88687,44.582258
14.889171,44.577589
14.884602,44.584455
14.890562,44.576848
14.891429,44.578225
14.887987,44.581562
14.886734,44.581062
14.890008,44.577303
14.887371,44.581009
14.884594,44.583558
14.892569,44.574452
14.886617,44.581334
14.893279,44.580868
14.885042,44.582682
14.892955,44.575889
14.887273,44.580408
14.891311,44.577921
14.892131,44.577018
14.891055,44.578701
14.882741,44.586009
14.887244,44.580562
14.886279,44.581572
14.890905,44.576236
14.892801,44.574689
14.891465,44.577122
14.889468,44.577026
14.891111,44.57758
14.887465,44.580194
14.892294,44.574837
14.884074,44.584265
14.891364,44.576852
14.888403,44.579813
14.887511,44.580051
14.889635,44.576756
14.890745,44.575841
14.890646,44.577
14.890205,44.577857
14.884301,44.583543
14.893225,44.574367
14.893954,44.576605
14.884424,44.583856
14.887239,44.581258
14.893023,44.575148
14.884288,44.58371
14.891177,44.573803
14.892346,44.577724
14.88425,44.583786
14.891049,44.574465
14.887391,44.580303
14.893328,44.575694
14.89019,44.577152
14.892649,44.577332
14.89173,44.577671
14.893389,44.575291
14.883226,44.585151
14.890795,44.578575
14.88446,44.584602
14.892356,44.576059
14.890425,44.576918
14.885519,44.584129
14.89097,44.57841
14.890362,44.573521
14.889572,44.575178
14.893242,44.574892
14.894165,44.576377
14.889274,44.577407
14.887393,44.580168
14.892069,44.57795
14.891664,44.57531
14.890108,44.575128
14.894061,44.576205
14.891506,44.574451
14.887826,44.5805
14.883184,44.585493
14.890431,44.575754
14.890828,44.578091
14.891852,44.578324
14.888416,44.578739
14.885205,44.583811
14.893012,44.576187
14.889118,44.577886
14.890527,44.573567
14.882894,44.585889
14.890808,44.577752
14.89127,44.574137
14.891993,44.574952
14.888155,44.579042
14.889982,44.574895
14.886496,44.581687
14.882989,44.585493
14.892266,44.575815
14.892175,44.576948
14.886148,44.582086
14.890556,44.576184
14.886952,44.581667
14.885376,44.58305
14.892031,44.57576
14.887573,44.579985
14.785023,44.64377
14.77894,44.641779
15.180793,44.448673
14.876299,44.597836
14.779055,44.644919
14.980228,44.523517
15.26853,44.37396
15.01144,44.504701
14.974418,44.523339
14.974306,44.523409
14.880628,44.588914
14.782344,44.651442
15.272042,44.372564
14.737289,44.692379
14.749253,44.686469
15.007939,44.509715
14.893293,44.576095
14.748383,44.687579
15.232518,44.407759
14.879876,44.59185
14.96535,44.530232
14.785177,44.64309
14.780993,44.642986
14.778325,44.646735
14.782804,44.650152
14.880896,44.58778
14.948226,44.540082
14.962248,44.52901
14.963547,44.530618
14.774791,44.645955
15.248477,44.3919
15.246721,44.394188
14.734172,44.693895
15.234035,44.407043
15.259578,44.383376
14.781123,44.64458
15.260585,44.383709
15.269176,44.373933
15.269421,44.374095
15.265226,44.377887
15.009181,44.50929
15.180981,44.450497
14.962009,44.531613
14.974389,44.523139
15.008095,44.510095
14.890093,44.578025
14.890284,44.576436
14.891722,44.576782
14.885025,44.583067
14.884751,44.583079
14.781647,44.65083
14.742814,44.689476
14.781053,44.644287
14.781254,44.644393
14.780762,44.643831
14.947317,44.539289
14.961945,44.529175
14.965385,44.53021
15.01085,44.509065
15.010916,44.509027
15.010884,44.509017
15.196644,44.434049
14.949337,44.538536
14.748285,44.687628
14.890687,44.578308
14.890204,44.578274
14.737484,44.692413
14.737563,44.692533
14.94886,44.53953
14.781141,44.650886
14.89012,44.576954
14.890183,44.576904
14.967366,44.528896
14.978343,44.523879
14.978341,44.523961
15.010152,44.509515
14.74412,44.688709
14.978414,44.523597
15.009589,44.509673
15.009637,44.509635
15.009754,44.509563
15.00982,44.509532
14.978061,44.524645
14.978014,44.524673
15.012782,44.506048
15.012661,44.505992
14.779951,44.643451
14.78005,44.643406
14.780055,44.643218
14.885359,44.583985
15.194597,44.437238
15.009788,44.509552
14.967222,44.529057
15.011383,44.507552
15.195712,44.434054
15.2594,44.383325
15.01038,44.510126
14.88033,44.588716
14.878549,44.593801
14.982677,44.522385
14.978487,44.523535
14.978404,44.52444
14.977923,44.524663
14.977855,44.524722
14.977948,44.524684
14.787432,44.644621
14.782038,44.643831
14.782348,44.644078
14.782513,44.643921
14.89014,44.574758
14.779096,44.6419
14.893197,44.57634
14.740053,44.689599
14.781613,44.651007
14.891445,44.576695
14.750106,44.685679
14.750175,44.685717
14.745816,44.688192
14.982672,44.522552
14.780559,44.643022
14.893719,44.573394
14.889926,44.576014
14.740202,44.690728
14.891619,44.575118
14.749395,44.685599
14.749318,44.68564
14.979419,44.523331
14.976107,44.52548
14.978363,44.524879
14.983191,44.521738
14.983402,44.520632
14.978352,44.524968
15.007446,44.510599
15.010131,44.509536
14.978616,44.524437
14.946804,44.539999
14.964833,44.526665
14.781141,44.648068
14.966492,44.529634
14.953635,44.537534
14.736013,44.691793
14.73594,44.691758
14.982404,44.522206
15.234018,44.406697
14.781345,44.651113
15.008261,44.509284
14.749552,44.685857
14.749432,44.685975
14.749472,44.685927
14.768252,44.661466
14.978943,44.523784
14.768314,44.661426
14.892464,44.573448
14.89032,44.574351
14.78222,44.651168
14.782268,44.651127
14.782218,44.651092
14.974898,44.523788
14.752483,44.684309
14.966881,44.529077
15.007317,44.510709
14.953881,44.536845
14.953868,44.537355
14.953891,44.537378
14.953974,44.537336
14.954152,44.537273
14.954277,44.537165
15.184247,44.447288
14.74985,44.685719
14.879459,44.591465
14.889785,44.579006
14.889888,44.57887
14.891742,44.576656
14.888961,44.57963
14.749873,44.68569
14.749895,44.685661
14.749916,44.685633
14.983361,44.521056
14.976648,44.525746
14.966096,44.530365
14.966134,44.530308
14.96618,44.530251
15.010841,44.507725
15.010864,44.507763
15.010879,44.50782
15.012476,44.506025
15.01231,44.506316
15.01231,44.506141
15.01222,44.505992
15.010532,44.506727
15.010814,44.506815
15.010825,44.506557
15.010837,44.506423
15.010467,44.506554
15.010138,44.506043
15.010062,44.506176
15.010002,44.506089
15.009766,44.506017
15.009663,44.506003
15.225355,44.413876
15.225362,44.414006
14.782615,44.651027
15.008185,44.509358
15.264241,44.378059
15.013892,44.505316
14.920344,44.550613
14.921783,44.550692
14.919435,44.550037
14.922698,44.549715
14.921105,44.55152
14.92142,44.549891
14.920313,44.551552
14.921226,44.550847
14.918937,44.551021
14.92018,44.550147
14.921192,44.549925
14.919054,44.55349
14.919177,44.552037
14.919685,44.550678
14.920378,44.551812
14.92016,44.552096
14.917436,44.549641
14.920019,44.551074
14.922274,44.550514
14.92033,44.550084
14.922044,44.5506
14.914652,44.546726
14.913075,44.546601
14.921618,44.54987
14.91793,44.549712
14.921802,44.551323
14.92057,44.550084
14.918945,44.54996
14.920941,44.550518
14.914914,44.547522
14.915563,44.548238
14.91904,44.550317
14.922786,44.5492
14.918325,44.549859
14.922123,44.55032
14.918843,44.550742
14.919317,44.550595
14.919987,44.551703
14.922831,44.549127
14.915006,44.547736
14.918815,44.553675
14.919018,44.550611
14.91941,44.55175
14.913862,44.546808
14.91899,44.551947
14.918111,44.550422
14.920639,44.551766
14.918109,44.549784
14.918673,44.549962
14.919109,44.550268
14.922884,44.549048
14.920913,44.55158
15.012006,44.5067
14.893041,44.574649
14.893033,44.57461
15.021117,44.502335
14.74953,44.685898
14.954825,44.536698
14.887625,44.580694
14.970277,44.522654
14.976494,44.525342
14.880014,44.592996
14.880014,44.593049
14.962856,44.530551
14.978936,44.523625
14.77948,44.641997
14.787186,44.644604
14.890855,44.572703
14.876487,44.59736
14.876554,44.597272
14.876526,44.597317
14.8766,44.597221
14.782393,44.651359
14.782343,44.651397
14.750671,44.685555
14.75068,44.685543
14.750564,44.685673
14.891928,44.575042
14.979482,44.524066
14.97847,44.524269
14.978495,44.524294
14.750236,44.686333
14.750125,44.68611
14.750157,44.686051
14.750207,44.686
14.750229,44.686078
14.749915,44.686277
14.749932,44.686262
14.749868,44.686321
14.875251,44.597367
14.978353,44.523448
15.012682,44.507351
14.880756,44.5882
14.891443,44.575379
14.891783,44.575464
14.891988,44.575325
14.750375,44.685826
15.281627,44.376813
14.889041,44.578664
14.965456,44.530171
14.876464,44.597391
14.876443,44.597408
14.879954,44.589687
14.769582,44.665034
14.88563,44.583542
15.012851,44.506802
14.876996,44.5936
14.982723,44.522101
14.983069,44.521838
14.98303,44.521891
14.982884,44.521956
14.982804,44.521997
14.982948,44.521922
14.893698,44.573472
14.893608,44.573424
14.97857,44.524081
14.978482,44.524134
14.747916,44.687448
15.257168,44.384426
14.891857,44.572827
14.89192,44.573037
14.892172,44.572985
14.892407,44.572814
15.011878,44.506467
15.011909,44.506236
15.267108,44.376556
14.743312,44.689523
14.782691,44.65097
14.782675,44.650871
14.78263,44.65089
14.782725,44.650852
14.782729,44.650947
15.011857,44.508388
15.012021,44.50823
15.011953,44.508287
14.892532,44.576857
15.012331,44.50801
15.012273,44.508055
15.012095,44.508164
15.012223,44.508092
14.734502,44.693065
14.879717,44.589708
14.879873,44.589756
14.739802,44.690179
15.014188,44.504865
15.012955,44.505152
15.013196,44.505667
15.01281,44.505872
15.012881,44.505506
15.012613,44.506416
14.739598,44.690296
14.890984,44.57496
14.890873,44.574933
14.890722,44.574848
14.890698,44.574916
14.89058,44.577486
14.890606,44.577423
14.890668,44.57734
14.883959,44.584902
15.007699,44.510694
15.007725,44.510648
14.780313,44.642706
14.892995,44.57378
14.888555,44.579222
14.888823,44.579347
14.978011,44.525092
14.977955,44.525122
14.978055,44.525133
14.876593,44.595255
14.87651,44.595377
14.975941,44.525661
14.920964,44.549867
14.750627,44.685608
14.887358,44.581451
14.767629,44.656524
14.98251,44.522112
14.982463,44.522152
14.89276,44.575434
14.750057,44.686153
14.749995,44.686222
14.750029,44.686177
14.883656,44.584726
14.975065,44.522512
15.01137,44.508713
14.780979,44.645044
14.781219,44.645331
15.273721,44.371676
14.73971,44.690645
14.73989,44.690694
14.739619,44.690814
14.739741,44.69094
14.734706,44.691321
14.73486,44.691391
14.734201,44.691096
14.735637,44.691629
14.735721,44.691683
14.736158,44.691932
14.736341,44.692041
14.736261,44.691997
14.736332,44.691922
14.979733,44.523947
15.012137,44.507508
15.012055,44.507572
14.886183,44.582801
14.886324,44.582774
14.892455,44.576225
14.777145,44.645945
15.148459,44.473622
15.010548,44.510005
15.010531,44.509989
15.011595,44.506042
15.009859,44.509088
15.010062,44.509047
15.011953,44.506029
14.734083,44.693374
14.975657,44.522622
15.28407,44.362159
15.283827,44.362275
14.975729,44.523281
15.013602,44.507203
14.953925,44.536808
14.966552,44.528957
15.008388,44.509512
14.782335,44.64957
14.920179,44.551868
14.734953,44.694837
14.739248,44.69033
14.961597,44.527765
14.962264,44.527647
15.179599,44.450583
15.264924,44.376996
15.265504,44.376712
14.737833,44.692967
14.974151,44.525986
14.974056,44.525913
14.879574,44.590682
14.789924,44.646325
14.735212,44.697141
14.734581,44.692916
14.877408,44.594547
14.735119,44.692973
14.735181,44.692935
14.735754,44.692854
14.736333,44.692912
14.73649,44.692917
14.736278,44.692995
14.876267,44.596577
15.002021,44.512929
14.974395,44.521897
14.781751,44.642658
14.782419,44.651173
14.782488,44.651121
15.004592,44.512435
15.003585,44.512704
15.003495,44.51297
15.005483,44.512278
15.005327,44.512346
15.005229,44.51204
15.26761,44.376467
15.019825,44.50388
14.780054,44.643375
14.780028,44.643345
14.780044,44.643306
14.78016,44.64332
14.737335,44.691369
14.737336,44.690391
14.737728,44.690775
14.738742,44.691216
14.891671,44.572801
14.73504,44.691261
14.778799,44.644961
14.778746,44.644986
14.778832,44.64495
14.778888,44.644998
14.891509,44.576933
14.891571,44.576966
15.007836,44.510505
14.967192,44.529322
14.9671,44.529374
14.891199,44.57583
14.891489,44.575892
14.891769,44.575989
15.267194,44.375426
15.267154,44.375572
15.011954,44.506624
14.892872,44.576975
14.892959,44.576844
14.89291,44.576955
14.782975,44.650564
14.783079,44.650443
14.926893,44.947644
14.886019,44.554742
15.366514,44.554598
15.399915,44.549772
15.751899,44.334082
15.350723,44.894621
15.39327,44.605565
15.632178,44.680233
15.632355,44.6804
14.88644,44.553529
14.886287,44.553532
14.884237,44.584049
14.884045,44.583879
15.725523,44.893114
15.725195,44.893101
15.724614,44.892444
15.724554,44.892332
15.632836,44.680263
14.947992,44.539482
14.948099,44.53946
14.878428,44.564098
15.164709,44.997715
15.698816,44.755525
14.921856,44.933083
14.89022,44.555236
15.134452,44.921976
15.129644,44.998582
15.129531,44.998563
15.258976,45.005973
14.746029,44.688414
14.961235,44.530955
15.360493,44.85251
15.221973,44.634644
14.898503,44.530532
14.898501,44.530564
14.8985,44.530598
14.898498,44.53063
14.898497,44.530661
14.898495,44.530692
14.898494,44.530724
14.898492,44.530759
15.291924,44.621072
15.28994,44.639351
15.216406,44.984443
15.010037,44.509501
15.340142,44.51986
15.739578,44.394453
14.780399,44.641627
15.652131,44.941429
14.890269,44.551989
14.891348,44.576383
14.913821,44.983787
15.228493,44.872391
15.193427,44.869032
14.867316,44.565181
14.867464,44.565243
15.008117,44.509535
15.214365,44.605137
15.266997,44.626528
15.364994,44.535557
14.920138,44.551626
14.882472,44.817468
15.127851,44.993592
15.143532,44.892298
15.143233,44.892175
15.328677,44.514937
15.29997,44.822403
14.805684,44.626922
15.33456,44.624718
14.805866,44.627083
14.80583,44.627431
14.885379,44.557796
14.885457,44.557807
15.649233,44.365124
15.481223,44.846051
15.48109,44.845931
15.481689,44.84651
15.481387,44.846232
14.877209,44.560102
15.263289,45.004794
15.773696,44.501523
15.774001,44.501338
14.978078,44.525028
15.241039,44.887412
15.684151,44.433439
14.947412,45.037631
15.648607,44.420392
15.52888,44.518654
15.144904,44.665946
15.144579,44.666111
15.144866,44.666321
15.424857,44.606479
14.777481,44.645022
14.89003,44.55403
14.880854,44.561153
15.139336,44.826998
15.252124,44.865869
14.889364,44.551375
14.889401,44.551553
14.877594,44.563245
14.877933,44.563384
14.868824,44.563985
14.868891,44.56391
14.893552,44.5758
14.901675,44.995561
14.893479,44.575889
15.148682,45.007321
15.241863,44.97739
15.715844,44.541865
14.884127,44.555455
14.884217,44.555474
14.884296,44.555444
14.884336,44.555411
14.884369,44.555371
14.884422,44.55532
14.884431,44.55526
15.622634,44.719337
14.800825,44.625838
14.800857,44.62587
14.800923,44.625824
14.883541,44.548232
15.6858,44.394098
15.181262,44.863453
14.884829,44.584029
14.884853,44.583953
15.482393,44.84332
15.248709,44.867637
15.248826,44.867833
15.738,44.8558
15.35213,44.797424
15.704954,44.750418
15.410145,44.602662
14.88563,44.583384
15.199788,44.769119
15.596728,44.38286
14.923661,44.946967
15.61254,44.910327
14.881374,44.563083
14.891313,44.551459
14.866279,44.564217
15.203236,44.655319
14.908226,44.98942
15.095628,44.821538
15.073602,44.524509
15.073508,44.524681
15.095811,44.82159
15.095858,44.8216
14.880776,44.588005
15.073472,44.524664
14.880846,44.58793
14.919292,44.986622
15.708298,44.381392
15.062556,44.820652
14.874731,44.562247
15.049781,44.827456
15.360447,44.550982
15.360293,44.55091
14.92178,44.968038
15.481137,44.534124
14.879245,44.565095
15.335915,44.959114
14.749676,44.686115
15.246886,44.868598
14.884462,44.556278
14.884547,44.556276
14.886749,44.54928
15.429761,44.764058
15.233165,44.86109
15.230755,44.859122
15.237256,44.860229
15.228863,44.858218
15.229101,44.858364
15.229996,44.858607
15.233271,44.860667
15.236133,44.860251
15.230926,44.860548
15.229457,44.858526
15.232754,44.860506
15.236057,44.860084
15.230513,44.859527
15.232335,44.860197
15.229402,44.858035
15.231554,44.860178
15.230318,44.859334
15.229933,44.858852
15.240324,44.859908
15.229968,44.859103
15.230279,44.859207
15.229501,44.858641
15.229476,44.857788
15.237929,44.86018
15.233541,44.86113
15.236394,44.860281
15.230144,44.859231
15.237104,44.860029
15.231096,44.859591
15.230237,44.859078
15.231285,44.860431
15.238153,44.86013
15.237663,44.859972
15.230556,44.85996
15.229852,44.858495
15.232089,44.860448
15.231093,44.860008
15.234343,44.860842
15.229016,44.857916
15.236628,44.860287
15.22528,44.857057
15.232634,44.860723
15.235249,44.860355
15.222964,44.862045
15.232516,44.860356
15.229212,44.858117
15.233049,44.860661
15.24075,44.85993
15.240507,44.85994
15.231999,44.861054
15.222744,44.862103
15.237849,44.859992
15.222423,44.857431
15.222877,44.857199
15.230713,44.860189
15.236194,44.860015
15.231603,44.861181
15.225041,44.857161
15.229745,44.85814
15.228867,44.857669
15.228022,44.857578
15.230175,44.858793
15.230512,44.858921
15.22979,44.858799
15.236415,44.86009
15.229348,44.858429
15.2321,44.860145
14.777387,44.644673
14.777451,44.644698
15.340576,44.593291
14.91799,44.720401
15.227253,45.047212
14.885624,44.556514
14.88549,44.556501
14.897114,44.537888
14.897048,44.537458
15.137678,44.827518
14.887034,44.564261
14.898297,44.536007
14.89806,44.535969
14.898027,44.535999
14.88861,44.553519
14.884009,44.554845
15.971165,44.545609
15.073809,44.525083
14.904736,44.995107
15.009889,44.509587
15.009858,44.509622
15.627657,44.717389
15.383764,44.650662
15.309167,44.631598
14.787673,44.644477
16.049892,44.481858
14.87093,44.565948
14.879833,44.56336
14.887563,44.549977
15.186435,44.520948
14.88359,44.55674
15.010698,44.508452
15.010606,44.508489
14.777231,44.645003
15.652777,44.459791
15.597016,44.381362
14.864573,44.566627
14.781547,44.649732
15.374331,44.54583
15.374307,44.545907
15.374375,44.545738
15.374507,44.545912
14.882445,44.548174
14.948334,44.905837
15.234276,44.873864
15.33936,44.594912
15.339807,44.594974
14.878567,44.562564
14.73501,44.691469
14.735184,44.691534
14.735342,44.691593
14.886662,44.560217
15.197943,44.988317
15.321265,44.812883
15.070492,44.900277
15.1349,44.825071
15.193403,44.712051
15.19346,44.71205
15.37505,44.542443
15.375026,44.542244
14.889943,44.556643
15.384027,44.649926
15.384001,44.64974
15.383947,44.649816
15.163272,44.819528
14.734787,44.693013
15.939581,44.55804
14.888429,44.559415
14.96629,44.529767
14.96635,44.529856
14.878745,44.591039
15.033328,44.558007
14.889825,44.555685
15.455196,44.486426
14.881168,44.563398
15.666969,44.440059
14.977065,45.007712
15.255122,44.875678
15.389094,44.555622
15.18592,44.877125
15.185825,44.877128
14.904858,44.99282
15.710368,44.7217
14.851116,44.587783
14.889062,44.551235
14.888934,44.551136
15.724495,44.882191
15.41002,44.851954
15.057665,44.995399
15.330526,44.838957
15.330243,44.838944
15.353843,44.683531
15.363799,44.671972
15.364851,44.671248
15.353562,44.68407
15.353216,44.683462
15.357077,44.678583
15.354188,44.683443
15.354068,44.684372
15.360631,44.672726
15.354846,44.683592
15.356683,44.677223
15.370177,44.669205
15.360297,44.673105
15.362118,44.672308
15.364,44.671877
15.354635,44.679219
15.35406,44.684027
15.364532,44.671318
15.354189,44.683815
15.358314,44.678605
15.36837,44.669929
15.354449,44.683725
15.360534,44.673044
15.363685,44.672257
15.360626,44.673381
15.354045,44.684451
15.357741,44.679292
15.355081,44.679308
15.354771,44.683663
15.353109,44.684208
15.357627,44.676762
15.37163,44.668437
15.357652,44.677697
15.36418,44.671698
15.357465,44.678927
15.369349,44.669548
15.370856,44.66876
15.357357,44.679179
15.358108,44.679224
15.356152,44.677309
15.360817,44.672673
15.36149,44.672485
15.630565,44.872767
15.630367,44.872759
14.8861,44.582215
14.805687,44.627886
14.805933,44.627694
15.426921,44.582219
15.052752,44.930144
15.270137,44.848088
15.01992,44.564514
15.019656,44.564623
15.019756,44.564628
15.226415,44.747352
15.592409,44.488678
15.534682,44.835485
15.364475,44.86147
15.298359,44.565479
15.711948,44.90984
14.779448,44.64144
15.212311,45.075754
15.413597,44.851049
15.324626,44.513242
14.974293,44.99333
14.73816,44.690979
15.336946,44.83688
15.205789,45.068765
15.051716,44.825173
15.376785,44.52593
15.363834,44.642929
15.419005,44.516062
15.716021,44.741071
15.716213,44.741227
15.716428,44.741402
15.71744,44.742172
15.243882,44.584781
15.249491,44.577622
15.232279,44.87161
15.078385,44.533025
15.962572,44.552572
14.835037,44.598013
15.258674,44.503682
15.360929,44.787228
14.874863,44.549099
15.329922,44.951224
15.04241,44.821564
14.886201,44.560149
15.594556,44.37196
15.177325,44.633388
15.130558,45.000688
14.885729,44.560111
14.88595,44.560005
14.885042,44.560127
14.885833,44.560362
14.886256,44.559869
14.886116,44.559522
14.885677,44.559706
14.88662,44.559579
14.886495,44.559611
15.652343,44.362543
15.655389,44.826989
15.655725,44.827027
15.656875,44.826204
15.656289,44.826167
15.655227,44.825918
15.655809,44.825974
15.655435,44.825625
15.655943,44.826656
15.655443,44.826154
15.656229,44.825784
15.65514,44.827235
15.38069,44.65263
15.346192,44.825021
15.713026,44.348868
15.712669,44.348399
15.559867,44.503048
15.637029,44.938842
15.062509,44.820361
15.18026,44.451139
15.725539,44.883197
15.013525,44.505564
15.490221,44.735559
14.806454,44.619122
14.806388,44.618883
14.806388,44.618696
15.586298,44.392514
15.073285,44.524755
15.073192,44.524784
15.07322,44.524703
15.073266,44.524662
15.121937,45.007198
14.875282,44.560007
15.649907,44.940191
15.650296,44.940569
14.881218,44.558933
14.881253,44.558858
15.263359,44.870594
15.263493,44.870721
15.263174,44.870702
14.883154,44.558542
14.883196,44.558526