16.673575,46.3303
16.672689,46.330107
16.67216,46.329962
16.671313,46.329377
16.67125,46.32932
16.670961,46.329138
16.670626,46.328988
16.673395,46.329922
16.673493,46.328476
16.674714,46.328488
16.676464,46.328206
16.677253,46.328132
16.677349,46.328431
16.676061,46.328466
16.674756,46.329117
16.674525,46.329669
16.674647,46.33007
16.676117,46.329847
16.676763,46.329618
16.677667,46.329341
16.681695,46.32793
16.677345,46.329735
16.6728,46.331973
16.672524,46.331948
16.671295,46.331757
16.678708,46.328087
16.651439,46.338851
16.649231,46.344228
16.647072,46.343536
16.650082,46.342576
16.641986,46.342003
16.649636,46.344645
16.650372,46.346712
16.650857,46.339948
16.646451,46.342762
16.644457,46.342469
16.649254,46.344493
16.651659,46.341874
16.643522,46.342158
16.646453,46.34314
16.654379,46.342873
16.645623,46.338612
16.640998,46.342133
16.651095,46.342469
16.645739,46.34273
16.642863,46.342453
16.653234,46.34246
16.651404,46.342021
16.649741,46.34442
16.64972,46.342336
16.643819,46.3426
16.651152,46.345768
16.653668,46.342869
16.643215,46.342279
16.682503,46.327638
16.608325,46.403308
16.619605,46.403677
16.618281,46.401363
16.646827,46.343301
16.657389,46.341284
16.655645,46.344251
16.686711,46.340645
16.670101,46.328062
16.666075,46.325197
16.666198,46.324102
16.666894,46.323192
16.665015,46.32518
16.664029,46.326069
16.663929,46.326308
16.663535,46.326139
16.663195,46.325958
16.662497,46.325936
16.675637,46.329911
16.645914,46.343156
16.645105,46.342593
16.643094,46.342176
16.642358,46.341924
16.674212,46.330253
16.624413,46.408031
16.622988,46.409669
16.679661,46.327967
16.6765,46.328491
16.650242,46.345793
16.67526,46.330011
16.675684,46.330158
16.647174,46.342688
16.642164,46.341948
16.647415,46.343501
16.682415,46.327921
16.653461,46.342819
16.653244,46.343014
16.677798,46.329257
16.653034,46.342774
16.649977,46.342317
16.674206,46.328265
16.680885,46.327628
16.671574,46.328924
16.675848,46.329916
16.6759,46.330104
16.672327,46.330027
16.673285,46.332059
16.680435,46.32804
16.67758,46.3297
16.675489,46.328519
16.674588,46.328978
16.675043,46.32866
16.674665,46.329425
16.672857,46.329796
16.67747,46.329342
16.673491,46.330313
16.675456,46.328241
16.676442,46.33
16.675814,46.328499
16.676373,46.32978
16.678535,46.329076
16.673896,46.328711
16.672575,46.329394
16.674178,46.330056
16.67841,46.32837
16.67628,46.330114
16.675655,46.328485
16.678546,46.328804
16.673727,46.330329
16.674612,46.329289
16.671948,46.328885
16.67389,46.330344
16.682808,46.327974
16.674874,46.328398
16.678809,46.328939
16.673164,46.330238
16.674337,46.330477
16.675117,46.330318
16.672972,46.330285
16.67247,46.330102
16.676999,46.328429
16.671918,46.329485
16.676734,46.328459
16.674045,46.332176
16.67239,46.329551
16.682748,46.327674
16.676703,46.328163
16.674768,46.328825
16.673199,46.32975
16.67927,46.328526
16.680157,46.328116
16.675326,46.330823
16.679843,46.327908
16.676723,46.329928
16.6719,46.329799
16.673498,46.329934
16.677521,46.3281
16.682064,46.327948
16.673842,46.329913
16.67406,46.330385
16.671795,46.329143
16.674569,46.332255
16.674539,46.330693
16.677968,46.329184
16.67405,46.331818
16.676169,46.328448
16.670833,46.329006
16.674367,46.329049
16.672791,46.329944
16.674201,46.330463
16.674965,46.330039
16.676979,46.32815
16.674939,46.330452
16.674975,46.330366
16.680945,46.327971
16.675472,46.329979
16.673282,46.330263
16.674099,46.328874
16.674214,46.327409
16.675386,46.330208
16.674663,46.330659
16.674309,46.332213
16.678309,46.328942
16.678077,46.328112
16.677121,46.329857
16.676934,46.32956
16.681225,46.327989
16.674276,46.328423
16.678365,46.329199
16.677639,46.328471
16.675169,46.330278
16.67815,46.328376
16.681877,46.327959
16.673028,46.329612
16.678821,46.328588
16.680773,46.327982
16.67634,46.328452
16.674815,46.330798
16.672745,46.328259
16.677791,46.329594
16.673478,46.328249
16.678249,46.329313
16.671863,46.328678
16.672019,46.32988
16.672153,46.329013
16.67779,46.328139
16.673679,46.328612
16.679558,46.328357
16.675208,46.328173
16.681133,46.327658
16.672746,46.329538
16.680075,46.327832
16.672786,46.330209
16.678118,46.329424
16.677338,46.329471
16.680334,46.32777
16.671678,46.329687
16.682275,46.327943
16.676234,46.329805
16.67437,46.330545
16.673037,46.332004
16.679831,46.328266
16.670967,46.331706
16.674807,46.330051
16.676203,46.328211
16.67336,46.330317
16.675718,46.328213
16.675626,46.330223
16.676476,46.329615
16.675969,46.328211
16.671767,46.329732
16.674698,46.331981
16.648209,46.342805
16.646943,46.342259
16.648599,46.342739
16.647242,46.342339
16.648793,46.342699
16.648929,46.342654
16.647572,46.342432
16.649189,46.34267
16.647748,46.342457
16.649377,46.342643
16.649538,46.342629
16.648191,46.342478
16.649778,46.342628
16.648367,46.342481
16.648498,46.342454
16.650252,46.342567
16.648674,46.342426
16.65043,46.342579
16.648847,46.342447
16.650667,46.342477
16.650922,46.342469
16.649436,46.34239
16.651239,46.342453
16.651432,46.342435
16.650154,46.342292
16.651664,46.342434
16.650262,46.342307
16.651866,46.34252
16.650655,46.342217
16.651419,46.342142
16.652363,46.342651
16.652595,46.342321
16.652689,46.342729
16.653016,46.342436
16.653904,46.342872
16.654839,46.342887
16.655022,46.342905
16.655184,46.342923
16.655465,46.342972
16.650712,46.340871
16.650775,46.338403
16.651207,46.338201
16.6466,46.342801
16.646597,46.342703
16.646426,46.343265
16.646202,46.343088
16.64596,46.343045
16.646043,46.34272
16.645782,46.343062
16.645571,46.343043
16.645597,46.342648
16.645381,46.342957
16.645287,46.342961
16.645306,46.342548
16.645186,46.342891
16.645056,46.343139
16.645098,46.342626
16.645027,46.342586
16.64488,46.342788
16.644924,46.34248
16.644754,46.342803
16.644791,46.342549
16.644666,46.342845
16.644678,46.342499
16.644418,46.342748
16.644539,46.342505
16.644224,46.342684
16.644018,46.34269
16.643834,46.342944
16.644311,46.342436
16.643726,46.342696
16.644124,46.342438
16.643512,46.342791
16.643911,46.342351
16.643922,46.342243
16.643295,46.34257
16.643724,46.342372
16.643005,46.342513
16.643725,46.342129
16.643502,46.342311
16.642727,46.342482
16.642635,46.342445
16.642498,46.342475
16.643069,46.342264
16.642338,46.342394
16.642989,46.342251
16.642016,46.342341
16.642856,46.342227
16.642679,46.342174
16.642276,46.342108
16.641676,46.341955
16.640522,46.341755
16.652637,46.338752
16.647564,46.342671
16.647899,46.342924
16.647775,46.343095
16.646869,46.342553
16.647757,46.3432
16.647724,46.343292
16.648189,46.343485
16.64764,46.343476
16.647751,46.343904
16.647664,46.344032
16.647226,46.343587
16.646995,46.343526
16.646983,46.343636
16.646827,46.343544
16.646675,46.343539
16.646519,46.343546
16.646361,46.343483
16.648324,46.344042
16.648842,46.344062
16.648797,46.344278
16.649013,46.344116
16.64898,46.344461
16.649375,46.344285
16.649531,46.344345
16.649747,46.344999
16.649987,46.344472
16.649976,46.345006
16.650227,46.344683
16.650085,46.345091
16.65021,46.345119
16.650611,46.344857
16.650915,46.344765
16.650023,46.346217
16.650938,46.344879
16.649913,46.346624
16.650845,46.344998
16.649311,46.34734
16.650994,46.34511
16.651184,46.34657
16.651501,46.346335
16.651432,46.346481
16.650547,46.346059
16.650634,46.345879
16.650682,46.345692
16.650567,46.345178
16.651227,46.345635
16.651196,46.345425
16.641628,46.342242
16.64707,46.343657
16.650336,46.342311
16.622936,46.409741
16.617813,46.410824
16.651076,46.342207
16.496709,46.371821
16.423442,46.377923
16.435483,46.376971
16.609266,46.329791
16.488082,46.380074
16.417751,46.402525
16.429035,46.386649
16.431958,46.329004
16.453268,46.379177
16.429714,46.518031
16.416623,46.328865
16.36157,46.525278
16.411,46.37293
16.419158,46.369807
16.482615,46.36898
16.483306,46.369304
16.435622,46.394403
16.42067,46.417432
16.421847,46.402149
16.488188,46.37571
16.403355,46.328569
16.439137,46.389979
16.425787,46.514606
16.641487,46.39169
16.36307,46.526771
16.426687,46.513834
16.421307,46.472184
16.433512,46.507671
16.429745,46.38019
16.35391,46.522614
16.423155,46.403473
16.423398,46.382841
16.422258,46.406838
16.422686,46.406925
16.422281,46.408885
16.42085,46.404639
16.420825,46.406358
16.447057,46.430986
16.442676,46.375564
16.429167,46.391666
16.425401,46.405468
16.428418,46.39092
16.428536,46.39081
16.427465,46.391315
16.443293,46.375864
16.442599,46.375824
16.447932,46.375047
16.42692,46.390738
16.427617,46.390384
16.42655,46.391187
16.429598,46.391273
16.454815,46.379979
16.454691,46.379138
16.452531,46.379872
16.45231,46.378428
16.453167,46.37979
16.452301,46.379771
16.450444,46.379161
16.451086,46.379875
16.449289,46.380184
16.449135,46.379373
16.45019,46.378867
16.446377,46.379934
16.445754,46.380371
16.446142,46.381364
16.446116,46.381999
16.447164,46.381198
16.447325,46.381998
16.447434,46.381518
16.447386,46.381658
16.447533,46.381204
16.446872,46.382018
16.472272,46.430181
16.437755,46.382822
16.337861,46.523676
16.440545,46.386653
16.44091,46.387712
16.442591,46.386797
16.441589,46.38658
16.441715,46.38655
16.444413,46.386561
16.441738,46.387156
16.44152,46.387238
16.440261,46.387156
16.440733,46.385943
16.64034,46.386768
16.442047,46.386464
16.442157,46.386412
16.441182,46.385739
16.440325,46.385381
16.439782,46.387175
16.44382,46.386581
16.443707,46.386355
16.441561,46.385543
16.439662,46.387229
16.443399,46.38514
16.442295,46.384344
16.418321,46.376493
16.421217,46.407574
16.423022,46.409963
16.422616,46.406442
16.422553,46.409264
16.380458,46.525986
16.420817,46.37604
16.42306,46.376943
16.409541,46.381296
16.476317,46.497697
16.431868,46.450123
16.467282,46.366573
16.449755,46.393882
16.436976,46.387116
16.4356,46.390375
16.424904,46.470882
16.443442,46.504017
16.468777,46.371313
16.610951,46.331198
16.611124,46.331817
16.611244,46.330958
16.611113,46.331648
16.610804,46.330685
16.611517,46.331361
16.611067,46.331734
16.609079,46.328289
16.609159,46.328829
16.437118,46.380588
16.437065,46.380208
16.437714,46.382101
16.611258,46.32689
16.414343,46.333724
16.609205,46.329973
16.61081,46.330451
16.610847,46.330053
16.611157,46.330186
16.609531,46.328766
16.432502,46.385471
16.436109,46.382207
16.465238,46.370961
16.43834,46.390133
16.438379,46.389918
16.437449,46.391182
16.434503,46.391249
16.438779,46.391573
16.43579,46.393925
16.609087,46.330568
16.609743,46.336218
16.610356,46.332435
16.42068,46.402374
16.454523,46.440616
16.492554,46.489523
16.492284,46.489119
16.434334,46.386796
16.434531,46.386863
16.436511,46.387379
16.441971,46.384836
16.43914,46.392583
16.437133,46.38981
16.437736,46.388637
16.439461,46.387447
16.433038,46.386798
16.433566,46.386579
16.436604,46.38656
16.436518,46.385238
16.437467,46.387579
16.434843,46.385143
16.434854,46.384668
16.383899,46.527946
16.410089,46.388543
16.371646,46.520656
16.4305,46.447703
16.447676,46.380841
16.457784,46.382057
16.437223,46.381457
16.438226,46.381791
16.414861,46.367275
16.416756,46.36757
16.469278,46.365872
16.436854,46.388479
16.436979,46.38849
16.44356,46.387303
16.44339,46.387462
16.444149,46.387379
16.443359,46.388589
16.444427,46.387605
16.447342,46.383505
16.441563,46.512359
16.43732,46.390001
16.447217,46.394437
16.416162,46.381142
16.473167,46.501081
16.440847,46.388073
16.443609,46.387976
16.44353,46.387872
16.432391,46.507043
16.419402,46.402971
16.622418,46.336151
16.458167,46.393073
16.36031,46.523229
16.442397,46.511184
16.643514,46.394925
16.414116,46.367213
16.423542,46.377116
16.467418,46.366463
16.418803,46.373719
16.389936,46.33846
16.450187,46.439992
16.460207,46.382152
16.435835,46.38121
16.426226,46.493514
16.465131,46.369883
16.432239,46.505955
16.402809,46.329124
16.468069,46.371474
16.404099,46.376941
16.418225,46.381262
16.468897,46.426962
16.390694,46.338278
16.468625,46.496979
16.465241,46.494209
16.437386,46.339316
16.431671,46.452023
16.339958,46.523459
16.43032,46.517599
16.447319,46.397105
16.364613,46.526276
16.46655,46.495509
16.382065,46.52924
16.425508,46.493267
16.641068,46.388546
16.377683,46.523959
16.438908,46.375268
16.448576,46.442865
16.446755,46.493131
16.447847,46.440857
16.644881,46.396473
16.337827,46.522125
16.432186,46.505629
16.448812,46.394656
16.433843,46.382294
16.434523,46.383373
16.443654,46.386568
16.488938,46.378503
16.452012,46.430652
16.623904,46.333338
16.638173,46.394775
16.436141,46.393347
16.423914,46.41811
16.429258,46.513874
16.435084,46.381992
16.442863,46.392815
16.424466,46.471353
16.468363,46.366521
16.432215,46.448486
16.369946,46.524233
16.448512,46.392971
16.429439,46.514984
16.431833,46.449767
16.4396,46.391224
16.62246,46.338763
16.433542,46.386367
16.470152,46.42455
16.605132,46.338805
16.468433,46.366172
16.427359,46.450373
16.420504,46.383221
16.408336,46.371843
16.446059,46.492172
16.496956,46.373361
16.327628,46.520646
16.4223,46.401106
16.438192,46.388886
16.462447,46.495734
16.441763,46.375638
16.438872,46.505916
16.465042,46.443464
16.478545,46.365944
16.428177,46.382558
16.418761,46.389345
16.494245,46.374111
16.472206,46.493923
16.624974,46.331571
16.473151,46.366355
16.424882,46.493592
16.453688,46.442498
16.604311,46.338506
16.443023,46.395361
16.446646,46.512693
16.435367,46.505372
16.425954,46.380828
16.378209,46.52395
16.466096,46.427818
16.431474,46.517694
16.453964,46.442671
16.411097,46.391585
16.426023,46.492183
16.461052,46.422829
16.425735,46.469227
16.640906,46.393769
16.403628,46.376637
16.422657,46.382881
16.383522,46.529378
16.644306,46.39319
16.624518,46.339923
16.44718,46.392241
16.448114,46.44162
16.473843,46.366721
16.430857,46.514028
16.424923,46.518246
16.448197,46.393156
16.421184,46.387829
16.364048,46.524365
16.433863,46.333037
16.366888,46.525704
16.365094,46.52426
16.620132,46.337565
16.641393,46.389749
16.359909,46.524148
16.438186,46.50915
16.413815,46.367897
16.447663,46.39349
16.443791,46.509843
16.422892,46.474993
16.368597,46.527185
16.6419,46.391588
16.643855,46.396346
16.360131,46.528613
16.442094,46.394249
16.40985,46.370635
16.441254,46.392762
16.434925,46.395673
16.639213,46.389088
16.463507,46.421264
16.474417,46.43405
16.42794,46.38675
16.445585,46.381987
16.443831,46.394829
16.418897,46.381869
16.43311,46.38346
16.442759,46.389448
16.439334,46.392674
16.424387,46.402705
16.434243,46.382273
16.637081,46.398523
16.490087,46.374846
16.429302,46.391962
16.429486,46.445567
16.449418,46.430973
16.39569,46.326265
16.494875,46.367016
16.386164,46.529067
16.47129,46.371309
16.450256,46.393851
16.423744,46.403729
16.442669,46.395493
16.468412,46.373058
16.432213,46.513317
16.425927,46.492774
16.474632,46.496254
16.477004,46.497665
16.428486,46.389487
16.623263,46.339175
16.44142,46.393054
16.424362,46.469924
16.424402,46.38527
16.429054,46.515185
16.433095,46.336505
16.442646,46.38885
16.442581,46.390372
16.434857,46.333783
16.641695,46.389706
16.473056,46.500535
16.640844,46.389565
16.423646,46.405207
16.418775,46.401834
16.438468,46.392645
16.44399,46.386988
16.43504,46.510563
16.374904,46.525655
16.422058,46.472309
16.42193,46.4049
16.472065,46.493652
16.446531,46.392985
16.624625,46.332505
16.448027,46.397176
16.465863,46.362669
16.444497,46.506813
16.441426,46.504746
16.641954,46.391396
16.49647,46.373615
16.62634,46.33035
16.436898,46.379155
16.636167,46.397317
16.641598,46.391894
16.469176,46.426903
16.461384,46.494151
16.474754,46.497878
16.626714,46.334458
16.444098,46.391793
16.430423,46.514508
16.472448,46.430662
16.439852,46.33972
16.42279,46.406094
16.472916,46.499278
16.439174,46.511784
16.359411,46.523633
16.429626,46.514445
16.421699,46.382102
16.644207,46.390371
16.426406,46.448544
16.419901,46.417134
16.469432,46.491841
16.430854,46.378741
16.440824,46.392465
16.471512,46.491343
16.44273,46.392556
16.439863,46.390595
16.420287,46.404763
16.42808,46.404122
16.43065,46.38084
16.623411,46.335939
16.429094,46.392243
16.446046,46.490528
16.465724,46.497924
16.426631,46.516552
16.447367,46.511013
16.418698,46.376278
16.444588,46.396283
16.469412,46.371177
16.468191,46.420569
16.434058,46.383147
16.435102,46.506748
16.472143,46.366221
16.640746,46.395139
16.429121,46.324873
16.440661,46.39237
16.468339,46.366981
16.609886,46.336474
16.468827,46.36633
16.390286,46.327155
16.429923,46.38603
16.457046,46.444172
16.450646,46.441976
16.436193,46.509076
16.410013,46.370414
16.429615,46.381645
16.467242,46.494748
16.385769,46.526427
16.452441,46.442763
16.43432,46.509487
16.47299,46.432761
16.472837,46.43192
16.432481,46.44942
16.469146,46.371234
16.429338,46.518262
16.494745,46.364035
16.408128,46.373532
16.436145,46.51086
16.359093,46.523831
16.442379,46.395291
16.62516,46.331398
16.466043,46.371087
16.425779,46.493508
16.472542,46.499744
16.427636,46.389786
16.447782,46.511386
16.466935,46.494232
16.469821,46.364663
16.425842,46.404755
16.398745,46.329432
16.439302,46.375591
16.42444,46.47211
16.64388,46.392338
16.467614,46.495811
16.407825,46.376589
16.47386,46.365658
16.33801,46.521806
16.430504,46.517832
16.445815,46.507845
16.433336,46.385459
16.436444,46.391677
16.423761,46.383872
16.391696,46.326851
16.47279,46.498579
16.422868,46.474396
16.36672,46.526332
16.461693,46.421501
16.491031,46.373836
16.398945,46.329599
16.437947,46.508252
16.417272,46.375745
16.487999,46.378714
16.3776,46.524133
16.427499,46.404218
16.473224,46.433515
16.636013,46.396861
16.428552,46.328941
16.426791,46.390666
16.471565,46.499183
16.495231,46.366225
16.432813,46.383526
16.429134,46.446762
16.460796,46.495353
16.467009,46.371516
16.64237,46.394942
16.358187,46.524912
16.449725,46.395116
16.470609,46.494825
16.445265,46.391413
16.498476,46.373566
16.346025,46.52012
16.459605,46.392942
16.436439,46.511364
16.469964,46.371446
16.482668,46.369721
16.418974,46.401783
16.424045,46.493538
16.434958,46.381253
16.461519,46.42388
16.496811,46.371469
16.44768,46.395534
16.371287,46.523958
16.433392,46.51363
16.437362,46.382692
16.446836,46.510908
16.637004,46.395625
16.419037,46.377194
16.428871,46.379449
16.472442,46.494243
16.444758,46.392466
16.641698,46.39093
16.416578,46.366663
16.390805,46.326543
16.433584,46.330079
16.398981,46.329302
16.460759,46.494983
16.328531,46.523233
16.380532,46.527551
16.450179,46.439396
16.346165,46.520267
16.47568,46.431792
16.441079,46.389442
16.411546,46.348233
16.444877,46.509483
16.443527,46.385275
16.471194,46.497314
16.419561,46.375142
16.434757,46.505527
16.44391,46.504965
16.4732,46.501249
16.42448,46.470668
16.438942,46.389648
16.419593,46.401282
16.431352,46.403868
16.434763,46.513493
16.454779,46.39421
16.433008,46.331623
16.62484,46.33528
16.471757,46.497518
16.463798,46.443654
16.644241,46.393083
16.424627,46.518336
16.409626,46.370719
16.471743,46.430054
16.437374,46.514503
16.425059,46.380565
16.462804,46.428417
16.432012,46.505671
16.440773,46.339709
16.449745,46.336167
16.421398,46.405129
16.36684,46.525522
16.447171,46.511507
16.375744,46.51947
16.428353,46.508635
16.621274,46.337426
16.63945,46.396249
16.46517,46.499761
16.437246,46.37806
16.378436,46.52276
16.430351,46.403753
16.449136,46.393176
16.43342,46.507301
16.461556,46.425974
16.416423,46.32928
16.495092,46.36376
16.434578,46.33071
16.641595,46.393049
16.476142,46.495102
16.424252,46.402821
16.433951,46.513296
16.448269,46.435485
16.442022,46.514221
16.423868,46.493347
16.469221,46.365112
16.641412,46.394427
16.41388,46.372422
16.441574,46.394023
16.484703,46.367419
16.472014,46.495669
16.462972,46.443258
16.476031,46.497795
16.442948,46.391247
16.461656,46.424577
16.63811,46.394209
16.463026,46.494172
16.336697,46.522835
16.401395,46.329778
16.483098,46.369931
16.440026,46.387941
16.415557,46.387728
16.466338,46.369397
16.43835,46.506069
16.442985,46.392519
16.484617,46.368798
16.411019,46.368978
16.403938,46.376145
16.433579,46.448881
16.443147,46.511899
16.46297,46.427845
16.42341,46.518551
16.472681,46.494623
16.355868,46.522637
16.422528,46.382544
16.438925,46.37581
16.408249,46.371965
16.35072,46.521162
16.437809,46.382956
16.459289,46.392935
16.420913,46.470711
16.426084,46.381088
16.435489,46.504893
16.449628,46.442896
16.441042,46.389795
16.472046,46.369566
16.643333,46.387319
16.44511,46.396427
16.621594,46.337223
16.419459,46.415869
16.645073,46.39376
16.472306,46.371154
16.434407,46.513937
16.470302,46.49561
16.46835,46.496149
16.366595,46.525959
16.446033,46.492885
16.42125,46.4725
16.428434,46.508797
16.4302,46.382407
16.468136,46.373086
16.472594,46.50007
16.644351,46.390571
16.376826,46.525159
16.474645,46.37145
16.614257,46.335197
16.419068,46.415784
16.431026,46.381256
16.643392,46.395741
16.473241,46.433585
16.403162,46.32878
16.623126,46.333528
16.361808,46.524596
16.435935,46.512055
16.455163,46.443517
16.639191,46.394415
16.471422,46.497386
16.429004,46.328817
16.470386,46.42519
16.365911,46.526362
16.444289,46.390368
16.36015,46.527807
16.361001,46.524094
16.434853,46.510958
16.436404,46.506163
16.483218,46.418747
16.462054,46.421498
16.379355,46.52753
16.640865,46.388359
16.640082,46.389139
16.427695,46.382401
16.435016,46.508841
16.609265,46.331399
16.390601,46.339066
16.472069,46.364477
16.621098,46.336871
16.43045,46.381892
16.426616,46.517906
16.432082,46.443657
16.447444,46.430939
16.471288,46.362627
16.421477,46.382143
16.643922,46.391076
16.405811,46.374109
16.416062,46.376544
16.431627,46.325034
16.423828,46.46997
16.469609,46.371498
16.434793,46.381248
16.622034,46.338547
16.644384,46.394642
16.441918,46.394917
16.472238,46.495712
16.424029,46.519321
16.46353,46.494174
16.435146,46.390532
16.41318,46.37241
16.417878,46.404012
16.436119,46.335891
16.400507,46.331173
16.413236,46.330933
16.454413,46.442891
16.484795,46.367749
16.373378,46.524911
16.438085,46.389133
16.480131,46.494956
16.419253,46.369113
16.608385,46.333378
16.469912,46.365715
16.389548,46.3385
16.325366,46.520487
16.452589,46.441693
16.436236,46.51195
16.429312,46.403865
16.446403,46.376454
16.460723,46.392841
16.467236,46.494571
16.426364,46.381586
16.454037,46.443023
16.643361,46.395424
16.421663,46.406117
16.466756,46.372948
16.421056,46.47108
16.452332,46.44152
16.42509,46.404164
16.441489,46.338818
16.419349,46.417498
16.361443,46.528564
16.414332,46.365497
16.425263,46.493627
16.447126,46.338713
16.440519,46.375679
16.363855,46.525008
16.424576,46.492675
16.419684,46.417571
16.440784,46.375966
16.423817,46.447017
16.44609,46.39524
16.638789,46.393928
16.472299,46.491853
16.391122,46.337403
16.428233,46.515192
16.424286,46.470556
16.427858,46.5087
16.429209,46.380663
16.436006,46.509087
16.439201,46.391525
16.392737,46.326318
16.462892,46.392803
16.383099,46.527399
16.430113,46.323998
16.641603,46.392934
16.417779,46.372867
16.389513,46.338395
16.433313,46.386517
16.451727,46.379493
16.425635,46.468826
16.470346,46.497314
16.344038,46.522543
16.36636,46.525408
16.415904,46.380102
16.434169,46.509137
16.464233,46.36652
16.411678,46.365928
16.640769,46.38868
16.498788,46.373431
16.43322,46.516547
16.424562,46.400452
16.42821,46.381141
16.41324,46.32897
16.377427,46.52432
16.447428,46.51144
16.442355,46.513137
16.645514,46.397151
16.462926,46.495477
16.642971,46.390847
16.394246,46.32618
16.495886,46.364496
16.436096,46.333087
16.430258,46.378835
16.444137,46.391563
16.620017,46.337429
16.591942,46.328754
16.420364,46.416868
16.389435,46.337969
16.34319,46.521882
16.411817,46.396192
16.419137,46.36998
16.490313,46.374791
16.495561,46.368972
16.432056,46.505041
16.439304,46.505758
16.377669,46.527104
16.455676,46.429731
16.444017,46.393805
16.446054,46.492705
16.415743,46.372353
16.470444,46.427067
16.414829,46.364435
16.435554,46.515689
16.40566,46.381035
16.464195,46.37299
16.427144,46.391113
16.442004,46.393916
16.428495,46.513701
16.484633,46.368193
16.46583,46.427883
16.46835,46.491449
16.427283,46.379976
16.460687,46.423006
16.440128,46.338682
16.443104,46.385161
16.471833,46.430512
16.453693,46.442868
16.444343,46.33928
16.43159,46.324822
16.431877,46.450289
16.429975,46.382064
16.343164,46.523193
16.359583,46.527456
16.424176,46.49337
16.470606,46.370516
16.397479,46.328955
16.473759,46.497354
16.447083,46.396497
16.417553,46.380016
16.420929,46.404568
16.423397,46.404692
16.412817,46.365527
16.426295,46.492634
16.431222,46.324829
16.431711,46.381516
16.470742,46.424731
16.426243,46.514005
16.637039,46.396193
16.417693,46.415485
16.458386,46.393094
16.620502,46.337817
16.604991,46.323995
16.459982,46.392896
16.444577,46.337236
16.432215,46.506222
16.422856,46.387957
16.41301,46.376687
16.416944,46.377233
16.464185,46.365284
16.435355,46.395574
16.417235,46.372534
16.491594,46.373198
16.461459,46.442365
16.408259,46.373195
16.41189,46.365952
16.378528,46.528678
16.413539,46.365523
16.442053,46.394956
16.45175,46.37975
16.436015,46.337489
16.398205,46.328376
16.416408,46.331043
16.478187,46.494933
16.452574,46.440637
16.448249,46.511227
16.45764,46.444095
16.431888,46.325516
16.378525,46.521999
16.463124,46.361657
16.405913,46.33101
16.450048,46.380883
16.415585,46.370876
16.362289,46.524365
16.431342,46.383045
16.469175,46.49674
16.343673,46.521671
16.425244,46.514426
16.420528,46.519221
16.415714,46.355697
16.430027,46.379826
16.41223,46.365941
16.437667,46.509487
16.468025,46.360554
16.469708,46.36577
16.422743,46.400575
16.437264,46.38189
16.440111,46.376134
16.49184,46.364916
16.381766,46.529471
16.428276,46.447663
16.482502,46.37005
16.374087,46.522381
16.412697,46.332819
16.369322,46.528053
16.641411,46.39255
16.464798,46.363548
16.379962,46.527457
16.448541,46.392526
16.44263,46.395025
16.431481,46.448388
16.471043,46.362808
16.444217,46.389445
16.433318,46.450857
16.444974,46.3937
16.376844,46.526113
16.496449,46.371324
16.449344,46.397467
16.467102,46.367016
16.465126,46.369785
16.368282,46.526977
16.327869,46.522809
16.636339,46.39642
16.620807,46.336989
16.416121,46.329032
16.431219,46.328177
16.607347,46.338519
16.424226,46.403657
16.442749,46.514304
16.44539,46.509395
16.472542,46.499353
16.421296,46.381812
16.444899,46.394391
16.482771,46.418807
16.440769,46.387295
16.423785,46.387694
16.450829,46.440214
16.427912,46.390543
16.624814,46.33177
16.449907,46.336484
16.432076,46.327067
16.622686,46.338554
16.474022,46.433028
16.41887,46.403829
16.457869,46.39319
16.421235,46.402686
16.379076,46.526761
16.445089,46.384584
16.449353,46.438388
16.487196,46.380562
16.362494,46.526191
16.493297,46.365999
16.427831,46.508386
16.428772,46.450434
16.451192,46.430539
16.439981,46.390009
16.437592,46.511761
16.640591,46.38856
16.407781,46.37784
16.422119,46.404327
16.646369,46.396
16.635772,46.397135
16.450292,46.443692
16.425078,46.471949
16.432138,46.44806
16.445149,46.381804
16.328,46.52224
16.405695,46.33093
16.420417,46.405502
16.420707,46.404812
16.447625,46.396419
16.443042,46.391732
16.449886,46.394535
16.448173,46.508601
16.450923,46.44153
16.465637,46.371397
16.469312,46.422156
16.462458,46.49445
16.467898,46.495999
16.418213,46.403274
16.641621,46.391427
16.436116,46.514651
16.464165,46.495208
16.438015,46.512759
16.43072,46.517807
16.347369,46.515674
16.448235,46.376037
16.445857,46.50767
16.433561,46.395413
16.423025,46.403381
16.446727,46.338048
16.4355,46.512209
16.464108,46.372597
16.417371,46.372672
16.354495,46.52274
16.398839,46.32921
16.429505,46.38105
16.416844,46.366407
16.472653,46.431474
16.436858,46.378885
16.446899,46.437738
16.420649,46.404901
16.439015,46.376527
16.405541,46.330834
16.44507,46.391724
16.451274,46.430758
16.377616,46.525822
16.435256,46.515649
16.475899,46.366614
16.436307,46.510928
16.637751,46.395356
16.472169,46.491522
16.407864,46.375812
16.377121,46.524549
16.448802,46.43777
16.645815,46.395189
16.61175,46.332481
16.439972,46.513237
16.46514,46.369611
16.467687,46.371564
16.446173,46.512568
16.441462,46.389905
16.458801,46.428769
16.390793,46.337543
16.441553,46.393946
16.496537,46.372573
16.434975,46.395522
16.360371,46.528402
16.458613,46.393075
16.467243,46.495112
16.429878,46.378893
16.440062,46.33902
16.480074,46.370159
16.42784,46.518128
16.361514,46.524443
16.442061,46.384643
16.434704,46.506892
16.470542,46.49232
16.443313,46.396504
16.436797,46.514667
16.423397,46.402019
16.350615,46.521905
16.463841,46.495766
16.415323,46.331452
16.451544,46.440939
16.408331,46.372909
16.433554,46.516288
16.437863,46.511496
16.456838,46.393714
16.642382,46.390405
16.411207,46.368779
16.4769,46.497232
16.370993,46.523887
16.431629,46.517415
16.428139,46.513833
16.44766,46.396857
16.433607,46.51599
16.463763,46.495224
16.425485,46.470861
16.435671,46.394929
16.415198,46.372424
16.43275,46.505859
16.413354,46.366684
16.418543,46.382184
16.43482,46.396095
16.475246,46.365796
16.440354,46.39125
16.433597,46.385766
16.642473,46.389512
16.359359,46.528124
16.473104,46.419854
16.428767,46.328663
16.471522,46.362063
16.404015,46.37776
16.378543,46.521548
16.338557,46.523324
16.41368,46.331534
16.403606,46.376771
16.445733,46.39303
16.475055,46.366611
16.367878,46.525449
16.361253,46.527907
16.420538,46.382621
16.43904,46.505838
16.432316,46.448903
16.440933,46.392558
16.446675,46.51246
16.336102,46.522359
16.433036,46.505535
16.469806,46.421882
16.419574,46.374966
16.475611,46.432097
16.403966,46.377554
16.622612,46.336488
16.422683,46.403192
16.448221,46.394418
16.635555,46.397418
16.437514,46.514254
16.427339,46.391431
16.416385,46.371645
16.493504,46.366736
16.47489,46.367159
16.436417,46.513622
16.448802,46.394788
16.424709,46.44628
16.639696,46.396565
16.470281,46.492856
16.428957,46.324639
16.466554,46.373253
16.427023,46.514147
16.439473,46.339032
16.492913,46.374586
16.429316,46.380786
16.475039,46.419565
16.437679,46.381354
16.416576,46.366389
16.415372,46.366463
16.436585,46.386009
16.465493,46.370428
16.637144,46.386235
16.438737,46.389898
16.436175,46.337433
16.460802,46.428806
16.426238,46.381085
16.444053,46.39024
16.622087,46.337205
16.426454,46.518008
16.367565,46.526846
16.435951,46.51066
16.445957,46.392537
16.467682,46.366717
16.415143,46.369973
16.417032,46.372357
16.469379,46.427251
16.432943,46.509161
16.413577,46.372408
16.423236,46.377734
16.469719,46.421695
16.436343,46.50598
16.471564,46.364268
16.428313,46.51872
16.403124,46.329821
16.419506,46.3667
16.421898,46.381845
16.344228,46.521637
16.412106,46.388571
16.413453,46.330011
16.437859,46.514049
16.428137,46.518798
16.431516,46.381224
16.497157,46.373691
16.404116,46.377955
16.470784,46.363359
16.34384,46.521899
16.444582,46.338124
16.442766,46.393808
16.477251,46.495849
16.429152,46.446119
16.639752,46.38919
16.484609,46.368376
16.446069,46.397386
16.447553,46.395118
16.642868,46.390571
16.450486,46.393127
16.431372,46.32515
16.450614,46.336799
16.436732,46.513476
16.432484,46.328845
16.442322,46.511006
16.390543,46.338969
16.435467,46.515236
16.446664,46.397779
16.432225,46.37835
16.489497,46.37325
16.426803,46.470321
16.478718,46.495327
16.428092,46.51826
16.431311,46.330565
16.425413,46.473011
16.413817,46.365024
16.414098,46.367741
16.62208,46.336477
16.470306,46.371464
16.477634,46.370722
16.42262,46.402705
16.441419,46.375882
16.441101,46.392785
16.400209,46.403584
16.421489,46.382909
16.406154,46.399243
16.466863,46.367051
16.4317,46.445419
16.603521,46.338593
16.432314,46.331524
16.453328,46.442241
16.646763,46.396562
16.42432,46.517192
16.425827,46.382265
16.444847,46.390217
16.415157,46.329142
16.421643,46.519719
16.446292,46.39683
16.422816,46.47375
16.407937,46.373849
16.496877,46.369764
16.417745,46.36649
16.365115,46.524578
16.341419,46.521763
16.449119,46.394966
16.474799,46.366155
16.643865,46.391869
16.453632,46.393338
16.464185,46.495802
16.444799,46.397612
16.434813,46.330967
16.435119,46.337816
16.431579,46.330887
16.471134,46.497641
16.369913,46.527185
16.479134,46.370427
16.498255,46.373191
16.484542,46.368626
16.436998,46.379567
16.443941,46.392391
16.446168,46.338279
16.346823,46.521458
16.437166,46.514174
16.435453,46.384979
16.390479,46.337485
16.435872,46.332338
16.469795,46.497166
16.46392,46.392869
16.413017,46.329658
16.429169,46.446363
16.41824,46.381572
16.43193,46.33362
16.345586,46.521334
16.448217,46.510884
16.433977,46.329892
16.415497,46.334351
16.415658,46.330192
16.448638,46.430807
16.421073,46.402592
16.406144,46.374038
16.432724,46.509689
16.643448,46.395314
16.496045,46.373122
16.645694,46.394643
16.620654,46.336999
16.416511,46.328711
16.391105,46.337522
16.447859,46.393687
16.432133,46.44376
16.475562,46.4323
16.419815,46.416727
16.431827,46.449591
16.448853,46.392608
16.459187,46.392958
16.452855,46.37925
16.606279,46.338773
16.496019,46.368927
16.422675,46.383855
16.418541,46.37639
16.49484,46.366865
16.428936,46.382247
16.422227,46.383666
16.421046,46.382158
16.347915,46.518932
16.415267,46.416708
16.428366,46.382008
16.467444,46.366943
16.488318,46.378444
16.442001,46.339677
16.42171,46.387983
16.640022,46.389246
16.435819,46.336328
16.419313,46.403051
16.419621,46.38185
16.457303,46.44404
16.426967,46.380311
16.471329,46.42715
16.466394,46.498298
16.42246,46.402124
16.419223,46.366656
16.433879,46.336912
16.427072,46.450032
16.42311,46.400792
16.445838,46.509439
16.422464,46.472673
16.448774,46.394365
16.442722,46.396724
16.437155,46.377192
16.372424,46.524839
16.398323,46.328815
16.448778,46.394934
16.48956,46.377092
16.419762,46.401551
16.437473,46.508824
16.443415,46.388196
16.415167,46.368723
16.435473,46.335716
16.422332,46.404209
16.471276,46.493037
16.431948,46.326352
16.424309,46.404594
16.440473,46.505044
16.472471,46.498621
16.414812,46.365936
16.403154,46.404972
16.366029,46.526594
16.605823,46.33889
16.445997,46.338875
16.445188,46.395147
16.42407,46.518248
16.445965,46.511682
16.443125,46.396391
16.41464,46.366793
16.424088,46.380274
16.471506,46.427787
16.426484,46.47567
16.455333,46.443592
16.424905,46.448414
16.426176,46.382552
16.428085,46.390788
16.419405,46.391502
16.44279,46.340959
16.465848,46.499362
16.41456,46.329023
16.447816,46.3959
16.37668,46.524908
16.442755,46.387623
16.371791,46.522622
16.470109,46.36427
16.426738,46.493286
16.441951,46.390036
16.464901,46.421035
16.442314,46.389689
16.430524,46.379063
16.426506,46.471346
16.451223,46.441291
16.43147,46.447225
16.445368,46.489755
16.446399,46.392762
16.445644,46.396652
16.425962,46.517239
16.401427,46.404443
16.437437,46.379704
16.472694,46.500398
16.433852,46.382075
16.484412,46.368992
16.421584,46.40816
16.464934,46.370897
16.432496,46.380485
16.423825,46.402786
16.443882,46.385516
16.609322,46.329647
16.432683,46.328429
16.468694,46.426993
16.470508,46.423685
16.427147,46.390515
16.46095,46.423801
16.436614,46.376622
16.432185,46.517483
16.482448,46.369041
16.484002,46.369057
16.429371,46.39147
16.445201,46.379872
16.445651,46.394924
16.454511,46.443258
16.407491,46.403848
16.436909,46.511308
16.362843,46.526515
16.440945,46.504899
16.426848,46.516452
16.447793,46.380542
16.49249,46.36577
16.416018,46.372318
16.328509,46.522802
16.420987,46.407061
16.447453,46.375815
16.424772,46.405763
16.42862,46.392105
16.428939,46.39154
16.428642,46.390725
16.442819,46.375539
16.445741,46.376142
16.447869,46.376064
16.448854,46.37609
16.449118,46.376175
16.429115,46.390627
16.428058,46.390227
16.428197,46.39145
16.430132,46.391219
16.427116,46.390263
16.429068,46.391057
16.452563,46.378319
16.452106,46.378496
16.452788,46.379799
16.449239,46.379705
16.453945,46.379777
16.451587,46.379861
16.449625,46.380213
16.450367,46.378668
16.446426,46.379769
16.447265,46.380733
16.445225,46.380197
16.446939,46.381757
16.44689,46.381885
16.447664,46.381026
16.447238,46.381038
16.447085,46.381491
16.406025,46.373661
16.409199,46.366228
16.406793,46.373837
16.448113,46.376043
16.639796,46.341948
16.440023,46.38687
16.441628,46.388208
16.442351,46.388775
16.441104,46.387468
16.442329,46.387023
16.441019,46.387935
16.441976,46.389221
16.442654,46.385557
16.444037,46.386844
16.444327,46.38558
16.444067,46.386656
16.443661,46.385659
16.443099,46.38586
16.43985,46.386081
16.438472,46.386509
16.439575,46.386259
16.439447,46.386339
16.445826,46.383892
16.439972,46.387118
16.439414,46.387098
16.438721,46.385269
16.439573,46.385858
16.439956,46.385453
16.439891,46.385012
16.441199,46.385327
16.44507,46.384754
16.442447,46.38472
16.442213,46.384691
16.443266,46.384629
16.472666,46.500559
16.445266,46.507682
16.442467,46.390807
16.445593,46.395428
16.421125,46.376195
16.421329,46.376258
16.435205,46.331714
16.433077,46.329267
16.448776,46.392596
16.353755,46.510913
16.365286,46.509269
16.437966,46.387486
16.423716,46.377151
16.462093,46.421777
16.457225,46.429042
16.440629,46.392273
16.444101,46.39281
16.444105,46.393911
16.610856,46.330953
16.609003,46.328172
16.609142,46.329515
16.437154,46.380846
16.437029,46.380485
16.43742,46.379903
16.437538,46.380807
16.43734,46.382406
16.61115,46.330075
16.609965,46.329938
16.60895,46.329012
16.611756,46.3299
16.454534,46.393316
16.44536,46.489585
16.413486,46.388575
16.437668,46.39121
16.436508,46.390916
16.437246,46.391189
16.437401,46.389718
16.642173,46.389065
16.438058,46.391779
16.440524,46.39293
16.438379,46.392153
16.438001,46.391757
16.609491,46.330656
16.60875,46.33129
16.609042,46.330492
16.439147,46.392334
16.608036,46.332695
16.610038,46.332848
16.609092,46.32802
16.412879,46.365678
16.447954,46.380278
16.416518,46.371814
16.608747,46.334511
16.60889,46.334818
16.609636,46.336073
16.436329,46.38103
16.368387,46.509074
16.492058,46.489633
16.493938,46.489777
16.434312,46.386293
16.434018,46.386196
16.439886,46.392593
16.436509,46.392139
16.437467,46.391575
16.435569,46.387537
16.442319,46.384911
16.433065,46.384811
16.436605,46.389549
16.437916,46.388569
16.439399,46.38759
16.437542,46.38874
16.434746,46.38729
16.43336,46.386913
16.434983,46.385477
16.434794,46.384906
16.434476,46.385081
16.436447,46.386129
16.435638,46.385055
16.435101,46.379173
16.375425,46.522044
16.377083,46.519105
16.435067,46.378889
16.426557,46.380839
16.414504,46.386074
16.429812,46.44775
16.42478,46.380788
16.448747,46.378885
16.416535,46.367884
16.434109,46.386747
16.443896,46.387323
16.443531,46.38765
16.443936,46.387618
16.644549,46.385366
16.44849,46.392611
16.437959,46.388725
16.429114,46.379059
16.466709,46.362066
16.44382,46.388388
16.62434,46.332777
16.623989,46.333126
16.622524,46.336085
16.439092,46.39058
16.360761,46.523267
16.637398,46.398015
16.319687,46.497025
16.42293,46.376859
16.423664,46.377628
16.421796,46.376428
16.421595,46.376351
16.42323,46.376993
16.488608,46.375283
16.365027,46.510246
16.364015,46.511607
16.446731,46.338979
16.476576,46.432914
16.445512,46.383962
16.425815,46.492921
16.434589,46.337042
16.439319,46.340755
16.419192,46.369463
16.455742,46.429332
16.414162,46.333629
16.620506,46.336974
16.467613,46.497666
16.433797,46.514459
16.463515,46.495744
16.383941,46.52923
16.343148,46.52154
16.474245,46.49757
16.445276,46.394078
16.641947,46.391199
16.447987,46.395636
16.404374,46.404439
16.482842,46.418545
16.476543,46.495207
16.447069,46.395257
16.41879,46.406262
16.433705,46.50573
16.412809,46.366207
16.416714,46.37723
16.469718,46.371089
16.403512,46.326553
16.472319,46.499394
16.427032,46.385393
16.431263,46.517726
16.445132,46.381326
16.431553,46.446691
16.46449,46.495786
16.467899,46.420616
16.447239,46.395814
16.472245,46.431906
16.431493,46.383181
16.447157,46.392879
16.430346,46.517921
16.431861,46.327606
16.390975,46.337609
16.429164,46.518358
16.442204,46.390186
16.445771,46.39678
16.461711,46.424735
16.447278,46.395365
16.439545,46.389234
16.454948,46.429342
16.470218,46.423283
16.622886,46.336389
16.445682,46.490783
16.37767,46.52624
16.470148,46.493998
16.473142,46.365746
16.438427,46.509815
16.443637,46.391304
16.450577,46.440399
16.434032,46.50962
16.437847,46.504957
16.441839,46.394683
16.608823,46.338236
16.437029,46.508604
16.418849,46.372411
16.464812,46.39349
16.412398,46.367752
16.435305,46.335526
16.419038,46.366908
16.483472,46.418735
16.439655,46.375761
16.442949,46.3889
16.469026,46.362806
16.438924,46.389903
16.456656,46.429707
16.469922,46.493501
16.344583,46.521132
16.425386,46.515644
16.484653,46.369901
16.434772,46.510414
16.429874,46.381936
16.423352,46.518735
16.494879,46.373027
16.415641,46.363609
16.429611,46.508556
16.464707,46.365027
16.447415,46.393329
16.434215,46.509509
16.448352,46.431095
16.495781,46.373655
16.423751,46.402894
16.43474,46.38667
16.391137,46.33788
16.467687,46.427172
16.417514,46.366478
16.427651,46.449355
16.42286,46.403281
16.397307,46.327658
16.451101,46.335397
16.384026,46.528557
16.470995,46.499021
16.439185,46.391653
16.466874,46.363495
16.443686,46.395117
16.48785,46.375812
16.419274,46.368892
16.334231,46.520903
16.356212,46.52262
16.4368,46.508646
16.447202,46.394634
16.41337,46.333267
16.45001,46.439717
16.419895,46.405208
16.442024,46.394084
16.46381,46.421236
16.638706,46.392025
16.470798,46.496127
16.411609,46.366217
16.407431,46.378087
16.428299,46.328409
16.495602,46.368219
16.425205,46.492911
16.465138,46.367899
16.446562,46.492721
16.443174,46.393184
16.636282,46.397191
16.346576,46.518862
16.346976,46.520713
16.439237,46.504684
16.470805,46.371406
16.64171,46.390548
16.429364,46.449467
16.444993,46.394922
16.447723,46.394101
16.368358,46.526566
16.376005,46.525713
16.476205,46.430856
16.609043,46.335141
16.366493,46.52571
16.440458,46.339565
16.413264,46.367145
16.449741,46.393147
16.431763,46.381654
16.493896,46.366281
16.42951,46.514198
16.461363,46.495463
16.450538,46.393717
16.361745,46.525887
16.423852,46.493481
16.431251,46.380956
16.336802,46.523044
16.443629,46.504456
16.438998,46.391952
16.637511,46.395632
16.467647,46.371915
16.48411,46.369702
16.453846,46.430225
16.438896,46.510594
16.641472,46.393735
16.342937,46.521604
16.34075,46.522182
16.431797,46.32534
16.645865,46.396067
16.430756,46.383183
16.439786,46.505277
16.463764,46.365722
16.479246,46.495195
16.421049,46.400999
16.445074,46.391954
16.439987,46.513622
16.42494,46.380009
16.623887,46.332029
16.445595,46.393438
16.461104,46.494133
16.436195,46.513658
16.438512,46.512545
16.433679,46.330234
16.43214,46.331379
16.493397,46.37337
16.432589,46.331765
16.472479,46.371149
16.41212,46.33376
16.435319,46.507022
16.641979,46.392448
16.414337,46.364722
16.405498,46.40678
16.444181,46.509955
16.478011,46.495701
16.44373,46.396162
16.429061,46.447882
16.464898,46.367226
16.444853,46.507542
16.432861,46.509611
16.441436,46.392753
16.410621,46.372923
16.420854,46.400981
16.479071,46.495307
16.33977,46.522006
16.423138,46.403151
16.626475,46.330232
16.420138,46.47299
16.58826,46.388272
16.420697,46.469537
16.419518,46.468196
16.449414,46.392813
16.419051,46.402699
16.609306,46.335761
16.390733,46.338023
16.378316,46.527249
16.442898,46.396847
16.624449,46.335376
16.471805,46.37124
16.420251,46.40095
16.454936,46.429152
16.62459,46.332621
16.40717,46.374052
16.426132,46.381633
16.414935,46.365348
16.413303,46.329614
16.476078,46.431362
16.421374,46.403834
16.447001,46.393149
16.476866,46.367124
16.438327,46.513908
16.480192,46.494559
16.347967,46.519608
16.443711,46.396688
16.484336,46.370501
16.413645,46.330852
16.438831,46.512946
16.442194,46.393641
16.407524,46.376682
16.432612,46.504738
16.420239,46.472456
16.445617,46.491132
16.412488,46.365984
16.438851,46.511884
16.390518,46.338732
16.433185,46.382917
16.475084,46.432472
16.449798,46.394949
16.448212,46.394593
16.442265,46.512807
16.489826,46.373417
16.450792,46.430522
16.450786,46.440664
16.646314,46.397648
16.473352,46.371108
16.44231,46.386354
16.440712,46.504973
16.472683,46.43325
16.444248,46.393445
16.422356,46.469961
16.443592,46.340242
16.644717,46.394513
16.454913,46.443104
16.423913,46.49359
16.378685,46.529095
16.472876,46.419879
16.425835,46.51609
16.420879,46.381809
16.432413,46.50751
16.452756,46.43037
16.42972,46.517765
16.432163,46.446725
16.425412,46.517335
16.449942,46.439633
16.417452,46.380323
16.639149,46.39324
16.445076,46.390331
16.430204,46.329442
16.421027,46.401676
16.431735,46.330531
16.62408,46.339616
16.434568,46.509318
16.413321,46.365552
16.449512,46.397722
16.404744,46.374479
16.415027,46.369323
16.438388,46.510956
16.469361,46.360254
16.360102,46.528142
16.643297,46.394968
16.416072,46.388519
16.378056,46.521882
16.445106,46.50715
16.441739,46.505005
16.432491,46.505913
16.402384,46.328872
16.414097,46.365133
16.427181,46.382199
16.619911,46.337057
16.337862,46.523181
16.467254,46.496643
16.609829,46.336355
16.431705,46.451309
16.469421,46.360605
16.469288,46.371606
16.41934,46.405875
16.436749,46.33671
16.396455,46.328828
16.496679,46.371618
16.418836,46.366896
16.445189,46.393949
16.464756,46.364882
16.336616,46.523519
16.339848,46.521693
16.443408,46.391826
16.64384,46.391499
16.378057,46.526201
16.43009,46.38227
16.416348,46.328608
16.418569,46.381488
16.640301,46.388617
16.431509,46.447063
16.473055,46.497532
16.44862,46.395341
16.473637,46.433876
16.462625,46.421667
16.368073,46.52568
16.424142,46.472219
16.365378,46.524153
16.438408,46.512073
16.471872,46.499414
16.34092,46.522195
16.435932,46.514877
16.412774,46.376715
16.442725,46.395586
16.621252,46.337988
16.409332,46.372887
16.429658,46.383362
16.422233,46.382513
16.327061,46.519557
16.467194,46.42066
16.415818,46.362975
16.433287,46.507718
16.418588,46.376627
16.432616,46.508172
16.481198,46.419174
16.464981,46.370498
16.422406,46.519544
16.446665,46.395216
16.435733,46.515029
16.427194,46.38166
16.344577,46.522951
16.364629,46.525588
16.469512,46.493445
16.450813,46.336214
16.439992,46.38876
16.474512,46.365985
16.415012,46.376614
16.443411,46.51217
16.470981,46.425568
16.427226,46.382085
16.434673,46.333334
16.623538,46.339193
16.414654,46.333949
16.389655,46.339056
16.342437,46.521668
16.476157,46.497858
16.390931,46.337442
16.428655,46.449332
16.413221,46.330283
16.40795,46.377689
16.425953,46.403507
16.411147,46.391849
16.495056,46.366632
16.466381,46.495964
16.638673,46.39318
16.459462,46.428676
16.4149,46.328833
16.437868,46.50589
16.480712,46.419237
16.361845,46.526081
16.448898,46.431027
16.447161,46.33778
16.462935,46.494472
16.494527,46.373964
16.396017,46.326396
16.639545,46.39674
16.444927,46.391316
16.472738,46.49842
16.435336,46.337669
16.429095,46.379378
16.425984,46.492503
16.415625,46.376557
16.403792,46.328283
16.435746,46.394215
16.42539,46.4922
16.441009,46.375683
16.645722,46.397265
16.471615,46.362392
16.467504,46.362511
16.40096,46.330118
16.430685,46.37972
16.432432,46.513617
16.421955,46.519212
16.454201,46.428657
16.468143,46.360801
16.379761,46.526313
16.441117,46.503681
16.4374,46.378883
16.434986,46.50514
16.640224,46.389333
16.423897,46.519688
16.454881,46.428813
16.371482,46.523034
16.424447,46.515252
16.406529,46.373972
16.415036,46.365122
16.441992,46.385408
16.433769,46.329744
16.473907,46.434136
16.418222,46.381853
16.413479,46.331888
16.472883,46.365174
16.423842,46.518138
16.410906,46.36909
16.428962,46.3811
16.427476,46.51789
16.489756,46.374038
16.422503,46.403756
16.464711,46.495853
16.423155,46.38794
16.417595,46.418844
16.425505,46.51822
16.639264,46.396396
16.4482,46.441805
16.439641,46.386218
16.436946,46.391599
16.409724,46.36593
16.447697,46.394029
16.425632,46.517019
16.439988,46.376139
16.465034,46.372673
16.42756,46.516033
16.435266,46.331405
16.403514,46.375681
16.434926,46.336827
16.412322,46.403814
16.346629,46.520266
16.466597,46.362041
16.432444,46.507245
16.453483,46.430513
16.444176,46.505718
16.364417,46.526026
16.479961,46.418888
16.461011,46.42269
16.389614,46.33883
16.369804,46.523662
16.434372,46.514702
16.470031,46.49209
16.424511,46.382533
16.4221,46.387984
16.42642,46.40386
16.422841,46.404543
16.625221,46.345573
16.327926,46.523153
16.428363,46.328781
16.449223,46.395507
16.466348,46.427803
16.428072,46.508975
16.435653,46.394558
16.642653,46.391992
16.427845,46.380041
16.435908,46.382226
16.480112,46.496857
16.44706,46.513352
16.451977,46.393373
16.438985,46.513633
16.431484,46.325605
16.436987,46.379293
16.443307,46.510549
16.431469,46.381813
16.47022,46.365952
16.468164,46.372742
16.42507,46.381759
16.391312,46.3265
16.425428,46.403419
16.444781,46.396371
16.418833,46.415628
16.43223,46.385279
16.43143,46.325408
16.646913,46.396698
16.423717,46.383175
16.361029,46.528686
16.436778,46.378585
16.433386,46.50576
16.419472,46.40122
16.434843,46.394916
16.492863,46.366152
16.46878,46.360327
16.429693,46.378931
16.415455,46.363917
16.423941,46.519202
16.390379,46.338102
16.353449,46.521581
16.415713,46.331035
16.46463,46.365393
16.646209,46.395838
16.641017,46.393995
16.47207,46.364989
16.464632,46.427727
16.474164,46.434091
16.417767,46.402884
16.471619,46.496054
16.43812,46.505818
16.478052,46.370612
16.386058,46.527019
16.470353,46.362681
16.423218,46.387602
16.469373,46.493581
16.424481,46.445968
16.406478,46.374248
16.412962,46.365791
16.466181,46.427429
16.419468,46.375428
16.431347,46.448207
16.445408,46.396425
16.458787,46.429126
16.595591,46.370774
16.64171,46.390654
16.43835,46.509657
16.465396,46.371942
16.403044,46.326276
16.41626,46.371488
16.436177,46.394335
16.494752,46.367868
16.639408,46.396896
16.471255,46.426395
16.468561,46.372676
16.432756,46.508467
16.433392,46.504438
16.361453,46.525088
16.467895,46.366347
16.401792,46.32977
16.444148,46.390482
16.465101,46.36754
16.432732,46.382127
16.42251,46.520468
16.448182,46.394236
16.420315,46.384234
16.424655,46.493837
16.472396,46.432417
16.47196,46.43078
16.472919,46.365713
16.478933,46.494788
16.427622,46.38151
16.466345,46.420866
16.443593,46.509984
16.4382,46.387183
16.438592,46.505629
16.464884,46.495799
16.427607,46.382
16.449021,46.438497
16.454669,46.440764
16.468345,46.371763
16.443675,46.339654
16.435048,46.334856
16.465108,46.369244
16.45924,46.428718
16.341898,46.521727
16.614946,46.33424
16.415887,46.330018
16.429118,46.447342
16.453742,46.430258
16.636672,46.395998
16.444926,46.511384
16.428308,46.518004
16.430858,46.383329
16.434959,46.5072
16.432063,46.444008
16.44605,46.39412
16.472102,46.494729
16.445965,46.397086
16.39749,46.328552
16.422911,46.47526
16.413102,46.329916
16.411666,46.389527
16.472654,46.371104
16.416163,46.407639
16.469438,46.493294
16.43009,46.508635
16.636117,46.398481
16.429484,46.385896
16.424937,46.381766
16.43276,46.517365
16.609173,46.330369
16.445152,46.397278
16.422931,46.40397
16.492364,46.373392
16.403854,46.375419
16.445411,46.509491
16.641467,46.394298
16.437646,46.391632
16.472284,46.496032
16.614352,46.335058
16.424707,46.327823
16.444664,46.376345
16.641068,46.39376
16.393784,46.32655
16.44582,46.392231
16.430256,46.390107
16.416465,46.330599
16.390817,46.338386
16.438075,46.392425
16.385854,46.529166
16.42236,46.520237
16.413633,46.333681
16.641579,46.392049
16.413652,46.331144
16.434762,46.508877
16.471699,46.36451
16.39087,46.338716
16.491954,46.364561
16.471472,46.491593
16.427293,46.515745
16.625736,46.331411
16.42723,46.403658
16.619907,46.337374
16.373251,46.521736
16.449337,46.393247
16.436615,46.509031
16.375364,46.525736
16.462147,46.495381
16.43432,46.51574
16.446341,46.497073
16.497638,46.373678
16.472629,46.43308
16.432447,46.449737
16.339579,46.522824
16.466126,46.495485
16.460339,46.393236
16.452634,46.44232
16.427633,46.386151
16.446347,46.33852
16.638881,46.386514
16.433782,46.33233
16.644387,46.392619
16.478698,46.365128
16.337339,46.523626
16.430014,46.329332
16.431704,46.452189
16.604975,46.339215
16.35571,46.522957
16.432688,46.331296
16.637494,46.391755
16.361938,46.526271
16.443024,46.395774
16.472703,46.365015
16.43872,46.390738
16.439365,46.340055
16.471885,46.492762
16.391017,46.33836
16.450264,46.439555
16.436648,46.513098
16.467504,46.362252
16.341872,46.523579
16.609347,46.33809
16.423484,46.519155
16.460598,46.428825
16.427599,46.389843
16.422208,46.387725
16.642025,46.395453
16.327551,46.520203
16.445735,46.508332
16.377264,46.527661
16.418838,46.377365
16.465055,46.369021
16.346638,46.5239
16.390514,46.337651
16.644145,46.39614
16.435602,46.394795
16.4266,46.493058
16.439959,46.390767
16.400339,46.330473
16.436004,46.389984
16.475269,46.371317
16.435139,46.387411
16.496616,46.373671
16.644835,46.397471
16.403946,46.329952
16.370424,46.523473
16.446941,46.395974
16.43359,46.3366
16.475094,46.366353
16.460668,46.495182
16.410118,46.372935
16.445676,46.508666
16.417431,46.379879
16.41137,46.368611
16.405865,46.374328
16.381037,46.324446
16.42943,46.514527
16.434674,46.508394
16.348131,46.524109
16.42058,46.405305
16.471735,46.497851
16.444779,46.504196
16.469623,46.36434
16.454036,46.393319
16.34466,46.521026
16.356479,46.522664
16.436153,46.382874
16.424093,46.402563
16.43611,46.376576
16.436372,46.391887
16.418888,46.382522
16.461203,46.495775
16.434693,46.334609
16.445163,46.392793
16.46753,46.427564
16.43779,46.510247
16.442998,46.391946
16.442967,46.395267
16.431745,46.445028
16.450309,46.394227
16.390601,46.326978
16.429724,46.324505
16.464115,46.421215
16.448063,46.393912
16.436693,46.383246
16.437076,46.379952
16.447661,46.376078
16.42477,46.515481
16.473182,46.495752
16.36558,46.52416
16.640965,46.388293
16.445205,46.381012
16.432313,46.50653
16.44197,46.389586
16.431035,46.380684
16.424974,46.493929
16.467451,46.497258
16.442401,46.511362
16.409721,46.372912
16.442999,46.513345
16.639682,46.389372
16.447221,46.396583
16.470266,46.365189
16.472213,46.378373
16.442501,46.504767
16.438913,46.37552
16.424611,46.400989
16.626156,46.339604
16.638953,46.393631
16.438181,46.506184
16.360268,46.528771
16.390523,46.338865
16.461609,46.424205
16.41512,46.331539
16.40756,46.375225
16.410998,46.399107
16.435946,46.335636
16.471603,46.428028
16.442427,46.385636
16.4357,46.331958
16.440151,46.375711
16.433451,46.516421
16.418144,46.402855
16.443094,46.392815
16.361189,46.52462
16.444427,46.391814
16.359059,46.523381
16.42446,46.493487
16.474929,46.497876
16.452738,46.441865
16.453238,46.430588
16.462801,46.421649
16.426938,46.403636
16.42103,46.382618
16.467142,46.362442
16.448923,46.393391
16.468928,46.371625
16.431788,46.450734
16.46476,46.371024
16.372476,46.523387
16.347111,46.525023
16.40702,46.37505
16.421656,46.383525
16.431694,46.449026
16.447819,46.395381
16.446211,46.493032
16.445459,46.509999
16.418716,46.36661
16.442498,46.513598
16.444166,46.396051
16.408682,46.371466
16.440623,46.512658
16.478121,46.366689
16.42439,46.517572
16.360361,46.524356
16.391019,46.337757
16.38964,46.338949
16.347251,46.523753
16.413133,46.391478
16.457914,46.428986
16.328179,46.520803
16.462571,46.443184
16.445353,46.384448
16.642313,46.39027
16.41465,46.372412
16.427961,46.513406
16.435513,46.513789
16.418475,46.401685
16.449957,46.43985
16.420427,46.417433
16.450448,46.439667
16.450299,46.394371
16.443098,46.338851
16.413902,46.365514
16.377906,46.523038
16.637697,46.394621
16.413076,46.383165
16.442188,46.512523
16.431886,46.381806
16.622238,46.338389
16.471702,46.369836
16.487326,46.375899
16.46194,46.425183
16.403537,46.375045
16.422876,46.474544
16.408246,46.373305
16.467936,46.420998
16.442694,46.384872
16.402206,46.329074
16.462345,46.42147
16.433278,46.505465
16.442952,46.511262
16.478635,46.370539
16.403537,46.375408
16.641589,46.391545
16.438745,46.504736
16.353445,46.521795
16.485712,46.371082
16.450222,46.441834
16.436946,46.337045
16.336298,46.520652
16.432105,46.508111
16.433266,46.382105
16.444005,46.397362
16.450799,46.378991
16.431823,46.327273
16.470567,46.365571
16.440899,46.393169
16.409179,46.366021
16.466771,46.362367
16.620903,46.338079
16.446703,46.396317
16.450555,46.439891
16.360768,46.524499
16.472374,46.498365
16.485075,46.371269
16.471545,46.497849
16.432672,46.508323
16.418036,46.376513
16.422043,46.402235
16.352826,46.521345
16.432748,46.513542
16.450254,46.336374
16.360776,46.524021
16.447426,46.512504
16.454743,46.430165
16.438213,46.510785
16.442397,46.386326
16.470417,46.42391
16.465421,46.369217
16.434104,46.332611
16.446373,46.396989
16.472337,46.492498
16.414928,46.329517
16.469699,46.492476
16.424953,46.448567
16.443607,46.388954
16.477465,46.497755
16.450187,46.379252
16.362725,46.527249
16.435903,46.332659
16.60864,46.338283
16.440444,46.391781
16.417772,46.404457
16.475712,46.431584
16.41501,46.331319
16.433153,46.382101
16.641976,46.392889
16.34057,46.522166
16.426188,46.380841
16.492294,46.374825
16.42118,46.38767
16.447455,46.39631
16.641927,46.388134
16.450661,46.440008
16.41315,46.330449
16.404318,46.377503
16.638061,46.394912
16.432554,46.511874
16.39206,46.326397
16.471344,46.497801
16.468907,46.496581
16.449841,46.394834
16.436929,46.383218
16.442539,46.513689
16.436732,46.511694
16.424316,46.447493
16.471757,46.491719
16.39913,46.329356
16.472832,46.494524
16.477856,46.367014
16.472066,46.431279
16.425812,46.473006
16.489284,46.373991
16.472285,46.432078
16.328001,46.522542
16.436034,46.511812
16.328424,46.522573
16.444652,46.376527
16.375289,46.523829
16.461576,46.392873
16.471658,46.36384
16.432437,46.331662
16.425258,46.405141
16.449154,46.44144
16.47187,46.492309
16.403135,46.330123
16.427128,46.449292
16.431305,46.513945
16.472314,46.493216
16.48809,46.378555
16.443393,46.513243
16.465272,46.495801
16.469474,46.365809
16.429229,46.390702
16.468623,46.366984
16.463609,46.494942
16.49575,46.368477
16.448849,46.436656
16.429452,46.449911
16.433624,46.332164
16.445265,46.489217
16.426725,46.382568
16.391112,46.337757
16.436719,46.382158
16.435674,46.515594
16.460516,46.422446
16.412743,46.367279
16.449102,46.392673
16.432049,46.327978
16.436909,46.379028
16.64447,46.396638
16.414849,46.365788
16.390742,46.338146
16.433369,46.383444
16.42877,46.518074
16.424104,46.40293
16.419578,46.402737
16.449129,46.394206
16.63566,46.397259
16.402175,46.329783
16.429295,46.324398
16.433025,46.328875
16.426152,46.448656
16.463868,46.421503
16.446527,46.437509
16.416191,46.330402
16.445781,46.391586
16.498989,46.373387
16.425916,46.448046
16.430663,46.335938
16.474013,46.419316
16.399411,46.329825
16.427832,46.384866
16.414892,46.364182
16.476688,46.495162
16.46492,46.49447
16.418166,46.382311
16.450155,46.430927
16.453735,46.379019
16.426515,46.516142
16.464601,46.365553
16.450086,46.33642
16.446045,46.508767
16.382499,46.527183
16.448642,46.392999
16.424914,46.493274
16.47069,46.426
16.448334,46.440725
16.363791,46.525399
16.405417,46.374388
16.47304,46.500182
16.447168,46.379869
16.361092,46.535385
16.432897,46.3291
16.469325,46.361659
16.494944,46.368238
16.432647,46.381618
16.445151,46.385249
16.450431,46.439807
16.424915,46.380928
16.419516,46.329097
16.327914,46.520026
16.448671,46.395205
16.474614,46.497857
16.344442,46.522791
16.337158,46.522339
16.430253,46.329825
16.433757,46.510663
16.420498,46.381811
16.446108,46.493402
16.416963,46.382056
16.443209,46.389595
16.426764,46.381767
16.426875,46.449136
16.409459,46.365801
16.367126,46.526998
16.419358,46.376222
16.438171,46.512208
16.445611,46.49098
16.489619,46.375125
16.44983,46.439444
16.425399,46.47171
16.429849,46.450312
16.448475,46.393619
16.396769,46.32712
16.376299,46.525367
16.435693,46.512156
16.44836,46.393878
16.496343,46.372488
16.443967,46.390558
16.419231,46.374098
16.435872,46.389705
16.417864,46.374191
16.378869,46.52864
16.431001,46.38268
16.441069,46.390148
16.418023,46.415773
16.367077,46.524628
16.428688,46.447935
16.642138,46.389544
16.440022,46.385964
16.419457,46.382131
16.365911,46.524413
16.429319,46.378997
16.443996,46.389291
16.389476,46.338182
16.492238,46.489932
16.442358,46.393592
16.424009,46.473564
16.444393,46.391901
16.380137,46.528212
16.62317,46.338722
16.422996,46.403071
16.371897,46.524456
16.464516,46.392865
16.44209,46.38958
16.476488,46.497666
16.440673,46.375988
16.415856,46.328559
16.385843,46.528893
16.43309,46.385357
16.43735,46.388442
16.49508,46.366316
16.464376,46.372487
16.361075,46.524569
16.461212,46.424743
16.436331,46.382184
16.361982,46.527071
16.473906,46.371187
16.451425,46.43075
16.444128,46.394275
16.435114,46.515684
16.416947,46.381419
16.366163,46.524959
16.60461,46.33925
16.429771,46.403741
16.488359,46.379463
16.496486,46.372239
16.427529,46.518795
16.328192,46.520961
16.413338,46.3677
16.422328,46.381852
16.419559,46.375272
16.446891,46.397734
16.322738,46.522023
16.44874,46.39422
16.452938,46.430597
16.408315,46.374243
16.419604,46.416607
16.418722,46.516478
16.425969,46.514531
16.466229,46.372262
16.441098,46.386468
16.620299,46.337616
16.429532,46.403815
16.637939,46.385905
16.355248,46.522907
16.447285,46.396198
16.428439,46.379338
16.468855,46.421955
16.491446,46.374991
16.448217,46.431115
16.453491,46.37979
16.622028,46.336892
16.437419,46.514336
16.32778,46.521086
16.470292,46.492127
16.390896,46.338916
16.417272,46.375342
16.380635,46.324431
16.496742,46.373353
16.42203,46.519621
16.434135,46.330079
16.604815,46.339311
16.469076,46.42146
16.410513,46.347152
16.415018,46.369234
16.444714,46.376707
16.420906,46.402506
16.467896,46.371512
16.451512,46.440821
16.441352,46.51246
16.449392,46.39573
16.437735,46.388755
16.433011,46.513602
16.438174,46.514401
16.434705,46.383123
16.496315,46.363339
16.470637,46.49495
16.487137,46.375572
16.418505,46.415006
16.440366,46.385447
16.429448,46.450152
16.465116,46.369967
16.407978,46.375519
16.36035,46.523041
16.484036,46.368908
16.482959,46.368788
16.389053,46.338484
16.482271,46.369145
16.464815,46.393187
16.4135,46.33014
16.363441,46.527451
16.363373,46.52712
16.363383,46.527308
16.425563,46.5187
16.422744,46.406466
16.421192,46.407432
16.421265,46.406353
16.423211,46.410373
16.444579,46.375935
16.44745,46.376142
16.42395,46.408289
16.444011,46.375601
16.446005,46.375858
16.44684,46.375888
16.447652,46.375804
16.427567,46.391095
16.429245,46.392644
16.413363,46.331551
16.426627,46.390622
16.427712,46.390442
16.428448,46.390478
16.428433,46.391278
16.369083,46.499569
16.42962,46.390911
16.428937,46.39185
16.453082,46.379213
16.450819,46.380029
16.452908,46.379802
16.45241,46.379794
16.453714,46.379777
16.45264,46.37931
16.45095,46.378969
16.450319,46.379181
16.450388,46.3802
16.450635,46.380069
16.450938,46.379908
16.448947,46.3801
16.447507,46.380296
16.447572,46.380201
16.448944,46.379022
16.449933,46.379022
16.449813,46.379106
16.450842,46.378419
16.446229,46.380601
16.446298,46.380252
16.609826,46.337848
16.445144,46.381487
16.446187,46.381029
16.446139,46.381208
16.447131,46.381354
16.447243,46.382136
16.439564,46.513848
16.47139,46.42861
16.468433,46.372752
16.441036,46.388166
16.441388,46.388193
16.441276,46.386687
16.44141,46.387316
16.441644,46.387179
16.441302,46.387008
16.442772,46.388417
16.442421,46.389357
16.442165,46.388789
16.440445,46.386219
16.640585,46.386803
16.443169,46.386529
16.444258,46.385663
16.443488,46.386241
16.442956,46.385886
16.441384,46.385651
16.438471,46.387053
16.438906,46.386745
16.438685,46.38705
16.439042,46.385223
16.439024,46.385677
16.439727,46.385349
16.440634,46.38489
16.441017,46.385092
16.44311,46.384213
16.443108,46.384501
16.442881,46.510461
16.421898,46.406397
16.410349,46.381403
16.422015,46.376564
16.42253,46.376796
16.422523,46.472302
16.439344,46.393016
16.459037,46.428746
16.348172,46.51184
16.449484,46.430677
16.405157,46.374172
16.488125,46.379927
16.437709,46.381703
16.611699,46.332273
16.610731,46.330844
16.611637,46.331805
16.609714,46.331431
16.611015,46.331434
16.611176,46.330642
16.437107,46.380722
16.437437,46.380034
16.437295,46.382123
16.609558,46.328881
16.610792,46.330597
16.611192,46.329859
16.611277,46.330524
16.441913,46.504607
16.436578,46.391165
16.436527,46.391283
16.435994,46.393133
16.434831,46.391414
16.440508,46.392739
16.438638,46.392297
16.438842,46.392388
16.609217,46.330166
16.609615,46.330474
16.609157,46.332408
16.608699,46.334175
16.468965,46.491543
16.434869,46.33391
16.492981,46.490002
16.494006,46.489187
16.49162,46.488942
16.47355,46.500575
16.437687,46.387719
16.436822,46.387488
16.438785,46.392154
16.438788,46.391753
16.436712,46.389939
16.435618,46.389212
16.436269,46.388551
16.437911,46.388525
16.439394,46.387818
16.437095,46.385191
16.431715,46.386449
16.436879,46.386987
16.434704,46.385714
16.434414,46.385247
16.419496,46.38867
16.432899,46.385189
16.374619,46.522271
16.446195,46.507139
16.444748,46.50962
16.435898,46.37704
16.436803,46.381899
16.437245,46.381603
16.624898,46.331692
16.434403,46.387197
16.443282,46.388008
16.444986,46.387234
16.438617,46.375625
16.493601,46.365397
16.469733,46.361426
16.469605,46.36114
16.444015,46.388539
16.443772,46.388154
16.462021,46.374502
16.623918,46.333219
16.623341,46.335428
16.621749,46.336656
16.444629,46.338563
16.432624,46.385047
16.319504,46.497286
16.422244,46.376618
16.348463,46.511873
16.351281,46.510205
16.349956,46.510898
16.421961,46.382103
16.41961,46.417272
16.45443,46.379782
16.403628,46.330208
16.444256,46.39003
16.608604,46.333469
16.443419,46.394901
16.437618,46.388961
16.461596,46.42615
16.365945,46.526487
16.64144,46.393961
16.423576,46.405935
16.367898,46.52422
16.425295,46.519341
16.412997,46.366659
16.424351,46.405618
16.432235,46.327636
16.446461,46.511217
16.44711,46.513055
16.446735,46.513157
16.407813,46.378098
16.406567,46.373491
16.378819,46.527783
16.443663,46.397158
16.43882,46.38615
16.433839,46.385888
16.615212,46.333231
16.428762,46.518496
16.425865,46.404165
16.609577,46.329241
16.427111,46.447991
16.621675,46.338479
16.417338,46.376728
16.41358,46.330388
16.418178,46.381134
16.435526,46.50876
16.439986,46.336244
16.465135,46.370417
16.432254,46.517113
16.43532,46.506695
16.421547,46.403637
16.426025,46.470765
16.425174,46.469036
16.479962,46.495007
16.466771,46.367242
16.446265,46.392077
16.424121,46.473297
16.471238,46.363061
16.442313,46.512974
16.424645,46.472866
16.450169,46.442924
16.416939,46.330799
16.642234,46.390037
16.410801,46.347504
16.444506,46.511609
16.465744,46.367508
16.37703,46.525889
16.421666,46.404682
16.444986,46.338878
16.494683,46.373078
16.463349,46.428332
16.429826,46.517976
16.444295,46.392122
16.446107,46.338563
16.430396,46.329579
16.407504,46.401795
16.419211,46.369269
16.488607,46.377885
16.417835,46.402162
16.611508,46.331579
16.468719,46.427372
16.445006,46.396707
16.347811,46.520636
16.472326,46.492938
16.464712,46.494203
16.444517,46.395728
16.46571,46.495489
16.469598,46.423016
16.47351,46.365849
16.473101,46.420218
16.448061,46.511334
16.426981,46.470969
16.446105,46.395409
16.422887,46.402469
16.441974,46.513572
16.379307,46.529371
16.417634,46.387974
16.494426,46.373232
16.412532,46.367595
16.447081,46.382656
16.431647,46.326345
16.475132,46.366014
16.440397,46.391602
16.413028,46.38958
16.437343,46.379246
16.404642,46.330137
16.428387,46.449314
16.466418,46.427413
16.447599,46.430937
16.465394,46.372185
16.465082,46.369446
16.415059,46.333896
16.608425,46.333118
16.571939,46.327012
16.441344,46.375648
16.42732,46.518832
16.487042,46.380878
16.451957,46.379393
16.441519,46.390257
16.465895,46.499125
16.445653,46.397765
16.414905,46.331654
16.469882,46.362913
16.444467,46.506669
16.446335,46.496923
16.444317,46.394342
16.448743,46.511131
16.637999,46.394367
16.423092,46.519364
16.416493,46.40381
16.415381,46.362914
16.449024,46.438082
16.461717,46.494469
16.444111,46.39168
16.420064,46.401477
16.443431,46.392909
16.378595,46.521386
16.403184,46.328212
16.425665,46.468991
16.433511,46.512783
16.368393,46.527516
16.443474,46.394986
16.469648,46.427201
16.444683,46.391576
16.440063,46.339646
16.466648,46.367505
16.637608,46.395492
16.432091,46.448182
16.441267,46.385991
16.576355,46.330347
16.38986,46.327068
16.440662,46.389382
16.448231,46.395669
16.638347,46.393855
16.4035,46.375836
16.493428,46.374468
16.439562,46.389978
16.442851,46.512336
16.435703,46.513424
16.491075,46.375103
16.442333,46.394722
16.421399,46.391521
16.640974,46.394446
16.477584,46.49498
16.445018,46.507927
16.424859,46.403077
16.478675,46.365495
16.464463,46.371794
16.444648,46.337985
16.423044,46.40024
16.4712,46.426179
16.469084,46.491664
16.489524,46.377244
16.450278,46.380252
16.46573,46.499592
16.639701,46.386661
16.431569,46.446795
16.414978,46.365229
16.433351,46.336815
16.446755,46.392257
16.424546,46.446099
16.403839,46.375647
16.44834,46.380005
16.424134,46.418152
16.623552,46.33584
16.444986,46.50871
16.425758,46.381073
16.453022,46.442083
16.471362,46.42845
16.49437,46.36734
16.442449,46.511467
16.638685,46.385979
16.464215,46.392817
16.413841,46.332181
16.422743,46.418179
16.432673,46.509972
16.434126,46.505635
16.442092,46.375901
16.433906,46.332457
16.496704,46.370986
16.635437,46.39757
16.43437,46.451278
16.441858,46.387246
16.445098,46.509317
16.448379,46.437671
16.426563,46.381093
16.425398,46.379071
16.362902,46.524127
16.437233,46.376478
16.446498,46.513207
16.346831,46.523933
16.475501,46.43253
16.418129,46.401777
16.429727,46.381287
16.407621,46.373462
16.396776,46.327303
16.445779,46.512087
16.484102,46.367921
16.435001,46.334997
16.462337,46.49542
16.439861,46.39039
16.438262,46.339154
16.642194,46.392505
16.368547,46.524239
16.421304,46.383416
16.448633,46.394023
16.495915,46.364332
16.449499,46.392858
16.419744,46.402197
16.354786,46.522734
16.449559,46.439216
16.47366,46.371128
16.415464,46.329507
16.443611,46.395718
16.435167,46.331301
16.48477,46.370026
16.40294,46.328993
16.405459,46.374147
16.392918,46.326294
16.466305,46.497977
16.444663,46.509214
16.470339,46.423489
16.473042,46.50036
16.624023,46.339415
16.424794,46.51498
16.471397,46.426643
16.44441,46.39749
16.371021,46.527047
16.636601,46.396753
16.641864,46.391857
16.467237,46.495338
16.447433,46.438912
16.448519,46.378912
16.434567,46.390514
16.44664,46.511187
16.46176,46.424929
16.496964,46.371213
16.423696,46.404517
16.418087,46.37301
16.643711,46.395929
16.426034,46.404672
16.436324,46.392596
16.47331,46.496872
16.639119,46.39652
16.444517,46.392646
16.641732,46.389525
16.439828,46.375792
16.422873,46.51946
16.466199,46.498663
16.438583,46.511669
16.467281,46.373191
16.469464,46.422636
16.49666,46.370569
16.47318,46.365437
16.472429,46.493415
16.402513,46.329388
16.643582,46.395224
16.419051,46.376112
16.623815,46.335663
16.460205,46.392902
16.421934,46.382534
16.644147,46.394767
16.462096,46.427968
16.447154,46.394789
16.45409,46.442734
16.42543,46.49261
16.377937,46.525896
16.459027,46.393011
16.4704,46.370616
16.397819,46.328054
16.42729,46.513588
16.446057,46.39654
16.468159,46.371863
16.429591,46.446338
16.431666,46.44529
16.337577,46.52285
16.469418,46.422491
16.466148,46.379541
16.644878,46.396849
16.443633,46.394618
16.465769,46.500291
16.626111,46.330555
16.418732,46.415389
16.406181,46.374268
16.472899,46.366299
16.446229,46.39553
16.426394,46.514367
16.44549,46.508319
16.422478,46.519132
16.418443,46.373585
16.641489,46.393495
16.444613,46.394191
16.446337,46.395978
16.469911,46.427134
16.434385,46.391636
16.444867,46.391903
16.47275,46.50084
16.44119,46.504824
16.498108,46.373625
16.404345,46.3304
16.413875,46.364794
16.46276,46.443339
16.371505,46.523512
16.423984,46.493005
16.409527,46.372909
16.48472,46.367968
16.421563,46.471467
16.437163,46.392308
16.426867,46.513777
16.41334,46.366792
16.445241,46.390914
16.44945,46.39357
16.435462,46.509089
16.348949,46.521107
16.41159,46.372943
16.390627,46.3378
16.427851,46.473752
16.429511,46.329062
16.445769,46.338855
16.471412,46.362567
16.444114,46.389348
16.430536,46.382185
16.464733,46.393347
16.446803,46.394671
16.335072,46.521613
16.487919,46.379129
16.385476,46.529257
16.419302,46.368212
16.433271,46.516453
16.404322,46.404091
16.434038,46.382286
16.34949,46.521537
16.421102,46.471386
16.466749,46.373251
16.423388,46.403553
16.467316,46.362475
16.417568,46.402378
16.45116,46.440574
16.396702,46.326667
16.453552,46.430273
16.414616,46.36616
16.463724,46.494787
16.609685,46.331319
16.435316,46.385601
16.4165,46.407493
16.641253,46.393156
16.346333,46.520524
16.473615,46.419763
16.479036,46.494702
16.428762,46.32473
16.341152,46.522191
16.472765,46.365074
16.380618,46.528523
16.43724,46.513118
16.43344,46.381302
16.421971,46.388727
16.418663,46.373263
16.42172,46.519256
16.474869,46.496652
16.484726,46.367588
16.443527,46.396588
16.407559,46.373952
16.46043,46.422161
16.42706,46.513683
16.465671,46.371612
16.413152,46.330047
16.464882,46.393763
16.42061,46.400977
16.425614,46.492488
16.401829,46.330041
16.442312,46.392911
16.444822,46.506295
16.636453,46.396889
16.436246,46.383295
16.415978,46.330153
16.414344,46.372402
16.417303,46.375212
16.40355,46.37609
16.44614,46.50728
16.446618,46.375884
16.454858,46.440931
16.421046,46.47255
16.35246,46.522444
16.361019,46.5284
16.434346,46.50939
16.428835,46.38033
16.430277,46.386021
16.429691,46.329475
16.460841,46.423496
16.404083,46.376498
16.444277,46.38971
16.476987,46.494976
16.466025,46.371996
16.44242,46.395393
16.468656,46.363921
16.412953,46.349754
16.428105,46.449224
16.449919,46.394381
16.434491,46.333211
16.439422,46.376318
16.364909,46.524551
16.41263,46.367439
16.425263,46.404053
16.441771,46.512925
16.644393,46.393351
16.644375,46.393694
16.434064,46.381285
16.373108,46.522867
16.392063,46.326805
16.442962,46.392078
16.455826,46.393229
16.47426,46.433021
16.32249,46.520318
16.425444,46.404998
16.432851,46.328542
16.415957,46.379642
16.446236,46.39173
16.495896,46.364757
16.448501,46.436055
16.422196,46.387564
16.414692,46.329163
16.434965,46.512197
16.435303,46.512028
16.435076,46.331221
16.439703,46.512881
16.641657,46.390744
16.446484,46.391834
16.465798,46.370886
16.645502,46.39526
16.47194,46.491321
16.435209,46.381982
16.417142,46.330677
16.433805,46.504349
16.465986,46.361828
16.420327,46.406311
16.436021,46.514716
16.409856,46.392054
16.468085,46.497151
16.444672,46.391859
16.448874,46.39309
16.407602,46.375587
16.464602,46.366952
16.454774,46.44284
16.359646,46.528243
16.465036,46.368522
16.484536,46.368451
16.378038,46.522009
16.625985,46.330664
16.445833,46.508167
16.441276,46.375917
16.472777,46.493918
16.461593,46.424413
16.42014,46.402297
16.448648,46.395931
16.481652,46.418479
16.426442,46.382559
16.443181,46.389368
16.474806,46.432945
16.461331,46.421581
16.475957,46.432425
16.608051,46.338341
16.426153,46.447779
16.496229,46.373613
16.470548,46.492041
16.425363,46.38077
16.642137,46.390544
16.491772,46.372862
16.451358,46.440757
16.426793,46.493427
16.42892,46.449345
16.46987,46.496736
16.443733,46.392921
16.443013,46.38988
16.602528,46.337384
16.473169,46.494207
16.492697,46.374691
16.439345,46.388669
16.449463,46.439
16.45423,46.442811
16.474268,46.432543
16.641675,46.392957
16.423479,46.380247
16.643051,46.395938
16.466292,46.373334
16.491798,46.37488
16.426623,46.399353
16.436276,46.379979
16.435816,46.381938
16.44618,46.39669
16.446326,46.338239
16.368379,46.526302
16.424547,46.51933
16.429014,46.450204
16.340779,46.521744
16.468658,46.362695
16.451491,46.442897
16.447901,46.437095
16.445301,46.390689
16.470787,46.426518
16.606528,46.324197
16.423648,46.493769
16.424295,46.382527
16.440353,46.376065
16.468195,46.496388
16.447953,46.392413
16.383006,46.527798
16.470674,46.497372
16.641262,46.393054
16.445676,46.381179
16.63846,46.397192
16.454221,46.443088
16.434151,46.508861
16.459298,46.443783
16.417224,46.382135
16.44918,46.394804
16.398077,46.328992
16.609699,46.330064
16.64012,46.395586
16.435297,46.395777
16.413966,46.333554
16.455654,46.429023
16.466445,46.367175
16.427819,46.404182
16.43429,46.507391
16.362397,46.526797
16.4748,46.365518
16.426133,46.403377
16.471269,46.370098
16.4698,46.362394
16.418873,46.372945
16.378496,46.526162
16.470087,46.422696
16.364228,46.524751
16.415416,46.376834
16.439173,46.513294
16.429008,46.385707
16.449032,46.435945
16.385029,46.529064
16.462691,46.49574
16.440859,46.390118
16.409155,46.371101
16.418921,46.402798
16.426375,46.44788
16.416985,46.329273
16.428237,46.508465
16.378526,46.52186
16.472839,46.371147
16.411851,46.348525
16.472015,46.498182
16.437855,46.373437
16.427693,46.381925
16.415641,46.366307
16.417586,46.377072
16.44484,46.395545
16.464133,46.428223
16.467805,46.362281
16.436286,46.51466
16.423125,46.404116
16.449232,46.511037
16.42499,46.519348
16.461669,46.392806
16.337778,46.52145
16.461574,46.421837
16.43269,46.381884
16.400104,46.330072
16.407367,46.37374
16.469624,46.363777
16.455709,46.44378
16.412182,46.376704
16.431522,46.452848
16.490782,46.373506
16.469682,46.42323
16.406003,46.374301
16.442053,46.393628
16.430929,46.381115
16.447071,46.395096
16.430976,46.323347
16.426026,46.519273
16.403375,46.330175
16.461418,46.495788
16.366814,46.526667
16.435263,46.394524
16.43947,46.340544
16.445434,46.489943
16.435827,46.332565
16.438648,46.389674
16.621921,46.338483
16.424378,46.403522
16.344423,46.521411
16.425858,46.448184
16.35767,46.523566
16.451572,46.336192
16.443,46.458785
16.399954,46.40389
16.640856,46.388433
16.443322,46.510942
16.445666,46.395481
16.608443,46.333595
16.445529,46.392636
16.451875,46.442478
16.468549,46.360936
16.447476,46.392252
16.42763,46.381618
16.442997,46.393546
16.461004,46.428367
16.469113,46.371593
16.47416,46.365682
16.43066,46.51447
16.429578,46.517804
16.424177,46.404464
16.431933,46.504036
16.444405,46.504692
16.472,46.364409
16.41504,46.334352
16.420561,46.40203
16.428222,46.380392
16.472052,46.429311
16.410657,46.347282
16.424565,46.381806
16.355623,46.523743
16.425038,46.514504
16.419894,46.381852
16.435561,46.394651
16.431903,46.445789
16.403736,46.327914
16.420472,46.406808
16.435948,46.506798
16.47158,46.497429
16.403892,46.375988
16.362682,46.526394
16.435356,46.335384
16.436692,46.376914
16.363252,46.525096
16.470005,46.361957
16.414443,46.331935
16.624308,46.332179
16.431903,46.517601
16.390312,46.337893
16.449009,46.395857
16.390898,46.338113
16.393093,46.326277
16.423673,46.471923
16.436453,46.511
16.442944,46.340825
16.472138,46.371168
16.427401,46.515686
16.414889,46.334251
16.415164,46.36471
16.378066,46.521358
16.437695,46.505958
16.495765,46.369085
16.361101,46.524274
16.620899,46.337747
16.438699,46.512354
16.477897,46.367217
16.637257,46.395293
16.445463,46.395319
16.361183,46.528134
16.471774,46.364629
16.444669,46.505115
16.417245,46.329611
16.361506,46.524767
16.402674,46.328751
16.479476,46.494697
16.465076,46.49992
16.428444,46.380594
16.431801,46.514218
16.48873,46.377673
16.465156,46.370136
16.411122,46.365916
16.496538,46.369928
16.428415,46.51329
16.471992,46.497462
16.442023,46.3399
16.367499,46.52538
16.470345,46.365616
16.374796,46.522555
16.418747,46.402945
16.348104,46.524555
16.444134,46.390147
16.489043,46.377077
16.404584,46.330494
16.495404,46.365514
16.431461,46.328437
16.468624,46.363366
16.604737,46.338678
16.38357,46.527813
16.449059,46.438653
16.493576,46.374353
16.425069,46.385896
16.494838,46.373877
16.432837,46.331935
16.465605,46.367973
16.374887,46.520913
16.479873,46.370233
16.418642,46.404062
16.461757,46.442244
16.448457,46.3956
16.419523,46.414874
16.464717,46.372396
16.41832,46.400571
16.441367,46.339896
16.472645,46.497797
16.452912,46.39342
16.438066,46.512128
16.642375,46.388437
16.433366,46.332445
16.419039,46.415998
16.327967,46.522093
16.391248,46.337518
16.407875,46.376089
16.44116,46.393581
16.451538,46.441512
16.425798,46.52341
16.443547,46.396048
16.641322,46.387256
16.380492,46.324404
16.447446,46.395784
16.389959,46.338566
16.446205,46.395874
16.383685,46.527891
16.444995,46.395666
16.445444,46.490144
16.449188,46.394659
16.420117,46.404899
16.43612,46.390877
16.470347,46.364552
16.339557,46.522666
16.470695,46.495897
16.639994,46.395716
16.422436,46.520355
16.442426,46.513435
16.35541,46.522535
16.437653,46.513053
16.425255,46.517534
16.470979,46.493247
16.431388,46.447724
16.414751,46.333655
16.432581,46.450546
16.446075,46.492333
16.465083,46.495496
16.465734,46.494636
16.390414,46.327
16.460727,46.39334
16.441539,46.39274
16.443942,46.509716
16.419354,46.402535
16.489235,46.375151
16.641109,46.393908
16.440968,46.384356
16.457298,46.393131
16.429238,46.51509
16.413512,46.36775
16.405978,46.332078
16.430326,46.50894
16.423674,46.387576
16.367047,46.526188
16.43739,46.383192
16.342617,46.522037
16.435961,46.389249
16.472483,46.49357
16.476426,46.366927
16.453792,46.393359
16.429609,46.51489
16.346743,46.522909
16.408113,46.38601
16.467088,46.362173
16.641153,46.393553
16.474309,46.365971
16.380137,46.527785
16.357833,46.522758
16.589261,46.328099
16.437212,46.513481
16.442788,46.389798
16.470086,46.422886
16.432135,46.383568
16.478311,46.366368
16.417668,46.38016
16.457723,46.393121
16.427828,46.450053
16.438711,46.510297
16.422904,46.474713
16.448293,46.397743
16.425236,46.404781
16.470669,46.365122
16.373957,46.52513
16.449124,46.380121
16.407811,46.376884
16.382839,46.529178
16.460564,46.428482
16.465394,46.498995
16.475824,46.366495
16.417524,46.402667
16.491754,46.365491
16.44473,46.397156
16.435677,46.33614
16.471005,46.363251
16.366715,46.525239
16.353036,46.521949
16.472473,46.494129
16.403548,46.375285
16.327765,46.522347
16.43061,46.330007
16.431926,46.383579
16.418399,46.366861
16.440412,46.393206
16.415214,46.369037
16.473334,46.433773
16.42656,46.381504
16.430189,46.517981
16.415741,46.38496
16.487999,46.380327
16.378784,46.528156
16.449187,46.438748
16.436381,46.513053
16.496814,46.373615
16.448242,46.395964
16.439196,46.338825
16.449624,46.44207
16.643981,46.390533
16.625464,46.331906
16.445752,46.491315
16.450299,46.393065
16.471093,46.427887
16.377907,46.527363
16.425298,46.493183
16.429303,46.379273
16.428726,46.449932
16.468627,46.366825
16.480885,46.369891
16.424686,46.470776
16.362007,46.528342
16.488373,46.378297
16.428215,46.513343
16.464605,46.37287
16.462941,46.495764
16.42346,46.387584
16.469956,46.366053
16.433548,46.450826
16.336868,46.523249
16.625723,46.330893
16.472433,46.36839
16.425152,46.493327
16.493091,46.373364
16.463698,46.427839
16.435943,46.332935
16.439823,46.513472
16.488426,46.379318
16.424553,46.404219
16.447742,46.392749
16.470535,46.344961
16.43141,46.445851
16.447748,46.439467
16.403674,46.37698
16.324162,46.519935
16.402325,46.329602
16.470806,46.493088
16.485542,46.371008
16.642006,46.390721
16.431954,46.447586
16.41579,46.363098
16.417966,46.380889
16.412228,46.348988
16.431328,46.517413
16.458811,46.392981
16.3844,46.528491
16.348486,46.520017
16.466506,46.497794
16.441602,46.394096
16.445175,46.39579
16.446886,46.397289
16.43317,46.448341
16.421712,46.401688
16.429776,46.379149
16.638692,46.391736
16.456488,46.444066
16.466468,46.496292
16.396861,46.328741
16.468656,46.366075
16.367174,46.526653
16.390343,46.337989
16.626277,46.334668
16.361645,46.524542
16.447064,46.437332
16.445921,46.511332
16.336582,46.522668
16.454415,46.430176
16.442321,46.392468
16.34728,46.522782
16.436084,46.506114
16.423973,46.492928
16.446049,46.376227
16.427481,46.349371
16.46922,46.359733
16.432681,46.446749
16.346825,46.520517
16.445104,46.391378
16.4157,46.331305
16.442154,46.394405
16.391325,46.326877
16.355221,46.522503
16.339535,46.524048
16.44665,46.39708
16.397256,46.328021
16.429684,46.384729
16.413757,46.332326
16.432982,46.508766
16.423531,46.38182
16.489259,46.373729
16.436868,46.378242
16.454473,46.430397
16.482811,46.369801
16.42109,46.38181
16.448834,46.395905
16.436802,46.377895
16.393423,46.326601
16.421273,46.387557
16.336948,46.523362
16.463569,46.421538
16.391144,46.32691
16.393049,46.326651
16.439165,46.51161
16.412549,46.376697
16.347088,46.520923
16.444597,46.506972
16.338333,46.524362
16.447227,46.382204
16.643207,46.390717
16.471129,46.371364
16.422633,46.472798
16.494208,46.373329
16.424098,46.400839
16.40354,46.328398
16.647092,46.396927
16.447367,46.379544
16.444735,46.396708
16.466875,46.427699
16.463737,46.494633
16.437203,46.378199
16.425585,46.468654
16.427198,46.381935
16.441975,46.375636
16.429903,46.514311
16.641817,46.387928
16.356707,46.522678
16.434468,46.33384
16.417717,46.382288
16.444494,46.390997
16.475399,46.432851
16.426296,46.404593
16.468199,46.36236
16.438748,46.512798
16.626192,46.330929
16.419464,46.401647
16.428649,46.382525
16.426778,46.517564
16.450612,46.336282
16.639722,46.398178
16.47343,46.49671
16.433511,46.329414
16.417405,46.374747
16.425582,46.51843
16.415065,46.365005
16.483634,46.370184
16.641621,46.387489
16.638056,46.391885
16.389838,46.338038
16.468635,46.37303
16.434514,46.381277
16.338201,46.522948
16.450638,46.440542
16.445835,46.396318
16.369545,46.528034
16.481872,46.369373
16.40416,46.329988
16.441934,46.513419
16.415329,46.329233
16.426191,46.514446
16.44687,46.383011
16.446896,46.383109
16.3636,46.525804
16.431636,46.446149
16.436114,46.515026
16.464774,46.366405
16.423721,46.383436
16.449041,46.395278
16.41876,46.401592
16.495756,46.364597
16.424545,46.415417
16.425058,46.405246
16.623303,46.333381
16.444798,46.506151
16.432573,46.381061
16.4153,46.331209
16.435534,46.381222
16.447515,46.396761
16.611233,46.332073
16.443254,46.389223
16.420321,46.41507
16.425093,46.403686
16.442116,46.392658
16.428589,46.380093
16.424794,46.492927
16.441102,46.505243
16.423933,46.448071
16.419866,46.40089
16.414104,46.376643
16.419129,46.382537
16.44425,46.505893
16.446131,46.397776
16.440106,46.505498
16.453465,46.428732
16.437775,46.382668
16.435974,46.381176
16.443985,46.395948
16.432194,46.378503
16.346235,46.51623
16.422117,46.403082
16.44926,46.438923
16.493049,46.374578
16.442727,46.504706
16.421007,46.470901
16.34763,46.52157
16.368311,46.526067
16.445262,46.396273
16.430324,46.381769
16.471791,46.428626
16.429383,46.447905
16.425636,46.518595
16.447653,46.39499
16.398132,46.328264
16.448786,46.43709
16.358129,46.522883
16.36446,46.524366
16.410101,46.400181
16.432865,46.328151
16.463912,46.36561
16.435146,46.396303
16.420953,46.406082
16.436805,46.38685
16.446094,46.392341
16.433927,46.507518
16.478156,46.495828
16.411723,46.390318
16.429327,46.381338
16.417037,46.402289
16.440357,46.505403
16.471727,46.493469
16.420052,46.416458
16.467961,46.360811
16.427652,46.515543
16.443214,46.394779
16.426068,46.470655
16.424322,46.380494
16.461228,46.428695
16.426705,46.516051
16.447298,46.338173
16.42193,46.472668
16.436091,46.333243
16.357887,46.524098
16.408058,46.373771
16.43252,46.380921
16.425074,46.473787
16.440844,46.392612
16.413878,46.376657
16.470252,46.364432
16.473925,46.497503
16.435059,46.396456
16.349076,46.520215
16.418867,46.373233
16.417583,46.40273
16.445212,46.38036
16.460388,46.392884
16.444411,46.388064
16.471599,46.362539
16.368769,46.524256
16.431977,46.446024
16.414978,46.369532
16.446157,46.511642
16.448714,46.395067
16.427964,46.515813
16.444018,46.390847
16.369872,46.528167
16.471657,46.362277
16.370159,46.527259
16.416355,46.330494
16.442994,46.511457
16.431601,46.386008
16.462007,46.392805
16.448126,46.51283
16.445648,46.508751
16.491898,46.364751
16.445436,46.392955
16.42857,46.382267
16.446045,46.391669
16.449875,46.379419
16.413159,46.365491
16.415936,46.371174
16.428343,46.515073
16.442439,46.389677
16.425901,46.469745
16.497082,46.37038
16.419694,46.404361
16.48818,46.379771
16.438246,46.509496
16.425241,46.400533
16.413612,46.376666
16.427126,46.47403
16.450114,46.393032
16.390056,46.338997
16.417171,46.377168
16.640447,46.388824
16.444086,46.394997
16.439987,46.385622
16.433197,46.507326
16.40787,46.372773
16.432395,46.451005
16.446314,46.49164
16.423568,46.474166
16.438348,46.390901
16.416094,46.330797
16.404609,46.378041
16.419293,46.414895
16.488916,46.377259
16.64238,46.392092
16.418292,46.381387
16.40746,46.37766
16.362986,46.52667
16.425147,46.515868
16.498012,46.373293
16.399606,46.329913
16.453478,46.379113
16.44518,46.375732
16.43429,46.383392
16.432033,46.383306
16.427458,46.390707
16.429438,46.390813
16.428958,46.392361
16.427794,46.39189
16.443658,46.375886
16.443768,46.375655
16.444783,46.375594
16.445322,46.375959
16.445823,46.375832
16.446984,46.376131
16.446778,46.376174
16.447943,46.375787
16.447776,46.375815
16.448299,46.375764
16.448564,46.376061
16.426689,46.391073
16.42732,46.390067
16.497017,46.37106
16.426972,46.390433
16.428467,46.392256
16.452172,46.379763
16.452208,46.379337
16.450801,46.379701
16.451056,46.379633
16.4513,46.379
16.45059,46.379116
16.451376,46.379816
16.449478,46.380167
16.448484,46.380037
16.448766,46.380073
16.447447,46.380431
16.447714,46.379254
16.446335,46.380089
16.446253,46.380409
16.445618,46.381664
16.445687,46.380699
16.446132,46.381706
16.377895,46.522827
16.442151,46.388378
16.418291,46.373148
16.406172,46.373682
16.414421,46.368135
16.414314,46.36427
16.4064,46.37384
16.433623,46.382312
16.433956,46.514334
16.64042,46.342085
16.440954,46.387199
16.441832,46.388049
16.442307,46.389325
16.442086,46.389266
16.640138,46.386732
16.440742,46.385211
16.444292,46.386743
16.444895,46.386853
16.442986,46.386618
16.442968,46.386192
16.443744,46.38684
16.444089,46.38578
16.442572,46.385231
16.439796,46.386118
16.438716,46.385866
16.438688,46.385786
16.437712,46.390019
16.439617,46.387006
16.439634,46.385209
16.440137,46.385059
16.439766,46.385027
16.4408,46.384854
16.441335,46.384948
16.441637,46.384879
16.442515,46.385154
16.443706,46.384941
16.442187,46.384376
16.418663,46.383523
16.412574,46.372506
16.412398,46.37258
16.408647,46.380964
16.411334,46.381038
16.487363,46.375544
16.347081,46.511976
16.422722,46.402576
16.438059,46.387404
16.420775,46.401878
16.475301,46.497911
16.462264,46.494073
16.428546,46.404024
16.407456,46.377852
16.611763,46.33236
16.611011,46.331298
16.611174,46.332298
16.437545,46.380544
16.610763,46.330162
16.609438,46.328316
16.437213,46.381276
16.43705,46.380079
16.437707,46.382243
16.60925,46.329146
16.402082,46.330034
16.611185,46.330315
16.611439,46.330726
16.436248,46.392311
16.437342,46.390941
16.436055,46.393027
16.438082,46.391186
16.440283,46.39251
16.437722,46.391897
16.437853,46.391707
16.609457,46.330794
16.608934,46.330897
16.609453,46.331362
16.432039,46.50784
16.448065,46.380062
16.608846,46.334708
16.440914,46.388418
16.4319,46.403901
16.492431,46.490182
16.411398,46.366229
16.43399,46.386096
16.438278,46.387811
16.435166,46.387918
16.437245,46.387393
16.439529,46.393311
16.439548,46.39281
16.439761,46.392309
16.439303,46.392421
16.438532,46.392009
16.436919,46.389896
16.435779,46.387199
16.439786,46.387984
16.437906,46.388475
16.437901,46.388428
16.438613,46.389287
16.435585,46.385534
16.431945,46.386639
16.439824,46.388541
16.432451,46.386269
16.434406,46.384872
16.434335,46.38466
16.420841,46.388535
16.420602,46.387761
16.419111,46.387758
16.431779,46.379649
16.375345,46.518382
16.374606,46.520732
16.430096,46.403738
16.377221,46.518168
16.375571,46.518227
16.364835,46.526376
16.43323,46.383233
16.431282,46.381545
16.433899,46.386132
16.444522,46.388161
16.444309,46.508092
16.429929,46.324417
16.424797,46.400872
16.415471,46.3665
16.623614,46.333581
16.624101,46.333025
16.622669,46.335938
16.425711,46.381648
16.639423,46.392554
16.434814,46.385024
16.421343,46.407654
16.422766,46.376801
16.413713,46.380538
16.487546,46.375507
16.487731,46.375469
16.365189,46.509189
16.342044,46.512156
16.365598,46.51084
16.46219,46.443396
16.439554,46.384595
16.415873,46.371036
16.343626,46.521347
16.471801,46.364741
16.450805,46.430809
16.334482,46.521025
16.419566,46.416469
16.429133,46.514679
16.441545,46.375679
16.487828,46.379367
16.430792,46.379048
16.41818,46.380689
16.461316,46.442176
16.470143,46.362447
16.473013,46.371136
16.447061,46.512588
16.433776,46.385816
16.474814,46.367061
16.46851,46.360425
16.421217,46.380617
16.362598,46.524853
16.441207,46.393785
16.41915,46.382122
16.455431,46.394043
16.46599,46.420914
16.471084,46.493015
16.420496,46.355479
16.421505,46.401587
16.471737,46.363982
16.470695,46.427384
16.418012,46.366896
16.430921,46.384732
16.642238,46.395543
16.415785,46.363501
16.435658,46.506567
16.465437,46.421364
16.464589,46.371421
16.432073,46.326931
16.444552,46.33785
16.44224,46.394564
16.413316,46.376665
16.424916,46.468278
16.460851,46.393255
16.421346,46.406119
16.444638,46.505548
16.342907,46.523308
16.436616,46.382992
16.434933,46.395385
16.449719,46.395537
16.392566,46.326307
16.335137,46.521972
16.643163,46.390949
16.454851,46.381615
16.638138,46.397624
16.353013,46.522341
16.46308,46.428403
16.444099,46.391928
16.471045,46.362515
16.424212,46.517329
16.417614,46.401943
16.42431,46.515166
16.417269,46.406806
16.434385,46.50705
16.390567,46.337477
16.361614,46.528496
16.492248,46.364974
16.44646,46.395722
16.440657,46.505329
16.466903,46.372126
16.478171,46.495971
16.446761,46.492985
16.437838,46.383216
16.424716,46.44817
16.323973,46.519558
16.444109,46.39686
16.471499,46.498733
16.478323,46.370593
16.440382,46.391394
16.366351,46.524442
16.429248,46.517919
16.431773,46.394646
16.623014,46.336277
16.472868,46.494224
16.437971,46.504066
16.429556,46.324597
16.425295,46.518977
16.449798,46.438672
16.419165,46.40602
16.431659,46.450662
16.482098,46.369252
16.344872,46.520709
16.475956,46.432301
16.459954,46.428996
16.424414,46.401169
16.639478,46.394607
16.637858,46.395195
16.432645,46.508963
16.435457,46.395002
16.464552,46.371568
16.450251,46.39485
16.429038,46.403915
16.451668,46.430729
16.435859,46.393706
16.446393,46.392934
16.469,46.365168
16.461824,46.42861
16.472353,46.432262
16.484491,46.369548
16.469071,46.496331
16.423907,46.5198
16.43845,46.514016
16.40889,46.398588
16.471927,46.497875
16.468897,46.373
16.374104,46.521244
16.477465,46.367223
16.36341,46.525441
16.414257,46.366067
16.438628,46.512656
16.457035,46.393192
16.42459,46.404847
16.495931,46.364193
16.401931,46.332815
16.417483,46.380568
16.64404,46.39123
16.404145,46.378108
16.438411,46.388796
16.644684,46.393842
16.466949,46.372913
16.49029,46.373452
16.472667,46.36628
16.443312,46.393491
16.43913,46.389656
16.625648,46.339726
16.44405,46.395399
16.46569,46.371262
16.455439,46.43011
16.443817,46.394092
16.429674,46.324234
16.39816,46.328673
16.47773,46.494969
16.430208,46.5142
16.448826,46.442023
16.589409,46.328459
16.447229,46.512552
16.407416,46.377511
16.441996,46.504213
16.357851,46.52433
16.417912,46.380427
16.410078,46.370251
16.418196,46.382142
16.62179,46.338195
16.328825,46.51997
16.430166,46.51459
16.443881,46.392648
16.478404,46.496178
16.421477,46.400977
16.342403,46.522111
16.36995,46.523621
16.434727,46.386924
16.471938,46.491191
16.644704,46.393997
16.433826,46.383425
16.418886,46.372625
16.437496,46.513758
16.465108,46.370229
16.415939,46.366577
16.446732,46.438692
16.377973,46.522177
16.465615,46.427552
16.36236,46.528209
16.443391,46.504483
16.336556,46.522461
16.419053,46.401443
16.444065,46.511995
16.413988,46.36399
16.341451,46.5222
16.422711,46.519064
16.421304,46.403989
16.422145,46.471584
16.431536,46.325972
16.428134,46.38202
16.431561,46.45268
16.443705,46.385369
16.466152,46.494551
16.41592,46.331231
16.431387,46.381679
16.390171,46.338419
16.642351,46.39528
16.421056,46.47057
16.427853,46.447626
16.499453,46.373311
16.432062,46.508022
16.364106,46.525694
16.402343,46.404545
16.446475,46.492098
16.470172,46.427108
16.416082,46.331164
16.46944,46.362842
16.433777,46.330338
16.625418,46.331243
16.451292,46.440651
16.454621,46.393313
16.459062,46.429108
16.434334,46.505281
16.415344,46.328394
16.4234,46.493386
16.471635,46.371245
16.464499,46.364079
16.341692,46.521757
16.441714,46.390324
16.412054,46.367981
16.468501,46.362386
16.44676,46.394842
16.467676,46.420648
16.424745,46.492741
16.426386,46.380522
16.448759,46.393714
16.471662,46.493363
16.414936,46.365458
16.449161,46.394361
16.472925,46.499522
16.478734,46.364719
16.444105,46.384996
16.474084,46.365897
16.424216,46.386905
16.439761,46.390879
16.637591,46.386302
16.433961,46.449378
16.431545,46.38137
16.432531,46.380782
16.436398,46.509038
16.439042,46.505508
16.644198,46.391351
16.447578,46.393034
16.444989,46.514428
16.444386,46.339122
16.432433,46.507426
16.364461,46.525336
16.466707,46.372128
16.472647,46.500966
16.472456,46.498484
16.428459,46.387016
16.426273,46.381919
16.421441,46.382607
16.422188,46.406112
16.435405,46.515341
16.435641,46.376684
16.455838,46.393789
16.425005,46.402969
16.443162,46.512252
16.431588,46.381942
16.638821,46.396767
16.638987,46.396638
16.424624,46.493168
16.446517,46.438535
16.461529,46.428648
16.338568,46.523696
16.409753,46.400991
16.397927,46.328779
16.475377,46.366212
16.642261,46.38969
16.445505,46.396046
16.419546,46.374624
16.416646,46.403879
16.428503,46.328461
16.352629,46.524011
16.426898,46.448961
16.445593,46.381835
16.415628,46.328383
16.433135,46.508883
16.622455,46.336606
16.368932,46.527442
16.417934,46.404382
16.460957,46.39318
16.360063,46.524808
16.457729,46.429327
16.433143,46.505848
16.431516,46.328297
16.444025,46.394918
16.461266,46.423341
16.424176,46.4927
16.407567,46.376254
16.436999,46.388027
16.419515,46.376142
16.370237,46.524282
16.447121,46.394188
16.437523,46.380943
16.424903,46.404446
16.436195,46.3369
16.424151,46.518604
16.4459,46.395653
16.476679,46.497684
16.438958,46.338082
16.431403,46.330677
16.44596,46.395023
16.389579,46.338607
16.411537,46.388826
16.42639,46.473019
16.641652,46.391165
16.429139,46.512788
16.439979,46.375783
16.443797,46.393657
16.434036,46.504341
16.428177,46.382276
16.448958,46.39265
16.469367,46.492295
16.464187,46.494172
16.444029,46.392089
16.344414,46.521852
16.437403,46.508558
16.430399,46.329923
16.430648,46.383073
16.374076,46.519416
16.449242,46.392784
16.42457,46.415169
16.424373,46.400559
16.4132,46.330169
16.424601,46.381298
16.424692,46.381784
16.420335,46.405893
16.435723,46.510454
16.366428,46.525575
16.470053,46.493371
16.418299,46.403836
16.439065,46.511913
16.639028,46.386056
16.435186,46.396088
16.375697,46.525613
16.469205,46.3628
16.339017,46.524055
16.423339,46.403244
16.423643,46.386808
16.466125,46.36718
16.465548,46.368577
16.432563,46.33118
16.433742,46.332898
16.428104,46.448003
16.424672,46.514677
16.472755,46.49812
16.424137,46.404891
16.406675,46.331632
16.447526,46.393107
16.427254,46.38256
16.448381,46.393215
16.483988,46.370342
16.418964,46.376411
16.623602,46.33308
16.496321,46.373259
16.620705,46.337948
16.438098,46.510586
16.426031,46.40407
16.45238,46.430345
16.427612,46.381736
16.429771,46.514765
16.449563,46.438608
16.429296,46.3289
16.408113,46.389832
16.49373,46.374315
16.437969,46.5048
16.426571,46.514277
16.463178,46.494477
16.446265,46.496527
16.641892,46.392226
16.434179,46.330202
16.457489,46.429042
16.476058,46.431782
16.422924,46.401727
16.445079,46.506976
16.402769,46.328027
16.42587,46.493204
16.422149,46.382371
16.445529,46.49028
16.437333,46.378541
16.433836,46.385384
16.443262,46.394029
16.397804,46.327881
16.445623,46.49063
16.335415,46.522235
16.451215,46.3362
16.440521,46.376021
16.463582,46.495104
16.471263,46.428325
16.496519,46.372146
16.431546,46.451717
16.403588,46.327997
16.483824,46.370237
16.626564,46.339511
16.431876,46.505152
16.497065,46.370893
16.445095,46.50598
16.425857,46.471042
16.467459,46.371994
16.379479,46.529561
16.465749,46.494202
16.442327,46.392631
16.43949,46.390659
16.44416,46.339781
16.4853,46.371345
16.49908,46.372935
16.426107,46.493273
16.468018,46.496054
16.423941,46.518359
16.464566,46.367239
16.390322,46.326585
16.495586,46.365024
16.428265,46.518307
16.372728,46.522535
16.428613,46.379265
16.44498,46.39337
16.414793,46.376623
16.425715,46.382322
16.435688,46.381216
16.638372,46.391953
16.449437,46.395368
16.430322,46.509126
16.437409,46.37959
16.443373,46.388142
16.412652,46.366752
16.369801,46.524379
16.435124,46.396232
16.408177,46.37209
16.431846,46.508471
16.439089,46.391817
16.36094,46.524636
16.443855,46.339927
16.367672,46.525091
16.428523,46.514984
16.429408,46.38093
16.359733,46.528394
16.46403,46.365483
16.40701,46.374133
16.494375,46.367005
16.432785,46.382447
16.431097,46.382804
16.419358,46.472386
16.423466,46.475195
16.461927,46.495881
16.430676,46.514099
16.415752,46.329902
16.496396,46.363759
16.422215,46.519646
16.436806,46.377735
16.42447,46.404716
16.437375,46.376454
16.440111,46.513766
16.464225,46.421483
16.376563,46.525841
16.429552,46.447507
16.427778,46.391483
16.415171,46.363425
16.434192,46.450078
16.422116,46.471783
16.431767,46.325244
16.440008,46.388658
16.416986,46.329977
16.452507,46.44046
16.416963,46.407081
16.423781,46.386302
16.477931,46.494958
16.4701,46.362309
16.382792,46.527077
16.444674,46.393263
16.421731,46.387556
16.461218,46.495035
16.438423,46.338334
16.469889,46.423827
16.470456,46.497036
16.448901,46.337688
16.436275,46.392082
16.361249,46.528605
16.424981,46.514931
16.444679,46.394644
16.408502,46.371644
16.644231,46.392355
16.440101,46.393105
16.464373,46.443687
16.435279,46.383348
16.469415,46.36416
16.433844,46.330481
16.420369,46.405633
16.43527,46.382221
16.438831,46.385255
16.448627,46.392538
16.419421,46.375883
16.641388,46.392352
16.40632,46.374032
16.444063,46.505347
16.443503,46.3865
16.464159,46.443775
16.46376,46.365984
16.420284,46.403837
16.361362,46.524688
16.371694,46.523471
16.416251,46.331089
16.403551,46.375164
16.468182,46.420973
16.420044,46.400933
16.446794,46.512644
16.432307,46.327845
16.433751,46.507227
16.417337,46.375073
16.419474,46.402852
16.360274,46.52792
16.430424,46.380471
16.452706,46.442825
16.42864,46.513234
16.431603,46.326218
16.382931,46.527597
16.41511,46.369145
16.442547,46.39662
16.414643,46.365139
16.472602,46.493681
16.493249,46.374526
16.624621,46.331962
16.390089,46.326627
16.328889,46.523088
16.437248,46.391859
16.449076,46.394063
16.368035,46.526188
16.472508,46.494388
16.449261,46.376211
16.43229,46.506441
16.473756,46.433112
16.431633,46.382102
16.434311,46.513196
16.447879,46.441036
16.425541,46.517688
16.435051,46.38695
16.637416,46.395783
16.422751,46.404184
16.443821,46.392763
16.390779,46.326966
16.436309,46.513337
16.622766,46.348146
16.46864,46.496432
16.415568,46.370534
16.425373,46.469712
16.473545,46.497378
16.467492,46.495733
16.373179,46.524845
16.41111,46.347523
16.423254,46.4006
16.466307,46.361966
16.423878,46.518765
16.440391,46.512777
16.436445,46.381748
16.640997,46.389568
16.403792,46.327704
16.425779,46.516857
16.42619,46.519237
16.362323,46.527793
16.445555,46.39188
16.468892,46.492059
16.443991,46.505143
16.440011,46.39358
16.440821,46.375698
16.466332,46.498477
16.452294,46.430648
16.368709,46.527712
16.37663,46.525471
16.437451,46.513178
16.44444,46.375899
16.420859,46.404548
16.475987,46.43214
16.468349,46.496483
16.439006,46.389242
16.421091,46.407762
16.473423,46.497583
16.351047,46.521306
16.445377,46.397329
16.431929,46.331177
16.400609,46.330871
16.625268,46.331293
16.601465,46.347019
16.433613,46.505389
16.492687,46.365959
16.472308,46.365533
16.346849,46.521733
16.464639,46.428096
16.425441,46.404374
16.448649,46.437374
16.440497,46.338718
16.414145,46.332053
16.442665,46.392902
16.408899,46.371269
16.327243,46.523096
16.641009,46.393488
16.422251,46.382096
16.468792,46.363393
16.434789,46.334466
16.426158,46.516403
16.422487,46.402808
16.463619,46.392769
16.46539,46.427595
16.637557,46.394803
16.43153,46.330439
16.393908,46.326194
16.446894,46.509373
16.625961,46.334863
16.437254,46.392331
16.456529,46.393166
16.419129,46.376332
16.402521,46.374267
16.484927,46.370725
16.436853,46.506537
16.42861,46.380777
16.49495,46.365045
16.403972,46.375052
16.381283,46.526305
16.436377,46.505762
16.404164,46.374812
16.466227,46.371949
16.415199,46.364544
16.463187,46.421743
16.436498,46.381911
16.447718,46.392336
16.346393,46.520001
16.495441,46.367864
16.417201,46.375863
16.417675,46.329567
16.434835,46.515823
16.393234,46.326625
16.428595,46.51861
16.464864,46.393628
16.475696,46.3668
16.442284,46.512169
16.422213,46.519167
16.470663,46.424321
16.428356,46.509185
16.427579,46.391762
16.373359,46.522745
16.435239,46.39464
16.446278,46.495153
16.403737,46.329926
16.473619,46.420138
16.449104,46.39348
16.382905,46.527212
16.454583,46.430159
16.641891,46.391726
16.462513,46.494173
16.432434,46.445893
16.437815,46.505128
16.413223,46.329404
16.443971,46.393086
16.421704,46.519904
16.438654,46.510105
16.399637,46.329553
16.366819,46.52646
16.419117,46.370295
16.431867,46.377956
16.488546,46.375654
16.438614,46.389518
16.437617,46.509347
16.484663,46.370607
16.449912,46.393474
16.429139,46.447601
16.430582,46.329633
16.415438,46.370756
16.43576,46.335395
16.441248,46.393097
16.641792,46.389124
16.423571,46.379862
16.46254,46.495446
16.461346,46.425284
16.427499,46.513518
16.41302,46.372401
16.426248,46.516295
16.41652,46.329408
16.448712,46.437559
16.46565,46.498517
16.483445,46.369574
16.428919,46.447913
16.428327,46.380475
16.439326,46.512556
16.449542,46.395233
16.443905,46.510216
16.426738,46.40444
16.421895,46.382889
16.351037,46.521912
16.436083,46.510718
16.434109,46.50746
16.493097,46.366186
16.434881,46.382257
16.419205,46.401715
16.4666,46.42119
16.353621,46.522194
16.464473,46.366103
16.496234,46.372343
16.419704,46.416035
16.417567,46.376699
16.43823,46.513358
16.377772,46.523627
16.372993,46.523184
16.436027,46.38892
16.435872,46.511813
16.416286,46.403438
16.44845,46.337145
16.435527,46.377153
16.465027,46.368334
16.441902,46.386542
16.419448,46.405744
16.496066,46.372939
16.64345,46.39615
16.638401,46.394474
16.360573,46.524374
16.444728,46.394262
16.642957,46.392307
16.623822,46.332886
16.427851,46.518692
16.364732,46.524341
16.362594,46.527068
16.417154,46.379995
16.444376,46.375896
16.436758,46.377386
16.497418,46.364469
16.423208,46.52021
16.450765,46.440097
16.415139,46.364818
16.480454,46.41882
16.643728,46.395044
16.403575,46.376223
16.425869,46.51666
16.453563,46.442409
16.450962,46.43054
16.609033,46.331026
16.495393,46.373822
16.3936,46.326583
16.423807,46.401648
16.492069,46.365571
16.642852,46.39584
16.480282,46.369971
16.428851,46.514815
16.429792,46.329168
16.440355,46.3912
16.366277,46.52525
16.451149,46.441086
16.424665,46.414898
16.431608,46.326721
16.621719,46.337159
16.644815,46.3942
16.490556,46.373499
16.427896,46.508537
16.425184,46.381068
16.424451,46.49371
16.423173,46.400735
16.403191,46.405192
16.466555,46.372971
16.417247,46.376152
16.640959,46.394146
16.43618,46.383037
16.488058,46.37895
16.427153,46.448332
16.623434,46.338861
16.454503,46.37899
16.434258,46.504249
16.3834,46.528509
16.40598,46.374069
16.446632,46.511707
16.434899,46.506827
16.436652,46.377203
16.608454,46.338315
16.47228,46.493091
16.464153,46.494626
16.41018,46.366288
16.431837,46.325425
16.444578,46.394556
16.360826,46.528746
16.427583,46.379821
16.621962,46.336993
16.435094,46.37672
16.469175,46.492223
16.641642,46.391038
16.467037,46.421135
16.432936,46.505828
16.419481,46.366965
16.378427,46.522929
16.438365,46.505739
16.348517,46.524117
16.416073,46.328554
16.465473,46.369034
16.429151,46.324545
16.442801,46.390308
16.445232,46.390508
16.609776,46.329504
16.393471,46.326256
16.427016,46.404347
16.445011,46.385326
16.354528,46.522366
16.44561,46.397357
16.640584,46.39488
16.464339,46.366663
16.465228,46.362819
16.468948,46.371973
16.41521,46.334059
16.434505,46.506994
16.425442,46.403911
16.444533,46.389803
16.445664,46.381013
16.437429,46.337639
16.435701,46.33759
16.464697,46.365226
16.417977,46.403003
16.496043,46.372025
16.431448,46.517392
16.42344,46.474805
16.370466,46.527986
16.643042,46.390633
16.473322,46.365801
16.427441,46.51397
16.425846,46.514176
16.439667,46.339152
16.447917,46.39524
16.448809,46.43681
16.432642,46.508026
16.639589,46.389109
16.472254,46.364669
16.437088,46.506478
16.641546,46.392221
16.428391,46.518404
16.422283,46.520125
16.439117,46.51317
16.444566,46.509709
16.435882,46.506484
16.411773,46.36623
16.425669,46.47396
16.495528,46.373648
16.457984,46.429284
16.407486,46.374871
16.453995,46.428695
16.437179,46.511285
16.415684,46.389044
16.377171,46.525947
16.441571,46.393081
16.642003,46.390984
16.437905,46.511931
16.382978,46.528207
16.455357,46.430322
16.440967,46.39284
16.448782,46.394513
16.495403,46.365744
16.428088,46.515724
16.614679,46.334615
16.4298,46.391131
16.446506,46.493805
16.384638,46.528718
16.470845,46.492285
16.420999,46.386706
16.624198,46.335498
16.623174,46.336122
16.370394,46.523928
16.444112,46.392671
16.433421,46.382326
16.344912,46.520913
16.433668,46.332742
16.437542,46.381098
16.447626,46.512256
16.479867,46.419337
16.423676,46.473358
16.449853,46.438977
16.337988,46.524292
16.63972,46.395964
16.6367,46.39662
16.448449,46.437978
16.446243,46.392195
16.466582,46.420831
16.425268,46.403542
16.464004,46.373112
16.428519,46.449651
16.467591,46.49619
16.423612,46.400169
16.454184,46.379752
16.444457,46.39443
16.434665,46.334257
16.454382,46.393361
16.423987,46.518674
16.466736,46.495509
16.434425,46.383135
16.432382,46.506865
16.446128,46.492499
16.40292,46.328636
16.425674,46.518869
16.407854,46.376264
16.426052,46.474073
16.446797,46.511659
16.422329,46.385902
16.495411,46.366022
16.427078,46.403985
16.429149,46.381203
16.447628,46.395851
16.432626,46.505602
16.439994,46.388851
16.495892,46.369253
16.418915,46.36664
16.495898,46.372318
16.430913,46.514438
16.415515,46.331115
16.604328,46.333756
16.478733,46.36448
16.442892,46.394163
16.432828,46.505554
16.431077,46.32998
16.442888,46.388497
16.494953,46.366781
16.418766,46.376948
16.424282,46.518503
16.471124,46.366389
16.44235,46.339862
16.642814,46.392369
16.434467,46.51581
16.401816,46.332701
16.470987,46.492811
16.380771,46.52602
16.44249,46.394891
16.378889,46.526337
16.425799,46.473843
16.441024,46.385446
16.429695,46.381819
16.426511,46.404516
16.469135,46.361517
16.394049,46.326561
16.437686,46.51415
16.426418,46.473963
16.432474,46.517393
16.352865,46.522301
16.468973,46.361311
16.479901,46.494617
16.328429,46.52234
16.427976,46.379579
16.449491,46.442422
16.460993,46.495728
16.443295,46.396982
16.409597,46.391063
16.407758,46.373081
16.430452,46.378806
16.372743,46.524759
16.442668,46.389787
16.429119,46.447138
16.425906,46.381692
16.355032,46.522779
16.471767,46.430228
16.466937,46.362423
16.339557,46.523004
16.490704,46.375182
16.464974,46.500093
16.452482,46.441602
16.465501,46.495497
16.47009,46.493853
16.441842,46.393607
16.454709,46.44339
16.423994,46.403043
16.469043,46.364814
16.358835,46.523627
16.353639,46.522538
16.33508,46.521832
16.463738,46.495352
16.428414,46.382528
16.430845,46.330182
16.418913,46.406194
16.464154,46.365045
16.47614,46.36682
16.410037,46.365989
16.424671,46.405148
16.415862,46.330404
16.622982,46.338965
16.434923,46.334655
16.642283,46.397037
16.414497,46.372409
16.44352,46.39449
16.465516,46.368694
16.391066,46.337953
16.426094,46.470277
16.476681,46.497225
16.471645,46.42982
16.462237,46.392774
16.467681,46.496492
16.441431,46.386927
16.431657,46.449974
16.469456,46.371555
16.44778,46.394251
16.423403,46.405968
16.429721,46.5088
16.461255,46.422958
16.443149,46.384937
16.640476,46.388487
16.420293,46.406046
16.344763,46.523471
16.636506,46.386126
16.452171,46.441436
16.451251,46.379841
16.445181,46.510926
16.605347,46.338951
16.423913,46.471698
16.3696,46.524267
16.49607,46.364075
16.607688,46.338537
16.419071,46.369639
16.445268,46.392013
16.439154,46.391395
16.645746,46.396468
16.643836,46.391977
16.441881,46.394745
16.39211,46.40356
16.42788,46.37946
16.429217,46.447918
16.360481,46.528911
16.362362,46.526
16.4435,46.391482
16.435745,46.511922
16.444367,46.39562
16.479718,46.497117
16.443736,46.340069
16.424432,46.492448
16.414914,46.368486
16.44895,46.337455
16.469574,46.492335
16.465793,46.499498
16.476642,46.367005
16.431881,46.325764
16.454918,46.428967
16.429453,46.379723
16.463983,46.427847
16.448179,46.394764
16.443746,46.388911
16.438697,46.376595
16.443899,46.391359
16.478086,46.366844
16.361737,46.525634
16.438652,46.51153
16.437132,46.511568
16.428139,46.3803
16.450176,46.393772
16.457963,46.393087
16.410895,46.381773
16.436414,46.389968
16.430906,46.38054
16.422738,46.382088
16.407738,46.372901
16.445322,46.395214
16.402814,46.404573
16.444672,46.50707
16.363645,46.524432
16.424983,46.468599
16.433861,46.510554
16.425998,46.47287
16.626118,46.334761
16.421701,46.382876
16.444303,46.509338
16.419283,46.368737
16.41557,46.372372
16.443204,46.393866
16.368884,46.527363
16.463213,46.495757
16.453859,46.43049
16.444988,46.397705
16.444637,46.511903
16.446447,46.375924
16.472928,46.432592
16.40371,46.377139
16.441914,46.394807
16.376332,46.525216
16.417307,46.366458
16.471927,46.493517
16.431577,46.446285
16.443866,46.385086
16.44243,46.339614
16.429577,46.446614
16.474769,46.433514
16.431329,46.330236
16.435574,46.505285
16.44248,46.392915
16.425492,46.382411
16.439485,46.390877
16.420321,46.382625
16.435919,46.376611
16.646137,46.397504
16.374612,46.524903
16.407533,46.373536
16.483447,46.370087
16.407859,46.377221
16.444695,46.505756
16.498271,46.373541
16.412983,46.365186
16.411132,46.368872
16.37891,46.527286
16.339225,46.521985
16.426026,46.470475
16.429138,46.38952
16.41315,46.3307
16.449177,46.39451
16.436767,46.388484
16.373346,46.525194
16.421822,46.403362
16.495992,46.373619
16.435289,46.379712
16.372487,46.52264
16.447816,46.394379
16.435594,46.511907
16.442958,46.390537
16.421261,46.382889
16.622119,46.338613
16.393266,46.326289
16.419506,46.374424
16.391043,46.337538
16.469475,46.422801
16.366088,46.5248
16.415079,46.334542
16.408945,46.38481
16.496697,46.370366
16.347904,46.518574
16.444718,46.390043
16.471117,46.425964
16.351524,46.522041
16.4144,46.37663
16.419859,46.382639
16.423609,46.403382
16.466529,46.367245
16.449091,46.39513
16.446212,46.380748
16.433184,46.383076
16.422526,46.382091
16.407806,46.37702
16.418057,46.402081
16.435932,46.513734
16.429593,46.4468
16.431586,46.446905
16.440294,46.385933
16.467644,46.358143
16.477155,46.370895
16.446882,46.393109
16.427726,46.450311
16.465435,46.42795
16.427365,46.449302
16.426989,46.382558
16.446608,46.396181
16.375484,46.52577
16.373615,46.522601
16.460557,46.422586
16.620517,46.337971
16.417631,46.380647
16.436131,46.38272
16.474404,46.365721
16.471911,46.36483
16.397327,46.327235
16.47078,46.37041
16.432914,46.387888
16.43216,46.513158
16.435053,46.385654
16.443582,46.510375
16.491571,46.373492
16.42356,46.474384
16.362109,46.525077
16.482804,46.368874
16.435115,46.512053
16.374432,46.525189
16.468817,46.364849
16.441853,46.392985
16.641701,46.392643
16.460734,46.423174
16.431137,46.38142
16.487639,46.379573
16.608885,46.330746
16.43005,46.3801
16.44768,46.379576
16.448499,46.379654
16.422836,46.409673
16.424534,46.405882
16.421321,46.407759
16.421528,46.40638
16.369232,46.499766
16.424185,46.406049
16.42202,46.408593
16.446229,46.376193
16.428428,46.391776
16.429254,46.391588
16.428864,46.392508
16.444504,46.375614
16.445525,46.37607
16.44561,46.375631
16.427436,46.391019
16.427694,46.391167
16.427952,46.391311
16.426365,46.390892
16.428395,46.390511
16.428254,46.390641
16.428899,46.391048
16.428314,46.391528
16.454828,46.379477
16.451924,46.379792
16.45047,46.380169
16.447624,46.379332
16.447955,46.379001
16.448964,46.379478
16.448607,46.379492
16.450533,46.378646
16.44523,46.379721
16.446123,46.381849
16.445818,46.380046
16.445159,46.381648
16.445171,46.381167
16.446117,46.381543
16.447362,46.381951
16.44462,46.338367
16.475814,46.431191
16.405841,46.373609
16.409456,46.366162
16.424835,46.405356
16.443705,46.387651
16.440217,46.38679
16.440523,46.387486
16.440457,46.387669
16.441199,46.38816
16.440728,46.386882
16.440486,46.386974
16.442712,46.387767
16.44202,46.388008
16.441579,46.389148
16.440231,46.385204
16.443682,46.386939
16.443629,46.387032
16.441651,46.386029
16.43926,46.386486
16.441407,46.384929
16.438793,46.386071
16.439383,46.38543
16.438993,46.385587
16.440684,46.38561
16.441112,46.385047
16.442067,46.385091
16.441829,46.385131
16.443191,46.384555
16.406971,46.391085
16.42396,46.38017
16.421907,46.408413
16.421181,46.406849
16.41245,46.38121
16.423971,46.377281
16.376925,46.525308
16.445164,46.376074
16.488838,46.375216
16.367699,46.508826
16.364278,46.510944
16.419211,46.415659
16.443585,46.386127
16.43552,46.384817
16.642412,46.387654
16.421094,46.404266
16.405629,46.374139
16.468599,46.364882
16.381488,46.525832
16.431062,46.330378
16.611429,46.33147
16.609851,46.331732
16.610946,46.331046
16.611568,46.33207
16.611165,46.329733
16.610696,46.330334
16.437103,46.380333
16.437473,46.380297
16.437308,46.382264
16.421191,46.519315
16.608904,46.328389
16.609678,46.329697
16.44967,46.430927
16.435951,46.391253
16.438624,46.391879
16.435938,46.393437
16.608906,46.331707
16.609064,46.332139
16.608819,46.3321
16.608791,46.332224
16.609178,46.335496
16.609463,46.335836
16.610366,46.332569
16.447895,46.380406
16.608085,46.332932
16.60891,46.334924
16.608695,46.33399
16.609375,46.335533
16.609544,46.335932
16.474841,46.419989
16.473589,46.432819
16.492214,46.488955
16.491418,46.490084
16.493964,46.488886
16.435491,46.388744
16.435577,46.389394
16.43828,46.388413
16.439713,46.393416
16.439208,46.392727
16.43953,46.392498
16.437975,46.391956
16.438173,46.392051
16.435909,46.393598
16.435436,46.389866
16.439306,46.386034
16.436428,46.38853
16.43663,46.388509
16.436173,46.388555
16.437916,46.388634
16.431911,46.386118
16.436672,46.386727
16.434865,46.387523
16.434637,46.38459
16.641512,46.393851
16.441192,46.512516
16.440129,46.392343
16.434717,46.380067
16.435099,46.379024
16.45043,46.43089
16.448973,46.436229
16.41196,46.37676
16.43065,46.447676
16.422425,46.376725
16.446924,46.392061
16.436172,46.379638
16.436682,46.381908
16.433844,46.386668
16.443171,46.387548
16.443032,46.38751
16.4443,46.387754
16.44729,46.346508
16.441424,46.386383
16.397887,46.328186
16.423517,46.399609
16.478898,46.370493
16.624018,46.334564
16.622255,46.336261
16.422222,46.408748
16.435558,46.332327
16.487964,46.375417
16.488168,46.37536
16.488412,46.375314
16.351983,46.510159
16.369417,46.508862
16.34901,46.511849
16.411085,46.366305
16.608998,46.332525
16.450947,46.441909
16.431164,46.44764
16.44564,46.51274
16.434854,46.381983
16.417784,46.366832
16.369147,46.524249
16.354981,46.522452
16.428886,46.515271
16.429539,46.329412
16.414575,46.331812
16.621109,46.338172
16.353884,46.522223
16.447219,46.506697
16.446681,46.397335
16.345889,46.523723
16.432448,46.449304
16.469886,46.422047
16.448747,46.438244
16.367551,46.527134
16.431549,46.51388
16.422942,46.473151
16.465491,46.494221
16.438942,46.512986
16.645439,46.394303
16.425634,46.493056
16.447811,46.394565
16.471614,46.36439
16.482134,46.418926
16.465117,46.367762
16.47311,46.43326
16.44471,46.37616
16.494841,46.364238
16.448703,46.431059
16.439532,46.338582
16.437298,46.378727
16.421495,46.516422
16.640141,46.396149
16.421429,46.383396
16.605398,46.338802
16.430612,46.40377
16.450048,46.393626
16.423085,46.38181
16.468331,46.37141
16.425202,46.493534
16.62588,46.330778
16.473806,46.433515
16.436265,46.514993
16.46934,46.495146
16.416681,46.330973
16.414232,46.36484
16.339431,46.521651
16.599794,46.393267
16.346618,46.523625
16.473479,46.494195
16.338058,46.521459
16.440043,46.391986
16.427697,46.382244
16.47085,46.363137
16.419633,46.472409
16.434601,46.381988
16.413134,46.333028
16.421175,46.387976
16.443335,46.395517
16.452291,46.442619
16.445449,46.490488
16.423552,46.403652
16.471473,46.429363
16.493543,46.366489
16.44449,46.396611
16.411344,46.372952
16.424199,46.402443
16.641044,46.389385
16.328252,46.521182
16.472356,46.494037
16.420115,46.416728
16.621537,46.338413
16.447191,46.511053
16.422457,46.400982
16.364219,46.524365
16.43657,46.508613
16.440541,46.51421
16.328071,46.520452
16.41629,46.366615
16.464554,46.366247
16.413345,46.349946
16.47787,46.370676
16.439272,46.376
16.467607,46.366422
16.446023,46.395788
16.475215,46.36564
16.447508,46.397521
16.392518,46.326726
16.41046,46.366054
16.472587,46.36495
16.414468,46.331578
16.385701,46.526287
16.435485,46.510405
16.390338,46.337778
16.445043,46.507285
16.446964,46.337968
16.445351,46.39077
16.417256,46.375484
16.417858,46.329593
16.440938,46.33952
16.497099,46.370598
16.466127,46.49724
16.323714,46.517574
16.466991,46.498063
16.464526,46.363175
16.436021,46.332763
16.623738,46.339282
16.601315,46.346476
16.416271,46.32917
16.428928,46.450399
16.623933,46.335575
16.463818,46.364162
16.437508,46.391846
16.377228,46.524453
16.445211,46.391121
16.437444,46.378381
16.374131,46.521773
16.456704,46.444168
16.445984,46.49397
16.475864,46.497859
16.427914,46.513833
16.438224,46.511805
16.421358,46.405392
16.427743,46.474016
16.641581,46.388037
16.446824,46.493308
16.468432,46.363313
16.494579,46.367477
16.624021,46.332654
16.344774,46.523246
16.450742,46.441667
16.42171,46.401
16.470535,46.494707
16.431825,46.449279
16.437113,46.508885
16.643466,46.387092
16.452903,46.44256
16.425051,46.382095
16.456284,46.443956
16.483188,46.370601
16.418935,46.472491
16.438129,46.507718
16.423991,46.403873
16.464442,46.494179
16.412938,46.329213
16.423874,46.470348
16.433877,46.506493
16.421971,46.403235
16.42376,46.381816
16.382435,46.528524
16.466063,46.498834
16.438316,46.38279
16.429564,46.447304
16.461251,46.424932
16.437394,46.38284
16.46122,46.494475
16.4651,46.369154
16.464163,46.495483
16.468839,46.362709
16.433061,46.507383
16.451528,46.379565
16.442901,46.504639
16.365676,46.524443
16.429965,46.509322
16.444324,46.506116
16.641957,46.39199
16.415406,46.334207
16.433554,46.513997
16.484352,46.369354
16.469742,46.423545
16.435763,46.509038
16.421071,46.51967
16.435349,46.395423
16.455433,46.39381
16.425304,46.381708
16.42887,46.380986
16.425831,46.383377
16.437847,46.383266
16.434481,46.507332
16.442214,46.390518
16.379228,46.526607
16.406213,46.331982
16.390857,46.337789
16.439802,46.392869
16.37297,46.524785
16.426419,46.448051
16.339627,46.523296
16.364532,46.525458
16.441722,46.394496
16.448409,46.435783
16.43176,46.331049
16.439458,46.375762
16.413368,46.331425
16.472381,46.492051
16.407533,46.376552
16.495516,46.373278
16.418082,46.381018
16.395347,46.325842
16.462757,46.494176
16.63835,46.385962
16.437684,46.381413
16.418855,46.414937
16.463738,46.421536
16.422369,46.382876
16.472569,46.500217
16.448538,46.395478
16.458249,46.429232
16.434152,46.510014
16.461123,46.421894
16.419262,46.366944
16.429085,46.518062
16.403904,46.375298
16.43598,46.383306
16.428069,46.474136
16.426456,46.513932
16.462679,46.392752
16.378401,46.525814
16.461151,46.39283
16.449893,46.430934
16.452737,46.378157
16.444336,46.395183
16.445312,46.375643
16.426248,46.516918
16.434809,46.513875
16.444457,46.394088
16.468086,46.427502
16.621409,46.338351
16.471078,46.363725
16.45258,46.43068
16.37775,46.523737
16.470804,46.495123
16.426176,46.474031
16.390317,46.337662
16.450404,46.44021
16.432513,46.380632
16.464158,46.495355
16.415653,46.36658
16.442798,46.395153
16.474501,46.433
16.384091,46.52813
16.451937,46.441235
16.339959,46.523663
16.407725,46.373207
16.446322,46.511627
16.624713,46.331857
16.439413,46.343822
16.423149,46.405096
16.450249,46.440073
16.430637,46.382305
16.430277,46.508095
16.464284,46.428182
16.458524,46.429168
16.42304,46.404927
16.611627,46.332186
16.436435,46.514894
16.421205,46.470005
16.446082,46.493468
16.470217,46.42308
16.420429,46.400957
16.42691,46.395078
16.461389,46.423694
16.424328,46.381766
16.444596,46.506932
16.436172,46.383287
16.426683,46.47399
16.471277,46.363886
16.456112,46.443891
16.436425,46.337441
16.336089,46.521515
16.424789,46.381247
16.434578,46.505586
16.424178,46.380395
16.63883,46.394155
16.445827,46.395599
16.446297,46.49318
16.468609,46.491004
16.445372,46.392328
16.438901,46.36858
16.447107,46.338337
16.431126,46.403817
16.472996,46.432951
16.466549,46.49718
16.62427,46.332373
16.639959,46.389461
16.418059,46.329577
16.444701,46.392436
16.431196,46.382929
16.346145,46.519724
16.436553,46.512082
16.490329,46.375284
16.423544,46.493009
16.333736,46.520526
16.465064,46.368722
16.356251,46.523002
16.4638,46.494172
16.422302,46.402033
16.38989,46.338252
16.4724,46.491957
16.441257,46.38986
16.39702,46.327043
16.466382,46.494495
16.425395,46.514749
16.640533,46.388583
16.437868,46.391199
16.422976,46.400936
16.450256,46.394511
16.408379,46.371743
16.445,46.508302
16.400368,46.32984
16.427293,46.404299
16.346287,46.519868
16.625293,46.335189
16.438566,46.505999
16.43255,46.383531
16.427558,46.394313
16.401996,46.404696
16.416315,46.355389
16.431321,46.327662
16.433547,46.5161
16.476273,46.366742
16.439372,46.340962
16.463133,46.495412
16.432469,46.328133
16.395577,46.325908
16.638591,46.397055
16.640398,46.388558
16.418716,46.38534
16.366586,46.526141
16.608613,46.332741
16.427676,46.51596
16.43904,46.510896
16.437987,46.510505
16.643507,46.390855
16.444589,46.503581
16.404372,46.377665
16.444569,46.384406
16.359745,46.523204
16.430969,46.517778
16.430872,46.382566
16.466494,46.361967
16.427728,46.379946
16.379208,46.529194
16.430688,46.330066
16.382671,46.52828
16.442821,46.39398
16.609644,46.328973
16.422557,46.381853
16.441762,46.385475
16.43436,46.509226
16.448031,46.430843
16.366581,46.524931
16.442314,46.375961
16.472493,46.493481
16.477343,46.495685
16.430231,46.450311
16.644009,46.390788
16.643914,46.390578
16.465527,46.370262
16.442679,46.512385
16.442781,46.393561
16.404122,46.330327
16.402382,46.33007
16.49224,46.37341
16.403983,46.328171
16.41949,46.374796
16.465279,46.499396
16.645227,46.393949
16.414503,46.333832
16.418604,46.406363
16.63621,46.396553
16.642613,46.395769
16.466843,46.496059
16.42325,46.402126
16.491118,46.373525
16.496267,46.371603
16.437407,46.382961
16.470065,46.364897
16.475716,46.371513
16.425214,46.44678
16.377462,46.524194
16.430161,46.380356
16.43208,46.447115
16.386177,46.527119
16.44272,46.341374
16.637781,46.398046
16.492912,46.373347
16.438832,46.37619
16.426534,46.38209
16.487594,46.379824
16.416916,46.37201
16.380161,46.528706
16.443907,46.393235
16.448214,46.392504
16.422469,46.400904
16.441763,46.394566
16.430714,46.390381
16.441864,46.513221
16.449752,46.379457
16.472599,46.431213
16.496535,46.3733
16.448393,46.510839
16.614958,46.334333
16.419176,46.402595
16.441649,46.393007
16.413226,46.331189
16.452043,46.379779
16.448463,46.43592
16.351865,46.523161
16.433583,46.332612
16.438363,46.376631
16.447214,46.392627
16.33357,46.520225
16.432342,46.513431
16.449293,46.393543
16.407503,46.377344
16.488801,46.377491
16.440285,46.513946
16.417263,46.402442
16.431506,46.378711
16.641628,46.390266
16.470825,46.424933
16.430515,46.380594
16.431111,46.3797
16.403878,46.330283
16.470916,46.425363
16.435601,46.514679
16.447252,46.43855
16.413372,46.350107
16.639213,46.392163
16.430079,46.514268
16.644695,46.396737
16.429359,46.324749
16.43374,46.509783
16.328291,46.522975
16.414789,46.331332
16.464083,46.364666
16.497764,46.373623
16.465344,46.371802
16.322802,46.521805
16.461158,46.424395
16.45138,46.430496
16.362057,46.526494
16.373096,46.525091
16.491917,46.373111
16.625648,46.330993
16.346766,46.523152
16.475498,46.366659
16.449326,46.379293
16.469133,46.421679
16.456326,46.393175
16.416756,46.32899
16.464844,46.392908
16.422638,46.519504
16.465473,46.368877
16.438973,46.376043
16.44595,46.512843
16.376363,46.525045
16.419878,46.382996
16.440982,46.389271
16.449965,46.39531
16.644569,46.39362
16.490081,46.375893
16.377572,46.524755
16.44796,46.513132
16.432665,46.513994
16.431279,46.378726
16.456262,46.393745
16.433998,46.509927
16.444501,46.392763
16.337125,46.523671
16.471736,46.492633
16.419865,46.417468
16.471175,46.362706
16.44171,46.392725
16.488287,46.379624
16.644245,46.396561
16.416537,46.376503
16.46962,46.493214
16.419422,46.374325
16.403831,46.375853
16.421927,46.387986
16.439701,46.387717
16.638487,46.386455
16.465195,46.366998
16.64323,46.39563
16.414873,46.333733
16.45099,46.380012
16.623882,46.339373
16.429766,46.38239
16.428793,46.403972
16.434674,46.382286
16.465937,46.421284
16.474926,46.371245
16.426622,46.379846
16.438883,46.392065
16.371483,46.524345
16.418804,46.40289
16.432002,46.513763
16.411003,46.347699
16.427667,46.51388
16.449673,46.393366
16.444583,46.39348
16.442829,46.510815
16.475645,46.366425
16.429422,46.386317
16.444189,46.397442
16.391873,46.326827
16.377859,46.52331
16.62332,46.336057
16.449908,46.439541
16.418551,46.377097
16.390385,46.338326
16.441318,46.390206
16.443848,46.385922
16.377969,46.522628
16.439886,46.512913
16.436655,46.506594
16.442382,46.513237
16.391109,46.337827
16.463702,46.494491
16.415956,46.386512
16.614586,46.334754
16.417031,46.386615
16.441626,46.389487
16.421707,46.382588
16.401973,46.329485
16.441758,46.393713
16.420422,46.406621
16.435471,46.506973
16.461985,46.494167
16.373852,46.522471
16.372231,46.52277
16.479614,46.370302
16.42864,46.379543
16.622059,46.338354
16.468087,46.366287
16.363484,46.524476
16.420748,46.38262
16.422135,46.382884
16.455557,46.428707
16.336341,46.52305
16.445853,46.379883
16.35683,46.523234
16.435089,46.395133
16.429594,46.446047
16.414838,46.36654
16.432405,46.449212
16.425501,46.380337
16.442931,46.396287
16.429871,46.381391
16.443964,46.389135
16.441096,46.393125
16.378612,46.52739
16.400626,46.329838
16.359375,46.527587
16.461408,46.425459
16.609578,46.330318
16.434779,46.504223
16.464981,46.421364
16.444327,46.509874
16.43084,46.517539
16.604333,46.338811
16.427354,46.380299
16.431412,46.447866
16.422975,46.387955
16.328111,46.520651
16.451389,46.441747
16.428194,46.377333
16.437247,46.38176
16.413362,46.372418
16.433297,46.513128
16.444361,46.39617
16.472486,46.432677
16.414599,46.376619
16.431012,46.329657
16.415061,46.3698
16.44581,46.391967
16.472709,46.364205
16.430114,46.381489
16.42164,46.405481
16.411174,46.372946
16.431046,46.324465
16.357533,46.522764
16.437796,46.383107
16.374283,46.520315
16.463094,46.392868
16.322601,46.521266
16.473928,46.367254
16.481463,46.419124
16.471486,46.369964
16.454893,46.394004
16.442198,46.3396
16.465278,46.372589
16.462533,46.421442
16.468451,46.427385
16.429635,46.329149
16.434398,46.333026
16.430272,46.323876
16.423368,46.47359
16.436943,46.379431
16.416849,46.366697
16.469699,46.36252
16.470875,46.426739
16.415372,46.364163
16.611227,46.330865
16.43189,46.326241
16.432193,46.327535
16.427758,46.513467
16.347033,46.519968
16.411818,46.367851
16.465022,46.368214
16.402463,46.327973
16.419915,46.417
16.396099,46.326536
16.432319,46.327953
16.447452,46.392705
16.443522,46.39313
16.414868,46.366051
16.466501,46.372183
16.339617,46.523126
16.466523,46.494225
16.423453,46.474614
16.467793,46.495939
16.478602,46.365841
16.470558,46.492555
16.408026,46.373642
16.328329,46.521852
16.492171,46.365359
16.449923,46.394084
16.404329,46.377319
16.45164,46.430493
16.472923,46.499112
16.368178,46.524234
16.442522,46.392596
16.432423,46.449073
16.35285,46.521929
16.495042,46.373875
16.37286,46.522988
16.444636,46.387356
16.423882,46.517369
16.404187,46.377164
16.642303,46.388675
16.413211,46.330558
16.431651,46.32649
16.44667,46.395789
16.403617,46.376396
16.430782,46.382432
16.428985,46.329152
16.464589,46.421153
16.442712,46.386735
16.423993,46.447863
16.422925,46.518959
16.470006,46.496852
16.417336,46.37495
16.441184,46.38603
16.462094,46.442699
16.446459,46.393369
16.614757,46.334458
16.415824,46.36323
16.429467,46.518212
16.443548,46.393279
16.444685,46.3954
16.405876,46.380305
16.431828,46.325624
16.419877,46.416258
16.429472,46.378944
16.451805,46.430393
16.487393,46.380102
16.449692,46.392882
16.43335,46.507317
16.468294,46.427415
16.451184,46.379538
16.423398,46.404309
16.446013,46.512609
16.479762,46.496325
16.437996,46.511684
16.376607,46.526086
16.431764,46.508682
16.419336,46.367927
16.436344,46.376589
16.424185,46.405683
16.487047,46.380707
16.415367,46.329387
16.417122,46.37678
16.621117,46.337516
16.37889,46.527634
16.466857,46.495835
16.447646,46.33733
16.423603,46.380341
16.471416,46.429127
16.446544,46.338899
16.445032,46.391109
16.428639,46.514149
16.412226,46.372639
16.397615,46.328304
16.43798,46.508366
16.448107,46.440251
16.645437,46.396355
16.462376,46.443817
16.472868,46.432198
16.422034,46.401867
16.462259,46.443535
16.351302,46.522664
16.414768,46.33409
16.445844,46.397376
16.437786,46.505301
16.444283,46.389568
16.43722,46.508574
16.420348,46.405791
16.378656,46.526155
16.431431,46.328037
16.607928,46.338429
16.456078,46.393219
16.377076,46.523797
16.448694,46.438084
16.467787,46.366366
16.441803,46.394631
16.429763,46.333137
16.453285,46.430288
16.467691,46.362551
16.436036,46.515103
16.418234,46.380786
16.489728,46.373894
16.461312,46.421852
16.395866,46.32604
16.466848,46.42116
16.471762,46.492473
16.607784,46.338476
16.431967,46.326489
16.439213,46.332972
16.444446,46.391407
16.496305,46.372705
16.420356,46.402167
16.44233,46.504814
16.473696,46.365906
16.444329,46.389908
16.426946,46.38135
16.376389,46.526009
16.470617,46.492737
16.451809,46.442968
16.625916,46.331227
16.469348,46.359932
16.431128,46.324631
16.426536,46.516702
16.441677,46.394291
16.445318,46.391793
16.644028,46.392666
16.415525,46.331375
16.446874,46.393511
16.365767,46.523381
16.431886,46.444045
16.460938,46.422562
16.4473,46.396728
16.62639,46.33072
16.44409,46.338913
16.465582,46.368124
16.409965,46.366257
16.462207,46.494472
16.445329,46.39591
16.418641,46.415282
16.462336,46.495881
16.405626,46.374449
16.463283,46.494173
16.41513,46.36891
16.42127,46.401001
16.483579,46.369466
16.434409,46.330532
16.439367,46.38998
16.43674,46.378071
16.469985,46.362127
16.606603,46.338459
16.435484,46.395084
16.424932,46.382082
16.398271,46.329273
16.429452,46.517881
16.454881,46.393299
16.463039,46.421362
16.480645,46.496006
16.467378,46.497473
16.426731,46.3811
16.365436,46.524497
16.444449,46.387541
16.493229,46.373352
16.429182,46.329261
16.430072,46.329679
16.427519,46.38038
16.432425,46.450107
16.433706,46.512996
16.435096,46.513475
16.450257,46.394663
16.346716,46.521066
16.434104,46.513234
16.425766,46.492569
16.470337,46.49601
16.38964,46.3266
16.43604,46.513699
16.445872,46.490151
16.421026,46.470457
16.434364,46.505638
16.434494,46.50962
16.452245,46.504993
16.63688,46.39576
16.448453,46.437813
16.424719,46.404334
16.421961,46.520401
16.433636,46.5105
16.456774,46.429109
16.41542,46.364047
16.42752,46.515607
16.428254,46.39108
16.429045,46.445455
16.429549,46.379227
16.645952,46.397357
16.438002,46.506172
16.442528,46.5117
16.421616,46.402856
16.458373,46.428895
16.640782,46.395029
16.449414,46.438511
16.460813,46.423324
16.435158,46.507101
16.475101,46.367214
16.447313,46.397588
16.378297,46.5263
16.413117,46.391386
16.460941,46.392841
16.377173,46.526406
16.644641,46.396361
16.431675,46.327147
16.589303,46.328263
16.454146,46.394402
16.416137,46.371326
16.489463,46.376126
16.41282,46.367055
16.409393,46.404474
16.436684,46.514699
16.481727,46.419097
16.427045,46.399672
16.425314,46.382483
16.609613,46.338
16.432059,46.384812
16.44358,46.512119
16.484563,46.369732
16.343505,46.523602
16.435574,46.395328
16.464152,46.494773
16.418615,46.373653
16.461283,46.425098
16.42543,46.51837
16.435511,46.383335
16.48379,46.418649
16.473626,46.496664
16.463596,46.444052
16.44314,46.504531
16.470802,46.365238
16.461623,46.495778
16.339612,46.523486
16.416633,46.407381
16.642412,46.395659
16.441651,46.394214
16.470901,46.425126
16.378284,46.523695
16.426996,46.387486
16.359424,46.52712
16.431212,46.450438
16.3834,46.527749
16.428973,46.386178
16.442101,46.512264
16.467946,46.497609
16.416653,46.329557
16.425173,46.514824
16.440742,46.393395
16.434961,46.378208
16.401976,46.332932
16.642642,46.395003
16.467227,46.494931
16.47109,46.370208
16.436419,46.394569
16.344383,46.522363
16.352218,46.52387
16.423345,46.37967
16.445974,46.490346
16.435738,46.383325
16.446144,46.493586
16.433568,46.507244
16.351428,46.522851
16.588729,46.327492
16.436915,46.514298
16.637745,46.391835
16.470204,46.492697
16.367119,46.526472
16.491636,46.374952
16.435549,46.331802
16.422852,46.40109
16.471293,46.366529
16.389887,46.338142
16.472048,46.431029
16.442983,46.510735
16.407879,46.375967
16.431943,46.327802
16.465458,46.49887
16.466046,46.369818
16.422198,46.520559
16.364443,46.524676
16.470942,46.365436
16.640842,46.394886
16.446717,46.394996
16.444657,46.337564
16.44326,46.395449
16.431649,46.328484
16.439262,46.391217
16.474691,46.366817
16.471884,46.49911
16.475847,46.430834
16.473971,46.365656
16.421369,46.401882
16.366217,46.526788
16.433202,46.386485
16.463798,46.443984
16.40812,46.372219
16.431436,46.448048
16.441857,46.392695
16.42542,46.470218
16.359391,46.523916
16.391839,46.32641
16.424618,46.517054
16.43816,46.388981
16.368017,46.52663
16.434078,46.39035
16.327724,46.520866
16.413478,46.332693
16.41886,46.373115
16.443745,46.510286
16.475129,46.497865
16.470532,46.362909
16.346765,46.521239
16.420911,46.383348
16.626081,46.339751
16.412989,46.329
16.445695,46.380543
16.423022,46.469847
16.424258,46.38141
16.405326,46.330765
16.411299,46.368724
16.641477,46.394167
16.416185,46.403695
16.35954,46.524098
16.427696,46.382572
16.473178,46.371078
16.348062,46.524957
16.446929,46.395632
16.495763,46.372669
16.424338,46.405014
16.402935,46.330133
16.453873,46.442569
16.418007,46.376938
16.425693,46.380453
16.41829,46.401686
16.446149,46.3936
16.425233,46.471765
16.441411,46.389423
16.445195,46.512894
16.442036,46.392949
16.464982,46.366639
16.417259,46.380103
16.461392,46.39291
16.414797,46.366378
16.62464,46.335324
16.472857,46.432061
16.465969,46.494567
16.351418,46.521456
16.431628,46.452423
16.452019,46.430449
16.471073,46.496075
16.41073,46.369242
16.444884,46.394831
16.41987,46.376031
16.462713,46.494469
16.472367,46.430535
16.432587,46.517077
16.428194,46.379762
16.42329,46.405332
16.421849,46.401772
16.432454,46.514045
16.472466,46.492406
16.407555,46.375073
16.643868,46.390872
16.43095,46.324349
16.455138,46.393289
16.384819,46.529192
16.391047,46.339026
16.443101,46.388551
16.352198,46.521839
16.403048,46.328484
16.468755,46.372649
16.447881,46.374735
16.444209,46.509588
16.4265,46.404187
16.433562,46.513592
16.33883,46.524173
16.428489,46.379968
16.443835,46.389156
16.425539,46.517206
16.422813,46.353616
16.464874,46.495478
16.43458,46.513507
16.461962,46.494471
16.6418,46.392862
16.4702,46.49441
16.419606,46.402298
16.425702,46.517601
16.425142,46.470431
16.643865,46.390987
16.443204,46.39467
16.428389,46.447925
16.421724,46.405011
16.465168,46.427991
16.421934,46.406093
16.435186,46.394784
16.40364,46.376497
16.428593,46.391378
16.428544,46.391353
16.474036,46.367867
16.419296,46.368394
16.466342,46.495505
16.436065,46.381929
16.451922,46.442124
16.434979,46.513828
16.43046,46.382818
16.44334,46.340072
16.461499,46.42579
16.621509,46.336659
16.470038,46.493649
16.370758,46.527158
16.436284,46.381886
16.414448,46.328877
16.437808,46.511795
16.623843,46.339076
16.434682,46.507261
16.440662,46.393435
16.439442,46.375219
16.419516,46.403594
16.425532,46.516229
16.347816,46.524529
16.434722,46.505192
16.431167,46.33048
16.466025,46.494192
16.447122,46.338969
16.470558,46.426782
16.489339,46.376479
16.360573,46.529109
16.425336,46.446886
16.45027,46.378786
16.343768,46.521311
16.432662,46.381739
16.354842,46.52245
16.431322,46.381102
16.380255,46.528951
16.451036,46.440468
16.32249,46.519865
16.444723,46.507348
16.467516,46.496351
16.472111,46.498955
16.449886,46.394234
16.44547,46.391462
16.466301,46.367199
16.407754,46.391007
16.445668,46.393233
16.621813,46.337052
16.412573,46.333252
16.389677,46.339271
16.399172,46.329685
16.452948,46.44199
16.448617,46.510783
16.438276,46.512937
16.442882,46.511078
16.444512,46.397069
16.623906,46.332756
16.46148,46.425647
16.47691,46.419641
16.440244,46.339589
16.42409,46.400654
16.410368,46.369538
16.436463,46.387823
16.42464,46.492907
16.439123,46.511059
16.444313,46.39698
16.461324,46.423515
16.450166,46.394997
16.461754,46.495439
16.436875,46.378749
16.412851,46.372467
16.445144,46.394202
16.434129,46.382048
16.369122,46.527521
16.461409,46.444142
16.420784,46.382164
16.437151,46.377542
16.449102,46.431011
16.422441,46.386586
16.434058,46.383399
16.428297,46.404084
16.443229,46.340788
16.444631,46.504917
16.437539,46.388124
16.425927,46.380467
16.378124,46.525817
16.413258,46.329187
16.436417,46.514613
16.423146,46.402251
16.417967,46.402699
16.495173,46.373853
16.639396,46.389331
16.473924,46.49793
16.436532,46.382167
16.448007,46.393113
16.424645,46.446189
16.418933,46.373424
16.466226,46.497067
16.426253,46.403948
16.473209,46.500904
16.468441,46.49708
16.423174,46.400046
16.495036,46.366442
16.449857,46.395426
16.447108,46.394948
16.471892,46.362061
16.469554,46.421284
16.378018,46.522474
16.59996,46.324088
16.413745,46.363915
16.377015,46.526193
16.340435,46.521735
16.459367,46.42904
16.363868,46.524417
16.478322,46.494904
16.438059,46.382073
16.450088,46.439154
16.428479,46.385843
16.439969,46.389349
16.399709,46.403898
16.472371,46.498208
16.487261,46.380454
16.44521,46.380522
16.418316,46.402996
16.475353,46.496754
16.449763,46.380014
16.359957,46.527539
16.484134,46.418394
16.449932,46.336124
16.474274,46.371201
16.362986,46.525531
16.636353,46.397049
16.42956,46.446963
16.443916,46.396277
16.478184,46.366589
16.442739,46.341117
16.361678,46.525412
16.450502,46.378197
16.622233,46.338705
16.623709,46.335736
16.414249,46.39078
16.484134,46.370407
16.483159,46.369418
16.420922,46.417445
16.432433,46.450251
16.450319,46.430611
16.417064,46.366418
16.375381,46.522648
16.469789,46.371485
16.641652,46.393299
16.403503,46.375564
16.407373,46.389074
16.449672,46.379182
16.424249,46.377511
16.420911,46.406888
16.422664,46.409409
16.423225,46.382854
16.423487,46.382837
16.425079,46.405502
16.465576,46.42098
16.423092,46.410099
16.423345,46.406223
16.447225,46.376185
16.446558,46.37616
16.428568,46.391642
16.422759,46.381851
16.42826,46.39193
16.427392,46.39065
16.427952,46.391775
16.444191,46.375905
16.443877,46.37593
16.443537,46.375896
16.443087,46.375852
16.444209,46.375602
16.443273,46.375638
16.443526,46.375649
16.42764,46.391604
16.426998,46.391237
16.42705,46.390811
16.426225,46.391013
16.42721,46.390574
16.422386,46.409008
16.427152,46.390201
16.429839,46.391495
16.429161,46.392077
16.449779,46.380225
16.452669,46.3798
16.448132,46.380045
16.451348,46.37956
16.449526,46.379587
16.447888,46.379089
16.469739,46.423379
16.445628,46.381501
16.447035,46.381621
16.427138,46.381606
16.405462,46.373677
16.405733,46.373322
16.41407,46.364389
16.405578,46.373222
16.471072,46.36622
16.45137,46.378775
16.427839,46.449126
16.413255,46.331055
16.426498,46.390777
16.434698,46.391726
16.449834,46.393918
16.640114,46.341994
16.442813,46.388866
16.440679,46.387353
16.442819,46.387491
16.442842,46.386658
16.44034,46.387002
16.440424,46.38729
16.442585,46.388468
16.442448,46.388456
16.443206,46.385788
16.441107,46.389179
16.44252,46.388803
16.44458,46.385518
16.434736,46.330861
16.444905,46.385379
16.443499,46.385718
16.441374,46.385232
16.441571,46.385153
16.445611,46.384195
16.442564,46.384298
16.44263,46.384264
16.437346,46.388749
16.411922,46.368145
16.465486,46.368302
16.441549,46.512649
16.443799,46.394735
16.422996,46.406377
16.478845,46.495292
16.368721,46.508983
16.350812,46.510277
16.439651,46.376219
16.620984,46.337248
16.367324,46.50886
16.422802,46.401833
16.419685,46.376217
16.443187,46.503675
16.611372,46.331174
16.611037,46.331569
16.610178,46.332281
16.609978,46.331907
16.6108,46.329914
16.437171,46.381096
16.437177,46.380967
16.609231,46.329321
16.609707,46.329113
16.441659,46.504672
16.422185,46.402359
16.436387,46.392333
16.436724,46.392183
16.44426,46.392262
16.436982,46.39117
16.436493,46.391388
16.437044,46.390925
16.436629,46.392455
16.438512,46.391202
16.474574,46.49679
16.440469,46.392658
16.439085,46.392862
16.609199,46.331846
16.609043,46.331147
16.609486,46.330923
16.608626,46.33249
16.609814,46.332188
16.449796,46.430634
16.608581,46.333892
16.609124,46.335256
16.476585,46.41969
16.430374,46.514146
16.492735,46.48976
16.494035,46.489045
16.493837,46.488739
16.434481,46.386517
16.439986,46.392792
16.437267,46.391518
16.43744,46.38868
16.438706,46.389106
16.435868,46.385489
16.432205,46.386716
16.434709,46.384805
16.434913,46.385296
16.435412,46.384587
16.435487,46.384688
16.434294,46.384584
16.43561,46.379689
16.433693,46.376862
16.427377,46.377522
16.426709,46.38084
16.442268,46.38612
16.376841,46.520704
16.431378,46.447611
16.430258,46.379786
16.414402,46.36785
16.417388,46.367681
16.443892,46.387429
16.445098,46.387146
16.445086,46.387316
16.444846,46.387302
16.444386,46.387908
16.423564,46.377791
16.460389,46.422018
16.482701,46.370161
16.423346,46.399834
16.416784,46.403952
16.444298,46.396491
16.443407,46.392772
16.439123,46.388822
16.419255,46.40298
16.415721,46.366595
16.624465,46.332928
16.623146,46.335598
16.434782,46.376145
16.642799,46.394874
16.449782,46.395004
16.432442,46.385168
16.427682,46.518764
16.42172,46.376396
16.4357,46.332814
16.363673,46.511455
16.363944,46.511846
16.390389,46.338214
16.611363,46.332357
16.421489,46.387556
16.428581,46.38632
16.426068,46.492905
16.446837,46.394519
16.479687,46.418906
16.428729,46.380896
16.407832,46.377552
16.382217,46.526467
16.417229,46.406955
16.445037,46.506801
16.389915,46.338352
16.461163,46.424581
16.626068,46.331052
16.425179,46.493436
16.336337,46.521498
16.425808,46.38082
16.324582,46.523861
16.419527,46.405553
16.421684,46.472249
16.636534,46.396115
16.443365,46.388987
16.437616,46.512593
16.470124,46.371433
16.421157,46.403191
16.442556,46.335994
16.409524,46.382843
16.623431,46.331893
16.40749,46.401027
16.44324,46.340306
16.40368,46.326873
16.427364,46.450099
16.42167,46.402044
16.472264,46.491745
16.445892,46.396921
16.636903,46.398622
16.425074,46.404574
16.446404,46.391771
16.432349,46.381365
16.414135,46.365542
16.429372,46.329
16.42362,46.404149
16.443079,46.34188
16.38255,46.324999
16.431887,46.382503
16.464655,46.364363
16.435788,46.510574
16.339492,46.522344
16.431626,46.451903
16.436923,46.511549
16.496972,46.373687
16.415052,46.328999
16.398286,46.329124
16.423518,46.400329
16.426632,46.475546
16.637495,46.394999
16.427916,46.378495
16.431961,46.326649
16.447426,46.395276
16.422786,46.40537
16.430467,46.444271
16.469999,46.497098
16.43334,46.331873
16.435817,46.515425
16.413402,46.329806
16.491257,46.375061
16.48992,46.374448
16.42894,46.449621
16.470479,46.425474
16.430872,46.379679
16.404451,46.377902
16.400954,46.330744
16.346856,46.518209
16.444542,46.392402
16.47023,46.370738
16.424518,46.518383
16.475495,46.366372
16.470154,46.362179
16.430017,46.379112
16.468323,46.360837
16.431061,46.379575
16.640618,46.389493
16.431719,46.325134
16.472271,46.494653
16.440334,46.3689
16.623222,46.333459
16.425561,46.403266
16.44334,46.391921
16.42468,46.403264
16.432769,46.328298
16.419407,46.367428
16.412613,46.349399
16.474286,46.496501
16.432702,46.386344
16.438071,46.513979
16.41221,46.367862
16.432372,46.504838
16.465945,46.499259
16.413099,46.390326
16.465628,46.500098
16.426648,46.403733
16.442917,46.394331
16.378462,46.522541
16.392378,46.326296
16.492644,46.37334
16.443035,46.34058
16.43793,46.504425
16.460592,46.42274
16.434912,46.395823
16.43245,46.511985
16.472795,46.498207
16.484481,46.371185
16.458596,46.428851
16.407451,46.377157
16.338729,46.521946
16.466577,46.362348
16.640368,46.389504
16.338298,46.52313
16.414091,46.364686
16.434511,46.396404
16.43997,46.505532
16.46107,46.421673
16.436542,46.386429
16.465331,46.494555
16.425607,46.492229
16.489674,46.373722
16.428873,46.515464
16.429442,46.329298
16.467082,46.372046
16.468628,46.360366
16.425652,46.51426
16.449178,46.392719
16.641807,46.390141
16.347034,46.516002
16.451844,46.441993
16.492495,46.374762
16.448384,46.440917
16.637453,46.39828
16.484651,46.368092
16.641911,46.392748
16.474805,46.36584
16.49534,46.368621
16.424749,46.517407
16.608868,46.33144
16.402036,46.327451
16.434192,46.513595
16.432335,46.383541
16.641115,46.389589
16.444513,46.390153
16.460439,46.393446
16.467148,46.366934
16.418288,46.415359
16.464533,46.36682
16.432269,46.328265
16.428607,46.328555
16.640678,46.38848
16.346409,46.523794
16.470365,46.496846
16.434347,46.510986
16.391257,46.337572
16.460926,46.421667
16.439555,46.505702
16.42085,46.38554
16.423819,46.387957
16.419084,46.370147
16.446422,46.397809
16.405196,46.330672
16.422256,46.472662
16.423848,46.472377
16.433046,46.504654
16.347162,46.524675
16.436785,46.377578
16.346821,46.522301
16.490504,46.375233
16.38216,46.52671
16.423989,46.405733
16.466712,46.49691
16.447361,46.513254
16.625479,46.33503
16.423874,46.399859
16.356568,46.527631
16.428394,46.515569
16.457707,46.428997
16.46487,46.372346
16.47971,46.494638
16.423867,46.404621
16.391,46.338225
16.460642,46.422875
16.422605,46.406119
16.424475,46.47366
16.443439,46.340453
16.418464,46.376719
16.435595,46.515096
16.465156,46.499571
16.440623,46.51401
16.417461,46.366786
16.378544,46.528937
16.46619,46.361893
16.423908,46.403821
16.446907,46.396381
16.431956,46.382517
16.641529,46.393408
16.469513,46.362016
16.426827,46.39096
16.614164,46.335351
16.445235,46.392526
16.449588,46.393643
16.464983,46.370773
16.420122,46.381852
16.427994,46.387368
16.642779,46.395355
16.44106,46.386781
16.438491,46.339102
16.432748,46.517051
16.418728,46.376124
16.432456,46.386676
16.641597,46.391307
16.423438,46.49349
16.427553,46.387773
16.435361,46.376727
16.467949,46.49094
16.422837,46.382503
16.431647,46.382336
16.405998,46.385442
16.432609,46.336425
16.45272,46.393468
16.425191,46.382464
16.461431,46.49448
16.359802,46.530657
16.437616,46.381261
16.427618,46.381388
16.450639,46.378577
16.44648,46.506363
16.43701,46.514243
16.423563,46.418203
16.424448,46.514722
16.620964,46.336924
16.420849,46.403469
16.46301,46.421616
16.448236,46.392885
16.423717,46.380462
16.636535,46.391603
16.409197,46.38238
16.391066,46.338493
16.446517,46.492588
16.460296,46.428881
16.464511,46.37204
16.455806,46.393637
16.446319,46.395612
16.41611,46.38962
16.450965,46.440325
16.443375,46.385748
16.472329,46.430013
16.482058,46.369842
16.435173,46.335091
16.608974,46.327921
16.610531,46.337454
16.438586,46.509952
16.392874,46.326699
16.455541,46.443685
16.424421,46.418115
16.463607,46.428286
16.402934,46.404352
16.443191,46.391364
16.478511,46.366182
16.415419,46.329911
16.407496,46.374666
16.47936,46.37035
16.364383,46.528872
16.445065,46.395035
16.443249,46.390465
16.4842,46.418648
16.432203,46.330901
16.498578,46.372819
16.362281,46.525739
16.483809,46.36941
16.626228,46.330437
16.379077,46.529045
16.472824,46.498719
16.417942,46.382324
16.454462,46.394309
16.366418,46.523294
16.640459,46.395868
16.432845,46.516804
16.467585,46.362002
16.444975,46.508836
16.437658,46.376791
16.445504,46.392136
16.42498,46.381125
16.445228,46.380035
16.465126,46.49449
16.378557,46.521684
16.464204,46.427777
16.444556,46.505329
16.423275,46.493128
16.389596,46.338712
16.432348,46.382471
16.413082,46.349843
16.466832,46.497647
16.442127,46.386152
16.43174,46.444676
16.443008,46.389086
16.438033,46.376713
16.437991,46.507853
16.423483,46.379756
16.43503,46.383344
16.326188,46.519464
16.443022,46.375589
16.455776,46.443466
16.643713,46.394741
16.422532,46.380688
16.412286,46.333488
16.457475,46.429432
16.423728,46.383315
16.425209,46.400734
16.435169,46.515323
16.426115,46.385447
16.641159,46.393433
16.467277,46.427606
16.42376,46.38289
16.434965,46.50408
16.445203,46.380684
16.431745,46.448932
16.423307,46.380012
16.43088,46.403792
16.639577,46.396109
16.444285,46.50447
16.425575,46.380817
16.439522,46.391855
16.622778,46.339129
16.382127,46.526631
16.413544,46.332162
16.463986,46.364841
16.432631,46.381485
16.418556,46.381764
16.425216,46.4694
16.467887,46.362568
16.442982,46.392377
16.470708,46.497536
16.373487,46.525246
16.413787,46.331967
16.399954,46.329734
16.61479,46.334947
16.444275,46.393952
16.418568,46.381559
16.43172,46.508612
16.457526,46.393133
16.431288,46.450231
16.422906,46.473405
16.423284,46.519256
16.455159,46.443217
16.446033,46.507459
16.468485,46.366427
16.424696,46.382415
16.445927,46.491647
16.389455,46.338077
16.430535,46.382939
16.450072,46.395139
16.420078,46.375921
16.420319,46.381818
16.45014,46.43062
16.418412,46.401944
16.374201,46.525497
16.36491,46.524267
16.42799,46.380176
16.365809,46.52625
16.448023,46.395934
16.411991,46.348686
16.424824,46.40397
16.440541,46.512987
16.443979,46.392217
16.425803,46.471228
16.42717,46.381247
16.379356,46.527244
16.423336,46.473836
16.423075,46.406049
16.44409,46.339627
16.435103,46.38125
16.421387,46.472688
16.410165,46.370084
16.424525,46.472049
16.470461,46.363133
16.410826,46.372915
16.407359,46.374019
16.455599,46.430063
16.43431,46.509806
16.434454,46.334101
16.34724,46.522547
16.471965,46.429133
16.419465,46.402404
16.41497,46.366284
16.494346,46.366235
16.625483,46.331558
16.6436,46.386932
16.418908,46.403294
16.366207,46.525099
16.423908,46.493266
16.64655,46.396312
16.47213,46.493787
16.447731,46.394854
16.434434,46.508736
16.409724,46.366198
16.428589,46.512081
16.609163,46.33813
16.476005,46.431978
16.436634,46.514847
16.493994,46.366725
16.641194,46.393296
16.447384,46.437609
16.411586,46.368379
16.40757,46.375385
16.422114,46.381864
16.453054,46.39341
16.391198,46.337748
16.644046,46.396466
16.439956,46.391462
16.431984,46.447738
16.449132,46.337729
16.426625,46.447799
16.431676,46.44639
16.455103,46.39412
16.414352,46.364561
16.436623,46.385628
16.450296,46.443478
16.36288,46.525288
16.414418,46.366084
16.425608,46.514674
16.642128,46.394181
16.435194,46.395913
16.575413,46.3277
16.415219,46.329696
16.423911,46.492568
16.36773,46.526075
16.336094,46.523352
16.473837,46.432737
16.459661,46.428986
16.464863,46.443549
16.464908,46.428029
16.346818,46.522127
16.391525,46.326891
16.422765,46.387806
16.474586,46.419639
16.428292,46.391163
16.465988,46.37234
16.418548,46.382469
16.43397,46.333215
16.433861,46.509046
16.417644,46.404278
16.447127,46.397211
16.419339,46.367587
16.464575,46.364232
16.339628,46.52367
16.432151,46.382506
16.482347,46.418613
16.43931,46.385244
16.423785,46.387809
16.473392,46.365565
16.442155,46.375618
16.433136,46.329029
16.407146,46.399463
16.347845,46.520937
16.421185,46.382616
16.423832,46.380082
16.43181,46.44563
16.423965,46.401525
16.645042,46.394266
16.489802,46.37418
16.435569,46.387692
16.451756,46.378652
16.445724,46.396148
16.461564,46.495415
16.443391,46.340656
16.624307,46.335445
16.6399,46.388985
16.464051,46.366357
16.436453,46.392669
16.338465,46.521507
16.443337,46.394186
16.39041,46.338434
16.471466,46.49864
16.344193,46.520886
16.37806,46.521595
16.44442,46.387363
16.425768,46.403599
16.441621,46.394154
16.413865,46.390072
16.384185,46.528652
16.416892,46.329833
16.434491,46.510838
16.459811,46.392958
16.356983,46.522654
16.469239,46.49705
16.362776,46.527533
16.441516,46.50507
16.448721,46.336517
16.374853,46.52304
16.408018,46.39922
16.498488,46.373145
16.434976,46.334139
16.424859,46.493418
16.436472,46.391488
16.473032,46.365203
16.448181,46.508382
16.461948,46.495438
16.444332,46.511979
16.423309,46.383878
16.417775,46.376625
16.431697,46.326943
16.418624,46.414988
16.472755,46.494035
16.433868,46.336619
16.450872,46.336059
16.472566,46.432879
16.446285,46.495436
16.344744,46.523371
16.471736,46.428423
16.425998,46.38198
16.448033,46.392826
16.418627,46.403041
16.436332,46.511314
16.465366,46.499133
16.492079,46.374859
16.476393,46.37109
16.474058,46.366837
16.467024,46.373204
16.407848,46.372567
16.434065,46.329996
16.453442,46.442321
16.432004,46.326784
16.43593,46.513409
16.489495,46.374399
16.347374,46.522924
16.64019,46.388704
16.443494,46.513594
16.396845,46.326852
16.482913,46.370242
16.438791,46.510437
16.419349,46.367775
16.442943,46.392262
16.425613,46.403776
16.429949,46.514667
16.41133,46.365937
16.427468,46.387116
16.426313,46.382223
16.423151,46.418119
16.473894,46.496209
16.482283,46.369935
16.404404,46.330064
16.643889,46.394928
16.443426,46.394339
16.438731,46.337952
16.488545,46.378022
16.402675,46.329258
16.436328,46.390881
16.437247,46.508883
16.426057,46.514088
16.64247,46.388034
16.449177,46.438256
16.430812,46.380981
16.452577,46.39338
16.420357,46.38215
16.469933,46.423981
16.4222,46.404858
16.44012,46.514136
16.435736,46.332161
16.44698,46.511551
16.418923,46.406069
16.420913,46.519319
16.432243,46.32775
16.610001,46.337733
16.444668,46.507169
16.425099,46.49262
16.391143,46.337699
16.442327,46.510888
16.42242,46.404749
16.4147,46.329297
16.411779,46.390886
16.422235,46.387901
16.495248,46.365853
16.41016,46.398555
16.404139,46.337204
16.445622,46.338435
16.489376,46.374171
16.449877,46.394687
16.625607,46.334994
16.419713,46.405395
16.433602,46.383446
16.442687,46.51057
16.645083,46.396958
16.433438,46.329279
16.422281,46.405303
16.63823,46.397476
16.336403,46.522916
16.421711,46.381846
16.433189,46.382441
16.417796,46.404187
16.363561,46.524871
16.446332,46.495941
16.439351,46.339726
16.44262,46.386269
16.441958,46.390376
16.414919,46.368306
16.424822,46.470465
16.465841,46.372058
16.386525,46.528898
16.442112,46.390109
16.424284,46.493123
16.436679,46.377032
16.427128,46.517666
16.439902,46.392186
16.352292,46.523414
16.441752,46.389472
16.430026,46.335592
16.461085,46.424247
16.448827,46.336183
16.462288,46.421712
16.446296,46.512752
16.42774,46.37936
16.372392,46.524555
16.421859,46.52004
16.42196,46.52023
16.42947,46.380022
16.641084,46.394157
16.400955,46.330573
16.433828,46.508864
16.421715,46.403483
16.62143,46.337373
16.410706,46.366288
16.431731,46.450873
16.644879,46.394405
16.422631,46.405135
16.447337,46.38182
16.468849,46.491083
16.588625,46.32718
16.437897,46.388389
16.425633,46.404289
16.41593,46.328875
16.447509,46.33754
16.443754,46.392992
16.469464,46.362592
16.417101,46.329425
16.43222,46.382098
16.426534,46.381862
16.424212,46.519679
16.383271,46.526599
16.437785,46.509765
16.644952,46.394138
16.43713,46.387188
16.36768,46.52717
16.426317,46.380843
16.494834,46.365367
16.443112,46.341181
16.429863,46.509141
16.645445,46.396726
16.414955,46.364018
16.438467,46.511094
16.428904,46.518074
16.436882,46.514588
16.368969,46.523711
16.437188,46.377359
16.440665,46.389161
16.429634,46.39166
16.440156,46.512848
16.432699,46.385003
16.477249,46.370854
16.42758,46.380992
16.465742,46.497617
16.465865,46.427502
16.420095,46.41744
16.603742,46.338312
16.448567,46.393278
16.437034,46.514504
16.407139,46.331302
16.463449,46.392914
16.434545,46.508482
16.454072,46.43019
16.394315,46.32652
16.440634,46.389668
16.465587,46.427915
16.424379,46.404109
16.436742,46.514411
16.474294,46.365741
16.442529,46.511861
16.403422,46.328085
16.442637,46.389434
16.426127,46.380484
16.44862,46.337028
16.641418,46.394574
16.624723,46.332341
16.471449,46.364038
16.441832,46.386268
16.44315,46.389872
16.419398,46.381844
16.41886,46.472039
16.373662,46.525008
16.466271,46.496865
16.466147,46.3623
16.425046,46.467949
16.418879,46.372802
16.437036,46.512226
16.4159,46.330873
16.423687,46.472552
16.448783,46.510708
16.328328,46.522109
16.468795,46.491891
16.449728,46.438831
16.463019,46.425624
16.476081,46.431516
16.390454,46.338533
16.418709,46.376538
16.419081,46.370453
16.445214,46.393504
16.393688,46.326231
16.443587,46.338893
16.417799,46.380725
16.473988,46.366762
16.419155,46.415414
16.403535,46.329899
16.421469,46.519283
16.371707,46.524395
16.64138,46.39271
16.473705,46.36557
16.435834,46.333614
16.478244,46.49609
16.440939,46.339829
16.410466,46.366244
16.623044,46.339081
16.496649,46.371196
16.356007,46.522978
16.423796,46.473552
16.392683,46.326722
16.439926,46.386917
16.410491,46.369393
16.434188,46.513962
16.62276,46.338851
16.640933,46.394568
16.426729,46.382199
16.418697,46.377234
16.430427,46.382073
16.421728,46.471491
16.403955,46.376322
16.576962,46.327237
16.413832,46.331802
16.475474,46.366244
16.418039,46.380552
16.637268,46.39841
16.640591,46.394302
16.431523,46.450494
16.637917,46.397908
16.435109,46.510661
16.360541,46.528463
16.472593,46.499886
16.468604,46.496159
16.470897,46.362923
16.466626,46.427749
16.468982,46.363445
16.48405,46.369419
16.430088,46.32429
16.437715,46.509633
16.472767,46.501098
16.442955,46.395673
16.41413,46.365022
16.420419,46.417083
16.443154,46.340461
16.641269,46.388453
16.471215,46.363236
16.419791,46.472047
16.442893,46.33957
16.452583,46.4304
16.344522,46.521193
16.42482,46.493125
16.404873,46.330585
16.443813,46.397276
16.437141,46.38321
16.43687,46.378416
16.432139,46.327171
16.464375,46.372929
16.378133,46.524175
16.472719,46.431656
16.493504,46.365662
16.449675,46.44366
16.397204,46.327507
16.425108,46.467698
16.468036,46.496344
16.470451,46.371616
16.403667,46.326754
16.620245,46.336992
16.431961,46.512945
16.466042,46.499008
16.41413,46.372403
16.444838,46.509084
16.606535,46.338808
16.434155,46.390199
16.464016,46.364414
16.437523,46.5092
16.412071,46.366165
16.480204,46.418847
16.422649,46.404666
16.440786,46.512861
16.640014,46.396302
16.636129,46.396711
16.442084,46.513923
16.376167,46.525747
16.448477,46.430851
16.429939,46.517619
16.471813,46.430379
16.418238,46.401995
16.423505,46.383872
16.450558,46.393424
16.447018,46.439261
16.473642,46.366589
16.372705,46.523268
16.422711,46.403861
16.407927,46.375702
16.428645,46.509077
16.448896,46.438363
16.430178,46.38161
16.487341,46.380264
16.365826,46.525762
16.468459,46.362684
16.428927,46.518438
16.349212,46.52139
16.369189,46.523722
16.337724,46.523068
16.406722,46.374159
16.415323,46.364375
16.445257,46.51068
16.469508,46.496507
16.639285,46.386577
16.425236,46.472984
16.405488,46.399042
16.383284,46.528132
16.472467,46.430797
16.472513,46.430964
16.431542,46.514281
16.389791,46.337929
16.42064,46.389156
16.42889,46.382514
16.352527,46.521904
16.471679,46.493075
16.448437,46.395947
16.43282,46.450889
16.626289,46.330819
16.35993,46.52849
16.497281,46.373378
16.441091,46.339853
16.462227,46.426772
16.419938,46.472464
16.361785,46.528417
16.641877,46.39502
16.484875,46.370149
16.355653,46.522602
16.413278,46.331309
16.443808,46.504439
16.432175,46.327288
16.437804,46.376397
16.434362,46.336986
16.483143,46.370347
16.418088,46.40399
16.43453,46.504162
16.404982,46.374209
16.419327,46.416305
16.640291,46.396007
16.448236,46.336906
16.439453,46.387969
16.44893,46.430767
16.461844,46.392831
16.431874,46.325915
16.450301,46.394079
16.465644,46.421315
16.440563,46.390309
16.347126,46.519184
16.429141,46.449418
16.433937,46.50715
16.463268,46.392908
16.354122,46.52268
16.493702,46.366738
16.465598,46.498659
16.439305,46.505435
16.465696,46.37078
16.496675,46.370762
16.425269,46.49383
16.608969,46.338202
16.428877,46.328731
16.360335,46.523883
16.435764,46.385318
16.43486,46.395953
16.468708,46.361146
16.401697,46.332559
16.489941,46.374302
16.433015,46.45147
16.435983,46.388623
16.414978,46.372483
16.636969,46.396348
16.446727,46.437785
16.424486,46.403827
16.419145,46.403995
16.465794,46.362415
16.43375,46.513956
16.42484,46.514594
16.472419,46.366241
16.448496,46.511167
16.637223,46.391698
16.434545,46.396229
16.431991,46.381975
16.464377,46.421155
16.442257,46.338893
16.433982,46.330633
16.609447,46.338005
16.477103,46.367176
16.471765,46.362136
16.444203,46.3955
16.450189,46.443216
16.442513,46.338899
16.434619,46.513951
16.439028,46.338632
16.423093,46.383867
16.436581,46.514498
16.471161,46.428044
16.417137,46.37629
16.443831,46.393727
16.432882,46.508606
16.423365,46.380145
16.439212,46.376444
16.465284,46.495494
16.429835,46.329567
16.48457,46.368279
16.620431,46.337687
16.430655,46.378779
16.43881,46.505588
16.446802,46.395433
16.464248,46.495063
16.350733,46.523235
16.474615,46.366069
16.496447,46.369824
16.408359,46.404915
16.423967,46.413662
16.433477,46.509561
16.462452,46.428468
16.442556,46.393596
16.475677,46.432756
16.433238,46.508958
16.390152,46.337804
16.430134,46.517619
16.426802,46.514205
16.625068,46.3315
16.434794,46.38335
16.389984,46.338798
16.444432,46.389655
16.46841,46.427056
16.431617,46.403841
16.453411,46.393354
16.417491,46.382159
16.365577,46.52582
16.414636,46.368307
16.613329,46.325733
16.480291,46.494428
16.41926,46.368563
16.448192,46.397307
16.429409,46.508271
16.389139,46.337913
16.437434,46.387303
16.407472,46.377004
16.390806,46.337883
16.465798,46.366936
16.40752,46.375787
16.431539,46.448644
16.431022,46.453354
16.437924,46.508116
16.471257,46.363425
16.469701,46.426827
16.464755,46.364505
16.411968,46.391183
16.422417,46.406086
16.405908,46.383681
16.433205,46.513611
16.424122,46.445669
16.417803,46.376999
16.335425,46.521526
16.417794,46.380281
16.6373,46.395906
16.343583,46.522982
16.443793,46.395834
16.408207,46.373415
16.348622,46.523909
16.43569,46.382199
16.416111,46.330267
16.638343,46.397338
16.43509,46.382265
16.445511,46.393637
16.433722,46.387009
16.625584,46.331467
16.342815,46.521935
16.4725,46.498754
16.359001,46.527089
16.433724,46.3813
16.446297,46.511226
16.470164,46.497179
16.449677,46.44301
16.435448,46.389572
16.415038,46.369413
16.445094,46.386988
16.369077,46.527867
16.430935,46.3303
16.441457,46.385915
16.43411,46.33696
16.446435,46.397372
16.445653,46.39156
16.471937,46.364242
16.419546,46.374538
16.427363,46.380993
16.489582,46.375872
16.429408,46.391839
16.401577,46.330035
16.341798,46.522181
16.429546,46.447158
16.468992,46.421262
16.432051,46.517167
16.40405,46.376722
16.42608,46.517109
16.374592,46.525224
16.425419,46.447072
16.432546,46.382147
16.431805,46.513813
16.641519,46.394734
16.441021,46.394096
16.471547,46.429606
16.428009,46.50883
16.416777,46.329699
16.450408,46.336001
16.422159,46.401945
16.434372,46.381893
16.419294,46.374225
16.497463,46.37366
16.431786,46.449176
16.442227,46.395181
16.424265,46.473633
16.440247,46.50512
16.40833,46.373062
16.411483,46.368514
16.64366,46.396248
16.422891,46.400428
16.411229,46.347945
16.327971,46.521919
16.489429,46.377365
16.446584,46.338456
16.471489,46.493084
16.430608,46.380718
16.425489,46.468428
16.389486,46.338286
16.441555,46.393679
16.417916,46.366524
16.423453,46.401398
16.421922,46.405425
16.467902,46.373142
16.444813,46.391055
16.495747,46.372497
16.4212,46.401555
16.606085,46.338773
16.414791,46.372421
16.47135,46.493328
16.490867,46.375118
16.36855,46.523696
16.446131,46.375909
16.467165,46.497873
16.470911,46.498645
16.407528,46.376894
16.429055,46.518428
16.425122,46.492798
16.372573,46.524674
16.445124,46.393818
16.360086,46.524288
16.417771,46.415272
16.639841,46.396444
16.463755,46.495485
16.428672,46.518072
16.444333,46.393429
16.419113,46.381867
16.443169,46.390994
16.40751,46.405072
16.323105,46.520234
16.424225,46.492868
16.443062,46.394485
16.44632,46.338949
16.43065,46.51755
16.425534,46.468218
16.469734,46.364529
16.425,46.382487
16.428324,46.449596
16.473866,46.496642
16.444028,46.394146
16.438201,46.50932
16.470338,46.49241
16.417054,46.366708
16.448271,46.441967
16.441622,46.386338
16.44782,46.39443
16.467725,46.363153
16.430251,46.38039
16.437703,46.388722
16.46446,46.421424
16.427196,46.391546
16.421351,46.407904
16.431772,46.517614
16.438963,46.392957
16.429169,46.446594
16.431741,46.383317
16.434458,46.382258
16.437221,46.390058
16.472169,46.429798
16.36355,46.527647
16.428111,46.39205
16.428783,46.391992
16.420482,46.472565
16.428789,46.391458
16.428091,46.391659
16.442813,46.375854
16.447204,46.375863
16.447908,46.37525
16.42983,46.39103
16.426861,46.391357
16.429758,46.389828
16.426901,46.390379
16.427284,46.390127
16.445137,46.381952
16.449938,46.380293
16.447645,46.380024
16.445921,46.379719
16.447244,46.3809
16.641957,46.388428
16.445784,46.380214
16.445665,46.38134
16.447353,46.381777
16.447486,46.381361
16.414603,46.368197
16.406273,46.373481
16.414136,46.364093
16.435147,46.387038
16.444936,46.397224
16.4269,46.382194
16.434222,46.390591
16.439599,46.39168
16.440608,46.388951
16.442447,46.386829
16.44193,46.38711
16.441063,46.387128
16.440975,46.386948
16.441825,46.388896
16.443741,46.38676
16.444078,46.386408
16.442178,46.38528
16.441687,46.385802
16.439165,46.386721
16.439506,46.385876
16.442814,46.384672
16.424953,46.403845
16.417797,46.374336
16.608606,46.332862
16.407873,46.376424
16.415714,46.389355
16.437395,46.378823
16.495065,46.368405
16.639254,46.397048
16.611383,46.332584
16.612296,46.332336
16.611349,46.331067
16.611613,46.33192
16.437444,46.380169
16.609037,46.328598
16.445443,46.50388
16.423344,46.38793
16.608478,46.333756
16.608959,46.335039
16.607611,46.33294
16.466868,46.362139
16.413565,46.381616
16.491766,46.489247
16.437131,46.388478
16.440142,46.393427
16.436972,46.392197
16.438301,46.391831
16.435863,46.39383
16.438883,46.387658
16.431873,46.388713
16.435145,46.385862
16.434055,46.387085
16.435714,46.385165
16.434439,46.380105
16.430025,46.447727
16.442844,46.502964
16.43763,46.381581
16.41496,46.367301
16.445504,46.346971
16.443617,46.387188
16.443036,46.387866
16.636905,46.391636
16.444898,46.507742
16.426632,46.448043
16.44391,46.396793
16.423035,46.404413
16.624471,46.332677
16.415467,46.367726
16.434819,46.331413
16.435614,46.332679
16.424116,46.377346
16.36894,46.508885
16.367935,46.508883
16.364409,46.510651
16.470517,46.49733
16.428789,46.32905
16.437683,46.37642
16.427197,46.381825
16.447539,46.339618
16.435778,46.506876
16.465068,46.36739
16.445259,46.39672
16.468922,46.421066
16.480939,46.419194
16.429143,46.446971
16.435291,46.505018
16.462025,46.443106
16.441313,46.387359
16.425525,46.381712
16.427778,46.515469
16.390525,46.338628
16.624828,46.33221
16.418329,46.380907
16.6416,46.393157
16.47568,46.497881
16.443617,46.388517
16.363292,46.527096
16.640202,46.391245
16.443193,46.514042
16.336546,46.521164
16.469435,46.365084
16.412038,46.372755
16.427431,46.39
16.361127,46.529468
16.643641,46.395136
16.423309,46.381814
16.449707,46.443216
16.465528,46.494558
16.443463,46.397086
16.483727,46.418431
16.641536,46.390555
16.430055,46.378845
16.443643,46.51174
16.444366,46.506266
16.38184,46.52609
16.401324,46.332246
16.433636,46.329566
16.377784,46.525961
16.431777,46.451453
16.447076,46.438373
16.425202,46.380681
16.430182,46.380216
16.447721,46.394717
16.641128,46.395839
16.434383,46.332781
16.468079,46.362609
16.45584,46.430272
16.478684,46.494808
16.443791,46.388288
16.41637,46.407583
16.470135,46.365664
16.428527,46.508917
16.433631,46.382081
16.358134,46.523408
16.39102,46.338125
16.353491,46.522035
16.439826,46.376194
16.425821,46.493644
16.465716,46.499916
16.421407,46.402785
16.419532,46.404242
16.427917,46.449428
16.440791,46.38973
16.378815,46.525843
16.467186,46.495903
16.4322,46.386184
16.428643,46.324824
16.468992,46.427305
16.401052,46.330957
16.470516,46.431035
16.45495,46.443456
16.432324,46.38122
16.470275,46.424914
16.492018,46.373389
16.424056,46.493927
16.436117,46.513368
16.433844,46.505357
16.472051,46.36458
16.43766,46.381827
16.465544,46.372633
16.470888,46.366018
16.426765,46.381434
16.467822,46.497282
16.454187,46.430242
16.444145,46.50553
16.409505,46.370912
16.44205,46.513813
16.471964,46.371203
16.443425,46.384752
16.39087,46.338804
16.46217,46.42856
16.47306,46.365326
16.449714,46.393749
16.399691,46.330165
16.4687,46.371705
16.475516,46.433842
16.429224,46.449665
16.447694,46.397418
16.424823,46.473625
16.636484,46.396277
16.446394,46.43817
16.467427,46.427221
16.440879,46.505313
16.64401,46.392474
16.444713,46.511589
16.452992,46.430331
16.462883,46.42141
16.448114,46.39361
16.453366,46.442045
16.44499,46.508487
16.428919,46.37914
16.601631,46.344942
16.429,46.381351
16.423483,46.47328
16.351895,46.522171
16.42272,46.471361
16.416761,46.376499
16.448422,46.436443
16.435551,46.50663
16.44441,46.506406
16.40912,46.372881
16.410377,46.369749
16.471347,46.428914
16.432453,46.328019
16.44484,46.391645
16.425186,46.516642
16.460778,46.428396
16.378044,46.521723
16.448806,46.435323
16.444701,46.392686
16.451816,46.441138
16.470631,46.363316
16.441681,46.394437
16.419844,46.41688
16.470966,46.42751
16.423376,46.38661
16.438901,46.513427
16.424478,46.472692
16.424372,46.447762
16.347131,46.523531
16.425435,46.51433
16.427059,46.515835
16.430495,46.517575
16.465077,46.368888
16.440288,46.387822
16.63887,46.393767
16.431817,46.517357
16.424672,46.515345
16.422805,46.473874
16.375888,46.525905
16.43718,46.377883
16.46714,46.372891
16.442892,46.389192
16.425218,46.49233
16.43655,46.513514
16.444102,46.396388
16.495464,46.365263
16.464233,46.494469
16.41302,46.366036
16.470306,46.494521
16.377425,46.526957
16.432344,46.331033
16.460353,46.428487
16.471861,46.36411
16.643267,46.396039
16.424281,46.401263
16.428521,46.518116
16.637878,46.394527
16.641498,46.390838
16.465125,46.372255
16.460857,46.423644
16.422479,46.400762
16.62407,46.335516
16.466599,46.366853
16.462731,46.495445
16.604958,46.338765
16.415599,46.329629
16.418624,46.366861
16.376918,46.524691
16.455061,46.430407
16.446041,46.493785
16.444571,46.391964
16.420286,46.382912
16.444655,46.391026
16.427464,46.389934
16.441172,46.37619
16.489875,46.376408
16.445823,46.392731
16.485506,46.371454
16.398548,46.329007
16.410222,46.369969
16.457652,46.393147
16.465761,46.4997
16.473145,46.433387
16.362574,46.527783
16.494915,46.3652
16.470551,46.424104
16.417371,46.377131
16.426869,46.51594
16.446645,46.383429
16.483277,46.370014
16.456794,46.393156
16.44709,46.397656
16.440036,46.390365
16.464834,46.372746
16.469278,46.364767
16.350842,46.522894
16.471098,46.495184
16.443554,46.393366
16.446735,46.492843
16.424036,46.404328
16.625518,46.331128
16.43113,46.380839
16.41891,46.38213
16.443392,46.510121
16.438099,46.512439
16.426424,46.492773
16.447096,46.392951
16.421402,46.469521
16.420115,46.382103
16.444101,46.511572
16.432151,46.448339
16.38305,46.526454
16.641323,46.392822
16.421462,46.472216
16.419011,46.41489
16.434115,46.505336
16.46922,46.364044
16.443364,46.395943
16.424693,46.493316
16.446186,46.508265
16.420421,46.469088
16.447489,46.511
16.40755,46.376007
16.346677,46.520932
16.461486,46.424048
16.475956,46.432765
16.641607,46.391713
16.432868,46.328647
16.446252,46.513237
16.397058,46.327405
16.445378,46.507902
16.432192,46.378643
16.473656,46.434187
16.383749,46.528217
16.407822,46.377953
16.42782,46.515895
16.40523,46.373031
16.443454,46.393752
16.470006,46.370925
16.471249,46.49611
16.433609,46.504388
16.4436,46.393496
16.414933,46.365642
16.445201,46.397745
16.40765,46.373357
16.418529,46.38189
16.620798,46.338005
16.423633,46.405005
16.429433,46.381418
16.420972,46.472291
16.438981,46.392475
16.495628,46.364883
16.350092,46.521781
16.435923,46.515246
16.455673,46.430313
16.43283,46.504688
16.437439,46.511403
16.424319,46.473419
16.641457,46.38808
16.449103,46.337464
16.419022,46.403104
16.638296,46.394629
16.445389,46.510275
16.461233,46.423161
16.420979,46.382908
16.472618,46.364091
16.412184,46.34881
16.424284,46.414609
16.447815,46.396539
16.46825,46.366222
16.349875,46.521782
16.43846,46.513159
16.41708,46.371369
16.366779,46.524219
16.442968,46.384819
16.409918,46.370536
16.47619,46.43118
16.439757,46.390397
16.641316,46.392974
16.443728,46.39521
16.471492,46.371357
16.422291,46.403639
16.432484,46.443954
16.429475,46.382473
16.494805,46.365767
16.464983,46.49421
16.417924,46.415214
16.422904,46.473567
16.451126,46.441379
16.470238,46.363009
16.447022,46.375859
16.471679,46.428255
16.359052,46.527599
16.357249,46.522726
16.370918,46.524425
16.417207,46.401097
16.417782,46.380829
16.473256,46.434285
16.463902,46.366199
16.419413,46.38253
16.438918,46.392996
16.461957,46.442191
16.435958,46.336532
16.643303,46.390787
16.444781,46.393595
16.444237,46.339465
16.641161,46.393622
16.447154,46.394094
16.43153,46.32577
16.445885,46.397773
16.424557,46.400266
16.366515,46.525846
16.482476,46.369642
16.439211,46.393131
16.446155,46.33896
16.424513,46.402594
16.468989,46.497314
16.431822,46.45105
16.417129,46.330096
16.44349,46.393029
16.444497,46.3953
16.425349,46.381073
16.43707,46.376995
16.359884,46.523771
16.436742,46.511242
16.416963,46.404076
16.429045,46.388892
16.471855,46.369705
16.444372,46.390275
16.445831,46.508074
16.443439,46.510468
16.471177,46.428184
16.446113,46.511292
16.449571,46.395646
16.337677,46.521679
16.421491,46.381835
16.336092,46.522657
16.487851,46.380482
16.443089,46.396919
16.415528,46.36377
16.47075,46.426374
16.403265,46.404361
16.378169,46.527124
16.433016,46.328728
16.43717,46.377714
16.435426,46.331628
16.488452,46.378168
16.441272,46.512762
16.339427,46.522505
16.44117,46.37566
16.389661,46.339207
16.496213,46.371762
16.41935,46.404168
16.469627,46.421502
16.391047,46.337599
16.369343,46.52426
16.335093,46.521457
16.428859,46.513184
16.438523,46.511269
16.442972,46.390887
16.328062,46.520232
16.448884,46.437907
16.37002,46.527793
16.444565,46.393124
16.42586,46.382033
16.575327,46.330602
16.492296,46.364793
16.384951,46.529422
16.441845,46.513159
16.380169,46.529982
16.431246,46.325027
16.445732,46.508465
16.405238,46.373441
16.447111,46.396082
16.444922,46.392727
16.470965,46.37132
16.439295,46.512904
16.431699,46.378657
16.427816,46.32707
16.403911,46.404612
16.411124,46.347818
16.350077,46.523476
16.37783,46.52348
16.493886,46.374279
16.439722,46.338593
16.472675,46.493821
16.469447,46.421102
16.435574,46.381954
16.425495,46.519315
16.443526,46.511642
16.430032,46.517999
16.413822,46.364412
16.403336,46.32985
16.438828,46.391287
16.427544,46.450122
16.442039,46.513743
16.346671,46.518668
16.441075,46.338729
16.433977,46.513968
16.408116,46.40007
16.435487,46.513481
16.454755,46.430387
16.418181,46.382409
16.466315,46.421221
16.390812,46.337689
16.423939,46.447752
16.641765,46.390457
16.427839,46.381224
16.434765,46.333586
16.468516,46.371708
16.470872,46.362533
16.452731,46.442634
16.390577,46.326561
16.42721,46.514035
16.414692,46.331772
16.641782,46.389259
16.454433,46.428654
16.461156,46.495382
16.452035,46.441343
16.410266,46.36985
16.401019,46.330387
16.421861,46.472279
16.453885,46.393344
16.445702,46.512894
16.419998,46.382635
16.423969,46.404739
16.423649,46.509242
16.476005,46.366735
16.644945,46.393524
16.401771,46.404595
16.449216,46.395795
16.371958,46.523397
16.440004,46.505206
16.429518,46.50842
16.626533,46.334548
16.364658,46.524629
16.413454,46.366466
16.467831,46.371868
16.445986,46.491814
16.455387,46.393278
16.4723,46.49272
16.423395,46.475027
16.441795,46.513006
16.441725,46.384855
16.439981,46.391715
16.416864,46.329121
16.432938,46.516668
16.448297,46.437512
16.472072,46.429579
16.436131,46.508668
16.444936,46.508951
16.425727,46.492216
16.446927,46.439042
16.448731,46.393372
16.44182,46.384677
16.431386,46.508049
16.473092,46.495482
16.444573,46.388509
16.467809,46.427525
16.63909,46.397183
16.472325,46.49216
16.411927,46.333998
16.414464,46.364387
16.44308,46.389575
16.445128,46.511114
16.404988,46.381649
16.433923,46.383156
16.44459,46.397558
16.427452,46.474024
16.468436,46.497337
16.421916,46.38363
16.637102,46.395462
16.479253,46.494693
16.444368,46.338954
16.42488,46.515613
16.447261,46.337695
16.482639,46.418587
16.422937,46.382842
16.449524,46.443411
16.446115,46.49088
16.424635,46.448089
16.490528,46.374756
16.624511,46.332078
16.417319,46.375645
16.378981,46.528764
16.383213,46.527624
16.448998,46.393898
16.470951,46.497214
16.443653,46.390564
16.390212,46.338833
16.434839,46.337083
16.424621,46.405463
16.39233,46.326784
16.429131,46.382496
16.419887,46.414913
16.402142,46.404815
16.448972,46.395443
16.462466,46.392761
16.454171,46.430458
16.435079,46.337147
16.421919,46.404431
16.389965,46.338701
16.451086,46.440936
16.422738,46.387569
16.465606,46.495772
16.441634,46.339683
16.463212,46.421319
16.445312,46.48939
16.365685,46.52411
16.623685,46.333443
16.442299,46.510728
16.44419,46.392411
16.424542,46.403391
16.430268,46.379065
16.448048,46.395104
16.373287,46.52367
16.425981,46.470129
16.347955,46.517888
16.419012,46.417499
16.378536,46.528187
16.459575,46.341682
16.452868,46.376436
16.449387,46.375749
16.453057,46.377152
16.449511,46.375719
16.452983,46.376138
16.448817,46.375762
16.453372,46.376506
16.45062,46.375417
16.450423,46.375795
16.456518,46.376695
16.452231,46.377518
16.458198,46.376187
16.458795,46.375328
16.457377,46.376522
16.452947,46.375923
16.453651,46.377511
16.448257,46.374536
16.347355,46.511419
16.359457,46.506219
16.363558,46.508252
16.359304,46.503631
16.355839,46.507248
16.353342,46.507472
16.357056,46.507261
16.361254,46.499392
16.332071,46.505299
16.35313,46.507351
16.362082,46.508994
16.349744,46.508021
16.346965,46.501825
16.348354,46.51159
16.346258,46.503124
16.34976,46.505969
16.3495,46.505977
16.425929,46.367704
16.331538,46.505052
16.350307,46.509583
16.347255,46.502008
16.356884,46.507324
16.354526,46.507273
16.357837,46.505325
16.346636,46.503897
16.331545,46.504812
16.344979,46.509547
16.352907,46.507083
16.359074,46.506261
16.34991,46.50474
16.351335,46.505164
16.347375,46.504957
16.358119,46.503016
16.356852,46.505767
16.361651,46.507204
16.349347,46.504713
16.346401,46.503465
16.348917,46.509096
16.358412,46.50302
16.362363,46.502914
16.360989,46.508571
16.358566,46.507829
16.351602,46.506542
16.356108,46.505903
16.349964,46.506103
16.425562,46.368808
16.35006,46.506124
16.349284,46.508518
16.362602,46.509158
16.349856,46.50605
16.349678,46.507857
16.3563,46.507316
16.350773,46.506282
16.346509,46.501919
16.34401,46.508626
16.361212,46.499274
16.352873,46.507252
16.35265,46.509758
16.33159,46.505141
16.357879,46.501424
16.356091,46.507512
16.349234,46.505767
16.331779,46.505327
16.425498,46.371499
16.349762,46.504711
16.347122,46.510978
16.36029,46.506923
16.358203,46.505538
16.346516,46.503703
16.350215,46.503518
16.349312,46.505824
16.363508,46.508572
16.358448,46.505629
16.331642,46.5052
16.364222,46.510348
16.345104,46.509866
16.359308,46.507904
16.460471,46.362935
16.453133,46.365001
16.459915,46.341871
16.460315,46.341942
16.459559,46.34196
16.461544,46.375235
16.346802,46.504169
16.351992,46.506668
16.345023,46.509733
16.362401,46.508269
16.350649,46.504754
16.354203,46.507592
16.346998,46.508729
16.419474,46.371241
16.358519,46.505722
16.343912,46.50854
16.361275,46.507455
16.350204,46.506211
16.346639,46.503753
16.361803,46.503467
16.362917,46.50832
16.36242,46.502846
16.362112,46.507831
16.356363,46.500151
16.35998,46.506708
16.362843,46.508866
16.350487,46.505888
16.329255,46.504405
16.346836,46.504064
16.352146,46.50983
16.354917,46.507255
16.346326,46.503239
16.344463,46.509029
16.364331,46.510134
16.350849,46.504571
16.362341,46.509037
16.352594,46.506867
16.361191,46.507718
16.347244,46.511634
16.35181,46.505438
16.357925,46.507609
16.354025,46.507436
16.348604,46.509457
16.680918,46.373465
16.359742,46.503163
16.349088,46.509254
16.364428,46.50991
16.359608,46.508001
16.357186,46.507264
16.348951,46.509276
16.360172,46.506722
16.419718,46.370875
16.330584,46.504576
16.684653,46.371381
16.356994,46.505756
16.681892,46.375662
16.42717,46.364244
16.420073,46.366999
16.428265,46.376324
16.42641,46.366027
16.330215,46.504495
16.346916,46.504259
16.350324,46.503779
16.348521,46.494599
16.648694,46.367992
16.359937,46.496297
16.35991,46.49586
16.337189,46.501665
16.369269,46.502942
16.342701,46.497143
16.343211,46.501234
16.426069,46.375991
16.360732,46.497447
16.641848,46.36606
16.637098,46.363642
16.352437,46.50146
16.330119,46.504078
16.426041,46.372462
16.34384,46.501696
16.642799,46.368695
16.431286,46.375881
16.426125,46.374262
16.646488,46.369077
16.63867,46.364919
16.643291,46.370035
16.350942,46.499379
16.351029,46.499123
16.648811,46.362468
16.425982,46.367129
16.425917,46.367385
16.428517,46.372136
16.428516,46.372287
16.42852,46.372419
16.428448,46.372565
16.426235,46.376616
16.428345,46.374214
16.428394,46.374381
16.426156,46.374109
16.426241,46.374458
16.4261,46.374346
16.426592,46.374778
16.426526,46.374683
16.425999,46.375485
16.426074,46.374914
16.426042,46.375188
16.428312,46.375063
16.428371,46.374882
16.428306,46.375279
16.428256,46.375451
16.426217,46.375586
16.428338,46.375607
16.428309,46.375858
16.42828,46.375971
16.428332,46.375747
16.426067,46.375859
16.426041,46.372248
16.426169,46.376363
16.426191,46.376495
16.42613,46.376246
16.428271,46.376205
16.428221,46.376438
16.428231,46.376673
16.426475,46.376736
16.427031,46.377139
16.42773,46.376938
16.42752,46.377008
16.428366,46.374065
16.428449,46.373258
16.428505,46.372937
16.428463,46.373111
16.428491,46.373406
16.428483,46.373551
16.425532,46.373964
16.425488,46.374051
16.425562,46.373883
16.425641,46.373553
16.426115,46.373888
16.42612,46.373975
16.426168,46.373369
16.426127,46.373623
16.426141,46.37372
16.426134,46.373502
16.425716,46.373229
16.425686,46.373337
16.425721,46.372988
16.425555,46.372599
16.426091,46.372739
16.426119,46.372923
16.35983,46.503516
16.358769,46.506129
16.348116,46.511582
16.345172,46.510014
16.347186,46.509245
16.354837,46.507321
16.359479,46.507873
16.35752,46.505243
16.356852,46.507587
16.350407,46.503578
16.419512,46.371061
16.347504,46.501651
16.344076,46.50873
16.35288,46.51012
16.345276,46.510148
16.344025,46.507518
16.358976,46.507751
16.361755,46.507692
16.347513,46.502204
16.426064,46.372603
16.426073,46.37312
16.426034,46.371994
16.42611,46.366698
16.426033,46.366863
16.426333,46.366205
16.352842,46.501871
16.419772,46.370506
16.359966,46.493747
16.352201,46.50079
16.647317,46.368434
16.370362,46.506056
16.638891,46.365154
16.360378,46.497322
16.335838,46.494754
16.331411,46.498175
16.344655,46.502097
16.359792,46.494993
16.359366,46.493796
16.336387,46.512393
16.339116,46.499426
16.348496,46.500472
16.332496,46.500282
16.365911,46.502536
16.342127,46.496629
16.637687,46.364053
16.425633,46.373666
16.426662,46.36554
16.426713,46.36542
16.426475,46.365866
16.427063,46.364483
16.426991,46.364716
16.426931,46.364886
16.42685,46.365035
16.427732,46.371982
16.427964,46.37197
16.65595,46.375249
16.639555,46.366976
16.638749,46.364358
16.639092,46.36468
16.367383,46.50086
16.350938,46.499524
16.332783,46.506698
16.37091,46.50599
16.331089,46.499625
16.419587,46.370338
16.368257,46.500347
16.342629,46.496661
16.360453,46.497503
16.364238,46.500873
16.336256,46.496058
16.351377,46.500162
16.337215,46.512948
16.337045,46.501619
16.332222,46.499661
16.330511,46.504337
16.639763,46.369821
16.41961,46.370187
16.368397,46.499249
16.345809,46.498693
16.36993,46.504107
16.426463,46.37457
16.640807,46.365618
16.350751,46.497911
16.368216,46.498885
16.339123,46.502088
16.334958,46.492861
16.368481,46.499721
16.334693,46.497898
16.3434,46.50127
16.361707,46.495387
16.64863,46.368367
16.355089,46.503332
16.370806,46.505813
16.35279,46.49705
16.336362,46.49844
16.649236,46.362542
16.348288,46.49452
16.338786,46.500183
16.428264,46.376081
16.364646,46.500905
16.428411,46.373921
16.333227,46.507941
16.341698,46.496293
16.342539,46.496524
16.337188,46.501617
16.3685,46.503576
16.336886,46.498421
16.370814,46.506875
16.419652,46.369692
16.359691,46.494101
16.350133,46.498097
16.332567,46.506803
16.332808,46.500025
16.350305,46.500242
16.64133,46.365884
16.360666,46.497193
16.336394,46.493322
16.349759,46.500432
16.36032,46.497938
16.336839,46.498218
16.332889,46.507008
16.637224,46.363329
16.369297,46.504343
16.359884,46.495267
16.346572,46.495048
16.425705,46.373106
16.36867,46.500071
16.332844,46.506954
16.419871,46.367162
16.641513,46.365912
16.342158,46.496978
16.33528,46.497877
16.425962,46.367207
16.419834,46.367657
16.426768,46.365293
16.369623,46.505285
16.344041,46.501734
16.344956,46.502045
16.361424,46.498972
16.368512,46.499825
16.362559,46.495377
16.368657,46.502804
16.336591,46.495848
16.362242,46.501431
16.350886,46.499644
16.350149,46.497348
16.35231,46.496789
16.419778,46.368159
16.337561,46.496775
16.369147,46.504965
16.638561,46.364219
16.36087,46.498437
16.363012,46.501918
16.41985,46.368738
16.348726,46.493976
16.419614,46.370022
16.360977,46.49774
16.360056,46.496479
16.359794,46.49445
16.425723,46.372755
16.364009,46.499103
16.638907,46.364485
16.360254,46.495322
16.360722,46.49823
16.361298,46.499072
16.639002,46.365256
16.341943,46.496853
16.350281,46.497097
16.419812,46.367794
16.343785,46.501582
16.646497,46.368271
16.362151,46.495386
16.426848,46.364317
16.342898,46.496985
16.425681,46.373445
16.340451,46.49625
16.364754,46.500831
16.639128,46.365394
16.3686,46.5037
16.368106,46.499943
16.354123,46.493872
16.369977,46.504303
16.336315,46.498277
16.339401,46.496102
16.361313,46.498803
16.365907,46.500521
16.360178,46.494477
16.360607,46.498176
16.370739,46.50659
16.644048,46.36875
16.419689,46.36915
16.360477,46.497555
16.419678,46.369346
16.345401,46.501909
16.342128,46.496405
16.369496,46.504964
16.638803,46.365026
16.35033,46.496115
16.366572,46.501041
16.333082,46.507253
16.356082,46.499471
16.426123,46.373803
16.337283,46.495079
16.360452,46.497867
16.664522,46.370281
16.368105,46.503532
16.647871,46.368135
16.349177,46.498262
16.344771,46.502068
16.351597,46.500209
16.360416,46.497444
16.332997,46.507108
16.333017,46.507161
16.639559,46.365602
16.341278,46.496602
16.638371,46.364031
16.366941,46.500405
16.368861,46.501243
16.331741,46.499554
16.363457,46.495497
16.343692,46.501585
16.332363,46.50547
16.338618,46.50041
16.426299,46.375084
16.36855,46.501653
16.331075,46.502364
16.370431,46.507091
16.332874,46.505632
16.370905,46.507648
16.350048,46.496556
16.344101,46.501772
16.352506,46.5012
16.350818,46.498891
16.3482,46.494855
16.342037,46.497818
16.368332,46.499555
16.361553,46.499622
16.330882,46.499595
16.351093,46.499714
16.349356,46.500429
16.36212,46.501022
16.362134,46.50063
16.365889,46.498385
16.368678,46.503247
16.360689,46.496858
16.426047,46.375735
16.337179,46.494603
16.425987,46.375341
16.428569,46.37199
16.360223,46.494653
16.361875,46.500145
16.426036,46.372108
16.350955,46.499798
16.364989,46.500915
16.360233,46.497111
16.332429,46.506022
16.369256,46.504472
16.368952,46.503077
16.330613,46.504364
16.350808,46.499095
16.338974,46.496334
16.368689,46.502871
16.35499,46.497494
16.360705,46.497406
16.356047,46.4993
16.359947,46.495982
16.427272,46.377079
16.330386,46.504274
16.428421,46.373687
16.640032,46.366292
16.369135,46.50491
16.365328,46.49913
16.329828,46.503942
16.349776,46.495907
16.361966,46.500287
16.640132,46.366481
16.647763,46.369705
16.342602,46.497316
16.361296,46.4987
16.369644,46.503497
16.639832,46.36526
16.646842,46.362147
16.426499,46.376931
16.360804,46.498365
16.345574,46.501869
16.360452,46.497777
16.366705,46.499341
16.648567,46.362426
16.359838,46.495556
16.352724,46.49292
16.341211,46.496133
16.648366,46.362467
16.648994,46.362485
16.364967,46.500763
16.348876,46.493811
16.351278,46.50012
16.355538,46.499516
16.359878,46.494616
16.339637,46.496071
16.640543,46.365788
16.333217,46.500735
16.345456,46.501991
16.361479,46.499456
16.428265,46.37655
16.359983,46.49608
16.370144,46.504568
16.335792,46.4978
16.364903,46.499053
16.338597,46.500772
16.336578,46.498896
16.64297,46.371927
16.42839,46.374717
16.337655,46.503287
16.637991,46.363717
16.332926,46.50796
16.347636,46.50102
16.361887,46.500222
16.41985,46.36734
16.341197,46.499857
16.341729,46.496739
16.339534,46.499882
16.3698,46.503854
16.332599,46.500448
16.346169,46.495024
16.344022,46.499851
16.353112,46.496948
16.648138,46.368759
16.339598,46.50228
16.641654,46.365989
16.426808,46.365159
16.368677,46.504072
16.644659,46.370507
16.349217,46.492116
16.346677,46.494927
16.348526,46.500089
16.426074,46.372359
16.336069,46.491914
16.335842,46.492084
16.427734,46.371724
16.427591,46.371727
16.426641,46.371658
16.426872,46.371666
16.426799,46.371573
16.426796,46.371746
16.426706,46.371572
16.426697,46.371744
16.428054,46.371685
16.644017,46.364821
16.64396,46.366224
16.424396,46.375304
16.425977,46.369393
16.425802,46.369854
16.335742,46.49176
16.651653,46.366428
16.330188,46.504258
16.332616,46.508512
16.332436,46.507262
16.64979,46.36703
16.644015,46.364918
16.641763,46.365072
16.649137,46.367236
16.646967,46.367068
16.646707,46.367035
16.342262,46.511786
16.429131,46.371875
16.429077,46.372053
16.425893,46.371428
16.425979,46.371555
16.425994,46.371688
16.42861,46.371058
16.425834,46.370974
16.425861,46.370397
16.42566,46.370383
16.425897,46.370546
16.428695,46.369624
16.429164,46.36992
16.428689,46.369454
16.429184,46.369746
16.429448,46.368556
16.428508,46.372794
16.350669,46.499463
16.370963,46.507175
16.346826,46.495065
16.369343,46.505055
16.639766,46.366556
16.333625,46.509027
16.361943,46.500411
16.369021,46.504806
16.368965,46.50441
16.363773,46.497254
16.332919,46.505442
16.361448,46.499145
16.348529,46.491858
16.338698,46.496543
16.361893,46.493274
16.369373,46.505129
16.347012,46.49496
16.336358,46.498119
16.332998,46.507322
16.360759,46.497001
16.637748,46.363487
16.342544,46.496912
16.429004,46.367998
16.428935,46.368299
16.42885,46.368661
16.428971,46.368158
16.428883,46.368457
16.42646,46.367345
16.426472,46.367781
16.426408,46.367701
16.426407,46.367894
16.429049,46.372376
16.428965,46.372522
16.428944,46.372724
16.428668,46.37034
16.428701,46.370485
16.428694,46.370634
16.428647,46.37077
16.428596,46.370911
16.428581,46.371205
16.428574,46.37135
16.428579,46.371509
16.429179,46.370089
16.429198,46.370256
16.429119,46.37049
16.429154,46.370634
16.429146,46.37078
16.429118,46.37092
16.429093,46.371067
16.429177,46.371217
16.429139,46.371366
16.429112,46.37153
16.429319,46.369003
16.429249,46.36915
16.429244,46.369289
16.429364,46.366606
16.429309,46.366743
16.429712,46.367091
16.429294,46.36694
16.429235,46.36711
16.429552,46.367755
16.429095,46.367678
16.4301,46.36587
16.429571,46.365567
16.429524,46.365805
16.42998,46.36616
16.429411,46.366302
16.429738,46.366959
16.429723,46.367268
16.429658,46.367419
16.429221,46.367257
16.429606,46.36758
16.429086,46.367396
16.426276,46.368531
16.42636,46.368649
16.426392,46.368164
16.42636,46.368289
16.42633,46.368403
16.42627,46.368719
16.425777,46.369732
16.425821,46.369607
16.425022,46.374639
16.424986,46.37474
16.424517,46.375186
16.424736,46.374998
16.424594,46.37513
16.428806,46.374728
16.428804,46.374567
16.428838,46.374198
16.428829,46.374397
16.425133,46.374551
16.42524,46.374421
16.425529,46.37524
16.428725,46.375257
16.4287,46.375531
16.428701,46.375393
16.428669,46.375649
16.428666,46.376111
16.428679,46.376002
16.42866,46.375888
16.428631,46.376474
16.428619,46.376589
16.428602,46.376762
16.419983,46.375182
16.427428,46.365048
16.426068,46.369265
16.419983,46.375065
16.41999,46.375428
16.4204,46.375603
16.421208,46.375716
16.420826,46.375713
16.421391,46.375697
16.327877,46.497425
16.646192,46.367312
16.651378,46.360516
16.340277,46.500724
16.333479,46.509345
16.425907,46.37132
16.649538,46.363326
16.343027,46.505664
16.652379,46.361983
16.645772,46.364901
16.641496,46.36834
16.648436,46.365581
16.335354,46.49247
16.360396,46.487424
16.650304,46.362546
16.351372,46.492338
16.650564,46.364144
16.427022,46.365887
16.643632,46.36657
16.340024,46.501504
16.326607,46.502072
16.649967,46.366124
16.642897,46.365712
16.334851,46.494967
16.352477,46.488753
16.650752,46.364609
16.333937,46.493853
16.649544,46.363422
16.642554,46.36537
16.652242,46.36206
16.331282,46.497823
16.647243,46.364736
16.427103,46.366004
16.429756,46.365233
16.429042,46.365232
16.429269,46.365221
16.427221,46.365566
16.427114,46.365771
16.428576,46.365239
16.427553,46.364605
16.427489,46.364925
16.427422,46.365208
16.427351,46.365449
16.427176,46.365654
16.428354,46.365194
16.426906,46.366204
16.343852,46.501836
16.651233,46.366732
16.651244,46.366792
16.650053,46.363232
16.650712,46.362457
16.650247,46.367192
16.649617,46.365764
16.650843,46.364283
16.652415,46.363637
16.651181,46.363812
16.640217,46.365367
16.419706,46.368956
16.361278,46.498056
16.426219,46.373254
16.331184,46.504651
16.333215,46.506006
16.419762,46.368544
16.332506,46.50663
16.363982,46.499017
16.349368,46.492318
16.333037,46.50782
16.351072,46.498935
16.340102,46.499389
16.337163,46.501194
16.33254,46.499492
16.360327,46.496949
16.352723,46.501765
16.370075,46.504417
16.332275,46.505296
16.369576,46.504894
16.359829,46.495332
16.64751,46.368467
16.419842,46.369572
16.34151,46.496634
16.366806,46.503071
16.351978,46.50066
16.426115,46.376122
16.366066,46.502635
16.642567,46.368882
16.349394,46.492028
16.425684,46.372477
16.366825,46.50413
16.645374,46.368399
16.359965,46.495635
16.368168,46.502639
16.368424,46.502189
16.359806,46.4955
16.332477,46.505511
16.428404,46.37452
16.354735,46.49276
16.639336,46.365514
16.646668,46.36204
16.362189,46.501316
16.360707,46.497922
16.360342,46.498034
16.364301,46.496575
16.343506,46.501347
16.342749,46.496816
16.419681,46.369873
16.368704,46.503621
16.642064,46.366128
16.332635,46.498324
16.360378,46.497242
16.364864,46.503014
16.642629,46.366391
16.333115,46.507473
16.332612,46.499166
16.369417,46.505261
16.642397,46.366287
16.342413,46.497064
16.640264,46.370195
16.422055,46.376111
16.649325,46.362364
16.639768,46.365697
16.360243,46.495136
16.332405,46.505494
16.332791,46.500742
16.360487,46.496793
16.425426,46.374121
16.337446,46.495601
16.370241,46.504767
16.648041,46.362401
16.36998,46.505634
16.333793,46.497977
16.347762,46.494895
16.369911,46.505804
16.370285,46.506462
16.64753,46.362182
16.34227,46.496782
16.36047,46.497601
16.353294,46.493064
16.340346,46.500525
16.332631,46.506347
16.368053,46.500176
16.362275,46.493158
16.63744,46.363367
16.332319,46.505448
16.364447,46.500847
16.350398,46.497573
16.647546,46.368162
16.428792,46.369137
16.429211,46.369432
16.429264,46.369581
16.428688,46.36979
16.428799,46.368979
16.428736,46.369292
16.429536,46.367923
16.429464,46.368241
16.429476,46.36807
16.43016,46.365506
16.43013,46.365658
16.430006,46.366006
16.429934,46.366332
16.42945,46.366143
16.429831,46.366646
16.429793,46.366803
16.648208,46.368096
16.366615,46.500718
16.647102,46.362306
16.356667,46.504706
16.361047,46.498949
16.361131,46.494793
16.429397,46.368715
16.419767,46.368359
16.645038,46.364501
16.64429,46.365448
16.652512,46.361991
16.429483,46.365972
16.650442,46.363462
16.650273,46.363804
16.641641,46.365622
16.343793,46.507563
16.429403,46.366441
16.645762,46.364714
16.650199,46.365823
16.32694,46.501661
16.65223,46.362232
16.646864,46.364535
16.344424,46.504919
16.332163,46.506579
16.652249,46.361398
16.334291,46.493889
16.327281,46.502338
16.352981,46.489051
16.651947,46.362781
16.65233,46.362569
16.42023,46.375575
16.335033,46.494713
16.647964,46.367264
16.419672,46.371916
16.64578,46.364959
16.654138,46.363319
16.32158,46.496587
16.653509,46.36355
16.343798,46.508994
16.641884,46.364836
16.642284,46.365304
16.645615,46.364997
16.649627,46.363523
16.354333,46.492543
16.34633,46.503851
16.647527,46.365147
16.355654,46.492472
16.644084,46.365491
16.343583,46.512019
16.359746,46.487165
16.650362,46.364514
16.327586,46.499755
16.324094,46.499174
16.344452,46.512255
16.344626,46.504947
16.344576,46.511865
16.419262,46.373378
16.652422,46.362816
16.654879,46.363458
16.346136,46.503605
16.323389,46.498533
16.343181,46.505485
16.650652,46.364428
16.344433,46.505863
16.339949,46.506596
16.332576,46.508749
16.367025,46.488371
16.649853,46.367219
16.428793,46.365258
16.332656,46.506409
16.363788,46.497287
16.360705,46.497319
16.36497,46.503078
16.33248,46.506186
16.647207,46.368196
16.419833,46.367513
16.642603,46.369938
16.352369,46.500905
16.336322,46.497917
16.419812,46.367983
16.361208,46.498267
16.361674,46.499734
16.355548,46.499068
16.639947,46.365849
16.360022,46.496375
16.647721,46.362252
16.355016,46.498784
16.339667,46.50138
16.361264,46.498557
16.339681,46.494824
16.351694,46.500503
16.35002,46.497629
16.371248,46.507621
16.422197,46.375722
16.422408,46.375649
16.423207,46.375673
16.423047,46.375687
16.422791,46.375686
16.428937,46.373139
16.428982,46.37328
16.42894,46.373568
16.4289,46.373931
16.428913,46.37297
16.428968,46.373412
16.428886,46.373769
16.426033,46.371785
16.425999,46.369137
16.426752,46.366823
16.426807,46.366457
16.426924,46.366083
16.328369,46.504347
16.649308,46.362907
16.419397,46.372332
16.322513,46.498195
16.646444,46.364831
16.650797,46.365523
16.419246,46.373255
16.345372,46.504158
16.650619,46.364262
16.324323,46.499404
16.64972,46.3668
16.651187,46.366816
16.645175,46.365046
16.419294,46.373085
16.64778,46.36487
16.651895,46.360069
16.651282,46.361701
16.33896,46.490177
16.6546,46.363101
16.419309,46.373665
16.648395,46.365513
16.344008,46.504706
16.336186,46.511907
16.343778,46.50642
16.645283,46.365076
16.647314,46.364959
16.426173,46.368919
16.344639,46.512316
16.419252,46.373513
16.361643,46.493053
16.651929,46.362982
16.340286,46.493182
16.65073,46.364992
16.650308,46.365728
16.648878,46.366378
16.647192,46.367168
16.641013,46.365305
16.367385,46.487513
16.346564,46.504313
16.65031,46.364863
16.652261,46.362819
16.651415,46.366047
16.646476,46.3657
16.648549,46.36605
16.426552,46.367089
16.335114,46.494901
16.650326,46.364696
16.648105,46.365973
16.328477,46.497281
16.647465,46.364948
16.651404,46.36402
16.334354,46.509896
16.426759,46.366622
16.645684,46.364693
16.346067,46.503235
16.650266,46.365177
16.649881,46.362744
16.326322,46.501393
16.647985,46.362631
16.648431,46.362705
16.642859,46.365379
16.426547,46.367225
16.650004,46.365591
16.429041,46.36782
16.428563,46.371629
16.649763,46.362853
16.652203,46.363399
16.643466,46.365178
16.343793,46.50635
16.343228,46.501552
16.325975,46.50032
16.648007,46.364761
16.650049,46.363467
16.647385,46.364685
16.6475,46.367198
16.344069,46.504715
16.425845,46.370859
16.34496,46.51149
16.643425,46.364624
16.354492,46.49252
16.344974,46.504625
16.652629,46.363354
16.644565,46.366411
16.641903,46.364793
16.349564,46.490561
16.330574,46.510814
16.643987,46.364714
16.330326,46.510244
16.650114,46.367009
16.332192,46.497733
16.64507,46.365369
16.332527,46.49771
16.323285,46.498955
16.644606,46.365129
16.335378,46.494849
16.332101,46.497768
16.64032,46.36555
16.322384,46.497421
16.649701,46.365914
16.650291,46.36496
16.650767,46.364851
16.650666,46.365298
16.644076,46.364719
16.41995,46.375299
16.345222,46.504284
16.357002,46.490336
16.354665,46.488743
16.344373,46.505109
16.340089,46.501771
16.342953,46.505708
16.358508,46.493023
16.651886,46.362065
16.362805,46.492813
16.649761,46.366435
16.335761,46.49665
16.32894,46.498324
16.644858,46.365382
16.644396,46.364888
16.656364,46.363098
16.344373,46.505044
16.652964,46.363346
16.649933,46.366236
16.427689,46.364161
16.343602,46.508292
16.647516,46.3647
16.648542,46.365462
16.649864,46.365668
16.641354,46.365453
16.420052,46.37461
16.327086,46.501787
16.344518,46.506071
16.334618,46.494189
16.650697,46.365125
16.425531,46.3764
16.645074,46.367722
16.64462,46.365413
16.648246,46.365764
16.644988,46.36649
16.642395,46.364679
16.332145,46.508257
16.646602,46.364723
16.329016,46.498025
16.652337,46.362336
16.650695,46.364523
16.649623,46.367197
16.41997,46.374491
16.334397,46.494295
16.643988,46.364584
16.643871,46.366657
16.644826,46.366882
16.650779,46.364724
16.642088,46.364852
16.327779,46.499965
16.640552,46.365465
16.42641,46.36801
16.343666,46.508595
16.650083,46.364212
16.419526,46.371417
16.3436,46.507779
16.646774,46.364789
16.644594,46.36466
16.340497,46.51183
16.648268,46.362712
16.34452,46.506151
16.645683,46.364642
16.4287,46.375766
16.42169,46.375671
16.644476,46.365453
16.343732,46.506644
16.333688,46.489128
16.649773,46.366629
16.343518,46.508125
16.364158,46.492443
16.334076,46.494004
16.64768,46.364528
16.648709,46.366205
16.642967,46.366118
16.648654,46.365685
16.429452,46.368409
16.643841,46.364753
16.649899,46.362854
16.36139,46.493117
16.34376,46.508907
16.3439,46.509161
16.343679,46.508514
16.644679,46.366795
16.652212,46.36184
16.334523,46.494475
16.359782,46.490678
16.645789,46.367097
16.429518,46.365229
16.653348,46.363549
16.367268,46.488815
16.334514,46.493774
16.324989,46.500633
16.356014,46.492499
16.332825,46.509694
16.646932,46.364315
16.648441,46.365916
16.646306,46.364854
16.419425,46.372162
16.343356,46.511759
16.419898,46.374383
16.652053,46.363274
16.645152,46.365104
16.652004,46.363169
16.343929,46.507223
16.334779,46.494778
16.339293,46.490133
16.328183,46.504022
16.651905,46.361958
16.334989,46.494274
16.644584,46.364544
16.649868,46.362543
16.321454,46.496825
16.328774,46.50406
16.651382,46.360943
16.419995,46.374934
16.651812,46.361447
16.335542,46.495531
16.366696,46.486337
16.42544,46.374272
16.651955,46.362456
16.343732,46.508741
16.419318,46.372748
16.335286,46.49464
16.647137,46.367428
16.644295,46.365156
16.348588,46.491339
16.358471,46.487212
16.654886,46.363135
16.654599,46.363528
16.64472,46.365052
16.327158,46.502743
16.428656,46.376354
16.651885,46.362168
16.323891,46.498956
16.343742,46.508795
16.643682,46.365301
16.648048,46.36452
16.334418,46.494936
16.651485,46.361695
16.426862,46.366319
16.651735,46.366607
16.644741,46.365122
16.339916,46.503453
16.34605,46.503329
16.648368,46.367176
16.643371,46.366525
16.65046,46.366971
16.641284,46.365256
16.339402,46.489871
16.650535,46.36553
16.642889,46.36642
16.352886,46.492667
16.645166,46.367403
16.651925,46.362569
16.336647,46.51175
16.327085,46.501984
16.652218,46.362155
16.649526,46.363223
16.351602,46.4877
16.321888,46.496963
16.320214,46.496276
16.35752,46.492833
16.326733,46.501699
16.649143,46.36279
16.327718,46.504132
16.425839,46.370728
16.357193,46.492721
16.639896,46.365433
16.643171,46.365407
16.428621,46.370166
16.332476,46.508009
16.647147,46.364708
16.356267,46.492544
16.335562,46.492251
16.4258,46.371172
16.421941,46.375624
16.641898,46.364721
16.642375,46.364733
16.64648,46.366636
16.343147,46.505593
16.335821,46.497209
16.649689,46.363657
16.351175,46.488263
16.649264,46.366715
16.346491,46.504513
16.429923,46.366482
16.643548,46.365653
16.321576,46.496944
16.650108,46.365453
16.32982,46.504209
16.324293,46.498557
16.355091,46.492484
16.349238,46.491544
16.343877,46.507418
16.360596,46.488029
16.420601,46.375656
16.344196,46.505569
16.651933,46.362257
16.326572,46.500152
16.334841,46.494088
16.653153,46.363594
16.34407,46.506519
16.346135,46.503485
16.429685,46.37558
16.356744,46.492545
16.343778,46.508935
16.65251,46.363576
16.419576,46.373877
16.64847,46.364746
16.655087,46.363423
16.352576,46.492684
16.645246,46.366649
16.323755,46.498901
16.429096,46.367528
16.647894,46.364537
16.646132,46.364901
16.323604,46.498605
16.344362,46.505397
16.335434,46.491693
16.343086,46.505628
16.652249,46.362693
16.653843,46.36357
16.34581,46.50379
16.339889,46.503223
16.343893,46.505956
16.642635,46.36568
16.345872,46.502879
16.33789,46.511804
16.341979,46.51164
16.428766,46.375099
16.367578,46.487296
16.349168,46.490793
16.651129,46.367017
16.646275,46.366234
16.643581,46.3653
16.419284,46.372904
16.419822,46.374278
16.429344,46.368852
16.334941,46.511125
16.642689,46.364716
16.654031,46.36351
16.422635,46.37565
16.344008,46.504795
16.645468,46.365298
16.332446,46.50753
16.650408,46.365622
16.339256,46.504925
16.649671,46.362586
16.344084,46.512165
16.322181,46.497185
16.644904,46.36507
16.649811,46.363005
16.428821,46.368825
16.335154,46.491498
16.642621,46.364842
16.335498,46.492343
16.345764,46.502679
16.344321,46.505165
16.419354,46.372513
16.652273,46.362448
16.652409,46.363173
16.646165,46.366421
16.346064,46.50308
16.343886,46.504692
16.419454,46.371724
16.428852,46.374059
16.334138,46.493712
16.326013,46.49777
16.321375,46.496742
16.3252,46.500943
16.428914,46.37285
16.430215,46.365061
16.650819,46.366924
16.419454,46.371571
16.41977,46.372086
16.334333,46.494762
16.650255,46.364392
16.324203,46.499872
16.641723,46.365209
16.323833,46.498605
16.646949,46.36501
16.644196,46.36489
16.642132,46.365188
16.324476,46.500226
16.644103,46.366713
16.648657,46.364205
16.649451,46.364588
16.647046,46.364754
16.344291,46.505316
16.64611,46.365288
16.651976,46.363858
16.364503,46.492424
16.647901,46.365413
16.334756,46.494373
16.343751,46.508858
16.32563,46.50042
16.647749,46.367249
16.428798,46.374926
16.652495,46.362998
16.651903,46.361808
16.650679,46.36669
16.346505,46.503512
16.425259,46.370692
16.343946,46.507798
16.425686,46.368539
16.42559,46.374815
16.425482,46.37501
16.425392,46.371642
16.425846,46.367838
16.4259,46.367934
16.346246,46.502903
16.344032,46.506754
16.355379,46.507316
16.65136,46.363768
16.646341,46.366051
16.647906,46.365632
16.429055,46.3722
16.649487,46.362582
16.36123,46.487622
16.351009,46.492226
16.42,46.374786
16.651961,46.362682
16.426119,46.369037
16.428649,46.376236
16.643141,46.366472
16.649795,46.36389
16.41966,46.374036
16.650116,46.366011
16.641459,46.364992
16.345916,46.503039
16.351097,46.506525
16.362002,46.507776
16.356396,46.505641
16.358594,46.505775
16.347402,46.511187
16.344088,46.507179
16.347075,46.502031
16.425895,46.368135
16.425599,46.372004
16.425438,46.369163
16.425652,46.372177
16.425685,46.372335
16.42543,46.369308
16.425314,46.36958
16.425364,46.369694
16.425297,46.369843
16.425265,46.369978
16.425204,46.370123
16.424391,46.370843
16.425704,46.368367
16.425244,46.370268
16.425212,46.370406
16.425211,46.370498
16.425219,46.370598
16.425231,46.370896
16.425261,46.370985
16.425301,46.371066
16.425326,46.37116
16.425395,46.37127
16.425436,46.371386
16.42532,46.369011
16.425511,46.368901
16.425616,46.368703
16.355119,46.507296
16.351771,46.506571
16.364139,46.509564
16.344109,46.507329
16.363595,46.510609
16.364695,46.509416
16.363361,46.508182
16.361172,46.499145
16.351834,46.509702
16.35879,46.507873
16.364321,46.509111
16.361067,46.508597
16.363529,46.510429
16.343883,46.508042
16.358622,46.503472
16.359712,46.502992
16.346497,46.503623
16.350381,46.504656
16.361663,46.500187
16.359824,46.508072
16.681616,46.375725
16.362496,46.507679
16.346881,46.51055
16.358444,46.507372
16.349985,46.509214
16.360819,46.508519
16.349514,46.50811
16.349451,46.510862
16.359552,46.50791
16.361382,46.499607
16.365092,46.503645
16.353109,46.507189
16.349645,46.508241
16.644989,46.366903
16.347601,46.491584
16.343594,46.504783
16.34517,46.504333
16.344029,46.511704
16.429085,46.371722
16.643834,46.365561
16.344142,46.504701
16.649754,46.362403
16.365097,46.492482
16.426709,46.366731
16.64383,46.364385
16.64433,46.366802
16.326898,46.502342
16.33787,46.490377
16.650316,46.363923
16.329644,46.509122
16.346546,46.504028
16.344418,46.506007
16.362188,46.503958
16.349439,46.508588
16.455064,46.376899
16.455868,46.375591
16.457095,46.375586
16.451051,46.376782
16.453113,46.375629
16.450756,46.375393
16.450503,46.375427
16.449087,46.375833
16.448951,46.375801
16.449224,46.375762
16.448711,46.375743
16.448582,46.375704
16.449679,46.375656
16.449863,46.376248
16.44958,46.376055
16.455793,46.37682
16.453998,46.377349
16.456095,46.376761
16.453081,46.375911
16.454926,46.376933
16.455418,46.37685
16.454718,46.377035
16.453017,46.375564
16.453862,46.377442
16.454823,46.376952
16.454467,46.377145
16.457674,46.375341
16.456958,46.375671
16.457111,46.37656
16.458766,46.375453
16.457267,46.375537
16.457224,46.376553
16.459221,46.375225
16.454481,46.376038
16.45618,46.375902
16.458099,46.376071
16.458431,46.375861
16.453346,46.375665
16.458367,46.375121
16.453882,46.375816
16.45636,46.375833
16.458297,46.37656
16.454058,46.37615
16.456068,46.375689
16.45635,46.3755
16.458792,46.375625
16.458414,46.375951
16.454374,46.3763
16.456729,46.376618
16.45604,46.376004
16.454046,46.375859
16.456598,46.375789
16.457801,46.375306
16.458584,46.37503
16.455701,46.376849
16.453526,46.376621
16.453407,46.376948
16.456267,46.376776
16.455561,46.376074
16.45311,46.376698
16.453,46.376565
16.454767,46.376073
16.45771,46.376528
16.455364,46.376073
16.453214,46.376398
16.455754,46.376043
16.458104,46.375207
16.454932,46.376008
16.458819,46.375546
16.454629,46.376077
16.453192,46.375635
16.457433,46.375473
16.458813,46.374948
16.456777,46.375729
16.456389,46.376698
16.457559,46.376573
16.458115,46.376517
16.45527,46.376853
16.455907,46.376835
16.45413,46.376614
16.453109,46.376258
16.453857,46.376778
16.45407,46.378642
16.454231,46.378715
16.45386,46.378511
16.450774,46.375737
16.452111,46.376509
16.451895,46.376272
16.450869,46.375476
16.451816,46.377252
16.451788,46.375802
16.452001,46.375538
16.452316,46.376649
16.452906,46.375578
16.451462,46.375517
16.451709,46.376422
16.452526,46.377406
16.452088,46.376126
16.451188,46.375756
16.451784,46.376813
16.452702,46.377307
16.451294,46.375515
16.450418,46.375499
16.450197,46.375539
16.45216,46.375835
16.45156,46.377114
16.452548,46.376382
16.452554,46.376161
16.451111,46.375512
16.450228,46.375828
16.451458,46.377057
16.452737,46.376311
16.45241,46.375855
16.450601,46.375752
16.451455,46.375808
16.452871,46.377215
16.452471,46.376961
16.45099,46.375742
16.452313,46.375586
16.451986,46.375821
16.450989,46.375484
16.450222,46.376501
16.451632,46.375533
16.452489,46.37678
16.451908,46.377317
16.453657,46.375753
16.452738,46.375902
16.453491,46.375679
16.453805,46.376063
16.454587,46.376352
16.456288,46.375878
16.454351,46.37872
16.448338,46.375149
16.44919,46.37345
16.448437,46.375423
16.448224,46.374654
16.448223,46.374767
16.44872,46.3742
16.448261,46.374974
16.448368,46.375314
16.35962,46.505787
16.351452,46.506518
16.353317,46.507279
16.450082,46.374673
16.451439,46.376673
16.451566,46.376559
16.452107,46.376905
16.454573,46.377076
16.454357,46.377209
16.458563,46.376572
16.453388,46.377673
16.453242,46.377045
16.455922,46.375994
16.456054,46.375534
16.455593,46.376827
16.458631,46.375716
16.45358,46.375992
16.455079,46.376035
16.458053,46.376388
16.455743,46.375602
16.453104,46.377886
16.453251,46.377789
16.452978,46.377991
16.454204,46.377451
16.436901,46.382976
16.446807,46.513493
16.424141,46.401384
16.449973,46.404261
16.446113,46.405555
16.446265,46.404798
16.448183,46.404892
16.32052,46.492176
16.448881,46.403445
16.319822,46.495309
16.319765,46.495142
16.450559,46.403076
16.449716,46.405231
16.321419,46.491412
16.319174,46.49433
16.425715,46.405318
16.432374,46.404494
16.431953,46.404305
16.431585,46.404378
16.429836,46.404146
16.428769,46.404409
16.430112,46.404145
16.429027,46.40433
16.427519,46.404802
16.426748,46.405016
16.428494,46.404466
16.426157,46.405174
16.429569,46.404208
16.465008,46.39399
16.430649,46.404396
16.426958,46.40487
16.426464,46.405009
16.431281,46.404283
16.319115,46.493507
16.44814,46.403872
16.449431,46.401929
16.456021,46.402508
16.465136,46.394236
16.319978,46.495521
16.320063,46.495802
16.42721,46.404882
16.322507,46.492309
16.31991,46.495441
16.428014,46.404573
16.43256,46.404537
16.427753,46.404635
16.431087,46.404259
16.432079,46.404571
16.449616,46.406008
16.449726,46.405562
16.449653,46.405834
16.448642,46.401316
16.450277,46.405074
16.45069,46.402796
16.449498,46.406356
16.448203,46.404715
16.45013,46.400642
16.447467,46.403749
16.445545,46.403951
16.445769,46.404748
16.449997,46.404118
16.446036,46.406928
16.446046,46.405809
16.448461,46.405539
16.450383,46.404591
16.44654,46.405714
16.450246,46.401348
16.450453,46.404262
16.448824,46.403766
16.455162,46.403016
16.448024,46.401516
16.448687,46.404411
16.445945,46.404961
16.446202,46.404679
16.447253,46.402099
16.443648,46.40314
16.449798,46.405408
16.44347,46.403878
16.450684,46.401426
16.445693,46.406531
16.449619,46.401879
16.445885,46.406304
16.44577,46.404476
16.446971,46.402366
16.445011,46.403289
16.450699,46.403622
16.451315,46.401042
16.449086,46.402242
16.449349,46.402462
16.450215,46.405393
16.443468,46.404398
16.448972,46.403139
16.448282,46.406265
16.448569,46.405084
16.448385,46.404022
16.450329,46.40351
16.450177,46.401814
16.445816,46.403547
16.44494,46.402782
16.445856,46.403651
16.451025,46.400928
16.445829,46.40342
16.449307,46.402094
16.447858,46.40161
16.445727,46.404365
16.448172,46.401463
16.450934,46.403177
16.446135,46.406637
16.443798,46.405106
16.450235,46.405226
16.445907,46.404847
16.44837,46.405966
16.446407,46.405103
16.444911,46.403172
16.449098,46.401179
16.446325,46.404927
16.449755,46.401794
16.443293,46.403371
16.445484,46.403855
16.445741,46.404628
16.446219,46.404575
16.446522,46.405635
16.446719,46.405916
16.450069,46.403938
16.449825,46.401743
16.445986,46.404104
16.447629,46.404108
16.443214,46.403576
16.443196,46.403682
16.450391,46.403372
16.445906,46.403291
16.447363,46.402028
16.446785,46.402397
16.446149,46.406757
16.448863,46.403611
16.447174,46.403775
16.450167,46.405699
16.450648,46.402861
16.448692,46.406284
16.445934,46.406208
16.446484,46.405329
16.45023,46.403656
16.450877,46.403325
16.44607,46.405265
16.450792,46.401324
16.446024,46.403104
16.44554,46.403658
16.448472,46.403274
16.448177,46.405041
16.449422,46.402352
16.449934,46.401658
16.448135,46.4052
16.446992,46.40436
16.450585,46.401517
16.44572,46.406658
16.450036,46.406219
16.44976,46.405075
16.450077,46.400413
16.445467,46.403781
16.443722,46.40305
16.449245,46.402596
16.447599,46.401861
16.449609,46.406189
16.450348,46.404742
16.445721,46.406787
16.44737,46.404191
16.445571,46.404232
16.448393,46.403767
16.445964,46.405067
16.448464,46.405686
16.446543,46.406111
16.443458,46.404066
16.448652,46.404571
16.448907,46.401273
16.445309,46.403384
16.446044,46.407021
16.450314,46.404898
16.447307,46.406357
16.445926,46.403817
16.446103,46.405394
16.449979,46.40291
16.450478,46.403226
16.446155,46.406525
16.446032,46.405924
16.446524,46.405458
16.446931,46.40382
16.45012,46.405873
16.446695,46.40245
16.450415,46.401669
16.448494,46.405384
16.446045,46.404298
16.446539,46.402629
16.448588,46.404935
16.450006,46.401944
16.450622,46.403777
16.447846,46.404019
16.446003,46.405166
16.448612,46.404749
16.447075,46.402178
16.448712,46.404238
16.450023,46.401007
16.444721,46.402944
16.445954,46.403971
16.448143,46.403498
16.45105,46.400265
16.450811,46.403464
16.446185,46.406421
16.449878,46.404586
16.448411,46.405815
16.446053,46.405687
16.4499,46.402074
16.446098,46.404452
16.449119,46.402785
16.449916,46.404447
16.449044,46.402946
16.445373,46.403158
16.446359,46.405854
16.448916,46.402457
16.450401,46.40442
16.448764,46.404081
16.450297,46.400283
16.450488,46.404102
16.445619,46.406921
16.44582,46.406421
16.44852,46.405242
16.450932,46.402396
16.446239,46.406265
16.450106,46.406019
16.447856,46.406427
16.449843,46.404754
16.446506,46.405254
16.448047,46.405471
16.449733,46.401058
16.447719,46.401753
16.450118,46.400915
16.44879,46.403925
16.448351,46.403443
16.450147,46.403792
16.443413,46.40328
16.45056,46.403937
16.448404,46.40136
16.45125,46.40031
16.445991,46.406061
16.4498,46.404908
16.448044,46.403566
16.450179,46.405528
16.443618,46.404932
16.448927,46.403281
16.44559,46.40407
16.446473,46.4027
16.449403,46.401115
16.443838,46.40526
16.351819,46.521581
16.366601,46.524288
16.367495,46.524249
16.365883,46.524145
16.365983,46.524072
16.375211,46.524624
16.378322,46.523518
16.378371,46.523316
16.378443,46.523427
16.38443,46.528273
16.45967,46.428644
16.458155,46.428921
16.415634,46.334451
16.427318,46.389064
16.425057,46.389933
16.424447,46.389074
16.424825,46.388803
16.472408,46.396101
16.474054,46.394747
16.485998,46.396285
16.486707,46.396017
16.470841,46.394324
16.480139,46.393686
16.473719,46.395371
16.481354,46.391274
16.474191,46.394618
16.484016,46.394675
16.482511,46.390981
16.477441,46.395621
16.479807,46.395569
16.480476,46.393965
16.485208,46.393127
16.484049,46.395304
16.493188,46.396778
16.491616,46.397207
16.481601,46.390964
16.468146,46.394313
16.467595,46.393447
16.467479,46.393412
16.472547,46.396824
16.483325,46.392769
16.483229,46.389951
16.477386,46.389896
16.478427,46.396839
16.496616,46.39691
16.488822,46.396639
16.483951,46.391468
16.467241,46.394407
16.472555,46.394577
16.475208,46.394491
16.487448,46.396258
16.498627,46.396994
16.48371,46.39531
16.473673,46.394217
16.484515,46.39477
16.472796,46.395715
16.47374,46.395632
16.485253,46.392792
16.467305,46.39534
16.484677,46.390746
16.475986,46.395109
16.477848,46.397588
16.49746,46.396954
16.479702,46.389999
16.484117,46.389729
16.469422,46.39453
16.472014,46.395648
16.47023,46.39471
16.484433,46.387993
16.494362,46.396877
16.47017,46.394421
16.489142,46.397528
16.480115,46.390802
16.477145,46.397735
16.478362,46.390114
16.474793,46.395327
16.481795,46.394393
16.477651,46.396131
16.479184,46.389993
16.477818,46.396715
16.471674,46.396102
16.477996,46.391965
16.467125,46.394714
16.490531,46.397119
16.467927,46.395264
16.479362,46.395489
16.484795,46.39053
16.467468,46.393782
16.481197,46.393243
16.477525,46.395993
16.478407,46.389932
16.483681,46.392102
16.495079,46.396687
16.469964,46.394389
16.480252,46.394684
16.472645,46.397091
16.484145,46.389009
16.483545,46.392197
16.482609,46.389939
16.481511,46.39393
16.484382,46.389021
16.476938,46.397759
16.480738,46.394419
16.482686,46.388998
16.482893,46.388722
16.484615,46.38874
16.477359,46.395204
16.478868,46.394743
16.473162,46.395874
16.486539,46.387141
16.482502,46.390806
16.469038,46.393488
16.473903,46.395978
16.471781,46.394917
16.474317,46.395329
16.480785,46.388948
16.497111,46.396965
16.491273,46.396814
16.481146,46.393905
16.478393,46.389632
16.4843,46.391675
16.490747,46.396749
16.481494,46.394643
16.486624,46.395654
16.477703,46.395106
16.477849,46.389793
16.484486,46.390315
16.47546,46.395303
16.472531,46.395776
16.484865,46.390324
16.483537,46.395058
16.474597,46.395302
16.486707,46.385364
16.488779,46.397762
16.485873,46.392688
16.497293,46.39695
16.487833,46.396013
16.484038,46.393239
16.484776,46.395032
16.46908,46.394245
16.495365,46.396653
16.484625,46.390853
16.476125,46.395087
16.47985,46.390819
16.48438,46.394551
16.485648,46.395402
16.484945,46.395078
16.491886,46.396793
16.478939,46.389971
16.484271,46.393196
16.487066,46.39613
16.478466,46.394213
16.498486,46.396979
16.475006,46.395106
16.478025,46.391819
16.483832,46.391574
16.480898,46.391465
16.469531,46.39411
16.470616,46.393761
16.483662,46.388764
16.48239,46.389966
16.467758,46.394035
16.484487,46.39111
16.483289,46.394026
16.47218,46.396225
16.484559,46.394857
16.468767,46.393493
16.483542,46.392348
16.486822,46.383554
16.469513,46.394311
16.483699,46.389975
16.472645,46.39594
16.477812,46.393018
16.484365,46.395329
16.484603,46.395331
16.486481,46.39558
16.47794,46.39224
16.497978,46.396822
16.482402,46.393524
16.479323,46.394775
16.483628,46.393271
16.480265,46.391211
16.472191,46.394588
16.486956,46.383382
16.481769,46.390155
16.477836,46.393349
16.479719,46.388876
16.482016,46.39235
16.490622,46.396718
16.481682,46.392617
16.484113,46.388779
16.48507,46.396103
16.482022,46.393558
16.486632,46.386429
16.48646,46.384752
16.49768,46.396958
16.489221,46.396391
16.481735,46.391999
16.484896,46.388775
16.464502,46.400203
16.477749,46.390248
16.482057,46.391764
16.471246,46.396343
16.480837,46.388203
16.478465,46.398086
16.471863,46.396008
16.490823,46.397157
16.469324,46.394837
16.48265,46.389755
16.467925,46.39364
16.484468,46.394652
16.486615,46.384403
16.489816,46.396935
16.485491,46.388437
16.485743,46.395395
16.480985,46.394686
16.48197,46.393044
16.485241,46.389334
16.478886,46.397943
16.484804,46.390419
16.488712,46.397515
16.480467,46.38962
16.477935,46.392088
16.478553,46.391157
16.481619,46.39318
16.486357,46.395889
16.468082,46.395033
16.480861,46.39394
16.48426,46.390822
16.47391,46.396563
16.480242,46.396531
16.47201,46.394737
16.492061,46.396801
16.483033,46.389965
16.480484,46.390015
16.478063,46.391122
16.477332,46.397192
16.471291,46.393928
16.491658,46.396803
16.492925,46.396754
16.480761,46.393593
16.473336,46.395543
16.489899,46.396577
16.467889,46.395023
16.492646,46.3968
16.492419,46.396761
16.468913,46.394994
16.481781,46.395018
16.478534,46.397324
16.464235,46.400198
16.484794,46.389465
16.484736,46.393156
16.478307,46.397546
16.467366,46.394095
16.476038,46.395301
16.470214,46.393699
16.480739,46.390008
16.482912,46.393893
16.480636,46.394668
16.483383,46.394156
16.483786,46.391838
16.479974,46.389977
16.482026,46.392203
16.477396,46.395383
16.480071,46.395184
16.485347,46.388939
16.477571,46.39087
16.478387,46.390276
16.488936,46.396079
16.473712,46.394949
16.482506,46.394011
16.468591,46.394176
16.482087,46.394912
16.481924,46.394664
16.485008,46.393133
16.477794,46.389982
16.473818,46.395811
16.467423,46.393938
16.473407,46.395836
16.469304,46.393865
16.488043,46.396397
16.47844,46.393934
16.484822,46.389126
16.486357,46.395594
16.483862,46.389724
16.481016,46.393921
16.483384,46.389742
16.48763,46.395946
16.477791,46.389162
16.475733,46.395083
16.483741,46.393453
16.482022,46.394809
16.48785,46.396344
16.484434,46.390425
16.470878,46.393996
16.481093,46.394637
16.499486,46.397963
16.483399,46.389006
16.484207,46.390941
16.479649,46.39117
16.466844,46.395537
16.489032,46.39691
16.482757,46.394952
16.477762,46.390833
16.473064,46.3967
16.478293,46.394214
16.489133,46.397792
16.481519,46.391349
16.480055,46.391165
16.467518,46.394756
16.483969,46.394131
16.478055,46.397575
16.484299,46.391514
16.482086,46.392482
16.488628,46.396563
16.482804,46.389033
16.467826,46.393838
16.486023,46.395792
16.48511,46.395144
16.484553,46.390954
16.477931,46.395905
16.483291,46.3929
16.482332,46.395058
16.480018,46.39403
16.469848,46.394605
16.481784,46.3939
16.477833,46.39392
16.480637,46.390798
16.478404,46.396594
16.473845,46.396136
16.482603,46.393581
16.470034,46.394628
16.483607,46.39531
16.480221,46.390008
16.484398,46.391379
16.485278,46.395576
16.48901,46.396323
16.483174,46.395334
16.485524,46.395305
16.487269,46.396177
16.496248,46.396779
16.491358,46.397203
16.4825,46.390629
16.501513,46.395781
16.479131,46.393745
16.474122,46.395396
16.478056,46.391273
16.481612,46.391658
16.484748,46.39284
16.492215,46.396747
16.484645,46.390065
16.488219,46.397676
16.479815,46.39372
16.471177,46.394296
16.473967,46.396224
16.488001,46.396065
16.484289,46.395123
16.485001,46.392811
16.475872,46.394348
16.48293,46.395059
16.48881,46.397364
16.478966,46.391228
16.479735,46.393997
16.479959,46.394884
16.481828,46.389345
16.47637,46.395291
16.471861,46.395495
16.470884,46.395954
16.483426,46.395332
16.467563,46.394558
16.468399,46.394123
16.478385,46.390456
16.481628,46.394758
16.483823,46.394014
16.481244,46.390014
16.473858,46.395112
16.486218,46.395529
16.481666,46.392995
16.47952,46.394003
16.47086,46.394118
16.483758,46.392751
16.480896,46.393569
16.478389,46.389143
16.47433,46.397328
16.483097,46.393937
16.467654,46.394359
16.484317,46.390672
16.489398,46.39644
16.482342,46.395232
16.481759,46.389986
16.477784,46.393176
16.493062,46.396768
16.468243,46.393386
16.477752,46.394799
16.467525,46.393618
16.476219,46.394429
16.488891,46.397211
16.483877,46.392458
16.479028,46.394071
16.479857,46.391154
16.486116,46.386878
16.479265,46.393712
16.469425,46.393537
16.475592,46.395285
16.479904,46.395386
16.483363,46.393705
16.499318,46.39792
16.48946,46.397783
16.483867,46.391717
16.482007,46.392902
16.491879,46.397222
16.477553,46.396559
16.468783,46.394204
16.484381,46.388772
16.492162,46.397251
16.481382,46.39092
16.487259,46.395829
16.47168,46.394989
16.48958,46.396875
16.470917,46.393807
16.478873,46.390877
16.482937,46.388999
16.474386,46.395126
16.484531,46.39127
16.486881,46.395726
16.480612,46.391138
16.485209,46.389453
16.480371,46.390811
16.469634,46.393915
16.481018,46.389625
16.498185,46.397007
16.484372,46.390551
16.478548,46.397174
16.477829,46.39286
16.481136,46.390863
16.489143,46.39677
16.476015,46.394025
16.477582,46.392067
16.474889,46.394172
16.47608,46.392643
16.476011,46.390814
16.477143,46.390619
16.475428,46.391483
16.474302,46.388373
16.47515,46.39196
16.474783,46.391616
16.474469,46.389843
16.474464,46.389997
16.476428,46.389029
16.47695,46.393961
16.47492,46.390175
16.474413,46.394099
16.476615,46.391202
16.475509,46.392032
16.474462,46.389645
16.47582,46.391845
16.474433,46.389125
16.475995,46.390299
16.474112,46.391744
16.47496,46.389613
16.477348,46.393167
16.472708,46.393961
16.474469,46.389265
16.474969,46.389796
16.476004,46.391047
16.475119,46.394133
16.476017,46.390132
16.477473,46.39254
16.477646,46.39129
16.476635,46.390563
16.476515,46.391406
16.47433,46.391844
16.476007,46.393039
16.476911,46.390838
16.476383,46.394063
16.476034,46.391354
16.474547,46.391808
16.47493,46.390696
16.477455,46.392374
16.47478,46.394178
16.476223,46.393959
16.476475,46.390892
16.477096,46.391229
16.473188,46.393969
16.475223,46.391519
16.473999,46.394016
16.475289,46.392047
16.461716,46.392425
16.470233,46.392772
16.475971,46.389783
16.474914,46.390497
16.476154,46.392482
16.475885,46.393434
16.475959,46.393158
16.473773,46.393973
16.475338,46.39408
16.477272,46.394069
16.475852,46.393783
16.477648,46.391455
16.475921,46.392231
16.475943,46.389957
16.477606,46.391922
16.472409,46.393872
16.476297,46.391981
16.474621,46.394164
16.477527,46.39224
16.477471,46.39269
16.475014,46.391543
16.475547,46.393523
16.473851,46.391823
16.474495,46.389454
16.475743,46.392137
16.477071,46.394036
16.477411,46.392987
16.475801,46.394071
16.476167,46.392325
16.477336,46.39348
16.477195,46.390733
16.47332,46.393917
16.472954,46.393962
16.473573,46.391892
16.474977,46.391187
16.474984,46.390323
16.474951,46.38999
16.475458,46.394101
16.477373,46.393314
16.477408,46.392852
16.474206,46.394068
16.475253,46.388352
16.475572,46.393355
16.474054,46.391977
16.476865,46.391168
16.47637,46.391638
16.476583,46.394065
16.477652,46.391609
16.47759,46.391765
16.475615,46.391448
16.475872,46.391382
16.474604,46.388922
16.473538,46.393919
16.476225,46.392147
16.483891,46.389014
16.485587,46.395651
16.471926,46.396355
16.479225,46.389617
16.477361,46.397685
16.487668,46.39627
16.482688,46.39524
16.477714,46.396294
16.488438,46.396501
16.48824,46.396438
16.47783,46.394943
16.4724,46.396674
16.473925,46.396756
16.484101,46.39107
16.490284,46.396652
16.496911,46.396942
16.482925,46.39527
16.470597,46.394735
16.483446,46.389971
16.481811,46.394584
16.468703,46.394438
16.481743,46.390338
16.488942,46.397829
16.494209,46.3969
16.483943,46.394554
16.478093,46.397103
16.472161,46.395884
16.482714,46.393881
16.475741,46.395282
16.470419,46.394686
16.467387,46.395136
16.489357,46.397132
16.480489,46.393618
16.475357,46.395339
16.481823,46.389518
16.478099,46.394238
16.472972,46.394251
16.481805,46.39101
16.484003,46.392204
16.468465,46.395112
16.47801,46.394402
16.47788,46.395346
16.475004,46.395286
16.47186,46.394862
16.483652,46.389012
16.478344,46.390814
16.481705,46.392331
16.48388,46.388751
16.482397,46.389645
16.488579,46.397743
16.473995,46.395472
16.47999,46.393696
16.481038,46.388948
16.480253,46.389631
16.483916,46.391309
16.490948,46.395911
16.478624,46.390847
16.489743,46.39651
16.470422,46.393703
16.47972,46.394812
16.480888,46.390818
16.483673,46.391957
16.468329,46.394391
16.475231,46.395333
16.486002,46.395455
16.486647,46.384212
16.480471,46.39465
16.481646,46.392812
16.483792,46.392913
16.476977,46.397459
16.480475,46.391152
16.484884,46.39022
16.484635,46.389022
16.488979,46.397072
16.477727,46.393665
16.479997,46.388885
16.478711,46.397642
16.483167,46.389002
16.487095,46.383707
16.478697,46.388354
16.480964,46.394407
16.481052,46.39017
16.491782,46.39681
16.48087,46.394681
16.490015,46.396986
16.466855,46.395349
16.492812,46.39678
16.477872,46.392698
16.468476,46.393422
16.473936,46.394884
16.498847,46.396966
16.483455,46.392632
16.468841,46.395186
16.48495,46.390101
16.486677,46.38403
16.482418,46.388712
16.482821,46.389953
16.485402,46.388763
16.485806,46.395748
16.481559,46.393505
16.489284,46.3978
16.484487,46.390175
16.483653,46.39378
16.47163,46.393998
16.479146,46.390897
16.483951,46.392299
16.483477,46.392487
16.467013,46.395038
16.482052,46.391918
16.496127,46.396777
16.474336,46.39436
16.483151,46.388738
16.477857,46.395263
16.469117,46.394055
16.467397,46.395472
16.484086,46.392065
16.480623,46.393585
16.468963,46.394804
16.466981,46.395209
16.467182,46.39456
16.467086,46.394874
16.475602,46.394368
16.48026,46.393376
16.479552,46.393504
16.484769,46.390644
16.481573,46.388269
16.470691,46.394507
16.473193,46.39558
16.482234,46.393854
16.469096,46.394473
16.481713,46.39389
16.473184,46.394272
16.471359,46.395214
16.478759,46.397785
16.475275,46.395075
16.490084,46.396617
16.468192,46.400453
16.475423,46.395084
16.474735,46.395105
16.484211,46.391793
16.469218,46.395017
16.490492,46.39672
16.486539,46.395974
16.474636,46.394628
16.476711,46.395453
16.487442,46.39587
16.478831,46.393828
16.484888,46.396033
16.484217,46.395307
16.479466,46.389618
16.474391,46.39495
16.478007,46.396935
16.482368,46.389027
16.4781,46.391558
16.48708,46.395776
16.4796,46.390857
16.48129,46.393917
16.471449,46.396233
16.484554,46.392886
16.488206,46.39606
16.482527,46.390468
16.477837,46.388971
16.4794,46.396642
16.483227,46.393049
16.491486,46.396846
16.477662,46.397623
16.491057,46.396749
16.467824,46.395218
16.483802,46.39439
16.464336,46.400435
16.483636,46.38975
16.484286,46.389963
16.472849,46.395928
16.488098,46.397622
16.482667,46.388691
16.482048,46.392073
16.48525,46.395203
16.470384,46.394449
16.482504,46.395266
16.479361,46.394529
16.483382,46.388775
16.477056,46.394497
16.467427,46.394955
16.479382,46.393694
16.484999,46.389986
16.485406,46.395259
16.476694,46.395605
16.494196,46.396737
16.481075,46.393599
16.48675,46.383865
16.471142,46.405889
16.482071,46.391627
16.483503,46.39417
16.468233,46.394087
16.470749,46.397257
16.48414,46.39193
16.48425,46.394384
16.481998,46.392725
16.490255,46.397065
16.493766,46.396744
16.470315,46.404935
16.486593,46.384548
16.489272,46.397287
16.468667,46.393465
16.476231,46.395374
16.478036,46.391674
16.485589,46.393052
16.484067,46.391198
16.485954,46.393081
16.480155,46.394
16.479457,46.391246
16.495674,46.396744
16.47916,46.391293
16.476053,46.394363
16.471163,46.394996
16.485459,46.388624
16.467309,46.394248
16.486706,46.386629
16.478904,46.394099
16.477994,46.392385
16.481713,46.390539
16.480003,46.389626
16.488467,46.397719
16.481329,46.394637
16.478972,46.394718
16.493415,46.396763
16.479392,46.390878
16.468525,46.394388
16.484981,46.395454
16.477887,46.395408
16.488558,46.396165
16.47825,46.393957
16.473725,46.395265
16.484091,46.394771
16.477811,46.394295
16.43258,46.38678
16.443141,46.39155
16.651988,46.342547
16.645443,46.342578
16.64927,46.342409
16.643354,46.34227
16.397443,46.327895
16.423985,46.400959
16.449568,46.40228
16.43755,46.380678
16.440547,46.392129
16.447398,46.380588
16.431369,46.386346
16.604062,46.338764
16.419183,46.415543
16.4126,46.366246
16.362237,46.526615
16.467578,46.373172
16.428077,46.391384
16.425939,46.517597
16.481169,46.490313
16.490524,46.491703
16.49041,46.491505
16.490334,46.491364
16.490269,46.491256
16.490186,46.49114
16.489983,46.490912
16.489789,46.490752
16.489559,46.490582
16.489401,46.490497
16.489327,46.490397
16.489138,46.490293
16.488986,46.490143
16.488858,46.489967
16.489314,46.489851
16.489592,46.490146
16.489756,46.490294
16.489863,46.490429
16.490045,46.4905
16.490168,46.49059
16.490299,46.490706
16.490505,46.490899
16.490539,46.491088
16.490809,46.491585
16.450017,46.336718
16.491012,46.492042
16.491072,46.492176
16.491218,46.49237
16.491289,46.492483
16.491409,46.492586
16.491646,46.492824
16.491758,46.492961
16.492123,46.493105
16.492248,46.493198
16.492736,46.493277
16.492575,46.493012
16.49241,46.492964
16.492257,46.492804
16.492097,46.492735
16.491889,46.49262
16.49159,46.49227
16.491562,46.491744
16.491715,46.491685
16.491951,46.491684
16.492181,46.491579
16.491093,46.491494
16.491379,46.491412
16.491807,46.491166
16.492014,46.49124
16.492272,46.491155
16.492465,46.491097
16.492586,46.490939
16.493022,46.491272
16.492809,46.491373
16.492586,46.491402
16.492375,46.491477
16.493089,46.490296
16.493293,46.490273
16.493691,46.490134
16.492138,46.489794
16.494061,46.492932
16.49405,46.492744
16.493996,46.492474
16.494042,46.492305
16.494016,46.491976
16.493994,46.491826
16.493966,46.4917
16.493248,46.491046
16.493274,46.490815
16.493407,46.490542
16.493792,46.490376
16.494181,46.490199
16.494289,46.490093
16.494405,46.491641
16.494482,46.492749
16.495075,46.495669
16.495082,46.495423
16.49508,46.495242
16.495201,46.495046
16.495151,46.494934
16.49521,46.49481
16.495247,46.494693
16.495277,46.494608
16.495275,46.494505
16.495327,46.49436
16.49533,46.494173
16.49523,46.494099
16.495217,46.493954
16.495214,46.493807
16.495253,46.493681
16.495267,46.493576
16.495326,46.49343
16.495477,46.493337
16.495516,46.493217
16.495557,46.493073
16.495612,46.492947
16.495576,46.492847
16.49558,46.492757
16.49556,46.492683
16.495463,46.492543
16.49551,46.49244
16.495374,46.492313
16.495337,46.492224
16.495286,46.492151
16.495451,46.491962
16.495492,46.491778
16.495447,46.49164
16.495296,46.491203
16.495346,46.491107
16.495181,46.490999
16.495132,46.490902
16.495059,46.490831
16.495018,46.49075
16.494887,46.490607
16.493977,46.490323
16.494487,46.489954
16.493635,46.490595
16.494918,46.490154
16.495042,46.490236
16.495311,46.490393
16.495451,46.490325
16.495575,46.49021
16.495945,46.491034
16.495574,46.494586
16.417159,46.36675
16.445416,46.397775
16.465079,46.39411
16.448824,46.39644
16.494208,46.491095
16.384565,46.529156
16.486405,46.384997
16.439364,46.512408
16.438854,46.512497
16.419797,46.375774
16.413698,46.386155
16.494125,46.366255
16.494792,46.489689
16.495093,46.48966
16.495366,46.489495
16.49404,46.489395
16.494848,46.489295
16.495014,46.488925
16.495185,46.488862
16.49425,46.488889
16.494427,46.488778
16.494741,46.488548
16.495292,46.488728
16.494863,46.488437
16.495718,46.488203
16.464185,46.494921
16.420065,46.405014
16.494933,46.489687
16.420266,46.376024
16.678525,46.328083
16.472805,46.498003
16.491093,46.397183
16.489563,46.396465
16.437611,46.392386
16.639422,46.371876
16.4875,46.379958
16.410245,46.379698
16.437346,46.379422
16.45375,46.430517
16.448106,46.394929
16.495975,46.49399
16.496128,46.493911
16.496239,46.493837
16.496652,46.493592
16.496853,46.493445
16.497013,46.493345
16.497328,46.493225
16.497596,46.49353
16.497922,46.49329
16.498857,46.493578
16.49853,46.493298
16.499095,46.493716
16.498577,46.49294
16.498368,46.492895
16.498099,46.492854
16.497717,46.492659
16.497209,46.492558
16.496887,46.492673
16.496401,46.492819
16.496558,46.49263
16.496241,46.492597
16.495884,46.492914
16.495832,46.49249
16.495816,46.492308
16.497585,46.493129
16.497383,46.492841
16.497196,46.493016
16.496973,46.493104
16.496741,46.493238
16.496304,46.492983
16.495791,46.493414
16.495918,46.493227
16.495842,46.492705
16.497588,46.492784
16.496667,46.49237
16.49577,46.492117
16.496959,46.492104
16.497016,46.492272
16.497122,46.492416
16.496573,46.492143
16.496634,46.492257
16.499222,46.49269
16.495472,46.49091
16.495363,46.49068
16.493665,46.488405
16.493655,46.488258
16.494127,46.488331
16.493843,46.488025
16.493766,46.487871
16.493593,46.48758
16.493506,46.487464
16.494257,46.487535
16.495952,46.488032
16.496201,46.488066
16.49637,46.487995
16.496645,46.487964
16.496867,46.487887
16.498274,46.487921
16.497641,46.488058
16.497309,46.488107
16.497103,46.488152
16.49679,46.488221
16.496504,46.488272
16.496329,46.488352
16.496025,46.488376
16.429848,46.51772
16.375689,46.525847
16.466742,46.498186
16.468799,46.365217
16.44324,46.386496
16.426748,46.371954
16.495619,46.49378
16.496294,46.493562
16.49763,46.493784
16.497889,46.493746
16.467394,46.363785
16.495795,46.491618
16.495779,46.491785
16.409918,46.372929
16.374129,46.525162
16.463731,46.333026
16.471745,46.365672
16.446653,46.392363
16.428028,46.450247
16.478981,46.389267
16.355208,46.497731
16.424896,46.472977
16.493684,46.373327
16.49389,46.373306
16.589555,46.328078
16.442644,46.512146
16.430048,46.391288
16.469544,46.497038
16.443015,46.384411
16.422977,46.402347
16.447958,46.3928
16.46386,46.428227
16.434492,46.514897
16.4254,46.473795
16.449948,46.375226
16.436782,46.512744
16.610406,46.332796
16.666287,46.370099
16.437762,46.382535
16.44218,46.411141
16.442174,46.411009
16.442094,46.410844
16.441975,46.41071
16.441809,46.410586
16.441611,46.410489
16.441384,46.410408
16.442562,46.411194
16.442731,46.411188
16.44255,46.410995
16.442178,46.410443
16.441721,46.410188
16.441509,46.410105
16.443206,46.41118
16.443242,46.411025
16.443204,46.410879
16.443129,46.410736
16.443073,46.410575
16.443,46.410431
16.442892,46.410295
16.442684,46.410202
16.442582,46.410069
16.442414,46.409956
16.442221,46.409857
16.44203,46.409772
16.441884,46.409619
16.441517,46.409411
16.443685,46.411268
16.4437,46.411191
16.443697,46.411053
16.443714,46.410853
16.445746,46.410706
16.445528,46.410678
16.446142,46.410319
16.446174,46.410181
16.443732,46.40975
16.443815,46.40953
16.443915,46.409414
16.444053,46.409376
16.444121,46.409299
16.444223,46.409151
16.44438,46.409061
16.444586,46.409003
16.444663,46.408906
16.443233,46.409434
16.443428,46.409334
16.443644,46.409163
16.443795,46.409057
16.444004,46.40894
16.444186,46.408783
16.444382,46.408661
16.444832,46.408233
16.445115,46.407955
16.444803,46.408801
16.444984,46.40874
16.445203,46.408547
16.445458,46.409403
16.445534,46.409702
16.446125,46.409819
16.445943,46.409404
16.44598,46.409208
16.445911,46.409067
16.445899,46.408932
16.44589,46.40883
16.44586,46.408728
16.445793,46.408603
16.445744,46.408487
16.445699,46.408363
16.445583,46.408119
16.445585,46.407911
16.445599,46.407814
16.444121,46.40744
16.444036,46.407326
16.443836,46.407252
16.443667,46.407194
16.445206,46.407715
16.445284,46.407574
16.445281,46.407428
16.445429,46.407263
16.445601,46.407109
16.445638,46.407631
16.445738,46.407474
16.445842,46.407333
16.445972,46.407216
16.446071,46.407125
16.398937,46.403798
16.444963,46.392492
16.484123,46.394277
16.445558,46.408252
16.423981,46.402678
16.418478,46.387841
16.441308,46.505138
16.398516,46.329378
16.391055,46.326514
16.459897,46.428575
16.435393,46.334784
16.446713,46.43744
16.374739,46.520005
16.434938,46.505472
16.432439,46.450448
16.475746,46.392873
16.496269,46.363509
16.475673,46.39315
16.48713,46.376051
16.449214,46.43073
16.448717,46.336917
16.355479,46.522921
16.46641,46.371887
16.441131,46.512101
16.644279,46.396196
16.644428,46.396275
16.431065,46.378747
16.338359,46.521795
16.438372,46.388905
16.432157,46.445467
16.444545,46.388362
16.424985,46.400751
16.498794,46.372785
16.437713,46.382392
16.40751,46.376415
16.42857,46.390323
16.48964,46.37541
16.460107,46.428552
16.436448,46.383254
16.443433,46.391713
16.43141,46.378122
16.480506,46.49485
16.435177,46.510217
16.435658,46.510098
16.403898,46.374587
16.404074,46.374443
16.404543,46.374516
16.404047,46.374358
16.404216,46.374344
16.404511,46.374275
16.404686,46.374231
16.405112,46.37448
16.404927,46.374444
16.451113,46.378877
16.446339,46.402775
16.419913,46.382104
16.420581,46.38213
16.420694,46.3818
16.466662,46.37182
16.468274,46.395079
16.429617,46.381177
16.483851,46.392613
16.491801,46.365278
16.423382,46.377068
16.449548,46.336213
16.449463,46.393275
16.460994,46.423999
16.484403,46.369165
16.436493,46.386284
16.432437,46.449579
16.439856,46.339352
16.427306,46.390947
16.467337,46.495673
16.420396,46.51942
16.418137,46.366549
16.401217,46.331215
16.440619,46.385788
16.437731,46.339158
16.441064,46.39091
16.443286,46.392386
16.443314,46.392449
16.443263,46.392243
16.450019,46.442395
16.639547,46.365147
16.423722,46.403448
16.413433,46.366268
16.347675,46.51165
16.448044,46.405655
16.369415,46.523722
16.490078,46.375321
16.477428,46.370819
16.64105,46.395633
16.43002,46.508395
16.347252,46.521731
16.445918,46.512046
16.411442,46.376786
16.41295,46.366904
16.416765,46.407244
16.368532,46.503636
16.452231,46.430433
16.344347,46.521529
16.409466,46.390258
16.410951,46.376813
16.471727,46.492101
16.411325,46.376781
16.440477,46.388451
16.440524,46.388555
16.440598,46.388641
16.440534,46.388786
16.441337,46.388465
16.441165,46.388538
16.654615,46.342893
16.426721,46.395593
16.432774,46.386104
16.426648,46.371952
16.608768,46.332348
16.410478,46.37688
16.399486,46.332668
16.475233,46.419469
16.468222,46.360535
16.4109,46.33173
16.377752,46.523189
16.445828,46.511868
16.459081,46.374642
16.379107,46.525879
16.494773,46.367356
16.423145,46.49274
16.414761,46.366645
16.434812,46.387438
16.425852,46.447583
16.324583,46.499789
16.452248,46.430074
16.42452,46.386455
16.652753,46.363576
16.470676,46.424531
16.443962,46.338192
16.475244,46.36608
16.426202,46.366543
16.496586,46.400497
16.447862,46.501405
16.471908,46.428882
16.470272,46.349555
16.470326,46.349362
16.470264,46.349128
16.470326,46.348924
16.470246,46.348745
16.470349,46.348579
16.470387,46.348394
16.470266,46.348207
16.470355,46.348046
16.470358,46.347884
16.470388,46.347688
16.470436,46.347551
16.470335,46.347359
16.470706,46.349507
16.470762,46.349367
16.470701,46.349155
16.470737,46.349027
16.470727,46.348899
16.470967,46.348739
16.470818,46.348056
16.470765,46.347881
16.470846,46.347713
16.470811,46.34737
16.470855,46.34719
16.473944,46.346094
16.47024,46.350059
16.469095,46.345876
16.476208,46.394611
16.448274,46.337283
16.353345,46.521311
16.352359,46.524282
16.426595,46.380548
16.426726,46.380524
16.441657,46.389968
16.336699,46.521581
16.360344,46.522758
16.360836,46.523141
16.360781,46.522958
16.367952,46.499149
16.443528,46.404562
16.478603,46.393872
16.410572,46.376868
16.410674,46.376863
16.441607,46.375883
16.651467,46.346147
16.432999,46.319091
16.353245,46.522494
16.422077,46.5184
16.480762,46.389619
16.437077,46.390717
16.362054,46.500773
16.362162,46.500932
16.362258,46.501228
16.361738,46.500446
16.447323,46.338002
16.436054,46.390237
16.436394,46.390208
16.436753,46.390184
16.437116,46.390343
16.436064,46.390587
16.390628,46.339236
16.439155,46.391488
16.439192,46.391487
16.439279,46.391529
16.433602,46.515697
16.433911,46.515611
16.443301,46.392064
16.443632,46.384578
16.447888,46.337617
16.40791,46.405027
16.470781,46.366907
16.43303,46.336766
16.413289,46.366934
16.457182,46.429413
16.445103,46.375575
16.442919,46.393357
16.35955,46.525221
16.363345,46.496558
16.425456,46.374217
16.644503,46.391157
16.644419,46.391277
16.43662,46.337379
16.436988,46.337478
16.433575,46.336887
16.444685,46.385056
16.444815,46.38495
16.444418,46.38518
16.444479,46.385146
16.444944,46.384869
16.444168,46.385321
16.443247,46.393381
16.418979,46.373945
16.650389,46.344717
16.41228,46.366162
16.412277,46.36626
16.412267,46.366374
16.371275,46.523091
16.490493,46.491605
16.447382,46.514451
16.356613,46.507344
16.423142,46.410246
16.35347,46.522519
16.449553,46.37889
16.466401,46.497456
16.429471,46.391373
16.421083,46.40724
16.421332,46.407183
16.483108,46.368656
16.483237,46.368553
16.483418,46.368456
16.48355,46.368341
16.483662,46.368237
16.483813,46.368138
16.410838,46.376861
16.641022,46.386928
16.42889,46.378764
16.389288,46.339205
16.447261,46.437318
16.408027,46.372418
16.43929,46.338316
16.334354,46.493592
16.430473,46.379772
16.430419,46.379595
16.675959,46.328086
16.436089,46.506365
16.435103,46.379495
16.435704,46.379167
16.436366,46.381496
16.436344,46.38116
16.427527,46.371947
16.449697,46.402145
16.449775,46.40212
16.450839,46.402555
16.360294,46.522322
16.476403,46.388845
16.448243,46.502995
16.428776,46.379205
16.622524,46.325442
16.619879,46.326096
16.619677,46.326099
16.61996,46.325386
16.651273,46.366437
16.418044,46.404273
16.426612,46.384506
16.426428,46.38453
16.426163,46.384549
16.356205,46.50731
16.41472,46.367206
16.416463,46.367524
16.418474,46.368161
16.418249,46.368129
16.416045,46.367787
16.411109,46.37679
16.4112,46.376844
16.445503,46.403512
16.418548,46.367804
16.418555,46.367768
16.418674,46.36781
16.418684,46.367767
16.374596,46.5244
16.435593,46.378054
16.339648,46.523859
16.649987,46.362557
16.482195,46.395212
16.481972,46.395572
16.43723,46.503695
16.437314,46.379057
16.423826,46.368032
16.43166,46.364551
16.41709,46.376574
16.417088,46.376512
16.417073,46.376436
16.360243,46.52226
16.331446,46.504723
16.44816,46.440378
16.62065,46.326094
16.622228,46.326142
16.622023,46.325407
16.62337,46.325024
16.620371,46.326097
16.622294,46.325756
16.62067,46.32641
16.62059,46.324729
16.432574,46.382476
16.482401,46.39009
16.425429,46.494079
16.425534,46.494586
16.429838,46.506073
16.429098,46.505367
16.431024,46.506651
16.427357,46.506339
16.427204,46.494405
16.426914,46.505945
16.426883,46.50544
16.426698,46.506079
16.426982,46.493921
16.428947,46.504956
16.430776,46.505252
16.428073,46.505151
16.428403,46.505534
16.428047,46.506398
16.427375,46.505786
16.427146,46.494228
16.431282,46.505153
16.429589,46.504827
16.430251,46.504695
16.427103,46.505341
16.427232,46.494491
16.431568,46.50703
16.425411,46.506515
16.42553,46.50634
16.429351,46.505254
16.430371,46.505033
16.425619,46.494434
16.425844,46.506034
16.425694,46.506177
16.427752,46.505676
16.425988,46.506765
16.43085,46.506001
16.429274,46.504886
16.42868,46.506339
16.429587,46.505198
16.426475,46.505623
16.428132,46.505574
16.431394,46.506331
16.430803,46.504942
16.427113,46.505868
16.431179,46.505469
16.42612,46.506515
16.42773,46.506558
16.430043,46.506872
16.426057,46.505876
16.431482,46.506687
16.431365,46.506114
16.430732,46.505557
16.430257,46.502496
16.427534,46.505295
16.426479,46.506217
16.427198,46.494626
16.425101,46.506998
16.429898,46.50476
16.425659,46.494691
16.425338,46.506741
16.430637,46.504665
16.42833,46.505119
16.428879,46.50538
16.427431,46.507692
16.426678,46.505542
16.431199,46.507669
16.425467,46.49418
16.426949,46.493738
16.429872,46.505188
16.431043,46.504589
16.430854,46.503197
16.430944,46.506347
16.431156,46.507142
16.42954,46.505694
16.428636,46.505065
16.427945,46.50565
16.429295,46.505775
16.425475,46.494309
16.42859,46.505437
16.426273,46.506367
16.427801,46.505223
16.431267,46.505852
16.42926,46.506421
16.430274,46.505951
16.427137,46.506411
16.426506,46.506506
16.481113,46.384153
16.48528,46.387517
16.481063,46.384415
16.484758,46.384783
16.483419,46.384415
16.481368,46.384057
16.481797,46.384802
16.484384,46.384328
16.482297,46.385211
16.481887,46.385798
16.486744,46.378376
16.483269,46.384103
16.482712,46.384668
16.485728,46.386012
16.486012,46.384862
16.4856,46.386577
16.482347,46.384524
16.480383,46.386864
16.48094,46.386524
16.483478,46.384716
16.486274,46.383784
16.482946,46.383863
16.484056,46.385182
16.483028,46.384459
16.484356,46.384862
16.484898,46.38443
16.484233,46.384007
16.480124,46.38674
16.484142,46.385023
16.483012,46.385266
16.484763,46.383811
16.482243,46.384816
16.485431,46.387218
16.484807,46.384657
16.483318,46.38501
16.481481,46.384781
16.479794,46.386605
16.481465,46.385371
16.479319,46.387531
16.484632,46.384619
16.481168,46.384293
16.485638,46.386435
16.48593,46.385217
16.482757,46.384144
16.482787,46.385029
16.483326,46.385293
16.483635,46.38446
16.485384,46.387368
16.482807,46.384347
16.481061,46.385361
16.48249,46.384282
16.486322,46.383985
16.483078,46.385026
16.482862,46.385264
16.485764,46.385575
16.483146,46.387279
16.485911,46.385353
16.481402,46.385492
16.484075,46.384666
16.481725,46.38621
16.483981,46.384443
16.484429,46.384612
16.481944,46.38549
16.481773,46.385195
16.485522,46.386714
16.483616,46.384638
16.486297,46.383633
16.481247,46.386177
16.481102,46.385083
16.481033,46.385814
16.483671,46.385211
16.481736,46.386013
16.484959,46.383681
16.483131,46.384677
16.48625,46.384158
16.485778,46.385866
16.483844,46.385019
16.483503,46.385021
16.481209,46.386351
16.483831,46.384629
16.48319,46.385228
16.479994,46.386903
16.484812,46.384612
16.485511,46.386856
16.481123,46.384861
16.484219,46.384667
16.483269,46.384652
16.482953,46.385015
16.484607,46.385179
16.48243,46.384144
16.483694,46.384992
16.479444,46.387324
16.483491,46.385206
16.48426,46.384454
16.484766,46.385226
16.486185,46.384325
16.481984,46.385359
16.486134,46.384499
16.481767,46.384061
16.485589,46.386169
16.482663,46.385282
16.484925,46.384166
16.48249,46.385213
16.485665,46.386284
16.484431,46.385186
16.482375,46.384672
16.481358,46.386029
16.481115,46.384729
16.48399,46.385028
16.486354,46.383397
16.484239,46.385186
16.482605,46.383816
16.481912,46.386318
16.483852,46.384023
16.482944,46.384639
16.482307,46.384329
16.484459,46.384444
16.481924,46.384904
16.48262,46.385025
16.479269,46.387579
16.482097,46.384939
16.481949,46.385019
16.484003,46.385256
16.4858,46.385725
16.484868,46.383991
16.484505,46.385022
16.485891,46.38506
16.483443,46.383038
16.484267,46.384172
16.484665,46.385039
16.481084,46.385221
16.48159,46.385259
16.482437,46.383972
16.481379,46.385803
16.481913,46.384473
16.483814,46.385193
16.480386,46.387371
16.48147,46.384949
16.483578,46.383852
16.411709,46.37561
16.411417,46.369021
16.40916,46.374396
16.411878,46.368569
16.408819,46.374307
16.414185,46.376318
16.410832,46.369685
16.413965,46.376324
16.414394,46.371608
16.416983,46.375301
16.412195,46.374846
16.415953,46.374889
16.415129,46.374976
16.410295,46.370577
16.414899,46.372199
16.414306,46.374618
16.413857,46.374668
16.412661,46.370896
16.41251,46.372005
16.410787,46.369813
16.414909,46.370687
16.411301,46.369167
16.414624,46.369306
16.408451,46.372308
16.415833,46.376264
16.408787,46.373993
16.413904,46.368325
16.408453,46.372409
16.417423,46.373098
16.41041,46.37029
16.414483,46.369418
16.411456,46.37269
16.411247,46.372686
16.414818,46.37628
16.409849,46.371058
16.416764,46.372778
16.412796,46.368042
16.408643,46.372015
16.414584,46.376291
16.412088,46.375557
16.41639,46.372301
16.411693,46.368958
16.410083,46.374576
16.41056,46.374339
16.408982,46.374324
16.413193,46.375091
16.416705,46.374495
16.410417,46.3727
16.408845,46.371816
16.416874,46.37606
16.416629,46.372534
16.416259,46.376254
16.416902,46.372817
16.412829,46.369508
16.413321,46.369155
16.41157,46.374936
16.409432,46.374168
16.418047,46.373408
16.41488,46.370783
16.415584,46.371354
16.413105,46.371303
16.411444,46.376493
16.411725,46.37537
16.410208,46.374828
16.417104,46.374771
16.412252,46.368352
16.41674,46.374821
16.415431,46.372174
16.410633,46.369958
16.414983,46.374512
16.412577,46.376391
16.417588,46.373172
16.412658,46.370543
16.410902,46.376516
16.414109,46.372002
16.415893,46.371685
16.416034,46.37186
16.414567,46.370012
16.413348,46.36884
16.410363,46.370412
16.411621,46.37611
16.414057,46.368387
16.412781,46.370137
16.414753,46.374623
16.411069,46.374815
16.412073,46.372411
16.412872,46.368949
16.412454,46.375137
16.412083,46.37592
16.414393,46.368531
16.416863,46.37613
16.411672,46.368844
16.412804,46.369706
16.41541,46.371258
16.41037,46.374316
16.416902,46.375861
16.408674,46.371913
16.415345,46.374967
16.416462,46.374853
16.411677,46.375981
16.414868,46.370855
16.415394,46.374562
16.409019,46.371594
16.413378,46.370069
16.413555,46.376325
16.409202,46.371467
16.412081,46.368423
16.412271,46.376397
16.408874,46.371698
16.417775,46.373255
16.418225,46.373482
16.413862,46.375071
16.4112,46.376515
16.414884,46.370579
16.412615,46.37072
16.413297,46.369898
16.417919,46.373327
16.41468,46.369161
16.412735,46.370404
16.41104,46.372694
16.417113,46.372916
16.410192,46.370717
16.413231,46.371055
16.412439,46.372169
16.415008,46.376275
16.41575,46.374934
16.413221,46.368115
16.41206,46.376115
16.410541,46.370195
16.410619,46.372683
16.412778,46.370277
16.413172,46.37017
16.41449,46.37145
16.415799,46.374514
16.414395,46.374659
16.413317,46.36975
16.416159,46.374481
16.413175,46.376359
16.412579,46.367933
16.409721,46.374493
16.411201,46.369271
16.41482,46.371016
16.409776,46.374261
16.414884,46.371145
16.417028,46.374995
16.413126,46.370562
16.409908,46.37453
16.410709,46.370105
16.413371,46.369013
16.413377,46.376358
16.410222,46.372683
16.414189,46.368487
16.417276,46.372999
16.408448,46.372511
16.412878,46.3688
16.412855,46.369341
16.413332,46.369336
16.41267,46.375143
16.414692,46.368998
16.413848,46.371642
16.410833,46.372682
16.41609,46.376237
16.413049,46.371914
16.412526,46.371848
16.41089,46.374472
16.409358,46.37442
16.41694,46.375606
16.416565,46.37624
16.412177,46.375147
16.417334,46.374369
16.413085,46.371583
16.414053,46.371658
16.410121,46.374315
16.414126,46.374682
16.413392,46.368644
16.411725,46.368695
16.409941,46.370978
16.412514,46.371454
16.411043,46.374522
16.409406,46.375578
16.413561,46.371948
16.415742,46.371512
16.41477,46.374997
16.409222,46.374124
16.412406,46.368915
16.410123,46.370902
16.414161,46.372221
16.413664,46.368223
16.410626,46.374684
16.408999,46.374054
16.416734,46.372645
16.411123,46.369528
16.414881,46.371444
16.416515,46.37241
16.414723,46.370276
16.413318,46.371588
16.413035,46.368053
16.413775,46.37633
16.411869,46.372534
16.41364,46.374685
16.412809,46.370003
16.4094,46.371389
16.411204,46.374568
16.414618,46.369656
16.409935,46.376073
16.414931,46.375054
16.414635,46.369778
16.415919,46.372127
16.411345,46.374866
16.415644,46.376279
16.415099,46.374557
16.415682,46.372155
16.415199,46.372219
16.408599,46.372089
16.416287,46.374505
16.416298,46.372124
16.408916,46.372613
16.415224,46.376292
16.416948,46.375449
16.413624,46.371591
16.412957,46.375118
16.411663,46.37623
16.414517,46.372117
16.413135,46.370294
16.41313,46.374754
16.410818,46.374735
16.409543,46.374504
16.413391,46.374665
16.412724,46.374768
16.415329,46.371131
16.412522,46.374785
16.411231,46.369433
16.409392,46.371255
16.409621,46.374229
16.413309,46.369549
16.414083,46.375032
16.410055,46.372679
16.41625,46.37487
16.40915,46.375322
16.622242,46.332082
16.611788,46.334424
16.609425,46.335132
16.612771,46.332667
16.610463,46.333309
16.612355,46.333746
16.614134,46.33468
16.609267,46.333249
16.611358,46.333546
16.611658,46.334265
16.613903,46.335089
16.609004,46.33408
16.609165,46.334603
16.610098,46.336221
16.617681,46.333009
16.612644,46.337118
16.612034,46.333253
16.622068,46.332134
16.614132,46.332482
16.620677,46.332856
16.622028,46.332534
16.620796,46.332586
16.620689,46.333769
16.613191,46.333343
16.620236,46.334465
16.622763,46.331883
16.621635,46.333402
16.613034,46.337087
16.622403,46.332006
16.621728,46.332293
16.613782,46.334948
16.611568,46.332786
16.621487,46.333549
16.611838,46.334042
16.611944,46.334097
16.612266,46.33456
16.612181,46.334918
16.614204,46.334537
16.614023,46.334856
16.609837,46.335524
16.61002,46.336071
16.609637,46.335392
16.611462,46.333646
16.620045,46.334222
16.620889,46.332818
16.620502,46.332887
16.621207,46.332477
16.614197,46.332607
16.613867,46.333767
16.618391,46.332898
16.612015,46.334247
16.620269,46.332715
16.621306,46.333682
16.612041,46.333432
16.621465,46.332604
16.611872,46.334558
16.614021,46.334239
16.612274,46.332769
16.613359,46.333762
16.612565,46.33291
16.613034,46.333275
16.613047,46.332804
16.612463,46.33379
16.612808,46.333784
16.608993,46.333492
16.608904,46.333634
16.611132,46.3334
16.612064,46.334788
16.613577,46.335448
16.609028,46.334187
16.609263,46.334765
16.616661,46.333077
16.620806,46.334104
16.62043,46.334357
16.621141,46.333823
16.621172,46.333362
16.62134,46.333222
16.620617,46.332614
16.620175,46.334139
16.619743,46.3347
16.613223,46.337082
16.612199,46.334515
16.621916,46.332221
16.613733,46.335326
16.609208,46.333944
16.612702,46.334915
16.609514,46.333244
16.613188,46.333061
16.612667,46.333007
16.61346,46.333199
16.61372,46.333387
16.61092,46.333599
16.612962,46.335044
16.609063,46.333784
16.609351,46.335008
16.621389,46.332406
16.62307,46.332459
16.614318,46.332134
16.622808,46.332665
16.620528,46.333896
16.61126,46.333982
16.612178,46.332678
16.617433,46.333023
16.620638,46.334237
16.61396,46.333433
16.613483,46.33702
16.612785,46.332821
16.62223,46.332765
16.609173,46.334475
16.614113,46.332728
16.613899,46.332321
16.613374,46.33351
16.612823,46.333081
16.613252,46.333385
16.612923,46.333209
16.612583,46.33262
16.61183,46.333113
16.612588,46.333961
16.614092,46.333
16.613893,46.334078
16.609105,46.334313
16.622411,46.332559
16.612852,46.337117
16.620822,46.333645
16.621566,46.332344
16.620336,46.333999
16.613715,46.337047
16.618623,46.332947
16.620335,46.332923
16.620995,46.333511
16.620966,46.332538
16.622578,46.331933
16.621791,46.33327
16.612147,46.334388
16.613218,46.335181
16.61415,46.332844
16.613851,46.335234
16.613645,46.33324
16.61086,46.33327
16.611026,46.333943
16.611657,46.333869
16.609919,46.335903
16.621828,46.332683
16.619849,46.334318
16.610235,46.336499
16.621817,46.332915
16.620041,46.334575
16.618191,46.333059
16.623227,46.332303
16.622074,46.333059
16.621007,46.33398
16.613059,46.332975
16.611934,46.334679
16.620443,46.332662
16.62259,46.332626
16.612477,46.33281
16.621122,46.332746
16.611907,46.33395
16.613914,46.333953
16.609848,46.335753
16.613274,46.333129
16.611648,46.333726
16.612249,46.333585
16.613013,46.333824
16.611284,46.33348
16.609806,46.335636
16.623099,46.332317
16.623359,46.332163
16.621758,46.325402
16.421802,46.409444
16.417611,46.413116
16.417133,46.413124
16.419029,46.409192
16.418295,46.407012
16.418072,46.410104
16.418955,46.408704
16.419682,46.410705
16.420714,46.412085
16.419568,46.409771
16.424039,46.415805
16.422456,46.414741
16.420127,46.407278
16.417666,46.408004
16.419608,46.412003
16.421529,46.40889
16.418094,46.413067
16.420759,46.412958
16.419382,46.408346
16.417499,46.40878
16.41948,46.409579
16.419037,46.409245
16.420364,46.407845
16.418987,46.408923
16.420473,46.413274
16.419926,46.406736
16.405439,46.407472
16.422394,46.410402
16.421609,46.409095
16.420666,46.407971
16.404632,46.406834
16.424211,46.417825
16.422504,46.41059
16.420497,46.412653
16.420124,46.411768
16.417815,46.413315
16.416178,46.40803
16.422415,46.416645
16.417254,46.41309
16.418,46.412921
16.419298,46.40674
16.416576,46.407825
16.422852,46.411868
16.417027,46.41278
16.419786,46.411066
16.403511,46.406078
16.418246,46.407842
16.417566,46.408385
16.418813,46.407875
16.409205,46.413132
16.4235,46.414685
16.422942,46.412315
16.41888,46.407359
16.421518,46.408759
16.416863,46.412807
16.419174,46.410076
16.41955,46.410134
16.423987,46.417824
16.420038,46.407125
16.42284,46.41176
16.419823,46.412468
16.419347,46.406934
16.418371,46.407438
16.416781,46.413103
16.419457,46.408931
16.419839,46.411213
16.419487,46.409441
16.420214,46.407424
16.419465,46.408755
16.423832,46.415634
16.419577,46.406317
16.41805,46.408183
16.422838,46.412009
16.420941,46.412124
16.423694,46.414954
16.417441,46.408981
16.422987,46.412733
16.420731,46.414737
16.42264,46.410856
16.403564,46.406253
16.421698,46.409279
16.418852,46.408075
16.419318,46.408204
16.421769,46.41383
16.423834,46.415284
16.41972,46.405994
16.415491,46.408461
16.422741,46.411244
16.418139,46.4069
16.422282,46.415974
16.423793,46.417829
16.422874,46.417523
16.418506,46.40727
16.420431,46.407633
16.419311,46.407386
16.420798,46.414669
16.422823,46.417388
16.419414,46.408568
16.402914,46.405589
16.422124,46.409928
16.422816,46.411601
16.417976,46.409217
16.417596,46.408172
16.419869,46.411355
16.420202,46.4119
16.420312,46.411996
16.420035,46.411629
16.419489,46.409099
16.417912,46.413111
16.418855,46.407631
16.418998,46.40909
16.420478,46.412377
16.416504,46.407944
16.421035,46.408301
16.41841,46.413036
16.415891,46.412623
16.413809,46.408931
16.419313,46.407928
16.419085,46.410328
16.417712,46.413348
16.422331,46.416513
16.414072,46.40888
16.421232,46.40847
16.420823,46.408127
16.421861,46.409628
16.417967,46.408618
16.422771,46.411378
16.418117,46.407999
16.419474,46.40774
16.423904,46.41547
16.417801,46.41288
16.41794,46.407331
16.419464,46.411401
16.417538,46.408607
16.418744,46.407651
16.422698,46.410979
16.419539,46.409969
16.419538,46.411553
16.419671,46.410505
16.417835,46.409015
16.422382,46.416164
16.41924,46.407213
16.403106,46.405753
16.419244,46.411003
16.413586,46.409016
16.420832,46.413452
16.416535,46.412746
16.422634,46.410712
16.422267,46.416362
16.419799,46.405842
16.415592,46.4083
16.419549,46.406082
16.420422,46.41253
16.419963,46.406942
16.418925,46.407114
16.416887,46.40759
16.404862,46.406936
16.403991,46.406446
16.421035,46.414214
16.419662,46.410312
16.418864,46.408342
16.423011,46.414643
16.418263,46.412772
16.420285,46.412219
16.417151,46.412662
16.419178,46.410822
16.422649,46.417143
16.417977,46.407026
16.421545,46.414457
16.419743,46.410867
16.419537,46.409275
16.419354,46.411148
16.42197,46.409765
16.417954,46.408746
16.417319,46.412788
16.419434,46.407539
16.418919,46.408557
16.419058,46.409405
16.422914,46.412186
16.417911,46.407505
16.417732,46.40783
16.420707,46.41282
16.422803,46.417272
16.419138,46.410499
16.418319,46.407649
16.424481,46.417811
16.42281,46.414613
16.422312,46.410259
16.403264,46.405979
16.417973,46.408427
16.419775,46.412209
16.422339,46.415271
16.417855,46.407666
16.419136,46.410663
16.421284,46.408624
16.422199,46.410071
16.415729,46.412955
16.405255,46.407037
16.418968,46.406463
16.416701,46.4128
16.408909,46.415341
16.416601,46.413005
16.411741,46.411484
16.412002,46.41156
16.412436,46.411737
16.41222,46.411631
16.412647,46.411821
16.41283,46.411929
16.413053,46.412032
16.413254,46.412153
16.413453,46.412273
16.413695,46.412362
16.413867,46.412443
16.414039,46.412584
16.414436,46.412618
16.414462,46.412188
16.414177,46.412129
16.414023,46.41207
16.413779,46.411999
16.413596,46.411901
16.413373,46.411835
16.412599,46.41141
16.412402,46.411284
16.412284,46.411232
16.412177,46.411032
16.411724,46.4108
16.411927,46.410598
16.412131,46.410453
16.412215,46.41028
16.412468,46.410178
16.412628,46.410031
16.412818,46.4099
16.412853,46.410413
16.412994,46.410316
16.413196,46.410178
16.412846,46.411165
16.413022,46.411026
16.413251,46.410856
16.413417,46.410728
16.413652,46.410504
16.413314,46.40972
16.413779,46.410013
16.41404,46.410219
16.414202,46.410364
16.414421,46.410467
16.414622,46.41061
16.414859,46.410684
16.414986,46.410847
16.415148,46.410948
16.415362,46.411063
16.414142,46.410867
16.414538,46.411087
16.414331,46.411259
16.413798,46.410909
16.413782,46.411241
16.413214,46.411411
16.412769,46.411335
16.415136,46.411571
16.413564,46.411636
16.414127,46.411435
16.412447,46.407927
16.638289,46.356834
16.410315,46.37289
16.41031,46.372963
16.410287,46.373044
16.445327,46.394588
16.432695,46.403894
16.447368,46.378512
16.44911,46.38726
16.449513,46.377953
16.449564,46.376997
16.444663,46.377806
16.444778,46.377036
16.446789,46.377027
16.44516,46.377452
16.444739,46.377651
16.447713,46.377431
16.447303,46.376982
16.44955,46.376567
16.449454,46.376408
16.440414,46.378679
16.44021,46.378993
16.442904,46.379156
16.440729,46.379798
16.440282,46.380232
16.441165,46.380039
16.441122,46.379224
16.441674,46.379485
16.443337,46.3786
16.443706,46.378594
16.443889,46.378594
16.444626,46.380094
16.443414,46.379018
16.440522,46.377848
16.444267,46.377045
16.443332,46.377354
16.443268,46.377042
16.441094,46.378314
16.444796,46.386507
16.44587,46.386869
16.445506,46.386629
16.444944,46.385732
16.444535,46.386343
16.441086,46.396283
16.438577,46.380308
16.482007,46.367203
16.471548,46.370877
16.444695,46.377327
16.437938,46.392783
16.439122,46.393506
16.436507,46.393283
16.437079,46.393005
16.438633,46.393253
16.458614,46.387008
16.447452,46.386292
16.449041,46.387335
16.44911,46.387171
16.448296,46.38714
16.446766,46.387925
16.446517,46.384841
16.451258,46.386849
16.446694,46.38676
16.447695,46.386294
16.448972,46.386136
16.447889,46.386055
16.429751,46.390182
16.436564,46.394183
16.449396,46.390852
16.391784,46.337218
16.47306,46.370023
16.438351,46.377688
16.440704,46.380944
16.479308,46.369456
16.449972,46.391744
16.440205,46.378263
16.44573,46.387838
16.455109,46.392314
16.391086,46.337176
16.439829,46.382685
16.432306,46.393251
16.439296,46.382743
16.392038,46.337699
16.436172,46.395579
16.474082,46.369985
16.478651,46.366565
16.426103,46.390084
16.475045,46.369733
16.460545,46.392572
16.44123,46.380856
16.429248,46.389916
16.391218,46.337046
16.43848,46.38172
16.439039,46.380442
16.446684,46.386089
16.447087,46.386046
16.441112,46.381539
16.460221,46.392577
16.441732,46.396126
16.439108,46.395473
16.475226,46.370046
16.438951,46.395389
16.439277,46.395534
16.482772,46.367136
16.437792,46.392691
16.480972,46.36612
16.474324,46.369927
16.440703,46.381317
16.439446,46.377467
16.436994,46.392539
16.44572,46.391349
16.441714,46.377062
16.459883,46.392649
16.44209,46.396331
16.428726,46.389973
16.438889,46.379045
16.479139,46.364517
16.438863,46.39528
16.439867,46.395876
16.439654,46.395764
16.439939,46.395899
16.43981,46.382378
16.43925,46.378708
16.439581,46.378279
16.476791,46.370503
16.478538,46.367588
16.392754,46.337313
16.476715,46.367681
16.390672,46.337294
16.438029,46.394185
16.444459,46.381321
16.439257,46.382368
16.438991,46.379572
16.392845,46.338178
16.447979,46.386882
16.446043,46.377034
16.436625,46.394677
16.390542,46.337255
16.439281,46.382566
16.439973,46.381269
16.442335,46.379002
16.478491,46.369812
16.479262,46.367247
16.391698,46.337375
16.394311,46.336344
16.437521,46.395641
16.39176,46.336948
16.438354,46.378321
16.391475,46.338022
16.446917,46.376985
16.440319,46.380611
16.43858,46.377401
16.442248,46.395905
16.392204,46.337496
16.391552,46.338002
16.442359,46.380481
16.480365,46.366071
16.439734,46.395792
16.441172,46.382133
16.480087,46.368613
16.394421,46.337288
16.442807,46.377359
16.448037,46.378409
16.444513,46.37814
16.445592,46.37706
16.445239,46.37846
16.445222,46.378104
16.448085,46.376948
16.448351,46.376923
16.439272,46.379085
16.440717,46.379481
16.442198,46.378735
16.43941,46.380192
16.439789,46.379482
16.440502,46.38023
16.440755,46.38025
16.44036,46.380201
16.441175,46.379861
16.442976,46.378606
16.444065,46.378591
16.444432,46.378594
16.441965,46.379871
16.444216,46.379793
16.439293,46.377872
16.440026,46.377877
16.440196,46.377837
16.440828,46.377831
16.441201,46.377828
16.44202,46.377053
16.443571,46.377381
16.441529,46.378306
16.443773,46.377038
16.443517,46.377026
16.442309,46.377837
16.44385,46.377806
16.446309,46.386421
16.445695,46.385858
16.445696,46.386165
16.480611,46.365979
16.439426,46.382095
16.439709,46.381727
16.437411,46.392598
16.438005,46.393506
16.438083,46.392933
16.439509,46.393761
16.43759,46.393893
16.438679,46.39393
16.437055,46.393581
16.459105,46.384261
16.445676,46.38836
16.448579,46.386847
16.448988,46.386498
16.448657,46.387379
16.447048,46.386849
16.446743,46.386964
16.448964,46.386247
16.448933,46.385867
16.448329,46.386041
16.448498,46.390572
16.448989,46.391434
16.448003,46.391122
16.450183,46.392418
16.447968,46.376995
16.444218,46.381296
16.441679,46.39559
16.43023,46.39542
16.393232,46.336326
16.431368,46.393767
16.391866,46.337195
16.436604,46.394142
16.440037,46.379807
16.471836,46.370162
16.439937,46.382083
16.438478,46.393813
16.441735,46.37736
16.446546,46.377037
16.430445,46.39088
16.447744,46.386935
16.480117,46.369149
16.473117,46.370718
16.44697,46.391664
16.441318,46.39538
16.441787,46.380479
16.44043,46.381731
16.473661,46.370146
16.438932,46.395321
16.441602,46.37839
16.43981,46.382458
16.391481,46.337604
16.441078,46.395833
16.475096,46.369919
16.438799,46.378127
16.481629,46.36725
16.478928,46.365884
16.390884,46.336983
16.445637,46.388303
16.441962,46.382685
16.442448,46.381524
16.39307,46.337922
16.438917,46.379128
16.473261,46.37028
16.438479,46.394412
16.42614,46.389886
16.391788,46.336869
16.390757,46.337106
16.441129,46.381638
16.444355,46.377789
16.439688,46.380619
16.426711,46.390049
16.441828,46.38163
16.436099,46.39574
16.392942,46.337832
16.437353,46.394948
16.479693,46.368171
16.430323,46.395341
16.439334,46.382993
16.473856,46.370769
16.448307,46.377611
16.493789,46.362974
16.48163,46.366122
16.440135,46.396007
16.480799,46.366177
16.473885,46.370073
16.39165,46.338301
16.481571,46.365799
16.482442,46.36714
16.439198,46.381308
16.446121,46.391475
16.439481,46.38126
16.42705,46.389758
16.440464,46.381316
16.470866,46.370762
16.478692,46.366394
16.476404,46.370577
16.439891,46.378288
16.483658,46.367061
16.473491,46.369142
16.438897,46.394041
16.440661,46.378686
16.481197,46.366258
16.447181,46.377018
16.392354,46.337693
16.436832,46.394296
16.448675,46.386763
16.440623,46.380629
16.483463,46.367082
16.471661,46.370315
16.441278,46.377375
16.436511,46.395053
16.390692,46.337209
16.449496,46.377847
16.429788,46.390535
16.392211,46.337666
16.439951,46.377128
16.443402,46.379394
16.437332,46.395996
16.437689,46.395664
16.388875,46.33744
16.445037,46.386688
16.437098,46.394099
16.444016,46.377048
16.436764,46.395506
16.438525,46.380003
16.438708,46.381686
16.44423,46.386302
16.439077,46.394154
16.439034,46.379984
16.475313,46.370212
16.441128,46.382489
16.440376,46.382621
16.442175,46.380483
16.436007,46.395865
16.444731,46.377487
16.444792,46.37858
16.430217,46.390439
16.439518,46.379056
16.439954,46.378709
16.439668,46.380231
16.439747,46.380225
16.439563,46.380144
16.439325,46.380198
16.439553,46.379485
16.4406,46.380255
16.440184,46.380206
16.440678,46.380224
16.441041,46.378588
16.441613,46.379392
16.44155,46.378667
16.44279,46.378607
16.443157,46.378607
16.44177,46.380056
16.442346,46.379861
16.444634,46.380231
16.439452,46.377868
16.439366,46.37787
16.43955,46.377865
16.440658,46.377885
16.441065,46.377832
16.44072,46.377088
16.442271,46.377048
16.442343,46.378192
16.443985,46.378134
16.442297,46.377391
16.442035,46.377381
16.440356,46.378287
16.440668,46.37821
16.440515,46.378257
16.443336,46.377797
16.44437,46.385935
16.446204,46.38685
16.444937,46.386582
16.444534,46.386055
16.393435,46.336894
16.393652,46.337322
16.437189,46.392541
16.43845,46.393134
16.441947,46.396659
16.441516,46.39672
16.437643,46.3933
16.446213,46.389327
16.448542,46.378314
16.44694,46.386049
16.460274,46.386836
16.448174,46.386857
16.448453,46.387402
16.44843,46.386898
16.446659,46.387757
16.39478,46.337536
16.448686,46.387142
16.447513,46.386933
16.448363,46.386292
16.447194,46.386044
16.448264,46.385834
16.394333,46.337007
16.477469,46.36758
16.440213,46.381311
16.440134,46.377404
16.448632,46.377076
16.478976,46.367279
16.391633,46.337342
16.439019,46.379837
16.440365,46.382374
16.391917,46.337499
16.435281,46.396791
16.480108,46.367371
16.472412,46.369811
16.44866,46.386546
16.439673,46.377462
16.475637,46.370342
16.482973,46.367117
16.392286,46.338823
16.436947,46.394237
16.448048,46.378694
16.441058,46.378404
16.39202,46.337289
16.439729,46.38128
16.473238,46.369863
16.480409,46.36735
16.436522,46.396061
16.431345,46.391522
16.430908,46.39452
16.43968,46.377122
16.437053,46.395218
16.391378,46.336924
16.43897,46.38207
16.479011,46.367682
16.48108,46.366366
16.438594,46.380761
16.43905,46.395406
16.472917,46.369525
16.443009,46.377056
16.47346,46.370255
16.440688,46.378981
16.461057,46.392481
16.479037,46.36547
16.480605,46.367364
16.426785,46.389983
16.454763,46.39248
16.479027,46.364982
16.43883,46.378607
16.439214,46.377492
16.479669,46.36733
16.439126,46.37829
16.442516,46.381396
16.39122,46.337167
16.391406,46.337517
16.391075,46.33723
16.438304,46.378151
16.39224,46.337834
16.438763,46.382645
16.436933,46.394744
16.437176,46.396842
16.445227,46.385595
16.479036,46.365204
16.439493,46.380952
16.476997,46.367641
16.445368,46.377057
16.441732,46.38212
16.438929,46.381194
16.483901,46.367045
16.459497,46.392273
16.440677,46.395028
16.438544,46.380166
16.39129,46.338279
16.431618,46.392062
16.446054,46.387964
16.440773,46.38061
16.444527,46.381471
16.43893,46.377168
16.391055,46.337058
16.477798,46.370171
16.48124,46.366002
16.440696,46.381744
16.429257,46.390254
16.392625,46.337875
16.391502,46.337708
16.479494,46.367279
16.44102,46.379473
16.472399,46.370782
16.439736,46.378262
16.391371,46.338017
16.439715,46.378683
16.392823,46.338463
16.47415,46.370815
16.445056,46.386787
16.437196,46.395092
16.444426,46.380414
16.48102,46.366732
16.437431,46.39591
16.437416,46.39555
16.441221,46.380124
16.460375,46.392593
16.440253,46.395364
16.443153,46.378177
16.472124,46.370811
16.445421,46.388347
16.442551,46.377376
16.440265,46.379792
16.439451,46.39563
16.440351,46.396124
16.44518,46.377704
16.449463,46.378193
16.446392,46.377056
16.447661,46.377609
16.448322,46.377423
16.447764,46.377343
16.442585,46.378615
16.439811,46.380237
16.440419,46.380227
16.441605,46.379217
16.441649,46.379121
16.444246,46.378589
16.480528,46.366582
16.439952,46.377865
16.440359,46.377842
16.440922,46.377835
16.440997,46.377833
16.441433,46.37705
16.44206,46.378185
16.443696,46.378171
16.444254,46.378138
16.443067,46.377794
16.446434,46.386088
16.445914,46.386314
16.446127,46.386346
16.446119,46.386659
16.446241,46.386094
16.445357,46.385662
16.446012,46.386058
16.445312,46.386528
16.438489,46.382114
16.439959,46.381738
16.439176,46.381699
16.438267,46.393034
16.439321,46.393634
16.4367,46.393373
16.436829,46.393809
16.43745,46.393209
16.437237,46.393684
16.445151,46.386426
16.442339,46.379373
16.44891,46.385742
16.449014,46.386906
16.429316,46.393999
16.436481,46.394104
16.44728,46.386878
16.450293,46.391141
16.445116,46.385835
16.479863,46.367325
16.437525,46.394204
16.476994,46.370443
16.445138,46.377037
16.481062,46.36701
16.432184,46.39355
16.446183,46.388123
16.391673,46.337242
16.472848,46.370722
16.44326,46.382229
16.438625,46.38061
16.440395,46.395436
16.440955,46.382534
16.439012,46.380291
16.391642,46.337592
16.447635,46.390239
16.441174,46.377069
16.444419,46.379799
16.392393,46.3371
16.425836,46.390148
16.44105,46.377428
16.438743,46.381071
16.440815,46.3951
16.441044,46.380552
16.439276,46.382492
16.43222,46.392709
16.439046,46.380135
16.42553,46.390513
16.43829,46.394282
16.471833,46.370865
16.439336,46.395587
16.473699,46.369024
16.441623,46.378137
16.439854,46.380605
16.436832,46.392454
16.438475,46.37928
16.436588,46.394042
16.460709,46.392546
16.432613,46.392653
16.442732,46.381392
16.391554,46.337361
16.440818,46.38022
16.457256,46.386543
16.392195,46.336947
16.44952,46.377394
16.392245,46.337031
16.438812,46.378451
16.44431,46.381741
16.441811,46.381454
16.39291,46.33768
16.440114,46.395284
16.39212,46.338171
16.390618,46.337253
16.480535,46.366479
16.439983,46.379019
16.440536,46.395525
16.448592,46.385823
16.43928,46.394253
16.47447,46.370868
16.439795,46.39585
16.440069,46.395966
16.439997,46.395923
16.432411,46.3931
16.444016,46.381288
16.476471,46.367691
16.472671,46.370742
16.479327,46.367891
16.473604,46.370752
16.435521,46.396798
16.39208,46.337484
16.438408,46.378968
16.392381,46.3376
16.455084,46.392447
16.444112,46.377366
16.439844,46.382897
16.47906,46.369561
16.435954,46.396784
16.472055,46.370028
16.441025,46.395198
16.438742,46.38239
16.390794,46.337329
16.447128,46.386313
16.447501,46.378143
16.440159,46.380624
16.393379,46.337616
16.39169,46.3378
16.391996,46.33816
16.478601,46.369761
16.392887,46.337926
16.39217,46.337591
16.437349,46.395627
16.438516,46.379855
16.441285,46.395938
16.438785,46.382895
16.439174,46.382106
16.438937,46.379321
16.440755,46.395058
16.441938,46.396389
16.481076,46.367823
16.446297,46.391484
16.44079,46.396265
16.440208,46.396044
16.472744,46.369593
16.477719,46.367593
16.449046,46.387481
16.445497,46.385752
16.454617,46.392191
16.448187,46.377878
16.448018,46.378494
16.445224,46.378295
16.444741,46.378154
16.449519,46.377518
16.448239,46.377688
16.447615,46.377694
16.447564,46.377015
16.448483,46.376897
16.449528,46.377271
16.447453,46.378424
16.444477,46.379161
16.440483,46.379485
16.440021,46.379505
16.442332,46.378874
16.440447,46.378985
16.439814,46.379857
16.4395,46.380206
16.439585,46.379871
16.439345,46.379883
16.440502,46.379801
16.439971,46.380234
16.441203,46.379771
16.441125,46.378678
16.441771,46.3799
16.44303,46.379022
16.44952,46.377137
16.439216,46.377876
16.439633,46.377864
16.440579,46.377535
16.440756,46.377833
16.439789,46.377857
16.440818,46.378137
16.442508,46.377052
16.440364,46.377399
16.443052,46.377348
16.441508,46.377366
16.444346,46.377366
16.442814,46.377823
16.444813,46.386218
16.444692,46.386433
16.44433,46.386209
16.446367,46.386966
16.445796,46.386711
16.441201,46.379315
16.43831,46.395099
16.439739,46.380962
16.439979,46.380978
16.442924,46.38249
16.456884,46.388283
16.446803,46.389483
16.448491,46.387146
16.446673,46.386339
16.433277,46.403856
16.449017,46.386628
16.449009,46.386749
16.446926,46.386423
16.448628,46.38638
16.447435,46.386055
16.448106,46.386034
16.446101,46.388019
16.447124,46.391246
16.448627,46.392018
16.472227,46.369925
16.43917,46.377112
16.440381,46.382704
16.442065,46.381686
16.459713,46.392656
16.445902,46.388242
16.392534,46.337746
16.446179,46.387405
16.440972,46.378161
16.441081,46.395253
16.392288,46.337567
16.440181,46.382044
16.439535,46.380635
16.473491,46.369914
16.446565,46.387623
16.444628,46.379951
16.445388,46.388174
16.444015,46.381731
16.391238,46.337259
16.39214,46.337367
16.483204,46.367104
16.438786,46.378286
16.478499,46.366712
16.391744,46.337539
16.437948,46.39441
16.444624,46.380389
16.442475,46.396004
16.440001,46.380637
16.47921,46.367764
16.393025,46.338268
16.449482,46.37806
16.442172,46.379866
16.439982,46.395201
16.438829,46.38315
16.437184,46.394027
16.442337,46.379119
16.443163,46.379396
16.476139,46.36854
16.444514,46.381669
16.477204,46.370365
16.478672,46.367277
16.439716,46.393854
16.478833,46.369651
16.441465,46.396047
16.391825,46.337356
16.455072,46.39214
16.436912,46.395378
16.442364,46.381604
16.439739,46.379046
16.445349,46.38598
16.439683,46.382087
16.391489,46.337659
16.441719,46.382331
16.392046,46.337125
16.39184,46.33788
16.445534,46.391242
16.444035,46.379799
16.440181,46.377095
16.44549,46.385335
16.445482,46.38604
16.444996,46.386325
16.441861,46.395696
16.474795,46.370894
16.44558,46.39107
16.474161,46.369657
16.438601,46.38046
16.437626,46.395736
16.430692,46.392884
16.3927,46.338082
16.438884,46.378768
16.442695,46.382223
16.438695,46.377257
16.460056,46.392578
16.447697,46.37697
16.392423,46.337309
16.438712,46.382043
16.438921,46.37943
16.439601,46.395712
16.439508,46.395686
16.428355,46.39597
16.446302,46.3784
16.449526,46.37686
16.426786,46.389826
16.444605,46.378588
16.447585,46.377881
16.447509,46.377962
16.4484,46.377338
16.430201,46.390824
16.440828,46.395671
16.4416,46.378561
16.440191,46.3787
16.442424,46.378565
16.442342,46.379245
16.43948,46.37869
16.440062,46.380213
16.441101,46.37904
16.441143,46.378953
16.443522,46.378598
16.442941,46.379398
16.442906,46.379035
16.439134,46.377879
16.440121,46.377857
16.441128,46.37783
16.439717,46.37786
16.440271,46.377875
16.440427,46.377088
16.442617,46.378165
16.443839,46.377378
16.442551,46.377831
16.443579,46.377767
16.442894,46.378177
16.444693,46.38615
16.444088,46.386065
16.445935,46.386021
16.445053,46.385532
16.443001,46.381396
16.438936,46.381704
16.440456,46.380941
16.437833,46.393392
16.442604,46.396091
16.437424,46.393782
16.436756,46.393904
16.436895,46.393463
16.4454,46.389075
16.457342,46.38427
16.459011,46.386149
16.448072,46.386291
16.446104,46.384649
16.453446,46.386118
16.448948,46.386021
16.446338,46.388087
16.446445,46.388043
16.446359,46.387428
16.448911,46.390698
16.43876,46.382521
16.392256,46.33864
16.425811,46.390537
16.479106,46.36431
16.445988,46.386962
16.441159,46.395288
16.441138,46.381362
16.47946,46.369363
16.44743,46.378225
16.444103,46.377809
16.44062,46.394977
16.478244,46.367559
16.445716,46.389802
16.44082,46.377432
16.473677,46.369837
16.438381,46.378474
16.447174,46.386878
16.442053,46.377853
16.441777,46.380207
16.392039,46.337176
16.44157,46.37885
16.481015,46.366454
16.391953,46.337241
16.479074,46.364764
16.449507,46.377733
16.438635,46.380926
16.440207,46.381747
16.439266,46.378277
16.429357,46.39415
16.438895,46.394622
16.439906,46.377416
16.441244,46.395339
16.431806,46.391947
16.478827,46.366211
16.478229,46.367254
16.438731,46.395263
16.46088,46.392559
16.439204,46.3955
16.440946,46.395173
16.442283,46.396438
16.440532,46.394947
16.392423,46.338474
16.439423,46.37831
16.438295,46.377995
16.478805,46.367207
16.439308,46.382866
16.440999,46.38102
16.442134,46.382154
16.445575,46.388036
16.448001,46.378232
16.391075,46.33727
16.477293,46.36765
16.449037,46.387028
16.471473,46.370383
16.440934,46.382109
16.440892,46.395133
16.475073,46.37082
16.444617,46.379809
16.425908,46.39072
16.439428,46.377124
16.478276,46.369913
16.479503,46.368082
16.439325,46.379503
16.44772,46.387261
16.438354,46.378634
16.440681,46.382072
16.478886,46.366073
16.441977,46.380486
16.441817,46.381321
16.445926,46.391391
16.390577,46.337357
16.438422,46.379131
16.480257,46.367355
16.4438,46.382292
16.438772,46.382769
16.48016,46.368759
16.448474,46.378628
16.481034,46.3673
16.438375,46.378802
16.454697,46.392335
16.440685,46.395606
16.440424,46.382049
16.443294,46.379019
16.473137,46.369429
16.431888,46.390904
16.438489,46.379439
16.441035,46.380294
16.438422,46.377523
16.473925,46.369754
16.390906,46.33728
16.448975,46.386373
16.442052,46.395801
16.440772,46.382545
16.440045,46.378267
16.441193,46.381273
16.391904,46.337027
16.448118,46.37796
16.445911,46.377089
16.445446,46.377391
16.445201,46.37792
16.449542,46.37673
16.430786,46.392581
16.448551,46.377164
16.442906,46.379276
16.439884,46.380208
16.443162,46.37902
16.440448,46.37785
16.442763,46.377058
16.443445,46.378148
16.438698,46.394506
16.477994,46.370036
16.4433,46.381402
16.439442,46.38172
16.44022,46.380947
16.438931,46.393401
16.440605,46.396936
16.436833,46.392862
16.438193,46.39361
16.448923,46.378386
16.449805,46.390981
16.440928,46.377084
16.440379,46.382496
16.446305,46.386334
16.440391,46.394862
16.453342,46.390169
16.444349,46.382239
16.392311,46.337799
16.441232,46.380696
16.484365,46.366973
16.438287,46.37783
16.476446,46.368345
16.441895,46.396225
16.444039,46.380416
16.441024,46.381794
16.477582,46.370261
16.475073,46.369514
16.441633,46.378947
16.444223,46.380409
16.480523,46.366716
16.438513,46.379597
16.441783,46.380344
16.479978,46.368472
16.391401,46.337172
16.484772,46.366894
16.478429,46.367155
16.478081,46.367553
16.445397,46.388067
16.450717,46.392872
16.439815,46.382644
16.440278,46.396089
16.444001,46.386009
16.392519,46.337483
16.391409,46.337848
16.438794,46.38302
16.439398,46.38062
16.447462,46.378739
16.390794,46.337269
16.391297,46.337092
16.471302,46.370483
16.446401,46.391538
16.441489,46.395489
16.440475,46.380653
16.448583,46.38574
16.43595,46.396012
16.444655,46.389405
16.39168,46.337106
16.446485,46.387497
16.440663,46.396215
16.440467,46.394909
16.436456,46.396435
16.439259,46.405102
16.437554,46.404368
16.446522,46.402317
16.446159,46.402573
16.44245,46.404171
16.447141,46.400767
16.444863,46.402198
16.446681,46.401039
16.444743,46.401504
16.445561,46.400773
16.43823,46.404367
16.433426,46.404791
16.446979,46.401973
16.441379,46.403326
16.44116,46.403382
16.434291,46.404043
16.438886,46.403909
16.445736,46.40235
16.43428,46.404275
16.435848,46.403896
16.4472,46.401821
16.443732,46.402661
16.446619,46.402173
16.449763,46.400047
16.434128,46.40446
16.436928,46.403931
16.433787,46.404432
16.446037,46.400332
16.443545,46.402731
16.435217,46.403949
16.440464,46.403569
16.445877,46.402738
16.449482,46.400489
16.440932,46.404373
16.441827,46.403224
16.436372,46.403918
16.433589,46.4048
16.446808,46.402098
16.433698,46.404039
16.43785,46.404344
16.445061,46.401152
16.449261,46.399928
16.443253,46.402875
16.450231,46.399761
16.440264,46.403567
16.435631,46.403955
16.436617,46.403924
16.441214,46.404297
16.442042,46.403141
16.434941,46.404025
16.433102,46.404621
16.442039,46.404504
16.448763,46.400742
16.434635,46.404021
16.436113,46.403902
16.438533,46.404354
16.43731,46.403848
16.440333,46.403997
16.441312,46.404722
16.440547,46.403992
16.433941,46.404038
16.449888,46.399274
16.450066,46.399899
16.450348,46.399575
16.439792,46.403651
16.4416,46.403271
16.43446,46.404498
16.439122,46.403826
16.441024,46.404333
16.43873,46.40426
16.440944,46.403493
16.440025,46.40364
16.439066,46.404234
16.445705,46.400617
16.439899,46.404529
16.442536,46.403009
16.439557,46.403748
16.437646,46.404076
16.446414,46.402381
16.445259,46.401758
16.442302,46.40307
16.440718,46.403537
16.439326,46.403769
16.439508,46.40436
16.438408,46.404087
16.438338,46.403723
16.434024,46.404494
16.432778,46.404546
16.438093,46.404051
16.461399,46.392531
16.461232,46.392514
16.461147,46.391892
16.43064,46.39062
16.431175,46.390544
16.457269,46.389169
16.448079,46.378148
16.447432,46.390771
16.447909,46.386277
16.439972,46.394567
16.443376,46.379445
16.45461,46.392144
16.437784,46.393985
16.437264,46.393114
16.440244,46.37949
16.429358,46.395643
16.447238,46.389741
16.447489,46.388284
16.442203,46.404352
16.441565,46.405365
16.442004,46.404941
16.442136,46.405153
16.442247,46.405338
16.441478,46.405016
16.441305,46.405306
16.441985,46.405432
16.441889,46.404725
16.440473,46.404729
16.44098,46.404707
16.440701,46.404714
16.440143,46.404834
16.439956,46.404883
16.441042,46.405175
16.440805,46.405164
16.440467,46.40521
16.440245,46.405334
16.439714,46.404937
16.442195,46.406656
16.442298,46.406497
16.442335,46.405964
16.441174,46.406267
16.441684,46.406493
16.441354,46.40671
16.44102,46.406403
16.441538,46.406818
16.442342,46.4063
16.44176,46.406914
16.442326,46.406131
16.441846,46.405597
16.441639,46.405814
16.441483,46.405895
16.441357,46.406114
16.444535,46.377053
16.446305,46.385356
16.445588,46.387449
16.445447,46.387543
16.445452,46.3877
16.445998,46.387381
16.447678,46.386055
16.445529,46.401386
16.47611,46.367098
16.43036,46.391706
16.430306,46.391792
16.430429,46.391629
16.447087,46.400699
16.447048,46.400636
16.393678,46.336533
16.39407,46.336744
16.394494,46.337579
16.432043,46.392062
16.439456,46.405021
16.440865,46.397004
16.441198,46.397007
16.441424,46.397108
16.429821,46.394871
16.429044,46.394723
16.429253,46.394536
16.446977,46.388385
16.437694,46.404366
16.472615,46.390854
16.412499,46.372913
16.40557,46.382439
16.608911,46.327722
16.425727,46.372871
16.42228,46.41554
16.329711,46.49873
16.435838,46.380087
16.423719,46.383592
16.443208,46.380072
16.639479,46.391878
16.364015,46.525342
16.414651,46.370388
16.393879,46.336192
16.392546,46.338836
16.396313,46.326775
16.469992,46.361452
16.430456,46.395104
16.426363,46.367471
16.433902,46.381293
16.465707,46.367272
16.465784,46.367233
16.465867,46.367195
16.354271,46.522696
16.413855,46.38656
16.641815,46.388984
16.441226,46.386483
16.474493,46.391026
16.419913,46.38144
16.435114,46.385657
16.421107,46.40523
16.445148,46.37676
16.350057,46.504722
16.421637,46.51875
16.431149,46.517501
16.428086,46.517972
16.477441,46.390202
16.426216,46.505774
16.446198,46.388626
16.382279,46.528251
16.432888,46.336403
16.37984,46.526752
16.451934,46.378629
16.402796,46.327828
16.438106,46.407546
16.338162,46.5226
16.651682,46.345288
16.374709,46.522391
16.356552,46.523044
16.496323,46.369671
16.413652,46.333366
16.436749,46.394921
16.394734,46.337357
16.493326,46.489919
16.64393,46.390155
16.47945,46.388875
16.423769,46.519003
16.423693,46.518974
16.416764,46.367927
16.44241,46.390288
16.448672,46.504043
16.36879,46.502335
16.459595,46.405681
16.449775,46.392911
16.419732,46.382975
16.605482,46.347167
16.438102,46.40789
16.354753,46.498054
16.428332,46.513687
16.426161,46.473011
16.41424,46.389644
16.45401,46.39343
16.42403,46.386068
16.433578,46.381332
16.428291,46.376782
16.426834,46.37723
16.449648,46.510801
16.450725,46.40268
16.483789,46.370647
16.48399,46.370734
16.484414,46.370937
16.4842,46.370865
16.427634,46.403794
16.38232,46.52702
16.359813,46.495096
16.344256,46.506158
16.419033,46.4098
16.394678,46.337222
16.428376,46.505957
16.437984,46.405494
16.420221,46.413255
16.617551,46.363829
16.617109,46.363641
16.61718,46.36356
16.616835,46.363454
16.617085,46.363461
16.617295,46.363427
16.617081,46.363254
16.617375,46.363195
16.617365,46.363095
16.617249,46.362977
16.617481,46.362842
16.617343,46.362676
16.617534,46.362516
16.617643,46.362373
16.617487,46.362227
16.617719,46.36187
16.617786,46.361739
16.617507,46.361591
16.617251,46.361432
16.617847,46.361466
16.617871,46.361339
16.617789,46.361209
16.618035,46.361126
16.617917,46.360988
16.617712,46.360847
16.617962,46.360673
16.618018,46.360488
16.618045,46.360412
16.618054,46.360249
16.618189,46.359893
16.618176,46.359747
16.61839,46.360801
16.618042,46.359627
16.618258,46.359494
16.618228,46.359412
16.618093,46.359308
16.618277,46.359196
16.61818,46.359089
16.618248,46.358957
16.618158,46.358865
16.617987,46.358766
16.618196,46.358562
16.618009,46.358393
16.618075,46.358098
16.618182,46.357885
16.429475,46.393585
16.622223,46.362043
16.442056,46.406772
16.615595,46.364337
16.360131,46.521983
16.42359,46.385438
16.424073,46.385324
16.440007,46.405391
16.641891,46.392336
16.440423,46.396552
16.475899,46.395304
16.440667,46.407112
16.435795,46.511035
16.450103,46.39005
16.438843,46.408842
16.438868,46.408927
16.438789,46.409011
16.439148,46.409046
16.439134,46.408959
16.439161,46.408901
16.43921,46.408539
16.439002,46.408553
16.439277,46.408158
16.439255,46.408216
16.439251,46.408279
16.446013,46.51242
16.471346,46.370896
16.439917,46.396864
16.343773,46.506208
16.423469,46.382102
16.424659,46.382087
16.418549,46.382526
16.43915,46.422666
16.418633,46.403628
16.446657,46.392675
16.412901,46.386278
16.441034,46.393375
16.337286,46.521278
16.445909,46.414819
16.647486,46.343919
16.647323,46.343918
16.347277,46.511897
16.445874,46.512257
16.480548,46.394383
16.446533,46.392576
16.361362,46.527312
16.418268,46.386437
16.337826,46.490989
16.447086,46.400493
16.447064,46.400561
16.366289,46.503991
16.431278,46.391492
16.319712,46.495078
16.448315,46.406111
16.439124,46.407247
16.439141,46.407302
16.439137,46.407382
16.437784,46.396793
16.372094,46.524467
16.498603,46.37346
16.476276,46.419354
16.650743,46.347903
16.649808,46.348563
16.359777,46.495743
16.329716,46.49756
16.421117,46.381152
16.35892,46.540456
16.694636,46.338593
16.690941,46.337471
16.611242,46.33289
16.439207,46.39684
16.670636,46.331682
16.609697,46.330168
16.450948,46.443281
16.450754,46.443317
16.363499,46.502126
16.363513,46.502381
16.363141,46.502138
16.36242,46.501676
16.36291,46.501845
16.36427,46.502448
16.364345,46.502533
16.364657,46.502711
16.619766,46.324676
16.639084,46.385573
16.638181,46.36384
16.644222,46.391121
16.644104,46.364401
16.642519,46.364646
16.645293,46.36456
16.644705,46.364466
16.643131,46.364676
16.607022,46.338713
16.370669,46.523841
16.358734,46.491814
16.375168,46.524266
16.374833,46.522864
16.337339,46.522046
16.379306,46.524433
16.347242,46.521443
16.346856,46.520076
16.350579,46.487876
16.367104,46.488814
16.349909,46.511819
16.360158,46.523501
16.375338,46.522239
16.37545,46.522968
16.375409,46.523527
16.364806,46.526513
16.329392,46.498569
16.415401,46.367308
16.415638,46.367338
16.415939,46.367401
16.41567,46.367777
16.416294,46.367821
16.417001,46.36796
16.417307,46.367982
16.417515,46.368057
16.418342,46.367735
16.417292,46.376007
16.410046,46.369529
16.416293,46.366296
16.419141,46.41516
16.419577,46.415676
16.401613,46.404516
16.4235,46.404825
16.477828,46.388786
16.475976,46.390641
16.413041,46.367516
16.41318,46.367205
16.43663,46.511074
16.451996,46.512056
16.446515,46.49241
16.438082,46.508551
16.446239,46.491267
16.446483,46.497356
16.460578,46.495896
16.492673,46.490076
16.466268,46.494187
16.424988,46.515737
16.465668,46.367675
16.46567,46.367781
16.401567,46.329075
16.46348,46.444318
16.473465,46.371097
16.433597,46.386008
16.445126,46.37653
16.440354,46.375705
16.438301,46.382462
16.435153,46.379322
16.435247,46.381242
16.494958,46.367461
16.464756,46.367068
16.448039,46.336967
16.426488,46.507075
16.415816,46.37657
16.438307,46.337497
16.436316,46.333999
16.448241,46.404554
16.480365,46.419266
16.477161,46.419621
16.476829,46.419255
16.473836,46.419726
16.458196,46.443983
16.447616,46.440381
16.447643,46.440557
16.43122,46.444082
16.430783,46.329775
16.497244,46.370233
16.424139,46.375388
16.475004,46.433914
16.445334,46.408884
16.39625,46.326714
16.436946,46.382167
16.438978,46.390272
16.44787,46.379656
16.447528,46.383516
16.435008,46.384517
16.44121,46.390536
16.431857,46.385774
16.409655,46.37582
16.428576,46.378899
16.436218,46.396725
16.443392,46.39085
16.443469,46.39078
16.443771,46.390424
16.41765,46.374058
16.641469,46.397036
16.406284,46.331865
16.35466,46.507412
16.49618,46.365383
16.41289,46.368244
16.414572,46.37072
16.4127,46.410601
16.414927,46.411342
16.413925,46.411373
16.413539,46.411152
16.412493,46.410733
16.421477,46.41391
16.429068,46.505803
16.427513,46.50621
16.441524,46.40427
16.440396,46.40441
16.43792,46.40445
16.446195,46.400187
16.479688,46.495142
16.47948,46.495183
16.437389,46.396829
16.480598,46.367243
16.437733,46.394613
16.438422,46.394987
16.436401,46.395208
16.440405,46.396955
16.440661,46.396546
16.448895,46.378585
16.445861,46.400451
16.445395,46.400896
16.444926,46.401364
16.436663,46.392777
16.476362,46.38868
16.459325,46.443829
16.434306,46.450477
16.434571,46.450396
16.433918,46.450784
16.433816,46.450785
16.433709,46.450798
16.434106,46.450779
16.434197,46.450775
16.434308,46.450768
16.417217,46.371625
16.417823,46.392163
16.443989,46.390767
16.433182,46.38264
16.464858,46.371832
16.474491,46.391185
16.430687,46.447474
16.430559,46.447476
16.430413,46.447491
16.415437,46.376275
16.351914,46.523375
16.389109,46.338612
16.389206,46.338914
16.38934,46.339347
16.390992,46.339183
16.390697,46.3379
16.391379,46.338467
16.391655,46.337669
16.388983,46.338188
16.393006,46.336452
16.393592,46.336256
16.393243,46.336459
16.393341,46.33661
16.393501,46.337042
16.393588,46.337156
16.39309,46.336669
16.394006,46.336435
16.394114,46.336582
16.394203,46.336887
16.394358,46.337153
16.394441,46.336489
16.394474,46.336617
16.39459,46.336932
16.39466,46.337047
16.394941,46.337588
16.394558,46.337741
16.393843,46.336951
16.393877,46.337084
16.394116,46.337262
16.394104,46.33767
16.394143,46.337811
16.393484,46.337407
16.393799,46.337751
16.393854,46.33787
16.393552,46.337773
16.392968,46.337476
16.393004,46.337533
16.438728,46.408318
16.413001,46.366817
16.443417,46.502734
16.412049,46.376389
16.675022,46.328326
16.613668,46.333982
16.481481,46.384644
16.481469,46.384522
16.481456,46.384392
16.481465,46.384257
16.481079,46.384662
16.48105,46.384532
16.480338,46.386576
16.479607,46.386984
16.439436,46.389636
16.439638,46.389644
16.439965,46.389598
16.433303,46.381353
16.419291,46.41611
16.424266,46.376132
16.442218,46.405758
16.424952,46.49229
16.423779,46.492572
16.373589,46.523763
16.423326,46.492691
16.42289,46.49309
16.409165,46.347746
16.447856,46.504613
16.480077,46.496013
16.409095,46.375926
16.417934,46.401712
16.437397,46.504307
16.418596,46.412991
16.609977,46.333168
16.428525,46.378914
16.653714,46.364947
16.608456,46.33324
16.393908,46.337214
16.423391,46.493255
16.423372,46.493781
16.423038,46.493765
16.423004,46.493603
16.422898,46.493387
16.422907,46.493312
16.422913,46.493189
16.393502,46.337642
16.39256,46.337129
16.392431,46.336757
16.392305,46.336665
16.393105,46.336945
16.393125,46.337078
16.424167,46.382078
16.608222,46.338337
16.587167,46.323544
16.414861,46.371786
16.357786,46.507351
16.448697,46.441681
16.425208,46.374983
16.348841,46.500416
16.495985,46.396803
16.465953,46.346675
16.439396,46.393193
16.479435,46.388189
16.400449,46.332465
16.44629,46.49571
16.424807,46.391123
16.479815,46.495057
16.428736,46.450112
16.463232,46.346626
16.452764,46.358823
16.443273,46.338882
16.475954,46.389622
16.436275,46.380519
16.424867,46.374873
16.436309,46.380779
16.453875,46.394271
16.453855,46.394093
16.420853,46.380867
16.420888,46.380779
16.420767,46.380752
16.421331,46.380791
16.421424,46.380808
16.421634,46.380822
16.421908,46.380819
16.422147,46.380812
16.421464,46.381142
16.422726,46.381125
16.422884,46.381138
16.423738,46.381154
16.423225,46.381144
16.424229,46.38123
16.424345,46.381004
16.424558,46.381
16.424076,46.380764
16.423949,46.380644
16.438628,46.408756
16.438368,46.408445
16.438159,46.407221
16.438873,46.407273
16.438838,46.40722
16.438745,46.40721
16.440803,46.406746
16.44037,46.406775
16.440642,46.406221
16.440944,46.405937
16.441116,46.405787
16.434391,46.378471
16.434219,46.378136
16.434253,46.377762
16.434383,46.3792
16.435009,46.378549
16.434959,46.377944
16.434898,46.377491
16.435159,46.377123
16.435001,46.380115
16.435551,46.380118
16.435724,46.379723
16.436228,46.379759
16.436105,46.378945
16.435554,46.378544
16.437033,46.379702
16.433179,46.381677
16.433176,46.381847
16.433777,46.381712
16.434012,46.381707
16.434257,46.381674
16.434528,46.381674
16.434823,46.381651
16.435113,46.381625
16.435387,46.381615
16.435729,46.381618
16.424063,46.494047
16.394314,46.336187
16.44864,46.401991
16.494473,46.37358
16.421391,46.404385
16.35101,46.506377
16.429296,46.382181
16.43784,46.395427
16.431627,46.382701
16.428906,46.390571
16.428768,46.390567
16.432618,46.516073
16.43626,46.380391
16.41843,46.403407
16.361864,46.508746
16.432868,46.331467
16.403998,46.404385
16.645637,46.396254
16.431931,46.393824
16.42919,46.378207
16.62359,46.325065
16.426977,46.371962
16.358697,46.523328
16.434594,46.450935
16.434571,46.450808
16.423933,46.403558
16.438425,46.405493
16.438653,46.40537
16.43889,46.40534
16.439079,46.405229
16.438174,46.405199
16.436517,46.404644
16.436214,46.40453
16.435829,46.404544
16.436823,46.404329
16.435533,46.404644
16.435297,46.404654
16.437102,46.404461
16.437369,46.404409
16.434858,46.404538
16.434654,46.404505
16.435031,46.404789
16.439886,46.405397
16.612496,46.329228
16.612728,46.329371
16.612918,46.329314
16.613124,46.329317
16.613341,46.329323
16.613546,46.32933
16.614164,46.32934
16.61438,46.329341
16.614581,46.329347
16.38988,46.327205
16.390047,46.327818
16.615009,46.329371
16.615031,46.329229
16.615039,46.329078
16.615054,46.328945
16.615045,46.328801
16.615075,46.328647
16.615104,46.328481
16.615073,46.328327
16.615076,46.328174
16.615101,46.328025
16.610653,46.332701
16.422081,46.41335
16.422118,46.41348
16.421662,46.413676
16.421658,46.414054
16.42184,46.414024
16.422412,46.413904
16.422567,46.413967
16.422463,46.414045
16.422621,46.414132
16.422533,46.414176
16.422683,46.414291
16.42261,46.414344
16.423123,46.413626
16.421965,46.413088
16.422169,46.413036
16.422046,46.412847
16.422352,46.412799
16.422596,46.412961
16.422755,46.412948
16.422949,46.412589
16.423098,46.412953
16.423143,46.413203
16.412335,46.374326
16.412409,46.374361
16.412792,46.373089
16.412867,46.373134
16.41278,46.373235
16.412846,46.373273
16.412731,46.373373
16.412734,46.373432
16.412718,46.373491
16.41287,46.373653
16.412758,46.373645
16.412664,46.373641
16.412499,46.373921
16.412577,46.373865
16.412433,46.374027
16.412523,46.374078
16.412377,46.374172
16.412461,46.374225
16.412124,46.373859
16.412026,46.373854
16.411906,46.373859
16.412029,46.374073
16.412089,46.374035
16.412038,46.374182
16.411961,46.374216
16.411978,46.374335
16.411884,46.374367
16.41193,46.374449
16.411946,46.374488
16.42221,46.381112
16.436301,46.380621
16.449654,46.379529
16.366214,46.498648
16.436189,46.381653
16.438449,46.375484
16.423852,46.401079
16.41864,46.401862
16.608301,46.347383
16.494701,46.363946
16.615117,46.327805
16.61513,46.327637
16.615137,46.32748
16.61515,46.327328
16.615155,46.327181
16.615169,46.327033
16.615172,46.326883
16.615182,46.326725
16.615184,46.326572
16.613793,46.326576
16.613781,46.326726
16.613791,46.326873
16.613781,46.32702
16.613756,46.327177
16.61376,46.327323
16.613752,46.32747
16.613806,46.327764
16.61384,46.327617
16.346525,46.520673
16.44541,46.378663
16.445304,46.378665
16.445191,46.378678
16.411916,46.386933
16.428432,46.394427
16.428641,46.394204
16.42508,46.446649
16.425044,46.446616
16.425017,46.446572
16.421667,46.413541
16.613726,46.328652
16.613719,46.328492
16.61372,46.328335
16.6138,46.328171
16.613734,46.328021
16.613408,46.326552
16.613399,46.326691
16.613395,46.32685
16.613365,46.326978
16.61337,46.327124
16.613342,46.32728
16.613351,46.327433
16.613329,46.327587
16.613336,46.327727
16.613307,46.327866
16.613311,46.328025
16.613289,46.328177
16.613289,46.328335
16.613294,46.328478
16.613286,46.328635
16.613396,46.326269
16.61336,46.326065
16.613327,46.325895
16.613872,46.326056
16.613814,46.325869
16.613794,46.325665
16.613757,46.325506
16.613726,46.325325
16.613769,46.325155
16.455821,46.386518
16.641638,46.339587
16.641861,46.339565
16.642329,46.33955
16.642709,46.339595
16.642993,46.339689
16.643377,46.339759
16.642072,46.339952
16.642318,46.339896
16.642784,46.339946
16.643379,46.340076
16.64372,46.340261
16.643984,46.339923
16.644252,46.34023
16.644714,46.340157
16.644608,46.33988
16.644317,46.339911
16.645265,46.340079
16.645479,46.340036
16.645711,46.339994
16.645908,46.340025
16.646109,46.340014
16.646302,46.340004
16.646495,46.340063
16.646812,46.339783
16.645928,46.339717
16.645872,46.339428
16.646564,46.339625
16.646317,46.339357
16.64586,46.339155
16.646295,46.339085
16.645815,46.338971
16.646278,46.338921
16.646252,46.338791
16.645723,46.338752
16.645711,46.338498
16.646315,46.338521
16.645722,46.338307
16.645729,46.338154
16.64642,46.338019
16.645812,46.337945
16.646472,46.33782
16.646564,46.337664
16.645986,46.337511
16.646206,46.337273
16.646569,46.337486
16.646607,46.337352
16.646659,46.337216
16.646778,46.337102
16.646979,46.33648
16.646779,46.336975
16.647037,46.336301
16.646884,46.340013
16.647112,46.340028
16.647288,46.340086
16.647827,46.339804
16.648131,46.34005
16.648099,46.339823
16.648313,46.339821
16.648446,46.340079
16.648646,46.340065
16.648848,46.340086
16.648698,46.339835
16.648902,46.339858
16.649037,46.340161
16.649219,46.340138
16.649218,46.339898
16.649358,46.339909
16.649534,46.339955
16.649569,46.340251
16.649805,46.340414
16.649953,46.340527
16.64971,46.33998
16.649917,46.340044
16.650035,46.340056
16.650224,46.340014
16.650379,46.339908
16.650752,46.339519
16.650716,46.339379
16.650576,46.338908
16.650724,46.33875
16.650764,46.338527
16.650793,46.338266
16.652399,46.338793
16.653226,46.338729
16.65323,46.339098
16.652575,46.339131
16.65183,46.339169
16.651254,46.339275
16.651195,46.339609
16.65042,46.340254
16.650655,46.34073
16.650911,46.341114
16.651004,46.341431
16.651837,46.341231
16.651724,46.341317
16.651714,46.34148
16.651527,46.341575
16.651211,46.34169
16.642819,46.337358
16.645864,46.337725
16.353681,46.521283
16.374617,46.524031
16.621494,46.32474
16.611512,46.325582
16.611528,46.325736
16.611554,46.325894
16.611553,46.326066
16.611581,46.326225
16.612111,46.326453
16.612016,46.326606
16.611608,46.326983
16.611166,46.326572
16.611151,46.326462
16.611212,46.326323
16.611092,46.326163
16.611197,46.326037
16.611196,46.325883
16.611097,46.325756
16.611126,46.327037
16.61161,46.327121
16.611568,46.327245
16.611528,46.327394
16.611482,46.327522
16.611501,46.327639
16.611415,46.327785
16.611381,46.327877
16.611434,46.328014
16.611415,46.328141
16.61135,46.328255
16.611159,46.327678
16.611161,46.327547
16.611101,46.327461
16.611225,46.329459
16.611246,46.329326
16.611214,46.329206
16.611245,46.329093
16.611257,46.328971
16.611259,46.328859
16.611274,46.328752
16.61138,46.328639
16.611319,46.32851
16.611345,46.328387
16.61091,46.328777
16.610916,46.328952
16.610883,46.329152
16.610884,46.329284
16.610842,46.329576
16.33296,46.49803
16.479413,46.38997
16.481317,46.38966
16.411933,46.373632
16.411897,46.373546
16.411908,46.37346
16.465341,46.371648
16.472784,46.433564
16.324249,46.49923
16.42887,46.505901
16.446937,46.400405
16.446968,46.400469
16.641699,46.390154
16.411749,46.334263
16.650379,46.34091
16.360346,46.508629
16.438656,46.408134
16.649447,46.363097
16.649382,46.362978
16.439006,46.406002
16.44359,46.514156
16.419999,46.381097
16.419853,46.381227
16.419875,46.381109
16.435577,46.377926
16.613909,46.326263
16.419795,46.402554
16.420199,46.40314
16.419979,46.40301
16.42004,46.403319
16.42012,46.403085
16.44709,46.380384
16.451139,46.401059
16.435942,46.380697
16.411824,46.374638
16.653716,46.365476
16.382994,46.527897
16.436329,46.333569
16.436211,46.333383
16.401144,46.329794
16.332391,46.50701
16.347966,46.494854
16.471593,46.396644
16.645991,46.395519
16.438315,46.382622
16.432504,46.508825
16.637418,46.385789
16.327379,46.502591
16.359918,46.508126
16.410612,46.379269
16.447959,46.405975
16.439618,46.406565
16.43974,46.406675
16.439654,46.406649
16.440738,46.406602
16.438502,46.406218
16.440322,46.405707
16.439691,46.405593
16.451023,46.401118
16.357473,46.524902
16.344803,46.504886
16.394473,46.337441
16.445395,46.509621
16.424537,46.401082
16.42333,46.36874
16.425524,46.366948
16.448928,46.389112
16.449353,46.379828
16.454831,46.512523
16.462545,46.443442
16.411387,46.374639
16.41147,46.374656
16.411561,46.374676
16.467532,46.366765
16.447849,46.403653
16.434919,46.378415
16.484041,46.368057
16.407801,46.377437
16.438567,46.406541
16.393111,46.33807
16.474487,46.390337
16.40896,46.375242
16.423698,46.369449
16.425272,46.384979
16.425031,46.385093
16.653606,46.364787
16.426263,46.379257
16.425949,46.379015
16.437549,46.392235
16.422394,46.413732
16.471175,46.366578
16.620921,46.324718
16.620001,46.324722
16.620922,46.325408
16.622242,46.325449
16.6218,46.324736
16.353392,46.497458
16.435872,46.389638
16.610179,46.336369
16.644202,46.39301
16.458744,46.376644
16.613313,46.355237
16.613606,46.355215
16.613767,46.355331
16.614347,46.355371
16.614563,46.35546
16.616198,46.355062
16.6161,46.355278
16.616409,46.355392
16.616552,46.355539
16.616856,46.355966
16.616264,46.356166
16.616966,46.35613
16.616545,46.356478
16.617013,46.356468
16.617371,46.356684
16.615855,46.356049
16.615514,46.355969
16.615214,46.355957
16.614932,46.356004
16.614673,46.355956
16.614487,46.355796
16.614247,46.35575
16.613956,46.355712
16.613413,46.355645
16.613289,46.356525
16.613514,46.356644
16.613763,46.356695
16.614008,46.35675
16.614261,46.35688
16.614518,46.356949
16.614774,46.356989
16.61502,46.357003
16.615286,46.357039
16.615801,46.357076
16.616058,46.357108
16.617032,46.357178
16.617406,46.357174
16.617769,46.357232
16.617025,46.357481
16.61677,46.357463
16.6164,46.357429
16.616094,46.357414
16.615874,46.357391
16.615452,46.357347
16.614945,46.357349
16.614693,46.357333
16.614335,46.357267
16.614001,46.357252
16.613782,46.357239
16.61359,46.357161
16.613425,46.357127
16.613141,46.357031
16.612807,46.356664
16.612721,46.356437
16.616314,46.357121
16.615527,46.357072
16.612842,46.356942
16.614009,46.357498
16.480225,46.496296
16.35446,46.497378
16.435965,46.390334
16.443525,46.404787
16.324801,46.50052
16.445314,46.510503
16.486673,46.366539
16.415297,46.367668
16.432317,46.448723
16.432276,46.448681
16.432236,46.448629
16.612546,46.334857
16.612461,46.33481
16.441393,46.393756
16.437623,46.39265
16.653831,46.365988
16.437425,46.392367
16.433148,46.44847
16.433232,46.448521
16.433338,46.448559
16.622636,46.338822
16.42073,46.366788
16.420654,46.366773
16.616032,46.370019
16.615637,46.370028
16.615752,46.369658
16.615767,46.369484
16.61579,46.369313
16.615784,46.369159
16.615825,46.36899
16.615754,46.368801
16.615956,46.368595
16.616023,46.3683
16.61609,46.368069
16.616157,46.367845
16.616164,46.367639
16.61621,46.367374
16.616119,46.367255
16.616253,46.36701
16.616255,46.366904
16.616226,46.366784
16.616261,46.366593
16.616294,46.366272
16.616246,46.366028
16.61633,46.365788
16.616346,46.365577
16.616383,46.365378
16.616382,46.365183
16.61636,46.364926
16.616369,46.364744
16.615107,46.36505
16.614822,46.365092
16.614653,46.365137
16.614473,46.36519
16.614223,46.365208
16.613993,46.365262
16.616365,46.370192
16.616607,46.369999
16.616778,46.369793
16.616799,46.369534
16.61677,46.369348
16.616689,46.369194
16.616646,46.369067
16.616607,46.368914
16.616604,46.368772
16.61654,46.368205
16.616568,46.368079
16.616576,46.36781
16.616622,46.367654
16.616673,46.367458
16.616628,46.36725
16.616706,46.366898
16.616672,46.366758
16.616733,46.366547
16.616808,46.366308
16.616754,46.366036
16.616773,46.365877
16.616921,46.365741
16.616855,46.365561
16.61683,46.365344
16.616863,46.364899
16.617504,46.364441
16.616975,46.364096
16.615309,46.364647
16.614971,46.364744
16.614747,46.364789
16.61451,46.364826
16.614309,46.36489
16.613975,46.364952
16.613792,46.364983
16.420317,46.366738
16.420454,46.366781
16.420979,46.3668
16.420907,46.366798
16.421241,46.366825
16.421149,46.366815
16.421583,46.366881
16.421461,46.366855
16.421936,46.366911
16.421823,46.366887
16.61685,46.365176
16.446702,46.403898
16.450037,46.379335
16.61682,46.355173
16.616968,46.355357
16.61667,46.355712
16.617068,46.355526
16.618069,46.354944
16.618058,46.355126
16.618044,46.355294
16.618069,46.355449
16.618098,46.355591
16.618116,46.355747
16.618127,46.35593
16.618114,46.356085
16.618119,46.356232
16.618104,46.356474
16.617897,46.356624
16.618149,46.356679
16.618158,46.356778
16.618585,46.358269
16.618578,46.358618
16.618636,46.358797
16.61856,46.358988
16.618609,46.35914
16.618614,46.359286
16.61857,46.35946
16.619436,46.359344
16.619272,46.358319
16.619755,46.359204
16.620011,46.359171
16.620245,46.359127
16.62048,46.359085
16.620667,46.359081
16.621038,46.358999
16.621326,46.35897
16.622382,46.358813
16.621487,46.359362
16.62122,46.359467
16.620926,46.359566
16.620702,46.35966
16.620408,46.359575
16.620278,46.359826
16.620076,46.359917
16.619841,46.360023
16.619578,46.360078
16.619856,46.360419
16.620254,46.360166
16.620542,46.360044
16.620806,46.359948
16.621026,46.359826
16.62125,46.359718
16.621651,46.359561
16.618587,46.359625
16.61852,46.359757
16.618662,46.36008
16.619296,46.360469
16.619106,46.360675
16.618689,46.360925
16.619462,46.360891
16.618672,46.361075
16.618529,46.361048
16.618518,46.361213
16.618391,46.36119
16.618359,46.361367
16.618301,46.361497
16.6182,46.361606
16.618269,46.361752
16.618153,46.361892
16.618136,46.362037
16.618027,46.362331
16.617958,46.362473
16.61791,46.3626
16.617945,46.362737
16.617835,46.362849
16.617826,46.362965
16.617862,46.363087
16.617938,46.363205
16.617704,46.363317
16.617708,46.363476
16.617888,46.363499
16.617593,46.363598
16.617718,46.363607
16.617818,46.363737
16.617645,46.363838
16.617657,46.363954
16.617957,46.364044
16.617897,46.364155
16.618042,46.364231
16.621473,46.359616
16.381998,46.526214
16.486404,46.387451
16.618057,46.362153
16.439626,46.408206
16.616533,46.36835
16.616672,46.367019
16.460846,46.495473
16.4631,46.443892
16.423728,46.369043
16.603988,46.338366
16.64801,46.343515
16.448293,46.404393
16.342064,46.522205
16.447086,46.33914
16.328871,46.497656
16.468773,46.497246
16.651253,46.33793
16.431135,46.447426
16.431019,46.447432
16.430862,46.447448
16.45025,46.379927
16.336436,46.492536
16.3238,46.522477
16.437722,46.389612
16.438292,46.389296
16.438353,46.389117
16.43839,46.389033
16.438072,46.389318
16.438706,46.388966
16.617956,46.326261
16.472317,46.364791
16.472469,46.364875
16.471636,46.389998
16.456894,46.376565
16.638691,46.35735
16.638301,46.357171
16.46868,46.359647
16.622517,46.325768
16.495641,46.488522
16.439427,46.405728
16.411394,46.348082
16.423106,46.417924
16.422923,46.417646
16.438508,46.408616
16.601397,46.342606
16.60167,46.342588
16.601885,46.342506
16.602138,46.342479
16.602366,46.342434
16.602646,46.342404
16.602903,46.342372
16.603425,46.342291
16.603163,46.342346
16.603687,46.342247
16.603923,46.342212
16.604176,46.342178
16.604447,46.342161
16.601262,46.342249
16.601531,46.342216
16.602035,46.342138
16.602293,46.342114
16.602558,46.342076
16.602809,46.342027
16.603053,46.341994
16.603321,46.341952
16.603566,46.341927
16.60381,46.341898
16.604082,46.341846
16.604328,46.341809
16.604608,46.341772
16.604684,46.342106
16.604879,46.342119
16.6054,46.341975
16.605602,46.341944
16.606161,46.341878
16.606416,46.341837
16.606672,46.341807
16.607173,46.341731
16.607435,46.341685
16.60793,46.3416
16.608373,46.341525
16.608613,46.341497
16.609097,46.341489
16.604765,46.341696
16.605402,46.341396
16.605676,46.341603
16.605946,46.341557
16.606202,46.341522
16.606453,46.341476
16.606719,46.341451
16.606963,46.341414
16.607212,46.341385
16.607474,46.341358
16.607737,46.341299
16.607686,46.341643
16.606928,46.341774
16.608194,46.341557
16.607993,46.341267
16.608234,46.341229
16.608855,46.341476
16.608493,46.341194
16.609134,46.341102
16.609531,46.341031
16.609945,46.340982
16.439232,46.387345
16.439308,46.3872
16.473262,46.39651
16.473278,46.396757
16.466614,46.494531
16.479195,46.38887
16.647576,46.340121
16.647579,46.340038
16.413408,46.375084
16.441757,46.404136
16.810937,46.360117
16.811131,46.360067
16.811404,46.36005
16.811619,46.360078
16.811774,46.360087
16.811961,46.360106
16.811911,46.361097
16.811694,46.359869
16.81227,46.360076
16.812519,46.360115
16.812297,46.359854
16.812472,46.359838
16.812845,46.360152
16.813228,46.360027
16.813398,46.360038
16.813569,46.360072
16.81373,46.360054
16.813894,46.360035
16.814036,46.360023
16.814204,46.360011
16.813129,46.35979
16.813297,46.359752
16.813601,46.359735
16.813888,46.359467
16.813964,46.358509
16.81401,46.359036
16.814109,46.359139
16.814511,46.360003
16.814692,46.359985
16.814991,46.359922
16.815246,46.359874
16.815481,46.359835
16.815684,46.359856
16.815844,46.359825
16.816063,46.359866
16.816278,46.359766
16.816585,46.359782
16.816954,46.359725
16.817122,46.359821
16.817229,46.359807
16.817415,46.359705
16.817657,46.359761
16.818016,46.359803
16.818388,46.359872
16.819003,46.359953
16.819236,46.360017
16.819431,46.360001
16.819706,46.359683
16.819536,46.359688
16.818656,46.359344
16.818296,46.359209
16.818111,46.35918
16.817991,46.359115
16.817572,46.359261
16.817027,46.359472
16.676949,46.329874
16.622605,46.336038
16.359727,46.506487
16.653143,46.364943
16.393682,46.336687
16.39374,46.336832
16.495307,46.366131
16.620928,46.325009
16.610217,46.333173
16.481314,46.388956
16.413055,46.366303
16.413059,46.366354
16.413033,46.366412
16.412551,46.410715
16.412569,46.410816
16.43337,46.329173
16.415517,46.362525
16.472958,46.432402
16.418368,46.381012
16.438263,46.408304
16.623475,46.333229
16.438129,46.4074
16.415809,46.363325
16.41602,46.363385
16.469331,46.420774
16.412179,46.373645
16.438891,46.406911
16.439093,46.406875
16.438774,46.405018
16.437895,46.405662
16.439581,46.405599
16.438103,46.406163
16.439202,46.406314
16.44048,46.407153
16.440429,46.407084
16.440436,46.407216
16.439895,46.407789
16.65387,46.366191
16.35045,46.492092
16.45479,46.428616
16.492191,46.397526
16.492561,46.39738
16.41916,46.375986
16.644115,46.392132
16.645027,46.391567
16.437283,46.503865
16.320342,46.496013
16.49174,46.492457
16.36589,46.523691
16.366001,46.523761
16.365855,46.523598
16.652801,46.363356
16.646871,46.367435
16.643007,46.397305
16.411717,46.334457
16.390926,46.327077
16.428821,46.383232
16.617878,46.329378
16.617889,46.329246
16.617918,46.329095
16.617896,46.328931
16.617899,46.328787
16.617931,46.328462
16.61793,46.328304
16.617935,46.328142
16.618979,46.329389
16.619003,46.329105
16.619019,46.328952
16.619,46.329251
16.61901,46.328775
16.61904,46.328629
16.619033,46.328482
16.619043,46.328171
16.619611,46.328193
16.619607,46.328364
16.619615,46.328494
16.619601,46.328652
16.619589,46.328802
16.61961,46.328947
16.619577,46.329103
16.619577,46.329252
16.619629,46.329382
16.620621,46.329375
16.620715,46.329282
16.620743,46.329133
16.620753,46.328996
16.620765,46.328839
16.620758,46.328692
16.620737,46.328542
16.62079,46.328397
16.620784,46.328236
16.6213,46.329419
16.621559,46.329426
16.621825,46.329434
16.622037,46.329442
16.622331,46.329445
16.622589,46.329456
16.622855,46.329459
16.623078,46.329462
16.621343,46.329157
16.622039,46.328778
16.621566,46.328574
16.621397,46.32841
16.621425,46.328253
16.622065,46.328249
16.622338,46.328318
16.619114,46.32782
16.619595,46.327859
16.619846,46.327857
16.620144,46.32788
16.620789,46.327888
16.621369,46.327908
16.621596,46.327904
16.621837,46.327923
16.622141,46.327705
16.62266,46.327545
16.622735,46.327226
16.622422,46.327368
16.622146,46.327204
16.62189,46.327211
16.622069,46.327523
16.621488,46.327504
16.621626,46.327228
16.621474,46.327691
16.620697,46.327669
16.620794,46.327192
16.62074,46.327472
16.620483,46.327182
16.620162,46.327156
16.619597,46.327249
16.619673,46.327477
16.619754,46.327637
16.619122,46.327457
16.619202,46.32716
16.61871,46.327133
16.619628,46.326803
16.619872,46.326798
16.620128,46.326803
16.620597,46.3268
16.621412,46.326813
16.621661,46.326841
16.621959,46.326849
16.622488,46.326791
16.622222,46.326481
16.621698,46.326448
16.621451,46.326454
16.62087,46.326425
16.619626,46.326409
16.618858,46.326225
16.621365,46.328995
16.622794,46.32791
16.62305,46.327919
16.623431,46.327984
16.618739,46.326614
16.617946,46.325894
16.618396,46.325682
16.618573,46.325031
16.618822,46.324998
16.6197,46.325026
16.619642,46.325712
16.619896,46.325699
16.620398,46.325742
16.620897,46.325766
16.620211,46.325362
16.620693,46.325023
16.433004,46.3864
16.620151,46.32608
16.621426,46.326085
16.621734,46.326085
16.621986,46.326109
16.618118,46.362884
16.438169,46.408105
16.620337,46.324668
16.622819,46.325411
16.623311,46.325432
16.623346,46.324723
16.622058,46.325032
16.61205,46.325364
16.612404,46.325365
16.610579,46.325147
16.614799,46.325879
16.614781,46.325035
16.610549,46.327131
16.61017,46.327087
16.609958,46.327093
16.609908,46.326913
16.610458,46.327273
16.653802,46.365804
16.61088,46.325605
16.611226,46.326719
16.611647,46.32672
16.61163,46.326845
16.609197,46.327761
16.609362,46.327986
16.609782,46.327707
16.609938,46.327578
16.609998,46.327475
16.610066,46.327383
16.610382,46.32751
16.610234,46.32768
16.610208,46.327791
16.609892,46.327946
16.609753,46.328159
16.408147,46.37494
16.333461,46.497988
16.653885,46.366411
16.647185,46.36109
16.415395,46.3958
16.673735,46.330042
16.653517,46.364261
16.439804,46.504579
16.43621,46.390389
16.618888,46.326065
16.413151,46.373918
16.355152,46.492221
16.385586,46.526105
16.38454,46.526324
16.485143,46.389715
16.485101,46.389763
16.485191,46.389588
16.449639,46.379996
16.454762,46.442979
16.671458,46.329528
16.438809,46.512089
16.444508,46.406211
16.425673,46.519306
16.470275,46.349813
16.446444,46.403943
16.412961,46.368641
16.415549,46.374913
16.467452,46.420698
16.419989,46.383048
16.434841,46.410675
16.438048,46.407196
16.437952,46.407148
16.418855,46.368799
16.440199,46.405783
16.412811,46.365992
16.412734,46.365992
16.444224,46.402237
16.453679,46.37888
16.623844,46.327737
16.335577,46.521185
16.617921,46.328634
16.353191,46.520644
16.621539,46.325019
16.423793,46.518462
16.423734,46.518374
16.353232,46.520893
16.467,46.394163
16.417634,46.367715
16.645031,46.342816
16.449709,46.443834
16.419077,46.415887
16.454496,46.391388
16.426984,46.493827
16.45429,46.375717
16.405852,46.330345
16.448424,46.436654
16.417547,46.412868
16.440134,46.404344
16.622992,46.327242
16.623091,46.324742
16.639481,46.342149
16.618965,46.327141
16.425584,46.367296
16.425475,46.367289
16.425278,46.367271
16.425184,46.367256
16.440098,46.406812
16.440209,46.406841
16.44026,46.406899
16.44498,46.402052
16.429175,46.507382
16.441088,46.512866
16.385884,46.526608
16.418276,46.376808
16.418376,46.376889
16.418214,46.376754
16.45374,46.330759
16.647114,46.368042
16.651168,46.365349
16.374891,46.523205
16.33756,46.496173
16.337897,46.496152
16.445648,46.402851
16.48244,46.395809
16.622828,46.324724
16.448163,46.502592
16.421146,46.408973
16.438771,46.512069
16.424842,46.367236
16.653279,46.365281
16.653246,46.365135
16.648209,46.364737
16.649088,46.366163
16.648953,46.366052
16.603773,46.338605
16.610947,46.328558
16.610682,46.328382
16.611019,46.32816
16.611046,46.32806
16.425099,46.518283
16.432888,46.382724
16.437797,46.394509
16.653311,46.365542
16.437299,46.394442
16.437202,46.394514
16.468526,46.364131
16.620864,46.326802
16.623208,46.32769
16.436659,46.390508
16.439311,46.406838
16.64801,46.34246
16.439289,46.408051
16.413289,46.37361
16.412977,46.373881
16.41293,46.373957
16.413498,46.373878
16.427978,46.390938
16.42787,46.390954
16.479433,46.387659
16.479698,46.389644
16.439431,46.394901
16.439563,46.394967
16.439694,46.395005
16.439808,46.39516
16.424383,46.493227
16.424469,46.493353
16.424894,46.493184
16.423294,46.493004
16.405109,46.407011
16.597003,46.376722
16.611108,46.327902
16.420258,46.380865
16.421975,46.32595
16.425436,46.369467
16.435127,46.50539
16.494948,46.364861
16.320143,46.519938
16.619245,46.324968
16.64195,46.371163
16.477675,46.419508
16.477358,46.419565
16.480658,46.386751
16.331662,46.500002
16.439168,46.374726
16.439081,46.375295
16.420358,46.381116
16.422212,46.366916
16.422323,46.366926
16.460214,46.421422
16.439563,46.40763
16.439518,46.407576
16.439447,46.407525
16.420652,46.367021
16.421043,46.367044
16.421153,46.367082
16.421202,46.367085
16.424796,46.492339
16.443152,46.392993
16.408947,46.385359
16.484333,46.38973
16.483229,46.395079
16.483351,46.395074
16.653538,46.36443
16.624551,46.337541
16.432229,46.377357
16.353967,46.49259
16.389074,46.338792
16.331881,46.498805
16.642172,46.389424
16.642442,46.3894
16.642108,46.389363
16.438201,46.387151
16.619099,46.324717
16.472269,46.492817
16.435749,46.396773
16.436181,46.390903
16.346736,46.503971
16.347319,46.494868
16.34394,46.507707
16.344063,46.507642
16.362817,46.524622
16.364844,46.525972
16.649207,46.367073
16.446839,46.40119
16.622535,46.328296
16.622647,46.328296
16.409856,46.372692
16.476444,46.395884
16.419912,46.383779
16.438561,46.407962
16.423565,46.493672
16.432329,46.446407
16.340963,46.500526
16.644272,46.391626
16.477069,46.389852
16.472117,46.497896
16.43832,46.504487
16.460964,46.421944
16.495015,46.36453
16.425362,46.371794
16.358406,46.507831
16.38911,46.337722
16.389309,46.337722
16.38969,46.337625
16.39013,46.337562
16.638051,46.386378
16.411707,46.375744
16.407926,46.372276
16.429092,46.38021
16.435551,46.377639
16.43592,46.37744
16.436146,46.376994
16.436119,46.37841
16.435642,46.378878
16.42911,46.380536
16.429344,46.380436
16.429283,46.380101
16.428718,46.380206
16.429717,46.379929
16.429821,46.379886
16.428392,46.379642
16.428339,46.379864
16.43137,46.447408
16.431537,46.447398
16.361236,46.498374
16.426797,46.447739
16.471075,46.425668
16.438465,46.406073
16.646362,46.338194
16.430095,46.384711
16.643572,46.342608
16.643431,46.342583
16.44449,46.401933
16.482944,46.384291
16.643814,46.386826
16.472654,46.500717
16.440263,46.406433
16.620183,46.325709
16.449288,46.510559
16.423387,46.368312
16.647297,46.36203
16.647053,46.361951
16.61829,46.32497
16.64692,46.336614
16.423629,46.492633
16.648034,46.369326
16.469912,46.426798
16.617991,46.325332
16.618577,46.324654
16.619293,46.325349
16.620654,46.325374
16.617927,46.326092
16.618337,46.325875
16.620872,46.326098
16.619692,46.325355
16.617917,46.329753
16.617845,46.33012
16.618986,46.330813
16.618958,46.330657
16.618976,46.3305
16.618956,46.330348
16.618932,46.330186
16.618945,46.33003
16.618944,46.329857
16.618935,46.329686
16.619521,46.329643
16.619544,46.329849
16.619502,46.330006
16.619543,46.330159
16.619531,46.330313
16.619547,46.330458
16.619514,46.330612
16.619534,46.330755
16.619548,46.33092
16.619572,46.331059
16.6196,46.331186
16.620562,46.331081
16.620603,46.330977
16.620613,46.33082
16.620643,46.330684
16.620614,46.330545
16.620602,46.330267
16.620651,46.330132
16.620663,46.329995
16.620673,46.329864
16.620668,46.329707
16.621327,46.329753
16.621297,46.329923
16.621314,46.330101
16.621273,46.330262
16.621263,46.330424
16.621308,46.330554
16.621254,46.330742
16.621238,46.330896
16.622993,46.33074
16.623008,46.330566
16.623014,46.330385
16.623028,46.330206
16.623037,46.33001
16.623022,46.329834
16.620676,46.331386
16.620712,46.331514
16.620717,46.331648
16.620766,46.331766
16.621206,46.33167
16.621258,46.331363
16.621816,46.331384
16.622248,46.33106
16.621312,46.331079
16.622988,46.331096
16.622725,46.331474
16.622958,46.331757
16.623454,46.331492
16.623462,46.331315
16.623493,46.331134
16.623491,46.330951
16.623546,46.330771
16.623556,46.330551
16.623515,46.330315
16.623538,46.33011
16.623556,46.329789
16.62413,46.329793
16.624386,46.329811
16.352158,46.506696
16.41989,46.366737
16.41999,46.366747
16.420079,46.366759
16.612392,46.329721
16.612546,46.329587
16.612774,46.329631
16.612957,46.329572
16.613244,46.329655
16.61322,46.330411
16.61311,46.330451
16.612882,46.330492
16.612668,46.33053
16.612461,46.330566
16.612526,46.33086
16.612745,46.330824
16.612964,46.33078
16.61321,46.330749
16.613358,46.330751
16.613734,46.330489
16.613852,46.330676
16.613696,46.330325
16.613751,46.329893
16.612666,46.331359
16.612923,46.331297
16.613196,46.331239
16.613446,46.331148
16.613535,46.331085
16.614401,46.331353
16.612703,46.332227
16.612959,46.33211
16.613154,46.33205
16.613748,46.331951
16.613935,46.331851
16.614124,46.331701
16.612668,46.331699
16.614618,46.330635
16.614919,46.32974
16.613761,46.329329
16.613963,46.329342
16.628828,46.397082
16.629624,46.398348
16.629319,46.398679
16.62955,46.398831
16.629975,46.399085
16.630417,46.399322
16.630653,46.399489
16.630907,46.399625
16.631142,46.399756
16.631327,46.399891
16.631524,46.400035
16.63178,46.400155
16.632013,46.400279
16.632213,46.400432
16.629792,46.398593
16.630012,46.398708
16.630251,46.398833
16.630448,46.398929
16.630687,46.399134
16.630974,46.399176
16.631117,46.399398
16.631353,46.399536
16.631588,46.399657
16.631819,46.399812
16.632009,46.399926
16.632244,46.400068
16.632425,46.400196
16.632819,46.400443
16.633543,46.400807
16.633293,46.401072
16.633134,46.401216
16.632973,46.401348
16.632827,46.401451
16.632675,46.401618
16.632518,46.401733
16.632349,46.40186
16.632097,46.401932
16.632043,46.402128
16.631828,46.402244
16.631655,46.402362
16.63117,46.402725
16.63168,46.402885
16.631831,46.402733
16.632213,46.402427
16.632364,46.4023
16.63258,46.40209
16.632761,46.401956
16.632912,46.401817
16.633071,46.401687
16.633258,46.401556
16.633408,46.401414
16.633583,46.401267
16.633874,46.401045
16.63513,46.401741
16.635926,46.401226
16.633697,46.400746
16.63385,46.40062
16.634029,46.400457
16.634192,46.400307
16.634585,46.400037
16.634695,46.39988
16.634911,46.39978
16.635087,46.399672
16.635256,46.399546
16.635412,46.399409
16.635645,46.399324
16.636003,46.399107
16.636236,46.399005
16.636602,46.398798
16.635838,46.398306
16.635578,46.398157
16.638285,46.398156
16.638131,46.398273
16.637933,46.398399
16.637733,46.398505
16.637532,46.39862
16.63734,46.398735
16.636922,46.398968
16.636704,46.399118
16.636515,46.399222
16.636396,46.399322
16.636149,46.399414
16.635925,46.399546
16.635711,46.39968
16.635535,46.39978
16.635333,46.399904
16.635136,46.400004
16.634958,46.400123
16.634803,46.400241
16.634606,46.400387
16.634477,46.400515
16.634332,46.400654
16.634163,46.400786
16.634376,46.400176
16.612736,46.340867
16.612963,46.340827
16.613244,46.340806
16.436378,46.381305
16.438153,46.396813
16.613676,46.334194
16.47189,46.36619
16.471677,46.366154
16.617617,46.342463
16.483311,46.418499
16.452552,46.375609
16.640559,46.357038
16.640882,46.35767
16.642915,46.35774
16.640622,46.358557
16.641034,46.358519
16.641674,46.358366
16.641846,46.358556
16.642118,46.358693
16.642341,46.358792
16.64232,46.359249
16.64246,46.359338
16.64261,46.359425
16.642788,46.359538
16.642968,46.359646
16.642113,46.359143
16.643138,46.359733
16.643233,46.359801
16.643362,46.359884
16.643532,46.359971
16.643651,46.360067
16.643728,46.360102
16.643887,46.360171
16.644042,46.360283
16.644304,46.360506
16.644457,46.360536
16.644637,46.360625
16.645319,46.361088
16.645468,46.361199
16.645637,46.361327
16.645991,46.3615
16.646169,46.361624
16.646451,46.361943
16.646805,46.361633
16.646286,46.361199
16.646031,46.361015
16.645809,46.360901
16.64561,46.360785
16.645405,46.360668
16.645205,46.360541
16.645584,46.360189
16.645751,46.360048
16.645953,46.359919
16.645662,46.359613
16.645509,46.359489
16.645089,46.359254
16.64491,46.359127
16.644706,46.359008
16.644548,46.358857
16.64402,46.358465
16.643795,46.358347
16.64331,46.358479
16.643736,46.358709
16.643907,46.358833
16.644262,46.359086
16.644439,46.359201
16.645184,46.359722
16.645377,46.359837
16.644828,46.360312
16.644627,46.360197
16.644231,46.359959
16.644038,46.359833
16.643831,46.359721
16.643636,46.359607
16.643458,46.359488
16.643229,46.359365
16.642864,46.359132
16.642663,46.359006
16.641403,46.358124
16.643063,46.359258
16.644447,46.360073
16.615742,46.333967
16.615957,46.33403
16.616206,46.334051
16.615605,46.333602
16.615928,46.333634
16.616582,46.334072
16.616618,46.333594
16.616814,46.33366
16.617233,46.333682
16.617433,46.333684
16.617649,46.333608
16.618059,46.333675
16.618477,46.3336
16.618808,46.333321
16.618793,46.33356
16.618758,46.333704
16.617331,46.333912
16.617539,46.333936
16.617707,46.333887
16.61795,46.333897
16.618212,46.333926
16.618466,46.333904
16.392229,46.338074
16.392334,46.338046
16.391535,46.338151
16.392391,46.337986
16.39248,46.338069
16.391861,46.338151
16.437208,46.503523
16.641354,46.395267
16.641175,46.395458
16.443418,46.388347
16.60868,46.332613
16.413851,46.366101
16.414045,46.366102
16.616949,46.333978
16.617126,46.333899
16.437696,46.385373
16.438045,46.385317
16.438358,46.385221
16.49123,46.490452
16.426591,46.366936
16.714981,46.336051
16.740831,46.331824
16.821221,46.352963
16.795804,46.330644
16.674877,46.386941
16.779661,46.33047
16.689911,46.384707
16.675678,46.384992
16.74217,46.334126
16.672583,46.386195
16.808053,46.312624
16.71099,46.336811
16.744482,46.332117
16.804151,46.314743
16.811218,46.313401
16.808604,46.317261
16.813536,46.314537
16.815248,46.316527
16.804056,46.313113
16.680745,46.38257
16.79639,46.33054
16.741532,46.332611
16.816147,46.357548
16.816142,46.358288
16.679807,46.386392
16.72488,46.337526
16.789503,46.333031
16.782866,46.330344
16.819753,46.312045
16.813191,46.310605
16.818664,46.316162
16.811557,46.311254
16.805057,46.316614
16.814766,46.311174
16.813969,46.314961
16.808741,46.318826
16.817839,46.315056
16.803671,46.31398
16.813874,46.311022
16.809871,46.314316
16.803472,46.313856
16.812019,46.315827
16.816091,46.317316
16.808363,46.317499
16.807438,46.313956
16.816115,46.316041
16.814466,46.314836
16.806441,46.314003
16.807292,46.317907
16.813799,46.315101
16.806698,46.312779
16.803982,46.318059
16.806043,46.316666
16.816215,46.316974
16.818495,46.315763
16.803704,46.317428
16.804316,46.317883
16.80736,46.316621
16.805367,46.313902
16.813293,46.312609
16.8088,46.31633
16.800622,46.316699
16.800873,46.315914
16.81169,46.31215
16.820019,46.316812
16.820738,46.317049
16.813771,46.316839
16.811765,46.311664
16.811586,46.316615
16.802214,46.316808
16.805179,46.31384
16.80459,46.314494
16.807841,46.315921
16.810671,46.313081
16.814547,46.317154
16.814154,46.313182
16.808744,46.317007
16.803996,46.317675
16.811105,46.311133
16.815786,46.315815
16.803416,46.317577
16.818479,46.314039
16.809894,46.315411
16.818746,46.314394
16.818027,46.313182
16.808239,46.3134
16.813732,46.315456
16.812023,46.315144
16.807908,46.315398
16.813416,46.311074
16.802473,46.317503
16.804641,46.314423
16.801945,46.314735
16.802831,46.31678
16.813766,46.312053
16.804949,46.312983
16.814516,46.316639
16.817203,46.358812
16.741048,46.331674
16.809866,46.354226
16.675613,46.381692
16.744733,46.332374
16.679462,46.383261
16.749503,46.330898
16.805413,46.351123
16.745419,46.33643
16.782076,46.334135
16.782388,46.334425
16.784489,46.331596
16.740354,46.338392
16.780906,46.332826
16.716073,46.336117
16.818496,46.31588
16.670618,46.385018
16.710875,46.338169
16.713619,46.337348
16.815806,46.357891
16.718494,46.333588
16.804588,46.350671
16.680429,46.379831
16.716943,46.335065
16.674246,46.380873
16.674965,46.381
16.68131,46.380287
16.807539,46.354341
16.791964,46.331769
16.78895,46.327945
16.715337,46.33656
16.671102,46.383968
16.675596,46.384349
16.750086,46.329463
16.740628,46.331284
16.744312,46.337345
16.677641,46.386079
16.739232,46.33
16.714282,46.336928
16.780429,46.32441
16.683484,46.3831
16.67884,46.386663
16.673943,46.384849
16.712759,46.340259
16.744599,46.337038
16.671213,46.385048
16.748367,46.331215
16.75211,46.330691
16.803342,46.317164
16.676459,46.387638
16.815153,46.352787
16.679953,46.382832
16.787167,46.327613
16.806278,46.313698
16.789202,46.32986
16.779723,46.329356
16.810145,46.311147
16.746587,46.334866
16.781732,46.311075
16.678188,46.383513
16.77932,46.331255
16.717205,46.33998
16.782417,46.334136
16.807461,46.312117
16.787986,46.328296
16.801681,46.315112
16.673504,46.382209
16.795718,46.330757
16.817733,46.313819
16.750513,46.330834
16.710997,46.337891
16.717348,46.339514
16.789021,46.331735
16.78351,46.331561
16.674037,46.385974
16.678865,46.386313
16.720654,46.336655
16.78326,46.329522
16.683152,46.382281
16.742376,46.329638
16.677051,46.383334
16.679729,46.386214
16.748712,46.332414
16.739652,46.330662
16.679118,46.380333
16.813212,46.351714
16.786541,46.330736
16.744287,46.334665
16.809568,46.314271
16.716163,46.333917
16.677183,46.381294
16.71681,46.33886
16.676863,46.381446
16.789023,46.328206
16.670798,46.385256
16.8249,46.35992
16.682262,46.382584
16.715458,46.33627
16.805257,46.351081
16.782587,46.334397
16.745566,46.332399
16.682566,46.384337
16.781781,46.332961
16.742831,46.333415
16.689627,46.418325
16.742599,46.336069
16.813699,46.351496
16.690659,46.390985
16.789139,46.331743
16.78229,46.326597
16.749069,46.330648
16.811883,46.352029
16.679549,46.379912
16.820523,46.352237
16.781542,46.330593
16.808983,46.340494
16.817858,46.314136
16.678999,46.384036
16.779314,46.331514
16.672537,46.383325
16.73968,46.33195
16.7528,46.33035
16.749879,46.33263
16.782596,46.333893
16.746523,46.330933
16.71667,46.33939
16.78931,46.32877
16.676527,46.383907
16.674419,46.382359
16.719936,46.336859
16.745489,46.331922
16.743701,46.329655
16.742331,46.333499
16.748941,46.330493
16.678489,46.380445
16.780558,46.332051
16.744256,46.334223
16.789849,46.330631
16.782205,46.326469
16.746446,46.33251
16.719222,46.333267
16.674094,46.386353
16.676931,46.380786
16.71704,46.333843
16.744655,46.334491
16.814083,46.350217
16.789307,46.330055
16.74978,46.329437
16.816228,46.352085
16.714796,46.334694
16.680478,46.37869
16.670957,46.385157
16.715784,46.337213
16.672004,46.383384
16.713023,46.336562
16.754422,46.331505
16.718979,46.333344
16.780716,46.333386
16.79695,46.32908
16.796543,46.330295
16.743608,46.331809
16.721118,46.332941
16.804227,46.351129
16.678949,46.385268
16.716563,46.339848
16.67484,46.383497
16.724697,46.336706
16.740202,46.33701
16.779405,46.329956
16.711937,46.336377
16.803877,46.316655
16.67784,46.381274
16.791478,46.332082
16.673503,46.379983
16.794165,46.332232
16.74081,46.336882
16.68406,46.383803
16.715743,46.33624
16.746313,46.334397
16.826648,46.359398
16.749336,46.329081
16.825578,46.35862
16.740411,46.332014
16.676508,46.385698
16.746346,46.336361
16.677671,46.386592
16.792831,46.33179
16.710763,46.337943
16.712746,46.339569
16.782418,46.327545
16.814003,46.311385
16.721327,46.336216
16.680868,46.384733
16.677295,46.386737
16.742586,46.333326
16.6835,46.382226
16.677564,46.386991
16.680349,46.380046
16.677678,46.386731
16.780245,46.326186
16.796699,46.332751
16.780653,46.327364
16.791154,46.331825
16.739572,46.333168
16.815141,46.317058
16.78227,46.328026
16.714647,46.337595
16.812871,46.311934
16.718511,46.334771
16.680797,46.386735
16.676863,46.38052
16.718096,46.334829
16.675177,46.383719
16.678666,46.383185
16.740109,46.337273
16.670593,46.384492
16.814971,46.350222
16.750633,46.331124
16.785821,46.328978
16.686775,46.413179
16.740803,46.330149
16.805448,46.350922
16.67203,46.384593
16.712152,46.336287
16.67302,46.384802
16.715804,46.336533
16.789786,46.331001
16.738861,46.330427
16.742223,46.332489
16.74902,46.332507
16.742708,46.332673
16.788747,46.328562
16.742828,46.335539
16.778739,46.311535
16.677258,46.383444
16.711582,46.338024
16.67918,46.381208
16.795567,46.332368
16.755424,46.330625
16.668333,46.3861
16.674376,46.385744
16.716208,46.337603
16.825392,46.358476
16.720931,46.335716
16.750733,46.331042
16.742801,46.332098
16.717912,46.337251
16.712853,46.336388
16.785469,46.328413
16.785239,46.32977
16.784676,46.332696
16.741814,46.330099
16.67036,46.384594
16.783614,46.333539
16.813192,46.316267
16.814725,46.352512
16.675607,46.385271
16.811395,46.351146
16.746245,46.334895
16.678459,46.388014
16.679658,46.382928
16.678058,46.38778
16.670592,46.384148
16.716655,46.336054
16.674046,46.385547
16.712739,46.336189
16.675371,46.383452
16.669313,46.384467
16.680747,46.386673
16.780708,46.326538
16.78245,46.33055
16.744337,46.32928
16.679912,46.377853
16.691034,46.418557
16.693514,46.411687
16.675166,46.384847
16.747615,46.331652
16.779809,46.332688
16.780651,46.328132
16.672914,46.383852
16.739241,46.333456
16.789025,46.328082
16.678542,46.385667
16.745679,46.335627
16.746463,46.335683
16.781643,46.331527
16.74324,46.334604
16.788378,46.316344
16.688967,46.384698
16.78029,46.330056
16.738813,46.334272
16.784274,46.333496
16.672549,46.38413
16.745958,46.332619
16.680404,46.382724
16.680035,46.382796
16.745537,46.337676
16.742956,46.337028
16.677818,46.383336
16.674582,46.387085
16.78091,46.328727
16.804298,46.35074
16.740567,46.336589
16.671805,46.38459
16.689202,46.390936
16.683082,46.381895
16.744703,46.336557
16.748049,46.332599
16.715863,46.336729
16.795062,46.333112
16.783681,46.333308
16.781568,46.325239
16.814983,46.350894
16.693393,46.414459
16.680546,46.382687
16.743855,46.331613
16.743788,46.333442
16.754698,46.330574
16.793947,46.332186
16.806536,46.313564
16.819307,46.367464
16.754492,46.327829
16.785279,46.335538
16.675413,46.383805
16.675016,46.384883
16.782879,46.332416
16.680866,46.386484
16.67593,46.387352
16.782569,46.32787
16.739126,46.33408
16.784887,46.331584
16.717251,46.339792
16.813368,46.310132
16.740184,46.337504
16.680166,46.379057
16.714171,46.337591
16.682388,46.380985
16.782276,46.334337
16.795518,46.331752
16.674628,46.388552
16.741217,46.335338
16.752531,46.329513
16.780244,46.325745
16.779615,46.333107
16.743828,46.329629
16.714845,46.337258
16.674953,46.382967
16.676254,46.385528
16.742888,46.332416
16.813284,46.317293
16.804245,46.350558
16.817255,46.358477
16.785794,46.332099
16.715475,46.33494
16.818241,46.315576
16.740702,46.332116
16.745713,46.328898
16.717808,46.336853
16.796905,46.329817
16.753907,46.328095
16.679233,46.382125
16.715359,46.336766
16.740859,46.332989
16.74091,46.332027
16.809539,46.31384
16.71906,46.337601
16.793365,46.332148
16.748313,46.332887
16.753387,46.329864
16.809516,46.314697
16.787999,46.329707
16.744783,46.33088
16.807854,46.311878
16.717031,46.33533
16.746168,46.33138
16.713421,46.339238
16.741436,46.32982
16.780955,46.331723
16.740397,46.331498
16.679157,46.383332
16.741458,46.331799
16.779595,46.323508
16.799538,46.366822
16.751989,46.330629
16.675775,46.385329
16.717813,46.335104
16.681434,46.384788
16.720744,46.333256
16.816735,46.316379
16.809685,46.313444
16.784299,46.331569
16.739715,46.33371
16.806835,46.312804
16.744848,46.329971
16.744775,46.337662
16.795488,46.332916
16.721975,46.335834
16.754245,46.3294
16.714281,46.337315
16.673457,46.380123
16.814759,46.316785
16.808621,46.314396
16.80831,46.311431
16.805126,46.312887
16.815292,46.315782
16.810813,46.313364
16.804251,46.314531
16.816382,46.312974
16.813152,46.31426
16.80484,46.316614
16.81935,46.316902
16.781244,46.32681
16.748907,46.330263
16.739993,46.333635
16.746427,46.336054
16.745622,46.333156
16.739134,46.334627
16.674802,46.384966
16.673903,46.382651
16.719434,46.337012
16.790027,46.332961
16.788703,46.328785
16.803288,46.316404
16.801563,46.315586
16.816966,46.316866
16.814818,46.315599
16.811424,46.310688
16.804721,46.315284
16.810158,46.313473
16.81858,46.314662
16.806289,46.312666
16.802099,46.317691
16.814409,46.313131
16.813623,46.314996
16.810182,46.31679
16.813014,46.31022
16.801961,46.317773
16.806255,46.314274
16.811024,46.312757
16.811221,46.312348
16.803414,46.315396
16.810254,46.312857
16.817579,46.313488
16.80222,46.31759
16.816381,46.317872
16.816557,46.315707
16.816597,46.317178
16.815992,46.3158
16.811505,46.314449
16.810895,46.312823
16.801601,46.315196
16.802482,46.316568
16.808359,46.313838
16.811822,46.313563
16.816782,46.315334
16.814139,46.315607
16.809704,46.317437
16.80466,46.314323
16.803295,46.317098
16.811153,46.315985
16.807047,46.312878
16.81462,46.309833
16.814721,46.311477
16.814857,46.312941
16.818649,46.316627
16.817503,46.316869
16.806422,46.312418
16.810237,46.311805
16.812256,46.316644
16.813512,46.311232
16.810314,46.316546
16.805801,46.312648
16.815486,46.313334
16.799666,46.318125
16.817997,46.316531
16.815799,46.317708
16.817572,46.315536
16.812627,46.316287
16.801456,46.315689
16.808817,46.311596
16.820584,46.31699
16.810015,46.313125
16.801362,46.315416
16.811618,46.312262
16.804921,46.317931
16.808313,46.312526
16.805459,46.316623
16.803825,46.313235
16.807988,46.311497
16.802266,46.317011
16.805974,46.314047
16.805604,46.31264
16.800419,46.317036
16.815687,46.316359
16.81499,46.31593
16.804838,46.315005
16.818024,46.310569
16.812611,46.31522
16.683491,46.38241
16.679172,46.380984
16.749136,46.331911
16.782757,46.334168
16.678838,46.382199
16.722075,46.336944
16.810499,46.354029
16.67514,46.380672
16.748816,46.331833
16.792821,46.372154
16.783197,46.328843
16.675372,46.380761
16.785119,46.331242
16.805003,46.35106
16.681303,46.383424
16.779082,46.331081
16.669599,46.385202
16.786311,46.329955
16.780238,46.32915
16.677406,46.387516
16.679222,46.381615
16.780294,46.326729
16.788684,46.333014
16.788684,46.327224
16.676184,46.385385
16.804541,46.350584
16.781797,46.311632
16.78242,46.330845
16.678361,46.388308
16.716569,46.337612
16.812602,46.350599
16.738571,46.333354
16.745457,46.329489
16.746468,46.335857
16.784577,46.331293
16.678571,46.385348
16.678251,46.381302
16.748297,46.331886
16.747098,46.324456
16.71982,46.333337
16.677444,46.38624
16.714958,46.336322
16.789195,46.328467
16.723072,46.336553
16.742687,46.336147
16.786296,46.332933
16.71819,46.335076
16.80433,46.351058
16.740703,46.337717
16.670101,46.38559
16.74205,46.338203
16.78269,46.331121
16.788744,46.32747
16.741753,46.330729
16.718214,46.337111
16.816312,46.309293
16.780314,46.325574
16.713015,46.335966
16.675448,46.385012
16.740052,46.334092
16.802665,46.332316
16.73909,46.334406
16.781716,46.330651
16.720304,46.335625
16.740349,46.337947
16.780177,46.329407
16.796733,46.330057
16.779848,46.330118
16.754472,46.328199
16.679445,46.380399
16.672275,46.386032
16.746747,46.332369
16.6838,46.383499
16.677983,46.380674
16.681248,46.382431
16.781563,46.331729
16.790029,46.3311
16.675003,46.383602
16.74305,46.335411
16.790201,46.330734
16.71875,46.337192
16.713281,46.339467
16.7175,46.337886
16.673866,46.384751
16.816113,46.317064
16.745848,46.33341
16.71642,46.336826
16.784835,46.37521
16.674041,46.385276
16.782408,46.330344
16.674083,46.382748
16.672971,46.38342
16.680883,46.3828
16.789962,46.329842
16.778886,46.313631
16.71754,46.334086
16.679195,46.380253
16.780509,46.326918
16.815878,46.357332
16.743963,46.329598
16.740431,46.33681
16.782587,46.332427
16.782762,46.328036
16.682165,46.384337
16.682883,46.381531
16.780406,46.333484
16.71858,46.338322
16.780363,46.332222
16.713357,46.336919
16.742361,46.337621
16.792522,46.332137
16.784121,46.33133
16.794561,46.333442
16.743216,46.331406
16.679855,46.380086
16.719819,46.332968
16.777848,46.312975
16.678864,46.380933
16.814354,46.317363
16.812036,46.35227
16.806991,46.354362
16.743401,46.330462
16.7858,46.331582
16.782991,46.332737
16.788005,46.328054
16.740728,46.33627
16.81383,46.35146
16.679734,46.386588
16.750541,46.330279
16.807718,46.314115
16.674659,46.386616
16.745664,46.335798
16.67885,46.383557
16.724577,46.335808
16.674572,46.382727
16.749305,46.331497
16.815461,46.357522
16.789487,46.329828
16.719161,46.336847
16.743711,46.331455
16.682979,46.381704
16.814525,46.351601
16.675936,46.381842
16.795857,46.331264
16.747937,46.332006
16.678942,46.386719
16.813966,46.309662
16.717367,46.33672
16.809398,46.317522
16.74329,46.337071
16.670216,46.384637
16.742456,46.336679
16.737577,46.337912
16.715402,46.337267
16.787235,46.329699
16.813756,46.350302
16.753627,46.333898
16.784099,46.331578
16.677394,46.383628
16.678935,46.382121
16.794962,46.331717
16.778999,46.332553
16.7422,46.33552
16.77998,46.323918
16.680096,46.383066
16.780185,46.33372
16.779915,46.322964
16.714483,46.33762
16.719631,46.333083
16.785013,46.333224
16.826947,46.346011
16.746657,46.331483
16.68099,46.386233
16.786082,46.328847
16.814237,46.356017
16.746629,46.329264
16.807846,46.315739
16.796284,46.330656
16.740981,46.33016
16.794362,46.332248
16.755533,46.322154
16.690825,46.419507
16.715693,46.337643
16.678754,46.380475
16.78306,46.333294
16.742675,46.332272
16.717018,46.338418
16.779736,46.329227
16.783071,46.33285
16.781438,46.325701
16.71315,46.337911
16.678404,46.383451
16.814987,46.350435
16.68002,46.379624
16.738671,46.333645
16.753698,46.331942
16.813497,46.353214
16.782919,46.333675
16.783217,46.333039
16.781278,46.333267
16.681226,46.377082
16.740685,46.334393
16.780487,46.331728
16.743521,46.335038
16.77898,46.331926
16.682722,46.38141
16.750008,46.329063
16.81308,46.352884
16.677529,46.386163
16.683324,46.383649
16.693491,46.412687
16.678518,46.383598
16.742732,46.337722
16.676899,46.383516
16.78375,46.333523
16.796222,46.330034
16.803569,46.367869
16.784928,46.333092
16.791591,46.330949
16.716735,46.336811
16.724638,46.336856
16.804403,46.351319
16.782639,46.33283
16.680834,46.384952
16.783328,46.333182
16.671884,46.385836
16.713778,46.336667
16.673049,46.383736
16.78252,46.332061
16.677586,46.387466
16.672434,46.383703
16.789017,46.329862
16.680842,46.377475
16.811823,46.314006
16.719529,46.333361
16.811865,46.315756
16.740457,46.334111
16.787777,46.332497
16.807804,46.354335
16.786758,46.331285
16.677246,46.386342
16.748976,46.33204
16.718407,46.337868
16.746165,46.329314
16.780076,46.323252
16.719507,46.335713
16.674758,46.383084
16.673708,46.382263
16.80719,46.312621
16.749726,46.330527
16.681431,46.382429
16.782182,46.327881
16.671119,46.384838
16.749264,46.330892
16.817789,46.352568
16.785978,46.329783
16.74344,46.33161
16.790847,46.331808
16.6736,46.385064
16.720291,46.336778
16.796647,46.330176
16.67564,46.380759
16.780716,46.327704
16.724675,46.337478
16.739872,46.333091
16.796456,46.330418
16.809883,46.362918
16.788082,46.331286
16.671896,46.383608
16.790475,46.33221
16.674436,46.38186
16.746988,46.328913
16.674661,46.382557
16.795186,46.331485
16.679848,46.385769
16.674167,46.382401
16.720846,46.336102
16.670069,46.385085
16.744109,46.334766
16.674794,46.388647
16.784571,46.333544
16.787494,46.327414
16.812417,46.313276
16.81635,46.352223
16.812357,46.351931
16.749065,46.329435
16.781609,46.325317
16.782917,46.334125
16.782333,46.326952
16.742881,46.33638
16.749817,46.331076
16.803852,46.31529
16.674255,46.38248
16.785885,46.328357
16.72439,46.336292
16.673712,46.380653
16.715356,46.334371
16.790289,46.330238
16.807358,46.354345
16.675486,46.383578
16.678551,46.387181
16.815005,46.30953
16.674746,46.384291
16.783528,46.329734
16.673304,46.379541
16.807619,46.352277
16.71345,46.33779
16.669667,46.384177
16.816631,46.311248
16.674073,46.386252
16.680948,46.382512
16.716451,46.336106
16.744148,46.32961
16.780053,46.329664
16.814963,46.350643
16.782183,46.326354
16.811242,46.311845
16.670715,46.384955
16.804249,46.350861
16.791399,46.331835
16.674787,46.38661
16.742257,46.330725
16.779787,46.322806
16.809301,46.316668
16.678456,46.387892
16.678359,46.383248
16.753267,46.331139
16.672666,46.383911
16.745785,46.337341
16.787453,46.332348
16.744462,46.337187
16.746206,46.33667
16.817977,46.358744
16.747389,46.331215
16.745605,46.33615
16.747553,46.328947
16.780132,46.309922
16.803069,46.313683
16.740267,46.33766
16.796739,46.366963
16.741109,46.332699
16.745888,46.337164
16.675448,46.385089
16.789773,46.330732
16.740652,46.330645
16.748117,46.331602
16.677255,46.38329
16.791697,46.33179
16.825781,46.359315
16.743752,46.331981
16.675337,46.383312
16.744689,46.33049
16.682121,46.382625
16.743033,46.329807
16.738895,46.33163
16.711394,46.336606
16.715318,46.337568
16.792092,46.332107
16.67964,46.385461
16.674793,46.384926
16.744642,46.333221
16.674312,46.381652
16.743241,46.334093
16.712491,46.339881
16.785809,46.329827
16.789851,46.330322
16.744898,46.331908
16.745902,46.331527
16.746358,46.333395
16.676011,46.385143
16.807555,46.318297
16.793915,46.330703
16.724983,46.335962
16.812287,46.328357
16.819797,46.317107
16.803579,46.317264
16.80327,46.316672
16.816843,46.313151
16.80316,46.315616
16.816846,46.312333
16.818728,46.314815
16.817684,46.316572
16.804309,46.314379
16.809901,46.31285
16.808011,46.312305
16.812513,46.310003
16.815457,46.316034
16.809666,46.31138
16.811842,46.313858
16.716303,46.336116
16.738759,46.334735
16.74841,46.32955
16.683951,46.38204
16.672009,46.384805
16.67667,46.387678
16.812881,46.312315
16.813556,46.310519
16.8089,46.313761
16.805703,46.314259
16.802963,46.316511
16.807525,46.311757
16.815144,46.311381
16.801021,46.315816
16.809921,46.316324
16.819572,46.316667
16.808045,46.312802
16.811859,46.314716
16.808873,46.313196
16.804698,46.313425
16.806572,46.313789
16.814124,46.311716
16.81853,46.3152
16.801826,46.317388
16.799848,46.318072
16.810211,46.317167
16.801896,46.315429
16.809174,46.317598
16.809872,46.310964
16.809317,46.313671
16.806891,46.314189
16.811428,46.310828
16.809932,46.311772
16.809262,46.317577
16.815921,46.312606
16.805857,46.316643
16.815062,46.309839
16.806925,46.317973
16.81049,46.311893
16.81379,46.310904
16.809734,46.312828
16.810165,46.311579
16.817323,46.31697
16.814643,46.310267
16.809384,46.312767
16.808326,46.312887
16.81395,46.316457
16.807196,46.31218
16.803718,46.315062
16.817663,46.314904
16.816567,46.313447
16.807732,46.312083
16.804134,46.317786
16.809486,46.312995
16.818133,46.316697
16.808955,46.311391
16.806733,46.312183
16.803806,46.313835
16.810711,46.314899
16.803498,46.315685
16.807764,46.317821
16.807564,46.318206
16.813366,46.314077
16.808145,46.311676
16.815556,46.315811
16.818428,46.314291
16.808059,46.317739
16.801527,46.315315
16.803333,46.316613
16.807888,46.314083
16.801946,46.317037
16.811947,46.314318
16.810142,46.313755
16.812152,46.315591
16.818344,46.314818
16.809495,46.317155
16.813643,46.310655
16.807115,46.311869
16.802964,46.313976
16.800587,46.317456
16.803601,46.316303
16.801255,46.315529
16.815345,46.311327
16.801843,46.317832
16.811207,46.313154
16.815585,46.310843
16.809904,46.314409
16.750083,46.330367
16.738685,46.331258
16.675578,46.387294
16.802102,46.314377
16.675752,46.38184
16.673523,46.384346
16.748149,46.3313
16.740608,46.335125
16.782016,46.326001
16.676743,46.38353
16.683766,46.382653
16.723804,46.336247
16.674447,46.38104
16.795966,46.330393
16.823799,46.355513
16.710421,46.338269
16.816219,46.315175
16.676609,46.381485
16.788063,46.330022
16.746517,46.335275
16.782451,46.331912
16.792742,46.33214
16.781657,46.32542
16.8021,46.313007
16.684187,46.383964
16.741261,46.335983
16.711763,46.336461
16.678128,46.380417
16.789364,46.328888
16.676707,46.383791
16.817344,46.307341
16.683727,46.384069
16.678654,46.385061
16.678674,46.38235
16.810194,46.353911
16.812993,46.350476
16.780106,46.330403
16.678649,46.384921
16.678499,46.383228
16.717581,46.337419
16.677982,46.38354
16.786428,46.337567
16.74841,46.332263
16.814742,46.351523
16.741039,46.333512
16.790135,46.331044
16.746014,46.334839
16.680572,46.3772
16.6815,46.379911
16.672597,46.383812
16.74626,46.332466
16.743487,46.337493
16.795657,46.331499
16.797366,46.329204
16.789757,46.330524
16.688191,46.413015
16.813155,46.313898
16.678992,46.385466
16.676629,46.387121
16.672579,46.385204
16.715628,46.337019
16.71511,46.336317
16.739211,46.330631
16.825478,46.358897
16.742515,46.332658
16.677341,46.380702
16.814463,46.356472
16.740282,46.337844
16.812865,46.317332
16.738663,46.332957
16.808343,46.313575
16.712003,46.335944
16.682913,46.383016
16.677033,46.383148
16.756665,46.324133
16.719861,46.335603
16.745315,46.335324
16.74245,46.337408
16.716965,46.336282
16.783201,46.329397
16.679225,46.384891
16.787579,46.330228
16.782412,46.375153
16.720235,46.336524
16.816841,46.35826
16.780874,46.328527
16.738826,46.334065
16.67403,46.385133
16.808535,46.354384
16.679406,46.386586
16.748233,46.331279
16.792964,46.332154
16.81669,46.358616
16.67328,46.384298
16.779703,46.328973
16.784203,46.332604
16.793928,46.331676
16.682539,46.38256
16.781757,46.312522
16.819424,46.316247
16.710482,46.337954
16.81194,46.311406
16.714023,46.337574
16.721446,46.336891
16.750579,46.331137
16.743138,46.330268
16.743895,46.337211
16.677305,46.386845
16.678226,46.383283
16.675473,46.380943
16.788074,46.328204
16.806763,46.327495
16.680407,46.377957
16.68138,46.379779
16.742852,46.329419
16.722106,46.336269
16.778828,46.313468
16.813299,46.315847
16.791272,46.330716
16.716708,46.335755
16.710824,46.336883
16.71969,46.33338
16.67566,46.384107
16.680666,46.382653
16.719388,46.336762
16.673081,46.379928
16.826516,46.360489
16.738619,46.33108
16.780765,46.326888
16.815866,46.358127
16.796197,46.330773
16.78741,46.331928
16.680639,46.377557
16.745395,46.334305
16.781148,46.330395
16.816343,46.358405
16.672096,46.385897
16.716864,46.337997
16.782696,46.33134
16.79125,46.332081
16.675096,46.388938
16.679972,46.384869
16.74278,46.329878
16.677766,46.385989
16.673861,46.384077
16.715688,46.334853
16.71119,46.336702
16.782767,46.328721
16.721722,46.336912
16.718678,46.336854
16.741847,46.336459
16.814346,46.35141
16.746028,46.337012
16.669357,46.385625
16.677884,46.388484
16.807902,46.312122
16.80807,46.314075
16.743022,46.335052
16.744692,46.336897
16.681976,46.380437
16.812669,46.315323
16.74,46.331939
16.674966,46.388845
16.70958,46.331385
16.714637,46.33525
16.789576,46.331466
16.740298,46.334001
16.678573,46.386166
16.781973,46.332957
16.78238,46.326732
16.787765,46.329748
16.811951,46.315447
16.784803,46.332944
16.740125,46.332869
16.677425,46.387872
16.746531,46.331154
16.786869,46.332968
16.720562,46.335952
16.717368,46.338579
16.747725,46.329315
16.811361,46.350963
16.740765,46.33465
16.720349,46.333364
16.717723,46.333513
16.783277,46.328693
16.74325,46.335336
16.679947,46.379763
16.782702,46.330046
16.751602,46.321354
16.670405,46.385398
16.674495,46.386379
16.681111,46.382542
16.680504,46.380013
16.782747,46.329005
16.668909,46.38581
16.781806,46.333202
16.818206,46.351907
16.745697,46.333518
16.781565,46.327768
16.781967,46.325795
16.768475,46.377708
16.817438,46.352618
16.717452,46.335262
16.746559,46.328836
16.740225,46.334306
16.7815,46.322014
16.779579,46.330943
16.675414,46.387292
16.781118,46.327372
16.74249,46.329955
16.740681,46.337404
16.740775,46.331554
16.677964,46.383313
16.717137,46.336028
16.678754,46.384555
16.78973,46.331327
16.795624,46.331638
16.742908,46.337138
16.782393,46.328153
16.679312,46.385602
16.77994,46.329967
16.795281,46.331362
16.677268,46.386946
16.680769,46.386547
16.740024,46.336585
16.720231,46.332792
16.781538,46.331566
16.68127,46.382525
16.783475,46.329635
16.74339,46.330906
16.789074,46.328332
16.753919,46.32849
16.677134,46.380715
16.743522,46.337209
16.679101,46.384621
16.66984,46.385437
16.677218,46.387046
16.673717,46.384451
16.739073,46.333848
16.786645,46.329931
16.796996,46.329698
16.680184,46.38275
16.682073,46.382357
16.812529,46.311611
16.750583,46.330187
16.817251,46.352636
16.748326,46.332564
16.785586,46.371297
16.7834,46.333856
16.672448,46.386137
16.67947,46.379982
16.781991,46.376347
16.738658,46.333185
16.722074,46.335419
16.812866,46.313367
16.71326,46.338654
16.681115,46.386443
16.804619,46.350757
16.782636,46.328331
16.782824,46.329517
16.678491,46.386672
16.681439,46.382507
16.809657,46.311741
16.679972,46.386769
16.780288,46.326607
16.812251,46.350846
16.722384,46.336035
16.682076,46.384956
16.797276,46.369375
16.742711,46.334704
16.788193,46.331323
16.678571,46.385179
16.679038,46.384473
16.748646,46.329444
16.67957,46.383203
16.683424,46.382255
16.751313,46.329755
16.78068,46.327539
16.712437,46.337651
16.779511,46.330582
16.742021,46.333937
16.74828,46.329
16.74647,46.334505
16.74027,46.332831
16.824609,46.359309
16.675863,46.387581
16.681309,46.386011
16.754587,46.330885
16.67842,46.384386
16.739073,46.333646
16.673865,46.382028
16.781937,46.32567
16.721824,46.336219
16.722552,46.336604
16.677974,46.38831
16.781076,46.331421
16.75009,46.333036
16.678007,46.38364
16.716961,46.335449
16.780391,46.329643
16.779927,46.333475
16.674602,46.386495
16.746525,46.33078
16.679974,46.386081
16.749115,46.329861
16.751637,46.330648
16.782675,46.375005
16.674512,46.388462
16.742496,46.337189
16.753168,46.331408
16.790012,46.331437
16.715032,46.337749
16.744117,46.329302
16.715339,46.337024
16.749047,46.329061
16.688637,46.416497
16.717656,46.336451
16.778924,46.331411
16.782253,46.326103
16.675239,46.389112
16.743961,46.332695
16.743766,46.329252
16.787368,46.327003
16.787129,46.327986
16.743768,46.337524
16.783231,46.329275
16.81287,46.3518
16.680402,46.377336
16.677686,46.383613
16.674703,46.380813
16.744922,46.337078
16.74265,46.329534
16.816997,46.358693
16.812518,46.3529
16.777965,46.312902
16.739857,46.330779
16.780709,46.327976
16.740912,46.338345
16.67321,46.384791
16.742671,46.33563
16.746782,46.334017
16.672467,46.381583
16.75041,46.329041
16.73944,46.332389
16.804434,46.350501
16.722539,46.336454
16.754497,46.328008
16.815256,46.362066
16.713341,46.336375
16.717625,46.336192
16.67859,46.380437
16.780503,46.324522
16.813605,46.350357
16.744243,46.336262
16.682585,46.382349
16.720002,46.333376
16.676208,46.380924
16.795783,46.36632
16.67493,46.383367
16.680973,46.379274
16.750724,46.333342
16.807343,46.314173
16.815668,46.310996
16.814027,46.315344
16.807862,46.311722
16.807834,46.312788
16.803919,46.314893
16.813192,46.314613
16.808468,46.313484
16.813692,46.310767
16.809265,46.31162
16.752897,46.33147
16.783969,46.333309
16.818059,46.315994
16.74611,46.333148
16.675673,46.383778
16.716896,46.336045
16.724579,46.337144
16.791048,46.333108
16.804608,46.316614
16.808838,46.317772
16.803008,46.315778
16.816322,46.317263
16.806883,46.316618
16.806447,46.314265
16.809483,46.311197
16.808151,46.318044
16.801397,46.315802
16.805948,46.312642
16.812658,46.312265
16.812016,46.314812
16.803265,46.315489
16.817227,46.312757
16.820173,46.31686
16.803628,46.317759
16.810545,46.313521
16.814368,46.31714
16.802475,46.313923
16.807059,46.314191
16.807341,46.312648
16.808246,46.314063
16.811397,46.316247
16.805839,46.314049
16.818593,46.315566
16.817569,46.313003
16.802778,46.317265
16.811212,46.312026
16.818222,46.316439
16.805314,46.312791
16.807842,46.31151
16.807027,46.313957
16.81281,46.316283
16.814298,46.311579
16.819124,46.316785
16.813282,46.310722
16.813656,46.317114
16.807028,46.312177
16.817645,46.313645
16.809675,46.316247
16.813655,46.311471
16.803866,46.317552
16.814498,46.311558
16.811223,46.313698
16.812613,46.315921
16.80895,46.317688
16.810226,46.310804
16.808464,46.311426
16.814689,46.314875
16.813309,46.31615
16.805258,46.316632
16.818984,46.316414
16.804807,46.313203
16.808498,46.311669
16.808199,46.313162
16.811383,46.315339
16.813804,46.315718
16.814619,46.314976
16.804246,46.313009
16.821148,46.317259
16.806985,46.312579
16.802656,46.317315
16.812035,46.313632
16.80409,46.313704
16.801924,46.317122
16.813465,46.313764
16.81158,46.312472
16.811014,46.310968
16.802081,46.314935
16.806052,46.31429
16.804356,46.313498
16.807549,46.312928
16.816975,46.31716
16.813657,46.316905
16.804155,46.314629
16.747936,46.329346
16.748207,46.329365
16.679307,46.386746
16.744932,46.330421
16.781143,46.33011
16.741735,46.33563
16.683694,46.383343
16.818196,46.358868
16.78137,46.330537
16.711945,46.337736
16.790052,46.331291
16.752271,46.330664
16.789258,46.328651
16.744761,46.334036
16.817106,46.358371
16.724747,46.336556
16.677679,46.385862
16.671378,46.38423
16.675088,46.383487
16.788715,46.34003
16.716838,46.334392
16.75086,46.329124
16.745299,46.336585
16.670956,46.385906
16.804188,46.351449
16.740158,46.334185
16.782386,46.331396
16.744472,46.33303
16.743161,46.332525
16.783159,46.331325
16.813019,46.351745
16.817812,46.313986
16.678913,46.383142
16.678516,46.385464
16.686533,46.384218
16.751519,46.330663
16.743456,46.334494
16.817792,46.313107
16.810752,46.36841
16.824363,46.351444
16.743849,46.333867
16.681368,46.382715
16.740142,46.330191
16.811497,46.316621
16.812796,46.35054
16.677933,46.380426
16.675758,46.385736
16.745407,46.337868
16.677538,46.383392
16.781305,46.33169
16.746331,46.331992
16.804298,46.351404
16.692355,46.41454
16.741566,46.330198
16.752996,46.329615
16.718867,46.338282
16.788638,46.331617
16.712912,46.339003
16.713809,46.334775
16.740837,46.336029
16.778993,46.331248
16.781233,46.324763
16.782306,46.332834
16.804291,46.350645
16.682264,46.380518
16.816223,46.357735
16.816536,46.35851
16.782707,46.32859
16.688605,46.415065
16.795625,46.362164
16.801449,46.317966
16.786495,46.329684
16.781168,46.309177
16.81944,46.351394
16.822838,46.358903
16.738905,46.335615
16.739089,46.3345
16.796142,46.33015
16.676033,46.38385
16.815579,46.316495
16.783898,46.331546
16.714174,46.336649
16.80416,46.35121
16.779529,46.328337
16.782773,46.328857
16.781204,46.327971
16.688619,46.415586
16.753125,46.329172
16.796703,46.329407
16.673218,46.380373
16.680057,46.378552
16.784461,46.376138
16.675423,46.383968
16.677178,46.380384
16.796021,46.331018
16.679852,46.379802
16.671266,46.385869
16.67932,46.383005
16.740759,46.334503
16.675647,46.384812
16.809719,46.311095
16.816754,46.31562
16.818246,46.352111
16.71886,46.338439
16.675711,46.387362
16.676029,46.380911
16.742455,46.331271
16.781043,46.333072
16.753701,46.329728
16.78775,46.33203
16.715096,46.335127
16.72011,46.336873
16.778012,46.313625
16.74487,46.337255
16.792301,46.332112
16.674618,46.381015
16.808146,46.311471
16.739471,46.329973
16.680141,46.379553
16.677851,46.380641
16.670125,46.384231
16.780495,46.328434
16.670545,46.385953
16.796118,46.358351
16.675074,46.383086
16.746462,46.330551
16.677224,46.3866
16.786264,46.332464
16.751926,46.330632
16.743173,46.333586
16.675617,46.385188
16.713346,46.335272
16.743823,46.333668
16.724576,46.336994
16.675721,46.38454
16.816126,46.309786
16.714035,46.336931
16.751461,46.329312
16.720541,46.335247
16.680913,46.376945
16.780253,46.331965
16.744521,46.334523
16.752532,46.330709
16.788581,46.329819
16.675215,46.383208
16.755242,46.330636
16.739382,46.33318
16.815678,46.357742
16.678857,46.385808
16.740627,46.332982
16.75106,46.329604
16.722664,46.336029
16.79722,46.366779
16.74026,46.33657
16.680955,46.377347
16.682586,46.387484
16.680107,46.385245
16.787179,46.327284
16.681509,46.382678
16.783435,46.328534
16.741149,46.332065
16.814515,46.309573
16.674809,46.38102
16.740457,46.334776
16.67331,46.384388
16.747323,46.331686
16.780882,46.324402
16.743609,46.331312
16.779183,46.330882
16.678654,46.381358
16.752225,46.329577
16.822552,46.353187
16.785751,46.328663
16.795536,46.331006
16.778994,46.332044
16.791897,46.332092
16.809635,46.313095
16.718853,46.337919
16.818101,46.315654
16.672306,46.383175
16.745363,46.335125
16.717196,46.33768
16.747043,46.332349
16.788718,46.330092
16.780254,46.332365
16.785859,46.329161
16.717465,46.338266
16.674799,46.382062
16.781056,46.333283
16.824626,46.358975
16.748768,46.329639
16.718239,46.334567
16.719102,46.335264
16.676599,46.387434
16.681549,46.380572
16.673885,46.38135
16.676953,46.387609
16.714095,46.335494
16.673527,46.380299
16.753905,46.330729
16.675301,46.388739
16.81745,46.358928
16.747785,46.33144
16.782942,46.333854
16.680261,46.377458
16.825145,46.358747
16.74375,46.337105
16.745987,46.330073
16.674458,46.381943
16.673274,46.383318
16.66974,46.384284
16.779742,46.329104
16.788555,46.332701
16.785877,46.33226
16.747028,46.329276
16.804721,46.351087
16.680142,46.382569
16.782039,46.33317
16.745633,46.332961
16.754097,46.322759
16.679558,46.380277
16.780299,46.326866
16.808929,46.312903
16.718896,46.333373
16.792539,46.329014
16.795938,46.33114
16.682331,46.381529
16.786724,46.330885
16.740648,46.337563
16.678373,46.381315
16.74981,46.330284
16.6815,46.386326
16.78023,46.326363
16.748716,46.329978
16.812871,46.309918
16.677603,46.386859
16.810028,46.315806
16.719985,46.332891
16.808854,46.35413
16.791877,46.330931
16.71109,46.338147
16.79458,46.332205
16.75698,46.321891
16.740388,46.331695
16.677376,46.380353
16.679838,46.379642
16.721154,46.335739
16.826033,46.358575
16.682327,46.38236
16.724059,46.337229
16.751758,46.329569
16.71294,46.337497
16.754933,46.330812
16.74992,46.331397
16.797277,46.32932
16.716641,46.333962
16.78233,46.331615
16.749117,46.331037
16.741583,46.336453
16.68014,46.378866
16.782777,46.331753
16.787865,46.332158
16.744561,46.334115
16.674445,46.386277
16.675012,46.384154
16.716815,46.335183
16.725725,46.33313
16.814509,46.315166
16.678481,46.385571
16.79685,46.329188
16.742351,46.335821
16.74685,46.329248
16.786911,46.329956
16.67709,46.383456
16.758171,46.323127
16.674703,46.383025
16.740559,46.334209
16.795574,46.330886
16.675352,46.380928
16.746397,46.32926
16.7148,46.336736
16.691055,46.416835
16.674625,46.382082
16.782865,46.32991
16.73764,46.334281
16.740719,46.33725
16.78715,46.329948
16.68011,46.386673
16.713885,46.33556
16.746898,46.333578
16.817053,46.352651
16.793562,46.332157
16.681203,46.379565
16.788177,46.329795
16.795189,46.332262
16.811256,46.313034
16.814686,46.351292
16.669858,46.384981
16.748642,46.330616
16.681929,46.381212
16.742182,46.337991
16.784233,46.329957
16.738731,46.333861
16.742795,46.336496
16.721855,46.337083
16.679977,46.385406
16.745416,46.334652
16.670774,46.384069
16.787064,46.332967
16.78743,46.3326
16.752807,46.330644
16.688632,46.416997
16.741695,46.332148
16.779245,46.313294
16.720195,46.333397
16.820336,46.316937
16.724896,46.336259
16.680694,46.38004
16.7803,46.326483
16.677364,46.378067
16.744434,46.33766
16.750854,46.330991
16.672793,46.383462
16.795717,46.332861
16.740722,46.337065
16.670072,46.385701
16.671691,46.384846
16.74981,46.331486
16.678287,46.380648
16.743176,46.334803
16.787553,46.329715
16.808279,46.348303
16.745132,46.329564
16.746812,46.331724
16.753384,46.328961
16.782782,46.329652
16.738854,46.335263
16.749492,46.331698
16.742104,46.336431
16.744618,46.329276
16.745577,46.332607
16.742484,46.333593
16.678564,46.380683
16.675114,46.384621
16.796452,46.332643
16.739861,46.333849
16.787587,46.331487
16.804179,46.35048
16.679647,46.384854
16.800322,46.317159
16.811315,46.312921
16.818491,46.315663
16.815504,46.310661
16.809779,46.314594
16.813505,46.315969
16.815471,46.31049
16.813378,46.314847
16.808445,46.31266
16.81119,46.312582
16.816388,46.316943
16.818573,46.31373
16.680504,46.377751
16.695465,46.412053
16.673495,46.383506
16.714484,46.336164
16.714744,46.33609
16.717704,46.334847
16.71186,46.337974
16.794009,46.333514
16.796325,46.329911
16.816609,46.313046
16.817758,46.315587
16.815003,46.317075
16.813025,46.311593
16.802136,46.314815
16.818074,46.314885
16.81365,46.313624
16.817187,46.316728
16.818293,46.313279
16.811118,46.31516
16.808166,46.316288
16.811235,46.312182
16.804242,46.316639
16.812042,46.316682
16.811311,46.316355
16.800741,46.316434
16.816299,46.313312
16.811527,46.312762
16.811787,46.314095
16.812634,46.313354
16.80918,46.313711
16.811201,46.311646
16.810041,46.314506
16.808315,46.317935
16.815743,46.317402
16.802619,46.313835
16.804432,46.316103
16.816105,46.313282
16.815508,46.316253
16.812678,46.31754
16.808143,46.313776
16.807913,46.313032
16.807401,46.31178
16.800897,46.317965
16.814768,46.310081
16.81076,46.312818
16.812534,46.31514
16.802785,46.314023
16.804304,46.314071
16.811465,46.310535
16.820886,46.317176
16.802301,46.31416
16.815067,46.313368
16.812027,46.314911
16.807685,46.311722
16.812106,46.314149
16.811468,46.310975
16.804328,46.315229
16.814553,46.315446
16.808468,46.31785
16.813285,46.313974
16.801002,46.315667
16.81002,46.316442
16.809127,46.312769
16.815602,46.317319
16.810006,46.312849
16.815935,46.317696
16.815712,46.313329
16.80162,46.317919
16.817132,46.311621
16.810603,46.316797
16.815303,46.317256
16.800499,46.316938
16.812866,46.31706
16.801956,46.317282
16.803688,46.315497
16.806657,46.316609
16.811584,46.314359
16.816143,46.317731
16.803245,46.313577
16.814585,46.317397
16.672374,46.385264
16.781498,46.327043
16.784368,46.333262
16.717759,46.337552
16.779269,46.330745
16.779256,46.331386
16.740877,46.334991
16.790532,46.333026
16.745803,46.334834
16.741634,46.338881
16.679426,46.384857
16.680139,46.378732
16.815357,46.310325
16.682729,46.384332
16.7804,46.328746
16.78772,46.332373
16.674332,46.385521
16.796585,46.32955
16.788495,46.328462
16.745163,46.333588
16.677525,46.380649
16.744892,46.330175
16.751027,46.329147
16.787752,46.331866
16.786548,46.333014
16.681643,46.382477
16.782138,46.331915
16.78978,46.333007
16.824907,46.359765
16.715363,46.33689
16.780079,46.325876
16.682545,46.381124
16.672823,46.384541
16.680283,46.378231
16.741007,46.335616
16.668449,46.386078
16.741131,46.333381
16.749023,46.331722
16.815567,46.357655
16.813924,46.350253
16.678875,46.386004
16.66948,46.38442
16.719081,46.335017
16.779646,46.323849
16.670085,46.384481
16.739744,46.333136
16.781782,46.31124
16.679687,46.380189
16.785912,46.329287
16.72015,46.335605
16.745004,46.332323
16.717517,46.337749
16.781232,46.325626
16.8132,46.316511
16.676524,46.380601
16.684006,46.387252
16.720243,46.335365
16.749671,46.330354
16.784933,46.331304
16.741382,46.333235
16.748816,46.320592
16.815697,46.357138
16.741789,46.332789
16.676528,46.385535
16.679676,46.379832
16.677357,46.386458
16.67877,46.383425
16.74421,46.336153
16.781496,46.325128
16.745992,46.328907
16.805132,46.351074
16.675588,46.381926
16.716008,46.335486
16.80023,46.31801
16.780203,46.330177
16.780632,46.327242
16.671922,46.383732
16.793044,46.331357
16.673587,46.38474
16.681063,46.377196
16.703683,46.337753
16.716395,46.340225
16.718338,46.337402
16.750356,46.330929
16.818593,46.315472
16.741882,46.33074
16.782397,46.330454
16.752657,46.330629
16.676126,46.387595
16.815377,46.317085
16.816255,46.35194
16.780757,46.32882
16.740902,46.33543
16.739486,46.330276
16.815021,46.351024
16.712156,46.337653
16.782905,46.332608
16.681854,46.380305
16.785661,46.331856
16.779713,46.333881
16.820547,46.315184
16.808491,46.337825
16.720884,46.33643
16.677068,46.381397
16.74046,46.330134
16.754521,46.327656
16.675165,46.380982
16.681967,46.384922
16.795438,46.331114
16.796824,46.329937
16.80487,46.351049
16.810549,46.317518
16.680738,46.378964
16.678558,46.386533
16.818868,46.363308
16.7501,46.331309
16.811644,46.351594
16.786066,46.330178
16.740558,46.332165
16.687888,46.417416
16.78247,46.331023
16.674458,46.382644
16.681721,46.384739
16.809132,46.314342
16.804112,46.350394
16.671356,46.385161
16.721351,46.335537
16.787993,46.331762
16.825422,46.358742
16.796509,46.329679
16.81511,46.352451
16.79614,46.332547
16.674305,46.385921
16.783113,46.332972
16.812513,46.317235
16.750105,46.332755
16.824881,46.359468
16.674741,46.388823
16.71011,46.337171
16.680101,46.377594
16.788383,46.329687
16.677492,46.387308
16.674802,46.383163
16.781916,46.327625
16.675592,46.38372
16.718284,46.333717
16.722716,46.332246
16.753942,46.331536
16.783056,46.328294
16.678284,46.388601
16.783337,46.376307
16.817774,46.315453
16.741654,46.333138
16.679744,46.386305
16.741323,46.335463
16.677803,46.383164
16.678833,46.386784
16.718245,46.337822
16.679188,46.381472
16.738809,46.333939
16.779975,46.32982
16.74318,46.333965
16.779262,46.32385
16.810248,46.317399
16.751235,46.3308
16.750171,46.329042
16.747871,46.33216
16.683734,46.387301
16.740272,46.337379
16.71726,46.333768
16.811539,46.351384
16.745999,46.33145
16.681928,46.382627
16.674536,46.382933
16.780068,46.323394
16.783343,46.33136
16.678397,46.386903
16.751472,46.333097
16.781694,46.327333
16.680462,46.385541
16.80433,46.350307
16.789833,46.330446
16.675858,46.383909
16.746273,46.330917
16.719819,46.336921
16.810983,46.353859
16.674015,46.384475
16.67752,46.381302
16.673994,46.385857
16.780801,46.329987
16.674031,46.386085
16.7457,46.331735
16.785082,46.334436
16.720544,46.336706
16.678873,46.386204
16.79242,46.33077
16.749615,46.33288
16.680636,46.3802
16.714387,46.336499
16.673859,46.381252
16.818203,46.352582
16.721356,46.335684
16.779606,46.328831
16.68189,46.382857
16.784658,46.333153
16.678055,46.388002
16.742311,46.333252
16.745455,46.331326
16.792684,46.3312
16.683159,46.382006
16.72193,46.336228
16.745013,46.333961
16.747003,46.334122
16.791688,46.332092
16.674135,46.386442
16.783723,46.313275
16.718032,46.333402
16.781139,46.324625
16.676401,46.38362
16.782307,46.326846
16.717166,46.335317
16.814137,46.351456
16.778479,46.332098
16.746117,46.330518
16.679651,46.383185
16.672204,46.384772
16.752987,46.330101
16.781637,46.326823
16.674565,46.380819
16.679085,46.384167
16.679175,46.381311
16.718726,46.334887
16.672302,46.383541
16.675312,46.383701
16.718054,46.337824
16.807794,46.316134
16.740992,46.335134
16.677371,46.382136
16.779434,46.313655
16.78381,46.328291
16.753036,46.330013
16.678844,46.380449
16.746605,46.332474
16.678863,46.381404
16.676221,46.381783
16.747369,46.332241
16.681862,46.380975
16.816401,46.352711
16.747114,46.3337
16.678305,46.384614
16.681421,46.382258
16.818781,46.351407
16.713287,46.337829
16.783029,46.333956
16.679455,46.384144
16.791589,46.333149
16.713678,46.335664
16.779953,46.330592
16.751074,46.330846
16.67611,46.387843
16.740323,46.332229
16.813463,46.310257
16.787434,46.331829
16.679451,46.384524
16.808957,46.354269
16.747244,46.332285
16.717176,46.334258
16.743493,46.329714
16.7875,46.332916
16.744246,46.3319
16.742477,46.33067
16.781578,46.33329
16.783145,46.329123
16.813454,46.313417
16.741535,46.333034
16.752623,46.329437
16.671568,46.384882
16.739101,46.333304
16.808782,46.313399
16.674751,46.386767
16.784278,46.333903
16.78812,46.328402
16.675248,46.384972
16.795844,46.332453
16.742901,46.33658
16.808688,46.317797
16.782503,46.33225
16.68034,46.38641
16.803406,46.315778
16.786221,46.330452
16.681801,46.384409
16.748776,46.328994
16.797077,46.329577
16.679305,46.380126
16.778952,46.332187
16.745294,46.332384
16.783996,46.333518
16.790799,46.332037
16.821276,46.352231
16.75284,46.329287
16.67673,46.381439
16.740497,46.333807
16.755996,46.321148
16.71306,46.339798
16.742789,46.337509
16.68076,46.382845
16.78267,46.333523
16.742022,46.331934
16.796102,46.330898
16.746116,46.336848
16.738996,46.333065
16.680578,46.384956
16.745918,46.33409
16.741422,46.332869
16.713848,46.33761
16.801492,46.312864
16.67842,46.387774
16.741527,46.339169
16.746197,46.329693
16.814307,46.353119
16.710632,46.338205
16.677687,46.380654
16.745755,46.333963
16.740409,46.338116
16.717491,46.338097
16.811773,46.316602
16.805653,46.316621
16.813409,46.317245
16.811913,46.314537
16.818898,46.316679
16.815016,46.310598
16.816038,46.317127
16.803647,46.316499
16.805071,46.313816
16.809676,46.316979
16.80946,46.314589
16.815825,46.311277
16.809574,46.317077
16.816281,46.315765
16.802484,46.316723
16.813576,46.309755
16.811537,46.3147
16.812416,46.352745
16.680798,46.382639
16.74487,46.336672
16.780723,46.331558
16.741374,46.332089
16.809265,46.354071
16.819624,46.345731
16.681102,46.379387
16.793608,46.333408
16.811256,46.315789
16.808601,46.313824
16.812462,46.31776
16.800254,46.317287
16.81088,46.314991
16.806887,46.312212
16.802845,46.313767
16.806791,46.313774
16.808039,46.315026
16.801212,46.317968
16.805541,46.314242
16.813344,46.31086
16.800575,46.317985
16.814667,46.313061
16.800211,46.317427
16.809,46.317172
16.816448,46.314802
16.808799,46.316835
16.813941,46.313259
16.806445,46.316617
16.810443,46.312844
16.810163,46.316148
16.810165,46.316281
16.813474,46.310389
16.817847,46.314288
16.805199,46.314213
16.815874,46.316066
16.815913,46.313286
16.814475,46.315324
16.816013,46.312979
16.8123,46.315679
16.818579,46.315362
16.810724,46.31342
16.800674,46.316556
16.81101,46.315059
16.814732,46.309945
16.804428,46.314834
16.816502,46.316821
16.805454,46.316276
16.809386,46.31447
16.802523,46.316486
16.807889,46.315577
16.803352,46.318077
16.807287,46.311833
16.810601,46.315256
16.812297,46.313712
16.813063,46.317291
16.803959,46.315207
16.811515,46.311099
16.81983,46.316763
16.804127,46.315012
16.807118,46.31661
16.814923,46.311471
16.809575,46.312788
16.819434,46.316609
16.805372,46.314151
16.812451,46.315784
16.811691,46.31426
16.817235,46.311028
16.814298,46.314978
16.810612,46.312808
16.802004,46.315013
16.811179,46.311381
16.813156,46.310462
16.811212,46.316501
16.811454,46.312827
16.804464,46.315302
16.804722,46.314847
16.810384,46.313592
16.810249,46.316037
16.812221,46.316003
16.808052,46.314846
16.80342,46.31348
16.802348,46.314053
16.813937,46.311151
16.812019,46.314231
16.809382,46.313151
16.810395,46.310732
16.812287,46.317566
16.801412,46.31759
16.808012,46.313845
16.808801,46.314139
16.810843,46.315807
16.750378,46.331237
16.746623,46.333532
16.779041,46.323837
16.73998,46.332251
16.787967,46.331512
16.780529,46.32828
16.746352,46.330306
16.805655,46.314023
16.669734,46.384829
16.750281,46.329455
16.712858,46.340062
16.679093,46.384271
16.672194,46.384576
16.823661,46.352097
16.780499,46.322726
16.786381,46.328257
16.78571,46.331992
16.671385,46.385852
16.753666,46.329152
16.669997,46.384268
16.74522,46.33196
16.809745,46.317287
16.678952,46.383774
16.67562,46.384693
16.686161,46.415158
16.786362,46.330548
16.780477,46.325305
16.74566,46.337494
16.680114,46.386193
16.682263,46.380875
16.742913,46.330104
16.793746,46.332189
16.785106,46.329777
16.738755,46.334457
16.681216,46.382783
16.678874,46.382278
16.67672,46.380542
16.779518,46.328449
16.748465,46.332521
16.785799,46.328788
16.679382,46.383412
16.783614,46.312855
16.753236,46.331256
16.67948,46.384386
16.676703,46.381916
16.785974,46.329506
16.741856,46.33427
16.77998,46.323106
16.816376,46.352481
16.801047,46.316051
16.747786,46.331178
16.718782,46.335208
16.716391,46.33763
16.713167,46.336747
16.745091,46.330691
16.814768,46.317408
16.81491,46.310331
16.751342,46.32987
16.670186,46.384455
16.675239,46.383328
16.717472,46.333631
16.804362,46.350424
16.677792,46.386477
16.825422,46.348168
16.711291,46.338106
16.674355,46.386717
16.738802,46.334908
16.77981,46.333736
16.753937,46.32734
16.782411,46.331258
16.812525,46.351853
16.749187,46.332675
16.677833,46.381199
16.787432,46.332516
16.803579,46.315214
16.814956,46.351518
16.740227,46.337126
16.720649,46.335614
16.74061,46.338777
16.670272,46.38521
16.809053,46.311583
16.779333,46.332006
16.673575,46.380449
16.67479,46.382863
16.785918,46.332442
16.740738,46.335278
16.738217,46.333553
16.714489,46.335345
16.804452,46.351237
16.81837,46.316687
16.676424,46.380829
16.682885,46.382584
16.740236,46.334478
16.786886,46.329699
16.719687,46.337065
16.713525,46.335191
16.824801,46.359096
16.678336,46.388462
16.750665,46.329094
16.675097,46.389294
16.812695,46.351836
16.676642,46.385413
16.669118,46.385739
16.740537,46.338565
16.67427,46.386547
16.742548,46.335429
16.747285,46.328923
16.786119,46.330326
16.678854,46.38644
16.67138,46.384962
16.792306,46.331052
16.781608,46.31063
16.745677,46.335984
16.788548,46.331388
16.81739,46.35853
16.805012,46.350895
16.745944,46.333023
16.781537,46.310365
16.670003,46.384655
16.720608,46.332714
16.722114,46.336572
16.670394,46.385141
16.797175,46.329444
16.679952,46.386601
16.717628,46.336629
16.723001,46.336164
16.678849,46.381146
16.713104,46.335335
16.781886,46.325551
16.779508,46.373238
16.674269,46.381517
16.724453,46.335953
16.741684,46.336742
16.787728,46.332256
16.78223,46.333091
16.681713,46.380177
16.711565,46.336532
16.715274,46.335883
16.674837,46.380776
16.71981,46.335526
16.739152,46.334188
16.678999,46.380437
16.741915,46.338436
16.745045,46.330545
16.683202,46.382826
16.745263,46.33085
16.812116,46.31021
16.741096,46.33524
16.678964,46.385638
16.741972,46.333172
16.803234,46.317451
16.819372,46.352385
16.744422,46.33235
16.744324,46.337591
16.710502,46.337006
16.74083,46.338089
16.719828,46.33666
16.79202,46.330629
16.796064,46.330277
16.808967,46.311232
16.679866,46.383101
16.745424,46.333717
16.747614,46.331159
16.74422,46.33288
16.740795,46.337895
16.801802,46.314949
16.749365,46.331773
16.754513,46.327472
16.713753,46.335116
16.670291,46.385507
16.741085,46.336487
16.785096,46.37388
16.678663,46.387015
16.746171,46.330704
16.744394,46.336614
16.743841,46.332107
16.818324,46.358954
16.816723,46.316941
16.814171,46.351712
16.744908,46.331209
16.742456,46.332269
16.780657,46.327875
16.788868,46.327797
16.815285,46.313343
16.811762,46.351806
16.672934,46.383486
16.74272,46.330344
16.789488,46.330065
16.781111,46.326679
16.823442,46.353447
16.747304,46.329365
16.795296,46.332994
16.781339,46.310092
16.712748,46.337866
16.678901,46.382502
16.715013,46.337523
16.785964,46.331898
16.801212,46.315943
16.674669,46.382718
16.817233,46.317035
16.804108,46.351297
16.717387,46.339368
16.713304,46.335839
16.677764,46.387099
16.784878,46.328402
16.717825,46.337731
16.740922,46.338533
16.676521,46.385323
16.675384,46.381966
16.790161,46.33094
16.724923,46.336115
16.671766,46.38376
16.716238,46.335435
16.748161,46.329
16.678628,46.38205
16.682848,46.38379
16.678179,46.386159
16.741618,46.331896
16.80988,46.311261
16.741978,46.336738
16.749623,46.332618
16.713612,46.337697
16.75334,46.330744
16.779657,46.322617
16.742025,46.33253
16.783797,46.332362
16.676905,46.387137
16.679046,46.388545
16.791016,46.331824
16.782784,46.329183
16.73912,46.334761
16.804634,46.350848
16.67721,46.383642
16.739378,46.330623
16.786251,46.329731
16.782739,46.330922
16.672197,46.383139
16.781099,46.325563
16.740123,46.333062
16.682791,46.382243
16.669911,46.384962
16.678006,46.38747
16.796767,46.329316
16.784673,46.333492
16.710199,46.337962
16.675273,46.384881
16.67865,46.384771
16.747903,46.328967
16.78006,46.332866
16.795749,46.33138
16.714327,46.33675
16.716831,46.335519
16.743547,46.332481
16.753931,46.327777
16.678602,46.383451
16.712988,46.338226
16.794827,46.332236
16.677368,46.385677
16.817561,46.315805
16.681823,46.382434
16.742096,46.330449
16.746493,46.335502
16.804063,46.361841
16.791654,46.330505
16.689435,46.38466
16.748426,46.329747
16.786046,46.333014
16.711673,46.337777
16.672401,46.383287
16.813216,46.350468
16.716615,46.340584
16.804146,46.351516
16.67916,46.380762
16.682626,46.381239
16.80361,46.313355
16.676912,46.383768
16.740106,46.336759
16.747482,46.329342
16.815733,46.312705
16.800025,46.317611
16.717744,46.333963
16.721014,46.332744
16.805105,46.350302
16.784049,46.332355
16.784305,46.332775
16.676156,46.384116
16.673613,46.385595
16.739367,46.331882
16.678852,46.380737
16.783175,46.328947
16.75016,46.331031
16.674228,46.382852
16.719592,46.336738
16.7149,46.335218
16.678327,46.380451
16.680197,46.380021
16.683171,46.382083
16.668107,46.386263
16.815009,46.351224
16.67108,46.385093
16.677417,46.386622
16.780887,46.331514
16.717692,46.335224
16.681299,46.386374
16.683719,46.38284
16.780854,46.333373
16.782702,46.328461
16.670604,46.385319
16.742819,46.336741
16.675565,46.383912
16.743741,46.333255
16.781382,46.324452
16.741572,46.332134
16.793175,46.332177
16.741374,46.336763
16.779731,46.330766
16.672868,46.383258
16.744921,46.329252
16.78492,46.333445
16.793693,46.331585
16.813348,46.351625
16.675249,46.38936
16.80907,46.354349
16.786656,46.329691
16.682382,46.382572
16.815495,46.312778
16.71638,46.335359
16.780502,46.325171
16.742746,46.331083
16.676196,46.38064
16.684827,46.384102
16.781913,46.326892
16.73703,46.333763
16.713877,46.337019
16.7824,46.327062
16.79759,46.34509
16.674255,46.386655
16.674409,46.386836
16.678424,46.387648
16.677161,46.387919
16.753931,46.328948
16.715921,46.333938
16.814994,46.317289
16.672476,46.384584
16.724808,46.336408
16.745891,46.329806
16.785337,46.333138
16.780817,46.324845
16.748606,46.331892
16.805286,46.350916
16.748663,46.330907
16.672745,46.38627
16.67634,46.383694
16.742324,46.337806
16.792661,46.330874
16.683455,46.382638
16.682999,46.383233
16.782514,46.327238
16.749311,46.332428
16.680548,46.386624
16.712584,46.338665
16.786914,46.328157
16.718941,46.336885
16.741523,46.335974
16.744722,46.330681
16.808433,46.353884
16.745863,46.32952
16.806539,46.312184
16.692805,46.413413
16.779798,46.309156
16.782451,46.327155
16.786846,46.325424
16.674755,46.386686
16.781983,46.331854
16.815145,46.312838
16.679931,46.385939
16.742588,46.334492
16.792219,46.330728
16.674851,46.386749
16.746143,46.334256
16.680041,46.380006
16.678104,46.383312
16.754375,46.328476
16.746309,46.330175
16.746123,46.328903
16.68075,46.377066
16.743292,46.33078
16.779461,46.331083
16.785489,46.331707
16.683634,46.38321
16.828655,46.344892
16.740779,46.334804
16.679883,46.386497
16.785296,46.328423
16.802214,46.314709
16.741823,46.338642
16.812774,46.313781
16.746276,46.329863
16.819905,46.352881
16.813199,46.309835
16.676447,46.381722
16.800573,46.316816
16.808654,46.311425
16.808008,46.312013
16.8178,46.316782
16.80755,46.318036
16.81659,46.315984
16.813611,46.31585
16.807326,46.354045
16.719288,46.337075
16.716493,46.336626
16.788949,46.328795
16.813079,46.310354
16.812908,46.313646
16.815129,46.316023
16.81277,46.314628
16.808839,46.317504
16.808298,46.311684
16.818415,46.314957
16.806099,46.312652
16.80377,46.317926
16.813495,46.315584
16.806725,46.314176
16.807212,46.312818
16.802545,46.316399
16.804125,46.313894
16.812295,46.314107
16.81683,46.313586
16.80588,46.314275
16.818294,46.316207
16.814682,46.315819
16.81999,46.317159
16.814958,46.310465
16.810027,46.316976
16.813889,46.311689
16.812255,46.316492
16.800839,46.316302
16.811532,46.315774
16.81965,46.316993
16.804438,46.316615
16.811503,46.313519
16.816882,46.31115
16.809327,46.317269
16.80815,46.317652
16.810392,46.317004
16.815129,46.315734
16.804814,46.31379
16.80799,46.315202
16.74601,46.330202
16.676311,46.387974
16.670699,46.384632
16.720915,46.333131
16.780491,46.331511
16.743162,46.330551
16.789256,46.331911
16.674333,46.38256
16.680833,46.379112
16.741944,46.334088
16.715877,46.334752
16.680379,46.378516
16.753295,46.330931
16.717184,46.338995
16.749483,46.332535
16.74046,46.330866
16.746191,46.330825
16.718261,46.336216
16.681843,46.382343
16.785419,46.331245
16.749607,46.329071
16.788814,46.327659
16.673724,46.384234
16.785638,46.328354
16.677569,46.38365
16.720707,46.332574
16.749813,46.330882
16.741317,46.33016
16.713504,46.33705
16.807672,46.352219
16.674663,46.387198
16.679061,46.384393
16.68159,46.380038
16.744001,46.331773
16.825255,46.358071
16.813666,46.314736
16.716142,46.334678
16.811464,46.351261
16.683018,46.382477
16.755213,46.330849
16.739183,46.331273
16.719087,46.337143
16.782067,46.3259
16.740228,46.330643
16.673728,46.38088
16.785113,46.331552
16.683034,46.383579
16.815835,46.352362
16.804019,46.351335
16.714808,46.33757
16.7431,46.331209
16.792364,46.333217
16.791363,46.330423
16.750233,46.331316
16.795416,46.331872
16.748082,46.329325
16.793341,46.331455
16.803704,46.316719
16.74039,46.338262
16.719202,46.337511
16.680442,46.384736
16.781835,46.331804
16.670935,46.384012
16.670557,46.384405
16.80489,46.313596
16.717985,46.333872
16.795208,46.33119
16.750896,46.330078
16.722343,46.335405
16.674069,46.382199
16.746262,46.330041
16.814335,46.356183
16.717932,46.335061
16.792563,46.331856
16.71723,46.338739
16.781492,46.333035
16.682148,46.380709
16.722221,46.336781
16.789747,46.331156
16.680579,46.378803
16.740216,46.331959
16.812566,46.353153
16.815085,46.310716
16.720724,46.335388
16.717872,46.336262
16.804904,46.350819
16.782669,46.333347
16.78452,46.374296
16.780932,46.328398
16.787031,46.329666
16.817554,46.358594
16.81425,46.352477
16.805162,46.3509
16.787005,46.331287
16.674307,46.386017
16.741323,46.336476
16.681749,46.382136
16.781238,46.328838
16.75458,46.326459
16.790209,46.330018
16.787304,46.327176
16.679421,46.379886
16.744816,46.330995
16.676221,46.383747
16.746089,46.330318
16.680127,46.386341
16.789382,46.329881
16.752934,46.331299
16.78238,46.327393
16.671222,46.384155
16.741714,46.335982
16.750971,46.330925
16.67292,46.383563
16.679492,46.382955
16.812519,46.317083
16.747388,46.333908
16.777823,46.317766
16.675434,46.381721
16.742794,46.335267
16.790455,46.330029
16.782471,46.3302
16.679316,46.383257
16.738975,46.331777
16.782387,46.331124
16.795089,46.331601
16.812447,46.35073
16.781355,46.329172
16.744047,46.33759
16.710316,46.337058
16.713547,46.337148
16.749011,46.330884
16.717452,46.336208
16.671562,46.385843
16.783819,46.331322
16.740396,46.333031
16.741374,46.33257
16.811429,46.315003
16.78583,46.331708
16.795885,46.330512
16.676827,46.381621
16.78366,46.328276
16.67843,46.388147
16.816311,46.357868
16.715262,46.33503
16.788395,46.332919
16.780504,46.327057
16.786054,46.32867
16.789177,46.328585
16.741237,46.331777
16.746389,46.336218
16.793891,46.363639
16.752962,46.331139
16.816473,46.357936
16.783365,46.333478
16.789504,46.329026
16.711412,46.337826
16.77924,46.331727
16.788803,46.329864
16.744771,46.337383
16.675157,46.384916
16.682774,46.382001
16.74289,46.335168
16.724467,46.337433
16.671504,46.384023
16.676393,46.381543
16.780269,46.326033
16.792879,46.330949
16.74049,46.334948
16.681202,46.382723
16.782765,46.32933
16.67848,46.386785
16.676995,46.380529
16.808477,46.312559
16.743504,46.331178
16.678915,46.38283
16.77987,46.33328
16.675349,46.383399
16.802746,46.33373
16.71556,46.334278
16.744197,46.336493
16.716612,46.334527
16.678108,46.385956
16.67804,46.386216
16.811222,46.354106
16.682849,46.384164
16.788682,46.333067
16.679805,46.382862
16.742445,46.335946
16.720822,46.336718
16.745699,46.335443
16.716135,46.337344
16.717068,46.338212
16.687178,46.379148
16.740488,46.332805
16.782748,46.330742
16.809662,46.315979
16.72242,46.336711
16.807236,46.314894
16.814512,46.351368
16.806256,46.316614
16.743022,46.331033
16.743379,46.335208
16.80923,46.316143
16.675894,46.380703
16.779747,46.330273
16.754518,46.327291
16.818828,46.35251
16.82199,46.352849
16.717239,46.337432
16.743793,46.334908
16.813394,46.350402
16.817034,46.315577
16.814228,46.368711
16.807577,46.314166
16.675899,46.381634
16.676151,46.381573
16.758587,46.319942
16.741072,46.336744
16.801857,46.31488
16.80203,46.314576
16.796806,46.371456
16.825155,46.359941
16.825359,46.359893
16.825484,46.359838
16.825681,46.359768
16.825806,46.359716
16.825937,46.359664
16.826191,46.359571
16.826484,46.359477
16.808315,46.366474
16.742413,46.334024
16.742522,46.33389
16.742501,46.334144
16.808053,46.314818
16.8087,46.313144
16.813627,46.352102
16.814137,46.352019
16.812952,46.352061
16.807512,46.315426
16.812911,46.316071
16.812699,46.31602
16.671023,46.384243
16.806362,46.34728
16.671055,46.384194
16.669369,46.38429
16.807619,46.315175
16.721047,46.33694
16.805581,46.313342
16.809949,46.315632
16.811647,46.312367
16.839837,46.342527
16.748497,46.330335
16.782431,46.327694
16.781283,46.327412
16.788069,46.327589
16.780846,46.326683
16.784262,46.328447
16.784494,46.328435
16.787388,46.329603
16.816881,46.312516
16.821236,46.317317
16.814017,46.317061
16.815277,46.31634
16.816566,46.316351
16.817502,46.312814
16.806502,46.3127
16.806075,46.312439
16.808689,46.317141
16.818141,46.314764
16.80131,46.315883
16.807844,46.312627
16.807882,46.313857
16.807789,46.313807
16.812882,46.352993
16.679384,46.38381
16.817289,46.315788
16.717136,46.340161
16.806792,46.348247
16.784708,46.328487
16.745361,46.334534
16.808395,46.313047
16.750402,46.330419
16.809305,46.314093
16.677582,46.380418
16.710292,46.3383
16.789976,46.331694
16.789984,46.331579
16.677463,46.381554
16.802989,46.31698
16.804646,46.31411
16.787415,46.331985
16.78186,46.327183
16.755034,46.330604
16.740306,46.334564
16.745113,46.336893
16.748441,46.329907
16.825858,46.35828
16.788323,46.33009
16.673075,46.384155
16.755866,46.330249
16.721732,46.336005
16.716061,46.336712
16.813317,46.314405
16.812433,46.316361
16.812355,46.316456
16.71763,46.337271
16.717696,46.337358
16.811892,46.326982
16.797765,46.367481
16.683896,46.383632
16.749635,46.331635
16.802823,46.315926
16.747665,46.332141
16.747591,46.33216
16.823774,46.35093
16.823633,46.35076
16.823488,46.350598
16.823341,46.350399
16.823198,46.35024
16.823083,46.350103
16.822976,46.349947
16.822786,46.349795
16.804569,46.31473
16.804543,46.314649
16.811734,46.353139
16.811725,46.352859
16.811839,46.352704
16.811752,46.35256
16.811432,46.352447
16.811633,46.352349
16.811569,46.35224
16.80119,46.370517
16.80157,46.370626
16.816826,46.317211
16.826272,46.345372
16.712855,46.339289
16.690126,46.38971
16.721614,46.335424
16.812406,46.337009
16.788931,46.331445
16.78013,46.332438
16.813818,46.352833
16.718367,46.337058
16.818705,46.313561
16.827279,46.359357
16.827531,46.359313
16.827811,46.359222
16.828189,46.359168
16.828436,46.359107
16.828657,46.359021
16.828866,46.358927
16.829133,46.358653
16.829196,46.358718
16.829057,46.35856
16.828871,46.358418
16.828895,46.35813
16.828886,46.357988
16.828841,46.357866
16.828776,46.357697
16.828681,46.357554
16.828573,46.357431
16.82852,46.357302
16.828411,46.357144
16.828227,46.356841
16.8293,46.356142
16.829364,46.356359
16.829428,46.356463
16.829571,46.356615
16.829728,46.356762
16.82993,46.356954
16.830074,46.357079
16.830222,46.357226
16.830385,46.357349
16.830552,46.357483
16.830545,46.357727
16.829066,46.35649
16.829211,46.356636
16.829501,46.356922
16.829679,46.357081
16.830029,46.357378
16.830133,46.357461
16.830176,46.357574
16.830269,46.357663
16.830103,46.357929
16.829991,46.358015
16.828597,46.358131
16.828514,46.357676
16.828237,46.357501
16.828223,46.357379
16.828189,46.357266
16.828167,46.357168
16.828025,46.356953
16.827197,46.357398
16.827045,46.359095
16.827459,46.358828
16.827636,46.358715
16.82786,46.358616
16.827968,46.358571
16.828058,46.358508
16.828286,46.358425
16.828355,46.358316
16.829677,46.358646
16.829594,46.3588
16.829264,46.359103
16.829352,46.359254
16.829412,46.35936
16.829422,46.359469
16.829411,46.359581
16.829399,46.359696
16.829436,46.359839
16.829471,46.360028
16.829498,46.358864
16.82733,46.358903
16.829755,46.35813
16.824442,46.360713
16.82425,46.360735
16.824056,46.360768
16.823662,46.360928
16.823454,46.360984
16.822812,46.361044
16.822473,46.361039
16.824739,46.360417
16.825305,46.36015
16.825514,46.360619
16.82579,46.360859
16.825916,46.360896
16.826354,46.361042
16.82667,46.360909
16.82688,46.361176
16.827109,46.361135
16.827062,46.360999
16.827522,46.360902
16.826953,46.360633
16.826752,46.360547
16.826247,46.360518
16.825978,46.360377
16.825587,46.360132
16.825727,46.3601
16.825838,46.360001
16.826426,46.360247
16.826782,46.360357
16.827045,46.36036
16.827413,46.360608
16.827592,46.360738
16.82779,46.360752
16.828182,46.36084
16.827714,46.361227
16.82789,46.3612
16.828084,46.361132
16.828247,46.36103
16.828485,46.360866
16.828347,46.360596
16.828714,46.360475
16.828813,46.360355
16.828584,46.360557
16.827936,46.360205
16.82788,46.359938
16.828025,46.359757
16.828145,46.359905
16.828434,46.359886
16.829033,46.359941
16.828897,46.360172
16.82881,46.360255
16.826248,46.359834
16.826608,46.359801
16.826687,46.359646
16.826899,46.359598
16.827186,46.359604
16.827509,46.359564
16.827774,46.359501
16.829108,46.359604
16.829099,46.359744
16.828954,46.360584
16.828802,46.360681
16.829234,46.36087
16.829314,46.361006
16.829419,46.3611
16.829529,46.361222
16.828658,46.359322
16.712106,46.338068
16.712102,46.337942
16.678054,46.381582
16.678253,46.381519
16.678401,46.381519
16.678713,46.38158
16.678981,46.38155
16.807532,46.350771
16.807707,46.350645
16.807929,46.350543
16.808125,46.350421
16.808325,46.350308
16.808517,46.350188
16.808712,46.35008
16.808917,46.349957
16.809105,46.349845
16.809296,46.349731
16.809496,46.349615
16.809709,46.349495
16.810283,46.349159
16.810299,46.349344
16.810307,46.349526
16.810322,46.349714
16.810383,46.349881
16.810299,46.350042
16.809763,46.35012
16.809613,46.350247
16.809418,46.35036
16.809225,46.350496
16.809015,46.350588
16.808779,46.350704
16.808603,46.350813
16.808417,46.350933
16.808208,46.35105
16.808016,46.351174
16.810581,46.350886
16.810503,46.350694
16.810429,46.350544
16.810319,46.350361
16.809715,46.35061
16.809497,46.350735
16.809305,46.350851
16.809086,46.350921
16.80888,46.351034
16.808661,46.351167
16.808341,46.351342
16.808845,46.351479
16.809081,46.351481
16.809288,46.351461
16.809436,46.351484
16.809968,46.351528
16.8101,46.351509
16.810232,46.35157
16.810372,46.351601
16.810514,46.351603
16.810875,46.351688
16.81118,46.351734
16.811508,46.352103
16.81124,46.351997
16.810507,46.351899
16.810352,46.351851
16.81022,46.351819
16.810095,46.35183
16.810006,46.351846
16.809894,46.351813
16.809539,46.351814
16.809406,46.351783
16.808978,46.351745
16.808808,46.35178
16.81309,46.35356
16.813168,46.353703
16.814686,46.353608
16.814827,46.353638
16.81512,46.35375
16.815674,46.353819
16.816029,46.353797
16.815437,46.353808
16.816306,46.35376
16.816478,46.353755
16.816667,46.353758
16.816847,46.353766
16.816965,46.353636
16.817095,46.353933
16.816303,46.354171
16.81642,46.354448
16.815907,46.354201
16.816002,46.354385
16.816128,46.354521
16.816235,46.354716
16.81646,46.354743
16.81664,46.354786
16.816766,46.354653
16.817088,46.354503
16.817086,46.354366
16.817158,46.354301
16.817221,46.354129
16.820087,46.355025
16.82002,46.355248
16.820176,46.355405
16.820182,46.355641
16.820342,46.356079
16.819229,46.354977
16.818978,46.355027
16.818684,46.35506
16.818456,46.355086
16.818176,46.35512
16.818941,46.355918
16.818508,46.356074
16.817755,46.356067
16.817311,46.356057
16.817161,46.356074
16.816981,46.356116
16.816758,46.356046
16.816543,46.356074
16.816403,46.356149
16.816235,46.356144
16.816079,46.356131
16.815938,46.356152
16.815801,46.356131
16.815487,46.356217
16.815658,46.356193
16.815344,46.35622
16.815197,46.356235
16.814814,46.356171
16.814644,46.355931
16.814602,46.355728
16.814449,46.355633
16.814307,46.355365
16.814195,46.35524
16.814058,46.355084
16.813988,46.354977
16.813864,46.354891
16.813789,46.354746
16.813557,46.354469
16.813451,46.354363
16.81337,46.354241
16.811673,46.353754
16.811804,46.354107
16.812062,46.353722
16.812334,46.353755
16.812243,46.354159
16.812867,46.354367
16.813145,46.35474
16.819147,46.356273
16.820688,46.356468
16.820951,46.356472
16.821189,46.356487
16.820155,46.356771
16.803319,46.355171
16.803535,46.355249
16.803758,46.355222
16.803982,46.35525
16.804183,46.355289
16.804577,46.355359
16.804762,46.355474
16.804977,46.355479
16.805136,46.355471
16.805269,46.355519
16.805434,46.355576
16.805587,46.355606
16.80573,46.355634
16.805869,46.355678
16.80604,46.355703
16.806503,46.355795
16.806669,46.355902
16.806837,46.355966
16.807021,46.355954
16.807138,46.356034
16.807269,46.356054
16.807424,46.356088
16.807568,46.356153
16.807818,46.356187
16.808015,46.356262
16.808166,46.356279
16.808396,46.356361
16.808695,46.356412
16.80897,46.356571
16.809107,46.3566
16.809231,46.356647
16.809356,46.356677
16.809511,46.356707
16.809673,46.35675
16.809844,46.356808
16.810083,46.356867
16.810341,46.35689
16.810542,46.356986
16.81074,46.356977
16.810893,46.357037
16.811008,46.357056
16.811166,46.357037
16.811304,46.357075
16.811451,46.357083
16.811623,46.357111
16.811783,46.357222
16.811989,46.357179
16.812184,46.357232
16.812318,46.357264
16.812475,46.357297
16.812635,46.35729
16.812774,46.35732
16.812926,46.357324
16.813116,46.357308
16.813367,46.357332
16.813503,46.357322
16.81385,46.357573
16.813831,46.357305
16.814022,46.357373
16.814225,46.357323
16.814415,46.357297
16.81455,46.357314
16.814679,46.357282
16.814799,46.357436
16.815365,46.357275
16.814978,46.356814
16.814024,46.356958
16.813829,46.356975
16.813558,46.356982
16.813385,46.356982
16.813202,46.35694
16.81277,46.35697
16.812573,46.356945
16.812323,46.356914
16.812107,46.356888
16.811921,46.35684
16.811721,46.356822
16.811486,46.356781
16.811235,46.356746
16.811075,46.356707
16.810876,46.356671
16.810713,46.356616
16.810513,46.356559
16.810311,46.356506
16.81013,46.356494
16.809876,46.356411
16.809674,46.356318
16.809034,46.35614
16.808757,46.35611
16.808583,46.356058
16.8084,46.355997
16.808003,46.355736
16.807784,46.355811
16.8076,46.355761
16.807309,46.355678
16.806932,46.355571
16.806716,46.355519
16.805334,46.355208
16.80426,46.354909
16.804088,46.35486
16.803894,46.35486
16.803421,46.354771
16.80546,46.354991
16.805918,46.355141
16.806119,46.355102
16.806281,46.355091
16.806439,46.355164
16.805472,46.35448
16.803689,46.354826
16.811915,46.359852
16.812113,46.359859
16.812807,46.35982
16.812984,46.359773
16.813485,46.359768
16.813659,46.358586
16.813698,46.358887
16.813723,46.359147
16.8139,46.359327
16.81391,46.358042
16.813957,46.358219
16.813944,46.358769
16.813958,46.358907
16.81443,46.359589
16.814857,46.359923
16.816782,46.359705
16.81782,46.359777
16.818793,46.359889
16.81936,46.359613
16.81792,46.359027
16.817316,46.359453
16.816849,46.359484
16.816662,46.359506
16.816105,46.359548
16.815505,46.359609
16.81536,46.359645
16.814195,46.359244
16.815944,46.359573
16.740581,46.330787
16.81462,46.347233
16.814591,46.347089
16.814583,46.346924
16.815487,46.346031
16.816795,46.346325
16.817008,46.34661
16.817025,46.346838
16.816525,46.347094
16.816266,46.347108
16.816015,46.347124
16.815773,46.347138
16.815497,46.347135
16.815004,46.347179
16.815152,46.347471
16.815063,46.347475
16.815355,46.347462
16.815441,46.347459
16.81564,46.34745
16.81574,46.347448
16.815954,46.347436
16.81606,46.347431
16.816265,46.347391
16.81635,46.347388
16.816526,46.347398
16.816623,46.347396
16.816942,46.347026
16.817046,46.34732
16.817072,46.347467
16.817085,46.347623
16.817086,46.347778
16.817126,46.347942
16.81712,46.348105
16.817133,46.348261
16.817137,46.348402
16.816662,46.348112
16.816649,46.347952
16.816644,46.347787
16.815066,46.347863
16.81508,46.348026
16.815148,46.348178
16.815191,46.348487
16.815841,46.348452
16.816075,46.348456
16.816319,46.348434
16.817813,46.348311
16.818053,46.348349
16.81827,46.348335
16.81856,46.348353
16.818763,46.348263
16.818995,46.348245
16.819203,46.348228
16.819939,46.34823
16.819455,46.34826
16.820253,46.348206
16.82072,46.34816
16.821113,46.348177
16.821353,46.348163
16.821562,46.34818
16.82177,46.348145
16.82204,46.348128
16.822493,46.347835
16.82295,46.347834
16.822598,46.348662
16.822648,46.34895
16.822647,46.349359
16.822709,46.349557
16.816927,46.347144
16.821781,46.348574
16.821472,46.348569
16.821081,46.348592
16.8208,46.348613
16.820564,46.34862
16.820328,46.34864
16.820108,46.348668
16.819816,46.348658
16.819636,46.348673
16.819374,46.348662
16.819075,46.348715
16.818324,46.348697
16.817986,46.348714
16.817787,46.348726
16.817552,46.34874
16.817318,46.348747
16.817109,46.348711
16.816877,46.348734
16.816649,46.348727
16.816445,46.348734
16.816218,46.348756
16.815907,46.348847
16.815219,46.348823
16.815221,46.348975
16.815211,46.349117
16.815261,46.349281
16.815225,46.349448
16.815267,46.349761
16.815624,46.349755
16.815801,46.34974
16.815986,46.349755
16.816166,46.349729
16.816356,46.349716
16.816547,46.349746
16.816727,46.349751
16.816906,46.349749
16.817093,46.349761
16.817273,46.349757
16.817464,46.349753
16.817644,46.349718
16.817828,46.349742
16.818016,46.349746
16.818203,46.349746
16.818385,46.349749
16.818982,46.349695
16.81922,46.349672
16.819453,46.349674
16.819675,46.34965
16.819925,46.34966
16.820404,46.349621
16.820656,46.349618
16.820871,46.349614
16.821114,46.349608
16.821573,46.34959
16.821797,46.349583
16.822028,46.349561
16.822279,46.349556
16.820159,46.349655
16.821313,46.349611
16.818993,46.349076
16.818968,46.349273
16.824703,46.360783
16.814287,46.359378
16.814417,46.359355
16.820252,46.359922
16.820426,46.360005
16.820532,46.360114
16.820689,46.360213
16.820848,46.360328
16.821053,46.360412
16.821304,46.360626
16.821481,46.360864
16.820648,46.35995
16.821223,46.360261
16.821424,46.360414
16.821661,46.361007
16.821689,46.360727
16.821572,46.360529
16.82203,46.360876
16.820956,46.359631
16.82116,46.359634
16.82126,46.359602
16.821379,46.35962
16.821568,46.359567
16.821717,46.35953
16.821864,46.359555
16.822204,46.359567
16.82278,46.359516
16.822955,46.35958
16.823569,46.359548
16.823393,46.359753
16.822599,46.359932
16.82259,46.360087
16.822622,46.360263
16.822816,46.360061
16.823357,46.36013
16.822937,46.360298
16.82329,46.360267
16.823444,46.360277
16.823435,46.360427
16.822305,46.360889
16.82222,46.360898
16.822388,46.360752
16.822839,46.360836
16.823008,46.360823
16.823557,46.360742
16.8187,46.359086
16.818901,46.359174
16.819064,46.359236
16.819245,46.35927
16.819488,46.359356
16.819657,46.359426
16.819927,46.359458
16.820399,46.359451
16.820595,46.359451
16.820802,46.359421
16.821016,46.359353
16.821336,46.359342
16.821564,46.359324
16.822028,46.359272
16.822404,46.359294
16.822514,46.35931
16.823543,46.359269
16.823894,46.359277
16.824177,46.359506
16.824625,46.359771
16.823903,46.359672
16.824434,46.36027
16.823813,46.36043
16.823831,46.360671
16.8243,46.360594
16.823684,46.359015
16.823694,46.358801
16.82403,46.358843
16.824056,46.358697
16.823991,46.359028
16.824316,46.358507
16.8247,46.358449
16.824965,46.358382
16.823535,46.358499
16.823378,46.358381
16.823586,46.358307
16.823877,46.358509
16.824341,46.358245
16.824546,46.358271
16.824937,46.358216
16.825264,46.35825
16.825108,46.357864
16.824853,46.357911
16.823646,46.357924
16.823559,46.357843
16.823412,46.357782
16.82336,46.357691
16.823197,46.357614
16.822996,46.357495
16.822865,46.357377
16.822646,46.357569
16.822803,46.357631
16.822963,46.357725
16.823048,46.357834
16.823194,46.357935
16.823238,46.358141
16.822752,46.358582
16.821052,46.35768
16.821301,46.357673
16.821453,46.357689
16.821766,46.357736
16.821929,46.357718
16.821402,46.357487
16.822387,46.357419
16.823541,46.357006
16.823204,46.356812
16.822348,46.357134
16.822317,46.35659
16.821991,46.35656
16.821556,46.356862
16.821988,46.357235
16.823673,46.358074
16.821167,46.359324
16.82216,46.348577
16.721196,46.336581
16.780304,46.329755
16.786298,46.332708
16.78588,46.332667
16.787142,46.331028
16.787364,46.331032
16.790183,46.331931
16.780899,46.327163
16.783835,46.329764
16.783442,46.330129
16.816293,46.31753
16.679912,46.378252
16.825473,46.359068
16.716975,46.337381
16.716412,46.337361
16.716563,46.337353
16.71674,46.337341
16.8178,46.358427
16.676844,46.388464
16.676556,46.388206
16.812978,46.354473
16.814645,46.35669
16.814797,46.356571
16.820413,46.317246
16.805317,46.318989
16.743039,46.332093
16.790942,46.330178
16.674609,46.384955
16.779879,46.332356
16.824531,46.360072
16.67659,46.383584
16.674533,46.385084
16.816923,46.354446
16.818517,46.358668
16.829756,46.359167
16.781492,46.326697
16.810555,46.314781
16.815031,46.346992
16.815363,46.351161
16.815408,46.351405
16.815731,46.351396
16.816047,46.351366
16.816293,46.35141
16.816763,46.351389
16.817689,46.351471
16.818121,46.351508
16.818187,46.351174
16.817914,46.351161
16.817686,46.351179
16.817482,46.35116
16.81727,46.351152
16.817063,46.351152
16.816862,46.35116
16.816635,46.35114
16.816412,46.351165
16.816344,46.351162
16.816008,46.351155
16.815796,46.351139
16.815588,46.351146
16.815358,46.350849
16.815329,46.350576
16.815354,46.350401
16.818509,46.351431
16.819227,46.351395
16.819686,46.351381
16.820009,46.351377
16.82026,46.351378
16.820472,46.351353
16.820714,46.351335
16.82094,46.351363
16.821244,46.351547
16.821709,46.351975
16.821562,46.351354
16.821564,46.35118
16.821552,46.350995
16.821175,46.350808
16.820973,46.351026
16.820691,46.351032
16.820446,46.351038
16.820209,46.351051
16.819964,46.351061
16.819713,46.351058
16.819472,46.351092
16.819215,46.351097
16.818765,46.351116
16.818602,46.35002
16.818476,46.349974
16.818292,46.349973
16.8181,46.349978
16.81791,46.349979
16.817725,46.349983
16.817527,46.349981
16.817342,46.349985
16.817165,46.349973
16.816983,46.349988
16.816786,46.349964
16.816615,46.350015
16.816428,46.350005
16.816239,46.349992
16.816053,46.349974
16.815871,46.349976
16.815651,46.350037
16.815255,46.350009
16.816869,46.351377
16.817191,46.351395
16.797047,46.328915
16.779502,46.332292
16.815167,46.356514
16.815273,46.356643
16.815392,46.356794
16.8155,46.356906
16.81547,46.356451
16.815694,46.356426
16.815902,46.356419
16.81608,46.356376
16.816215,46.356389
16.816372,46.356389
16.816534,46.35639
16.81668,46.356359
16.816824,46.356332
16.816996,46.356298
16.817254,46.356317
16.817489,46.356332
16.817533,46.356008
16.817773,46.356318
16.817903,46.356278
16.818214,46.356311
16.81872,46.356335
16.818885,46.356291
16.818497,46.35634
16.819021,46.356284
16.819282,46.356254
16.819442,46.356267
16.819576,46.356316
16.820057,46.35638
16.812976,46.354573
16.6585,46.379369
16.658839,46.379433
16.658729,46.379691
16.658923,46.379702
16.659157,46.379721
16.659375,46.379772
16.659576,46.379831
16.659829,46.379907
16.659968,46.379953
16.6602,46.38004
16.660422,46.380112
16.660575,46.38019
16.660785,46.38025
16.661014,46.380375
16.661257,46.380402
16.661411,46.380463
16.661534,46.380549
16.661674,46.38055
16.661867,46.380624
16.662088,46.380706
16.66229,46.38076
16.662456,46.380825
16.662622,46.380898
16.662789,46.380955
16.663062,46.381055
16.663363,46.381199
16.663511,46.381248
16.663727,46.381328
16.663977,46.381301
16.66432,46.381365
16.664585,46.381361
16.664789,46.381349
16.664957,46.381356
16.665219,46.381372
16.665512,46.381357
16.665815,46.381356
16.66602,46.381355
16.65965,46.379414
16.659847,46.379499
16.660076,46.379578
16.660245,46.379646
16.66061,46.379783
16.660834,46.379861
16.661015,46.379924
16.661253,46.380024
16.661492,46.38009
16.661643,46.380173
16.661919,46.380223
16.66188,46.380274
16.662067,46.380341
16.662286,46.380403
16.66247,46.380484
16.662645,46.380547
16.662837,46.380611
16.663,46.380666
16.663258,46.380758
16.663434,46.380815
16.663616,46.38087
16.663747,46.38092
16.663989,46.380951
16.664264,46.380972
16.664532,46.380994
16.665017,46.381005
16.665325,46.381015
16.665606,46.381016
16.665933,46.381015
16.666101,46.381013
16.666382,46.381056
16.666625,46.381028
16.666358,46.381406
16.666492,46.381453
16.666672,46.38146
16.666884,46.381509
16.667096,46.381577
16.667309,46.38164
16.66747,46.381715
16.667628,46.381784
16.667805,46.381841
16.667975,46.381921
16.668178,46.381991
16.668252,46.382134
16.668549,46.382144
16.669156,46.382576
16.669596,46.382606
16.667496,46.381017
16.667638,46.381162
16.667783,46.381246
16.667937,46.381317
16.668067,46.381428
16.668277,46.38156
16.668473,46.381667
16.66887,46.381868
16.668983,46.381937
16.669356,46.382044
16.669762,46.382093
16.669929,46.382138
16.670131,46.38222
16.67036,46.382295
16.670549,46.382238
16.670656,46.382289
16.670873,46.382327
16.671073,46.382526
16.671351,46.38315
16.6719,46.382879
16.672082,46.382052
16.725124,46.335822
16.670491,46.382936
16.673913,46.381571
16.737775,46.334721
16.423843,46.392871
16.371153,46.38643
16.371034,46.386783
16.370778,46.386609
16.370564,46.386685
16.370291,46.386832
16.369922,46.386885
16.372641,46.389432
16.372875,46.389179
16.373207,46.389388
16.373195,46.389122
16.373327,46.389364
16.37346,46.389129
16.373668,46.389094
16.373504,46.389318
16.373885,46.389021
16.373761,46.389319
16.374116,46.38899
16.373934,46.389258
16.374343,46.389025
16.374097,46.389258
16.374606,46.388989
16.374383,46.389262
16.374787,46.388948
16.374547,46.38921
16.37512,46.388942
16.374704,46.389205
16.375472,46.38884
16.375719,46.388877
16.376281,46.388802
16.375024,46.389211
16.37525,46.389145
16.375433,46.38912
16.375723,46.38914
16.375855,46.389058
16.376005,46.389065
16.376223,46.389016
16.376418,46.38905
16.376573,46.389051
16.376767,46.388965
16.376933,46.388953
16.377162,46.388993
16.377447,46.388905
16.377651,46.388915
16.377829,46.388967
16.371864,46.38746
16.371359,46.387354
16.371173,46.387331
16.371005,46.387257
16.37073,46.38719
16.373427,46.390301
16.37322,46.390315
16.373546,46.39025
16.373728,46.390251
16.373919,46.390245
16.374124,46.390202
16.37439,46.390147
16.374606,46.390142
16.374772,46.390054
16.374945,46.390089
16.375628,46.390015
16.375837,46.389998
16.376067,46.389921
16.376815,46.389917
16.377134,46.389818
16.377376,46.389793
16.378014,46.389724
16.37697,46.389814
16.378214,46.38971
16.378393,46.389688
16.372563,46.387907
16.372478,46.387613
16.372922,46.387972
16.372769,46.387622
16.37318,46.387984
16.37313,46.38769
16.373471,46.388089
16.373649,46.388173
16.373872,46.388203
16.373377,46.387721
16.373553,46.387778
16.374358,46.388216
16.374111,46.388259
16.373771,46.387835
16.374738,46.388256
16.374215,46.387884
16.37503,46.388236
16.374598,46.387937
16.374946,46.387968
16.375152,46.387984
16.375886,46.388054
16.375666,46.388331
16.375309,46.387607
16.375916,46.388361
16.376067,46.387571
16.3763,46.388417
16.376332,46.387526
16.376479,46.388403
16.376649,46.387477
16.376661,46.388396
16.376829,46.387839
16.37712,46.38862
16.37653,46.388081
16.378018,46.388889
16.37669,46.388164
16.378208,46.38889
16.376923,46.388182
16.378908,46.389084
16.377553,46.388427
16.379097,46.389109
16.377766,46.388516
16.379322,46.389166
16.379521,46.38921
16.379776,46.389279
16.379961,46.389338
16.379644,46.388993
16.379857,46.389067
16.38005,46.389123
16.380355,46.389197
16.38051,46.389216
16.38123,46.389224
16.381462,46.38921
16.371417,46.38667
16.37175,46.38647
16.371649,46.38685
16.371792,46.386579
16.371888,46.386703
16.371801,46.38723
16.372153,46.386955
16.371844,46.387384
16.372093,46.387118
16.372161,46.387248
16.372177,46.387355
16.37216,46.387755
16.37238,46.388065
16.372344,46.38825
16.372266,46.388437
16.372355,46.388609
16.372486,46.389014
16.372507,46.389121
16.372561,46.38924
16.372633,46.389544
16.372701,46.389656
16.372793,46.389758
16.372891,46.390193
16.372982,46.390393
16.347479,46.376802
16.34824,46.376634
16.346987,46.375393
16.34906,46.3765
16.346967,46.375845
16.347091,46.376312
16.347136,46.376581
16.345814,46.37861
16.345508,46.37861
16.346167,46.379652
16.344657,46.381018
16.345705,46.379034
16.352415,46.374664
16.353744,46.374616
16.352214,46.375484
16.351598,46.375897
16.35064,46.37719
16.35091,46.377727
16.348789,46.377635
16.340438,46.377591
16.34533,46.378011
16.34382,46.377308
16.342118,46.377855
16.341308,46.377952
16.340941,46.378031
16.336488,46.377201
16.339252,46.378051
16.338622,46.377852
16.337845,46.377694
16.337626,46.377709
16.345828,46.381064
16.335506,46.378201
16.335396,46.379628
16.334953,46.378404
16.347665,46.378394
16.348387,46.379278
16.347748,46.379245
16.348107,46.379331
16.350496,46.375794
16.348574,46.378249
16.350685,46.378042
16.350845,46.378004
16.351053,46.377986
16.348691,46.3755
16.348644,46.374903
16.348532,46.374801
16.347712,46.37384
16.347469,46.373594
16.347233,46.373138
16.346202,46.372716
16.351256,46.374767
16.34359,46.3965
16.343726,46.393022
16.336029,46.377107
16.341791,46.391688
16.342677,46.391895
16.376402,46.389919
16.342111,46.391312
16.346389,46.373015
16.345855,46.395773
16.346541,46.396107
16.340554,46.395199
16.342715,46.392837
16.339795,46.393663
16.345438,46.394917
16.336956,46.377256
16.351579,46.377591
16.341336,46.394969
16.346457,46.395972
16.343288,46.394657
16.338453,46.391439
16.343595,46.395619
16.344146,46.394726
16.346162,46.395416
16.343158,46.395425
16.343555,46.392759
16.342802,46.394579
16.342753,46.39658
16.375366,46.388017
16.346627,46.396393
16.345842,46.395663
16.340828,46.395128
16.343022,46.395089
16.342437,46.391085
16.351251,46.373561
16.344224,46.394281
16.342357,46.39271
16.350277,46.373883
16.339202,46.395178
16.339436,46.395117
16.34255,46.394181
16.37236,46.388352
16.376615,46.389936
16.371916,46.386286
16.352543,46.373019
16.35219,46.373947
16.335553,46.378484
16.325109,46.385015
16.338077,46.377396
16.367238,46.316881
16.345301,46.380539
16.348766,46.375074
16.345132,46.380405
16.347624,46.378001
16.347364,46.378394
16.338017,46.391084
16.344499,46.377116
16.349956,46.376584
16.346404,46.377759
16.342936,46.393627
16.350952,46.373325
16.34477,46.377179
16.33884,46.377852
16.372959,46.39
16.346098,46.379092
16.346149,46.379209
16.337414,46.377673
16.343075,46.392382
16.342657,46.392294
16.342611,46.392187
16.342509,46.391801
16.342425,46.391545
16.342631,46.391343
16.342407,46.391217
16.342771,46.390784
16.341873,46.391551
16.340881,46.391331
16.339619,46.391161
16.339307,46.39111
16.338772,46.391098
16.338554,46.391136
16.338331,46.391114
16.337797,46.39108
16.337603,46.391091
16.33804,46.391419
16.338686,46.391401
16.338889,46.391384
16.339169,46.391375
16.341903,46.392152
16.342535,46.392089
16.342452,46.390958
16.342012,46.390868
16.342026,46.391065
16.342159,46.39164
16.341778,46.391818
16.341218,46.391529
16.339019,46.39108
16.33941,46.391356
16.340388,46.391413
16.342059,46.392314
16.342206,46.392437
16.344475,46.397075
16.343062,46.395252
16.343215,46.395616
16.343415,46.396053
16.343433,46.396277
16.343588,46.396793
16.341719,46.396674
16.340232,46.396169
16.342037,46.396763
16.342345,46.396843
16.343483,46.397424
16.343585,46.39744
16.343733,46.39733
16.344118,46.397196
16.344311,46.397129
16.345421,46.396959
16.345485,46.396886
16.345569,46.396793
16.345776,46.396673
16.345964,46.396387
16.346282,46.396311
16.346606,46.397044
16.347313,46.397152
16.347202,46.396998
16.347014,46.396859
16.346846,46.3967
16.346574,46.396241
16.3463,46.395778
16.346311,46.395582
16.346144,46.395359
16.346007,46.395058
16.345944,46.39487
16.345522,46.394326
16.345285,46.394117
16.344895,46.394027
16.344289,46.393732
16.344292,46.393532
16.344203,46.393375
16.343874,46.393199
16.343707,46.392878
16.34347,46.392668
16.343312,46.392569
16.34228,46.392594
16.342399,46.39285
16.342363,46.392951
16.341971,46.392974
16.341845,46.393093
16.341647,46.393236
16.341375,46.393327
16.341113,46.393255
16.340514,46.393219
16.340585,46.393621
16.340325,46.39363
16.340063,46.393653
16.33953,46.393674
16.340819,46.393628
16.341128,46.39363
16.342289,46.393456
16.343527,46.39355
16.342759,46.393308
16.343026,46.394006
16.343111,46.394121
16.34342,46.39429
16.343825,46.39415
16.344515,46.3946
16.344987,46.394598
16.345628,46.395086
16.345682,46.395351
16.345794,46.395557
16.345949,46.395952
16.345548,46.396368
16.344693,46.396709
16.344507,46.39673
16.343996,46.396826
16.343915,46.396306
16.343832,46.396037
16.343481,46.395278
16.343381,46.394928
16.341889,46.394948
16.342898,46.394765
16.342943,46.394914
16.347491,46.373471
16.336831,46.377574
16.350408,46.375691
16.351883,46.375695
16.346784,46.37635
16.345479,46.378461
16.350485,46.376648
16.342124,46.377283
16.341336,46.377468
16.342988,46.377612
16.351774,46.374458
16.347111,46.3761
16.350907,46.375798
16.35143,46.375308
16.346016,46.376288
16.344868,46.377847
16.346741,46.378303
16.353201,46.374933
16.346591,46.375226
16.345767,46.379162
16.350426,46.375388
16.348694,46.378896
16.350786,46.376417
16.351576,46.374544
16.342521,46.37777
16.349699,46.377297
16.345749,46.380529
16.349142,46.375636
16.348128,46.375006
16.346963,46.379739
16.339711,46.377968
16.349077,46.376861
16.348188,46.375144
16.333853,46.378527
16.346493,46.372331
16.347817,46.376714
16.345565,46.378768
16.336621,46.377548
16.350229,46.377061
16.345971,46.377844
16.343266,46.377531
16.345526,46.372319
16.350526,46.375443
16.351105,46.374863
16.347542,46.379543
16.34109,46.377498
16.335365,46.37894
16.347019,46.375653
16.347572,46.378802
16.34807,46.379118
16.347043,46.377648
16.346666,46.375862
16.335046,46.37748
16.350434,46.373804
16.347025,46.372892
16.345231,46.378235
16.340076,46.378065
16.349453,46.376935
16.350665,46.376531
16.347903,46.377894
16.343757,46.376995
16.344726,46.377785
16.353926,46.374496
16.34751,46.378687
16.335787,46.377114
16.351771,46.375105
16.340141,46.377627
16.345687,46.377765
16.349841,46.375334
16.341459,46.377443
16.345735,46.380927
16.349787,46.376723
16.349386,46.377429
16.349527,46.375015
16.348411,46.374669
16.335634,46.377513
16.34786,46.377542
16.340777,46.378077
16.345139,46.377063
16.349344,46.374632
16.335036,46.378562
16.346409,46.372117
16.345533,46.379707
16.336726,46.37723
16.3395,46.378069
16.335045,46.377839
16.346895,46.372753
16.347929,46.378881
16.346825,46.379781
16.345818,46.379295
16.341919,46.377307
16.346264,46.376628
16.350171,46.374006
16.338007,46.377791
16.347172,46.379443
16.347019,46.375523
16.346608,46.377825
16.346767,46.376231
16.340512,46.378092
16.35094,46.374963
16.333846,46.37874
16.350737,46.375697
16.348897,46.378872
16.345584,46.377057
16.345907,46.372456
16.348837,46.375734
16.34871,46.37656
16.340849,46.377562
16.351417,46.374654
16.346882,46.373443
16.347925,46.379409
16.336119,46.377518
16.349063,46.376256
16.341658,46.377405
16.34729,46.373288
16.348602,46.377704
16.352054,46.374911
16.345514,46.380275
16.342546,46.37718
16.353394,46.374826
16.35042,46.376255
16.346062,46.378184
16.347473,46.377671
16.344361,46.377638
16.352598,46.375186
16.350636,46.37556
16.350785,46.375081
16.345457,46.379896
16.346119,46.372582
16.336468,46.377547
16.345489,46.377691
16.337435,46.377274
16.350258,46.376765
16.347511,46.373696
16.3471,46.379686
16.346551,46.376662
16.345844,46.376416
16.348968,46.377587
16.345647,46.3789
16.33722,46.377618
16.346706,46.373292
16.346632,46.378308
16.35039,46.375934
16.346633,46.376764
16.345138,46.377602
16.33472,46.37858
16.337033,46.377635
16.349982,46.374196
16.339039,46.37749
16.335553,46.377076
16.346021,46.381222
16.343469,46.377039
16.345744,46.379512
16.342302,46.377248
16.348476,46.378975
16.34852,46.376597
16.348745,46.375617
16.350492,46.376073
16.345443,46.37834
16.347263,46.378107
16.350174,46.37806
16.346174,46.377795
16.352408,46.375361
16.344466,46.37777
16.341115,46.377991
16.340231,46.378068
16.344153,46.376978
16.352126,46.374757
16.34552,46.380138
16.351975,46.375577
16.340661,46.377566
16.347405,46.379446
16.348352,46.378343
16.351924,46.375016
16.348552,46.375354
16.352929,46.374949
16.347272,46.376791
16.346833,46.377794
16.345661,46.380403
16.339082,46.377892
16.346612,46.37315
16.346388,46.372841
16.35078,46.373472
16.349242,46.375116
16.348825,46.377123
16.347924,46.378359
16.34703,46.376816
16.339908,46.378057
16.337664,46.377327
16.346403,46.378223
16.34772,46.379048
16.343796,46.376323
16.349829,46.378101
16.346425,46.373835
16.335043,46.377653
16.346906,46.378294
16.348897,46.37512
16.370345,46.387037
16.377306,46.388228
16.378721,46.388707
16.378346,46.388659
16.378209,46.388671
16.377649,46.389664
16.378993,46.389631
16.379415,46.389519
16.378923,46.388744
16.379227,46.388877
16.363169,46.331427
16.362375,46.331545
16.366479,46.32876
16.308633,46.382725
16.364022,46.331519
16.313297,46.38322
16.36904,46.387303
16.360564,46.327653
16.314419,46.380886
16.361955,46.327548
16.365429,46.329828
16.311997,46.383199
16.307978,46.382757
16.364027,46.328955
16.362335,46.328307
16.364402,46.319711
16.367751,46.39184
16.372223,46.320611
16.373691,46.321154
16.372077,46.318314
16.309754,46.382352
16.362017,46.327876
16.314369,46.381584
16.368179,46.393318
16.372139,46.32281
16.367742,46.392849
16.37588,46.324084
16.369778,46.391145
16.364239,46.387155
16.366864,46.394346
16.373069,46.318786
16.371177,46.394322
16.36586,46.327834
16.313986,46.386012
16.373378,46.320677
16.370993,46.318527
16.362192,46.32919
16.369938,46.390801
16.363717,46.330243
16.360209,46.328507
16.362254,46.324176
16.369408,46.39003
16.363948,46.333007
16.374228,46.3185
16.360699,46.330329
16.363939,46.330278
16.369463,46.387584
16.361671,46.328396
16.363054,46.329346
16.367865,46.38732
16.371134,46.317703
16.362423,46.329411
16.37248,46.321672
16.373627,46.321343
16.360904,46.330649
16.309944,46.383028
16.374394,46.319232
16.314651,46.381895
16.371961,46.392988
16.367674,46.387014
16.364033,46.387853
16.371016,46.391166
16.314008,46.383729
16.369041,46.320936
16.368427,46.393356
16.365005,46.387291
16.370644,46.388754
16.369187,46.391975
16.364447,46.333407
16.36558,46.327061
16.365432,46.325905
16.366534,46.318652
16.367827,46.321128
16.373192,46.316773
16.372818,46.322861
16.314755,46.38147
16.36223,46.329456
16.361589,46.323859
16.367868,46.321944
16.372524,46.321355
16.372224,46.392839
16.379059,46.324347
16.374495,46.31842
16.314532,46.380796
16.372382,46.320683
16.363825,46.328997
16.307345,46.383322
16.366905,46.387393
16.374379,46.324266
16.36715,46.321327
16.366647,46.329584
16.313887,46.385438
16.314457,46.386256
16.364123,46.331837
16.368938,46.387075
16.312595,46.380819
16.363417,46.331648
16.361925,46.331558
16.360812,46.331983
16.363643,46.331828
16.360529,46.330807
16.368482,46.391447
16.372885,46.321533
16.368224,46.325614
16.313712,46.38399
16.378649,46.324409
16.314037,46.380992
16.307604,46.384045
16.3636,46.388119
16.310666,46.383006
16.366011,46.32868
16.361158,46.330618
16.369014,46.389882
16.36271,46.328602
16.30939,46.38514
16.361657,46.328656
16.31437,46.385871
16.361607,46.329524
16.361362,46.329296
16.371098,46.393156
16.311721,46.383084
16.308927,46.384163
16.373537,46.321612
16.368513,46.387074
16.364048,46.333559
16.371723,46.318374
16.308929,46.383383
16.369913,46.391541
16.366158,46.329318
16.362604,46.321614
16.360276,46.329172
16.311672,46.381223
16.364529,46.387213
16.370105,46.390657
16.364746,46.387263
16.366504,46.325731
16.369667,46.391293
16.377999,46.32432
16.364749,46.323804
16.377495,46.324274
16.364956,46.330101
16.308667,46.381356
16.367382,46.316856
16.363446,46.330791
16.368595,46.391311
16.367279,46.387088
16.364342,46.333054
16.364302,46.387396
16.313504,46.3805
16.366284,46.327909
16.36149,46.327573
16.374934,46.324127
16.370234,46.391083
16.368375,46.390871
16.361087,46.327955
16.367424,46.387404
16.372907,46.321384
16.311822,46.38115
16.368218,46.38938
16.366151,46.327195
16.361023,46.328702
16.363471,46.330676
16.369594,46.324847
16.372797,46.32146
16.360067,46.327662
16.362579,46.329143
16.372845,46.317529
16.36086,46.327952
16.308729,46.383078
16.370256,46.393328
16.368067,46.391493
16.365485,46.387327
16.365919,46.326293
16.313539,46.383601
16.37283,46.322978
16.375135,46.324141
16.369874,46.392371
16.364371,46.333196
16.36711,46.317657
16.364827,46.33377
16.369703,46.320682
16.362703,46.327481
16.366081,46.328892
16.366107,46.328981
16.373804,46.323687
16.36412,46.325976
16.373799,46.320332
16.368472,46.387323
16.366746,46.318291
16.368917,46.390039
16.373101,46.320794
16.362997,46.330491
16.309614,46.383278
16.363552,46.33126
16.362624,46.33177
16.363729,46.332013
16.36362,46.331625
16.361562,46.331626
16.36404,46.329684
16.363792,46.328496
16.368473,46.392428
16.361718,46.330206
16.313108,46.380639
16.313245,46.380597
16.378501,46.324368
16.368319,46.39171
16.372696,46.320817
16.362548,46.328272
16.370164,46.391372
16.373351,46.321391
16.362381,46.329178
16.31399,46.381709
16.370933,46.391315
16.372345,46.322684
16.366372,46.329974
16.363766,46.328229
16.371037,46.393621
16.373384,46.32126
16.360772,46.332431
16.372973,46.318309
16.36056,46.331038
16.314282,46.385139
16.364265,46.329658
16.37368,46.321231
16.36794,46.389434
16.313399,46.381163
16.372488,46.320877
16.374605,46.323886
16.366117,46.329045
16.314193,46.380896
16.372426,46.322454
16.361259,46.327582
16.315534,46.381448
16.309516,46.382392
16.366711,46.38742
16.367656,46.393337
16.36763,46.392145
16.361864,46.328621
16.372794,46.321388
16.363414,46.330934
16.370582,46.390841
16.315942,46.38124
16.363992,46.328217
16.370132,46.391228
16.363902,46.330915
16.364009,46.328456
16.36591,46.38722
16.372779,46.322556
16.369337,46.389533
16.369842,46.393375
16.365604,46.326785
16.363614,46.328516
16.373264,46.322329
16.313854,46.384915
16.369269,46.391847
16.373477,46.321516
16.365583,46.326594
16.370831,46.393266
16.367554,46.393032
16.374223,46.324976
16.36254,46.330543
16.362329,46.330132
16.372461,46.321175
16.369963,46.388531
16.308758,46.383585
16.374843,46.323891
16.370273,46.393741
16.367497,46.392314
16.361112,46.330274
16.362519,46.330101
16.377126,46.325435
16.368864,46.390853
16.36278,46.324296
16.369461,46.391562
16.369175,46.387063
16.366286,46.328043
16.362161,46.324259
16.363317,46.387874
16.310432,46.38242
16.368898,46.388931
16.36919,46.390361
16.367742,46.320699
16.362993,46.329084
16.366793,46.387111
16.367859,46.38701
16.307054,46.382514
16.312432,46.380878
16.360589,46.331148
16.364693,46.329853
16.367535,46.321648
16.366511,46.38713
16.37074,46.317794
16.311512,46.381273
16.362617,46.327969
16.369415,46.393167
16.370794,46.390463
16.31382,46.383194
16.36212,46.33015
16.367715,46.392669
16.360113,46.328014
16.371024,46.394218
16.361974,46.329226
16.36789,46.392359
16.371736,46.323372
16.309692,46.383009
16.367166,46.394251
16.314032,46.383574
16.363406,46.328521
16.374502,46.324126
16.370773,46.318623
16.375468,46.324973
16.312645,46.382544
16.378874,46.324384
16.372705,46.319262
16.362049,46.330471
16.373054,46.321624
16.368491,46.389028
16.363081,46.331697
16.363234,46.33168
16.362783,46.331502
16.36861,46.325591
16.367649,46.391986
16.312757,46.38076
16.369962,46.393372
16.312084,46.383083
16.369831,46.391691
16.315253,46.38019
16.361207,46.329557
16.370339,46.39094
16.311508,46.382827
16.363941,46.319955
16.361935,46.330583
16.369976,46.388103
16.366995,46.393546
16.371669,46.3933
16.37091,46.318585
16.366627,46.318429
16.361011,46.32763
16.364062,46.331674
16.360794,46.327618
16.380322,46.324353
16.372787,46.323226
16.366841,46.329409
16.37261,46.318148
16.364169,46.387735
16.363472,46.330276
16.365747,46.327521
16.369892,46.387278
16.315833,46.380865
16.374891,46.323994
16.374717,46.31915
16.371378,46.319637
16.313598,46.383719
16.367094,46.393306
16.368309,46.391048
16.366684,46.324318
16.309896,46.382344
16.364376,46.330174
16.368112,46.393598
16.31189,46.382095
16.360695,46.331753
16.368617,46.389285
16.368255,46.391198
16.374355,46.31849
16.361289,46.328073
16.372813,46.322661
16.313727,46.382862
16.36572,46.387306
16.360374,46.329845
16.365899,46.328049
16.362277,46.328616
16.360958,46.329349
16.360317,46.329435
16.309356,46.381647
16.360732,46.328468
16.375132,46.324062
16.372485,46.322632
16.367276,46.387509
16.368475,46.390697
16.372325,46.32231
16.363913,46.331078
16.368158,46.391337
16.373106,46.321454
16.361431,46.328674
16.372324,46.317573
16.364437,46.323724
16.36829,46.324733
16.311009,46.38251
16.308575,46.384384
16.366034,46.387488
16.313675,46.38046
16.368774,46.391002
16.362768,46.329137
16.314417,46.386074
16.360782,46.332138
16.372471,46.321769
16.369089,46.390527
16.360334,46.329702
16.365719,46.327367
16.361774,46.329251
16.360612,46.327981
16.380223,46.324368
16.368161,46.387053
16.311981,46.3811
16.314087,46.381975
16.372993,46.320655
16.374484,46.323947
16.372569,46.322148
16.371013,46.319817
16.372503,46.32159
16.360434,46.330359
16.366264,46.32734
16.366447,46.329196
16.364197,46.328951
16.368226,46.388999
16.362495,46.328585
16.363071,46.324197
16.36499,46.325542
16.370306,46.390352
16.363779,46.330683
16.367384,46.392503
16.369197,46.320925
16.3089,46.381338
16.366988,46.318072
16.367416,46.32076
16.369601,46.392012
16.360156,46.328348
16.361525,46.327901
16.364347,46.38766
16.361142,46.329309
16.368849,46.387312
16.360785,46.332288
16.366577,46.329952
16.361404,46.329546
16.372016,46.324275
16.364557,46.387565
16.361286,46.330263
16.372253,46.31927
16.366036,46.326714
16.313846,46.381047
16.372311,46.32401
16.308234,46.383656
16.310405,46.38328
16.365647,46.326918
16.307679,46.385163
16.368696,46.390377
16.371953,46.324892
16.313573,46.384281
16.309116,46.383358
16.368989,46.389217
16.307657,46.384363
16.36906,46.392152
16.360748,46.328713
16.363567,46.331371
16.362965,46.331448
16.362648,46.331525
16.362171,46.331502
16.361384,46.331683
16.361189,46.331705
16.371303,46.390833
16.362202,46.327533
16.313991,46.383891
16.363611,46.329009
16.371675,46.394635
16.363148,46.330022
16.367589,46.392842
16.375817,46.324992
16.370633,46.389052
16.360523,46.330683
16.365953,46.326437
16.362806,46.328254
16.308162,46.382682
16.370888,46.317778
16.368025,46.389057
16.373287,46.321316
16.316354,46.380457
16.308754,46.383753
16.364521,46.329722
16.367606,46.387335
16.360996,46.32959
16.364022,46.333408
16.365813,46.328203
16.360229,46.328817
16.367036,46.31749
16.361234,46.328685
16.368735,46.392397
16.315142,46.381299
16.375104,46.323958
16.361911,46.32837
16.366823,46.393732
16.365203,46.387286
16.371959,46.319391
16.368404,46.320842
16.360741,46.329369
16.307345,46.385613
16.365299,46.387616
16.364365,46.328931
16.366177,46.329486
16.361931,46.330169
16.360693,46.331623
16.313944,46.385141
16.372283,46.318249
16.31132,46.38242
16.366898,46.324324
16.364035,46.330218
16.314059,46.384044
16.36749,46.387067
16.368395,46.391596
16.363592,46.329752
16.367212,46.393796
16.366782,46.321192
16.371783,46.317636
16.313974,46.385646
16.369962,46.393671
16.360355,46.329289
16.374382,46.324125
16.369607,46.387273
16.311454,46.383161
16.364006,46.333273
16.369876,46.390961
16.314213,46.384625
16.310026,46.383278
16.369421,46.389178
16.364316,46.332636
16.366504,46.328152
16.368186,46.387365
16.363914,46.332749
16.379159,46.324353
16.361818,46.3295
16.373153,46.322963
16.366242,46.387471
16.362051,46.328615
16.366946,46.317886
16.362722,46.330093
16.364153,46.332044
16.372792,46.320517
16.371495,46.39433
16.368431,46.393701
16.362759,46.33039
16.36177,46.327885
16.366429,46.328599
16.372715,46.32243
16.31389,46.383403
16.373134,46.321336
16.367136,46.394008
16.370874,46.394052
16.314983,46.380241
16.365793,46.328418
16.374644,46.324269
16.362024,46.329477
16.361682,46.330514
16.369015,46.393424
16.366136,46.387209
16.368629,46.387334
16.314227,46.384963
16.370192,46.390494
16.362909,46.328558
16.363212,46.328553
16.363904,46.333155
16.369487,46.386995
16.364369,46.332791
16.309686,46.381932
16.371724,46.390979
16.368135,46.320485
16.371597,46.391159
16.362423,46.324173
16.361447,46.3284
16.364206,46.33217
16.31411,46.384411
16.310604,46.383316
16.367017,46.317835
16.372718,46.320729
16.366261,46.322282
16.380123,46.324378
16.36064,46.33143
16.369845,46.320612
16.362154,46.328356
16.366485,46.387453
16.372242,46.32042
16.372623,46.32225
16.367171,46.393022
16.368018,46.387393
16.370389,46.387945
16.361889,46.331838
16.362841,46.331725
16.361776,46.331619
16.315291,46.381752
16.379973,46.324377
16.370101,46.320501
16.362841,46.329388
16.360613,46.331284
16.366194,46.327509
16.369741,46.386955
16.360885,46.330312
16.36816,46.391947
16.368601,46.390536
16.313653,46.38264
16.371449,46.317683
16.379517,46.324357
16.369027,46.392462
16.379716,46.324338
16.3667,46.322475
16.372683,46.321878
16.363861,46.332549
16.374116,46.318422
16.363842,46.333901
16.377149,46.324895
16.372435,46.323846
16.372748,46.321813
16.308447,46.383413
16.365442,46.387646
16.368983,46.390704
16.369101,46.320377
16.366267,46.329714
16.368906,46.321038
16.364596,46.329173
16.311091,46.383389
16.307652,46.384979
16.37324,46.320726
16.366393,46.328315
16.371422,46.393014
16.368052,46.392121
16.310725,46.383302
16.363548,46.387346
16.365247,46.326011
16.365386,46.322027
16.371439,46.394046
16.313674,46.38228
16.369722,46.388657
16.371652,46.39352
16.372918,46.321735
16.364515,46.329614
16.363793,46.325708
16.308827,46.382805
16.315475,46.381085
16.372872,46.319141
16.371675,46.394468
16.369715,46.391841
16.367058,46.393192
16.312649,46.383201
16.362349,46.330422
16.36418,46.319776
16.369546,46.39143
16.369072,46.393681
16.314351,46.385695
16.366322,46.387147
16.360254,46.32902
16.371415,46.393837
16.368671,46.388983
16.363383,46.329045
16.36354,46.331109
16.314067,46.384216
16.365947,46.32851
16.365886,46.322213
16.370571,46.393292
16.365741,46.327665
16.365991,46.326578
16.366351,46.325807
16.314328,46.380337
16.362939,46.330077
16.365864,46.327937
16.361565,46.329266
16.366109,46.322267
16.3693,46.390202
16.367773,46.392545
16.371509,46.318415
16.363302,46.328265
16.360385,46.329991
16.368868,46.323736
16.370598,46.390599
16.312141,46.381017
16.360909,46.328342
16.362635,46.329418
16.365153,46.319354
16.363734,46.332892
16.372456,46.321911
16.374995,46.323903
16.368707,46.321083
16.371261,46.318475
16.313834,46.384618
16.363991,46.331375
16.368829,46.39322
16.378381,46.324368
16.371807,46.392176
16.362029,46.324293
16.371268,46.391599
16.307658,46.385078
16.369122,46.389717
16.365589,46.326704
16.367069,46.393425
16.373501,46.322046
16.372607,46.320687
16.36588,46.387501
16.312288,46.383129
16.311759,46.382518
16.314834,46.380726
16.367196,46.392896
16.368545,46.321113
16.36374,46.387993
16.364383,46.33292
16.369155,46.388867
16.313669,46.38248
16.367017,46.387084
16.374652,46.324142
16.36868,46.39115
16.361403,46.331916
16.362419,46.331788
16.372541,46.317559
16.37364,46.321594
16.371906,46.393545
16.307572,46.383804
16.369656,46.325381
16.310676,46.382445
16.365198,46.330114
16.361211,46.32842
16.30766,46.384619
16.313596,46.381095
16.31624,46.380946
16.365532,46.32646
16.314842,46.381929
16.364006,46.387089
16.370172,46.387369
16.371617,46.393743
16.363474,46.327886
16.36614,46.327061
16.316114,46.381071
16.372822,46.32079
16.366221,46.327624
16.364566,46.330139
16.309982,46.382381
16.371846,46.390777
16.371477,46.394182
16.313685,46.384712
16.37085,46.323346
16.365588,46.327188
16.366393,46.328448
16.366417,46.329086
16.314607,46.380328
16.369368,46.391715
16.370487,46.318339
16.369549,46.388728
16.313539,46.381812
16.368785,46.390209
16.367498,46.393593
16.36382,46.387301
16.364273,46.332423
16.374993,46.319092
16.366473,46.328924
16.383189,46.380145
16.384883,46.378359
16.384388,46.376846
16.381287,46.379211
16.372873,46.368641
16.373808,46.369301
16.384673,46.378853
16.379877,46.377231
16.372348,46.373539
16.376452,46.370186
16.378781,46.378276
16.37085,46.350377
16.375965,46.371476
16.382332,46.37933
16.392092,46.380334
16.370799,46.350585
16.376257,46.375718
16.381046,46.377609
16.375866,46.375738
16.371614,46.384975
16.395789,46.381288
16.387002,46.375994
16.37384,46.371104
16.366673,46.352502
16.37494,46.375226
16.37065,46.373903
16.385113,46.379062
16.370825,46.372505
16.372784,46.373852
16.371164,46.348401
16.375708,46.375657
16.385362,46.381451
16.371177,46.372714
16.375711,46.375277
16.377526,46.378769
16.380704,46.377415
16.371191,46.350407
16.374405,46.36993
16.38425,46.378951
16.385327,46.37965
16.385044,46.379981
16.385244,46.377736
16.378771,46.377811
16.378555,46.375628
16.371497,46.38507
16.385259,46.377362
16.395997,46.381276
16.382495,46.376989
16.375228,46.370014
16.375522,46.371023
16.367162,46.352443
16.373004,46.373991
16.377875,46.375393
16.372166,46.346418
16.378036,46.375493
16.394852,46.381065
16.382711,46.377008
16.380816,46.377846
16.369718,46.374258
16.383446,46.37782
16.377045,46.373099
16.376827,46.375452
16.374325,46.374029
16.392483,46.381417
16.383246,46.379961
16.385873,46.381435
16.371451,46.385406
16.37411,46.372049
16.37016,46.372608
16.374128,46.374551
16.376863,46.379432
16.376014,46.368514
16.377939,46.378453
16.374002,46.371343
16.378511,46.377572
16.378192,46.376501
16.374091,46.369533
16.374365,46.372349
16.376673,46.379618
16.378037,46.374625
16.374737,46.37023
16.377669,46.37531
16.375994,46.377265
16.385806,46.380951
16.388383,46.377429
16.373789,46.368592
16.383443,46.379986
16.371906,46.374095
16.377517,46.375281
16.376436,46.369459
16.367845,46.354442
16.375883,46.378739
16.383644,46.37737
16.392589,46.381544
16.385452,46.381285
16.381992,46.378631
16.371787,46.373171
16.371349,46.385303
16.375685,46.369036
16.374815,46.372158
16.382859,46.379852
16.383045,46.377857
16.382477,46.37949
16.382639,46.379799
16.385249,46.379552
16.371296,46.373309
16.371751,46.347339
16.376231,46.37094
16.373661,46.374335
16.382973,46.379066
16.375728,46.37489
16.382002,46.378043
16.378146,46.37832
16.395384,46.38127
16.388996,46.376513
16.392175,46.380591
16.375568,46.368673
16.381757,46.377962
16.384296,46.379856
16.381112,46.377721
16.382382,46.37768
16.375897,46.377788
16.374741,46.368902
16.366894,46.35248
16.377784,46.374157
16.391159,46.380285
16.376656,46.369736
16.383961,46.380576
16.377014,46.376447
16.378919,46.377547
16.391141,46.380163
16.39,46.377276
16.385437,46.378887
16.375388,46.374666
16.380454,46.378965
16.378532,46.377309
16.376376,46.370064
16.382731,46.378131
16.37337,46.374107
16.376142,46.379111
16.382581,46.378134
16.378135,46.375808
16.380242,46.378938
16.376439,46.374856
16.371891,46.385677
16.365963,46.35267
16.374423,46.37178
16.381441,46.378431
16.389146,46.376438
16.37287,46.374623
16.373657,46.37164
16.377736,46.378235
16.371199,46.348718
16.38306,46.378876
16.376044,46.37159
16.383776,46.378928
16.370914,46.349715
16.377375,46.379032
16.376769,46.369886
16.375887,46.378324
16.372299,46.373368
16.375883,46.370744
16.38482,46.378852
16.373392,46.374737
16.364855,46.352702
16.382858,46.379069
16.376384,46.37744
16.377303,46.373745
16.380349,46.37748
16.376195,46.37826
16.385156,46.376909
16.377176,46.378721
16.385235,46.377258
16.371591,46.384594
16.387349,46.375934
16.377,46.379332
16.370319,46.372223
16.380626,46.377134
16.385418,46.381004
16.385926,46.381295
16.375315,46.370823
16.37606,46.370816
16.378848,46.375827
16.382971,46.377005
16.376098,46.377002
16.381802,46.378801
16.392171,46.380719
16.385402,46.380591
16.383595,46.379972
16.370649,46.344865
16.374563,46.371868
16.376942,46.372811
16.376208,46.371096
16.385381,46.380323
16.376339,46.379505
16.373184,46.368905
16.37756,46.378453
16.375609,46.370372
16.392526,46.38072
16.391362,46.381117
16.371541,46.348852
16.378048,46.376726
16.376287,46.371213
16.375412,46.37092
16.390071,46.377058
16.371652,46.347977
16.385311,46.379782
16.378974,46.37613
16.371248,46.35024
16.392076,46.381739
16.371611,46.373045
16.382723,46.379427
16.392753,46.380275
16.376596,46.378821
16.383239,46.379014
16.376203,46.376603
16.391334,46.381423
16.386752,46.379289
16.376512,46.376673
16.384674,46.376724
16.36988,46.373818
16.374195,46.369718
16.376586,46.37539
16.371894,46.385753
16.389333,46.376586
16.369306,46.3717
16.376686,46.379164
16.379084,46.378832
16.384103,46.378897
16.37079,46.351635
16.385224,46.377475
16.385301,46.378847
16.370158,46.372082
16.383772,46.380536
16.36557,46.352683
16.374078,46.373618
16.374118,46.368801
16.376219,46.369158
16.375081,46.370592
16.375879,46.369481
16.382948,46.37732
16.377491,46.376718
16.393494,46.380639
16.38582,46.380496
16.374963,46.368844
16.378193,46.375539
16.379343,46.376722
16.376521,46.376498
16.37591,46.378195
16.376143,46.377099
16.376885,46.37269
16.390261,46.377225
16.371178,46.374449
16.385108,46.379194
16.397131,46.381514
16.385221,46.377077
16.37418,46.374881
16.370661,46.351951
16.383264,46.377832
16.373522,46.371508
16.378076,46.377933
16.371536,46.346811
16.376129,46.374931
16.371713,46.374545
16.37433,46.369085
16.37138,46.385812
16.377824,46.378586
16.377911,46.376525
16.397393,46.381562
16.372177,46.368397
16.371196,46.34858
16.396978,46.381439
16.381238,46.376945
16.38294,46.378119
16.383753,46.378726
16.372689,46.374547
16.374827,46.370338
16.372541,46.368444
16.371712,46.348062
16.381364,46.378327
16.382955,46.379997
16.37466,46.371981
16.371475,46.385179
16.372239,46.347258
16.378424,46.375131
16.371335,46.347401
16.385436,46.38113
16.371016,46.348054
16.368505,46.353257
16.375842,46.369312
16.37853,46.379065
16.371877,46.374546
16.391694,46.379858
16.373504,46.374282
16.383978,46.377238
16.373066,46.374663
16.379021,46.377803
16.382437,46.379434
16.391294,46.381262
16.376306,46.377972
16.392075,46.381291
16.371912,46.346932
16.379849,46.377104
16.371311,46.347623
16.385783,46.38031
16.371544,46.384854
16.380583,46.37797
16.376373,46.377812
16.376454,46.376262
16.382744,46.377897
16.376235,46.378619
16.373957,46.374498
16.373188,46.374781
16.369694,46.372418
16.385414,46.380866
16.377157,46.373296
16.378448,46.376694
16.372165,46.374492
16.374351,46.369802
16.381661,46.378691
16.382381,46.378167
16.39249,46.381787
16.3836,46.379002
16.371396,46.385676
16.376431,46.375332
16.375911,46.378478
16.376231,46.368461
16.376673,46.372376
16.374808,46.373582
16.374414,46.3739
16.379874,46.37739
16.371119,46.34902
16.374443,46.374929
16.38546,46.381794
16.385794,46.380666
16.379034,46.376473
16.391257,46.380952
16.370379,46.372692
16.371372,46.349555
16.380468,46.376912
16.371298,46.347876
16.384595,46.380232
16.395539,46.381215
16.368036,46.354338
16.388648,46.377363
16.37167,46.374038
16.370809,46.351437
16.384004,46.377749
16.375949,46.377924
16.372418,46.384347
16.371447,46.347028
16.377331,46.370771
16.382851,46.378865
16.372265,46.384449
16.373917,46.37481
16.37463,46.370127
16.369747,46.373776
16.375897,46.378587
16.380606,46.378412
16.385826,46.381179
16.375974,46.375993
16.383916,46.379005
16.385015,46.376745
16.37625,46.371773
16.383131,46.379046
16.391426,46.381783
16.369542,46.371796
16.384725,46.379956
16.375171,46.368781
16.375044,46.373223
16.381547,46.377934
16.393098,46.380503
16.372776,46.382613
16.381163,46.378171
16.376692,46.370574
16.375552,46.370225
16.376679,46.375085
16.371939,46.385331
16.370503,46.372303
16.393895,46.380779
16.376512,46.379286
16.376878,46.376688
16.376056,46.376373
16.373706,46.368431
16.371945,46.346696
16.377178,46.373495
16.370548,46.372755
16.376512,46.369602
16.378474,46.378797
16.373964,46.371901
16.382085,46.377842
16.368887,46.371971
16.370496,46.350197
16.385912,46.380006
16.37481,46.373326
16.377746,46.375755
16.385365,46.380184
16.37437,46.373219
16.371116,46.373166
16.377941,46.379331
16.378058,46.378096
16.385837,46.380124
16.379233,46.37898
16.392529,46.380196
16.378119,46.379251
16.383379,46.380495
16.36754,46.354448
16.374387,46.382872
16.371145,46.350949
16.369079,46.371546
16.376131,46.376482
16.394598,46.380999
16.370689,46.37239
16.375748,46.36919
16.385846,46.381579
16.371456,46.374012
16.376229,46.376731
16.377637,46.375637
16.394292,46.380909
16.380602,46.377684
16.376461,46.372018
16.374928,46.369539
16.376151,46.369774
16.37919,46.376671
16.367389,46.354473
16.373245,46.374029
16.378167,46.374847
16.376299,46.378796
16.375935,46.378042
16.377322,46.376496
16.386107,46.37623
16.37828,46.376087
16.371719,46.348325
16.378486,46.377707
16.374666,46.374575
16.377774,46.379403
16.375595,46.371152
16.389026,46.377271
16.376273,46.37812
16.377018,46.376673
16.377603,46.378333
16.371368,46.34721
16.381549,46.378566
16.384814,46.380227
16.366227,46.352563
16.372037,46.385055
16.380795,46.379135
16.378285,46.375028
16.378342,46.379145
16.370216,46.374376
16.376315,46.377633
16.375874,46.3775
16.383135,46.378131
16.369456,46.372242
16.375068,46.374761
16.376345,46.375926
16.371487,46.345644
16.37635,46.376053
16.380154,46.378758
16.373738,46.371017
16.392176,46.380462
16.375855,46.371372
16.377462,46.378843
16.376112,46.376229
16.380833,46.376855
16.368302,46.354276
16.368311,46.350984
16.377167,46.370579
16.371929,46.385525
16.375709,46.371279
16.369742,46.37189
16.385388,46.381955
16.371182,46.348189
16.385388,46.380735
16.376858,46.37508
16.379993,46.377557
16.377283,46.375541
16.383266,46.376995
16.37727,46.373548
16.380681,46.377771
16.376272,46.375298
16.375159,46.373007
16.371455,46.38555
16.389209,46.377201
16.373268,46.367986
16.370431,46.374362
16.391402,46.381614
16.375763,46.37281
16.395148,46.381161
16.374984,46.37049
16.382737,46.377739
16.38281,46.376971
16.385385,46.381583
16.374521,46.370013
16.394213,46.37895
16.364319,46.352236
16.355583,46.32494
16.365612,46.352389
16.3664,46.35009
16.39292,46.380041
16.390756,46.378505
16.383659,46.376936
16.374515,46.37309
16.376192,46.368982
16.381905,46.378528
16.370929,46.349915
16.371009,46.35116
16.393295,46.380611
16.381011,46.378054
16.376795,46.370009
16.375846,46.375897
16.383951,46.377981
16.394035,46.380813
16.37519,46.370703
16.381688,46.376917
16.38525,46.37758
16.392153,46.380988
16.383185,46.38042
16.388843,46.376327
16.3796,46.378916
16.373379,46.368084
16.382248,46.378729
16.375091,46.372369
16.375301,46.372695
16.377156,46.379216
16.376281,46.374878
16.385171,46.379981
16.376078,46.376841
16.392063,46.381451
16.375697,46.375342
16.371203,46.350741
16.38528,46.379348
16.370172,46.373871
16.379165,46.378563
16.378662,46.377961
16.378623,46.376692
16.373913,46.36947
16.391116,46.379971
16.374885,46.372834
16.396576,46.38138
16.378556,46.375398
16.38256,46.379625
16.377119,46.375128
16.371383,46.34975
16.383592,46.380541
16.392131,46.381616
16.38849,46.376162
16.377375,46.375216
16.379352,46.378756
16.375216,46.375096
16.381468,46.376959
16.384104,46.379944
16.373318,46.369131
16.396335,46.381377
16.392509,46.381976
16.37441,46.374616
16.374928,46.372293
16.383432,46.37875
16.376791,46.372543
16.377092,46.370467
16.376493,46.377192
16.376213,46.378411
16.3774,46.373887
16.391175,46.38041
16.371862,46.347114
16.371527,46.37447
16.371769,46.347772
16.378187,46.376751
16.39206,46.381917
16.397754,46.381331
16.394501,46.379051
16.391855,46.379417
16.399439,46.379396
16.365373,46.352448
16.368622,46.371841
16.390857,46.379221
16.369243,46.352403
16.395502,46.380702
16.393183,46.378719
16.393087,46.37871
16.39291,46.378752
16.392488,46.378608
16.367965,46.351545
16.357313,46.324495
16.357702,46.323262
16.391239,46.379199
16.398724,46.377607
16.396507,46.380099
16.399541,46.378045
16.396892,46.37893
16.394373,46.379008
16.356336,46.32882
16.389972,46.380651
16.390213,46.380394
16.390039,46.380397
16.389892,46.380412
16.391731,46.38341
16.397478,46.380261
16.397234,46.379701
16.354519,46.330502
16.39607,46.379465
16.385825,46.379795
16.39337,46.378764
16.370414,46.353233
16.390953,46.380535
16.397102,46.378575
16.39812,46.379162
16.390578,46.379574
16.369638,46.352059
16.36519,46.35242
16.39275,46.378656
16.392614,46.378625
16.353985,46.326498
16.39616,46.380361
16.394598,46.378567
16.397194,46.377867
16.396754,46.379588
16.395811,46.378768
16.399146,46.377975
16.395407,46.379499
16.397767,46.379701
16.395538,46.380392
16.370354,46.352017
16.392354,46.37866
16.358185,46.324804
16.396284,46.380029
16.393783,46.378842
16.370804,46.353578
16.366502,46.35215
16.356436,46.328698
16.37175,46.351963
16.395849,46.379949
16.355805,46.329082
16.353311,46.328731
16.369474,46.349908
16.355019,46.328325
16.399122,46.379334
16.390833,46.380297
16.385806,46.379436
16.353828,46.331504
16.354446,46.329673
16.386237,46.379038
16.394336,46.380004
16.396408,46.378868
16.366923,46.352267
16.374168,46.350973
16.367714,46.350879
16.394085,46.378886
16.385881,46.379598
16.396843,46.380525
16.391094,46.378031
16.370613,46.353617
16.396646,46.381037
16.369919,46.353924
16.354279,46.325724
16.397748,46.380671
16.396595,46.378869
16.392229,46.379734
16.355681,46.3261
16.37202,46.380201
16.358283,46.324964
16.390605,46.379764
16.364613,46.352312
16.398551,46.379846
16.399061,46.379323
16.368249,46.352168
16.398403,46.377885
16.394662,46.379076
16.355084,46.325377
16.368416,46.351493
16.392016,46.379549
16.394849,46.380777
16.390735,46.37871
16.39107,46.379765
16.370677,46.352206
16.373568,46.351107
16.394925,46.380581
16.366661,46.350099
16.389815,46.381338
16.358107,46.325077
16.397334,46.381155
16.393257,46.380166
16.395803,46.37769
16.36859,46.350005
16.393932,46.378868
16.357742,46.32708
16.391253,46.378816
16.367592,46.352158
16.396983,46.379552
16.391595,46.37966
16.35716,46.324467
16.397872,46.380357
16.398744,46.379267
16.398915,46.377959
16.364762,46.352356
16.396519,46.379546
16.368273,46.350065
16.369347,46.351557
16.398351,46.379807
16.394633,46.37972
16.396096,46.37881
16.369519,46.353985
16.356298,46.32855
16.397542,46.378446
16.371538,46.351857
16.393352,46.380197
16.366971,46.3541
16.397503,46.379706
16.390533,46.379259
16.398741,46.3799
16.396399,46.380982
16.399267,46.377624
16.399013,46.377601
16.390736,46.380021
16.368626,46.351872
16.357952,46.324716
16.397696,46.377547
16.399692,46.379433
16.396396,46.380469
16.398568,46.379235
16.391589,46.378299
16.397613,46.380648
16.355437,46.324949
16.396614,46.380503
16.370989,46.35204
16.375416,46.380285
16.370114,46.352806
16.368503,46.349721
16.396224,46.380947
16.368627,46.353712
16.395294,46.379269
16.39193,46.37867
16.395247,46.379812
16.395041,46.379266
16.355706,46.324765
16.370132,46.352912
16.395486,46.380232
16.371371,46.35197
16.397606,46.377952
16.391827,46.378416
16.39381,46.380396
16.398518,46.377591
16.369335,46.354037
16.393575,46.378872
16.397193,46.378253
16.387667,46.381664
16.394386,46.380598
16.390693,46.379884
16.367994,46.350978
16.369928,46.352468
16.396949,46.381087
16.398665,46.380496
16.399852,46.378081
16.354707,46.325342
16.391272,46.378157
16.397935,46.380769
16.394832,46.379194
16.356259,46.324531
16.352311,46.333154
16.353897,46.328046
16.355845,46.324691
16.368381,46.351236
16.395637,46.379941
16.367829,46.350628
16.39588,46.380888
16.367878,46.352374
16.373237,46.351325
16.397297,46.379013
16.397099,46.380592
16.390808,46.378958
16.362054,46.349639
16.37136,46.385973
16.361071,46.346536
16.389814,46.378993
16.363992,46.345739
16.388994,46.371457
16.385715,46.378399
16.361603,46.342149
16.386025,46.37743
16.382261,46.373295
16.385478,46.370154
16.391889,46.378059
16.391219,46.373529
16.394582,46.377828
16.362993,46.352778
16.363418,46.345583
16.366749,46.354645
16.390292,46.378074
16.358323,46.333054
16.361806,46.343594
16.372667,46.353146
16.372942,46.352658
16.366489,46.343672
16.378281,46.370602
16.378335,46.370237
16.378337,46.370503
16.378346,46.370364
16.371012,46.353243
16.368202,46.343655
16.370064,46.352052
16.395011,46.380374
16.356068,46.324604
16.398139,46.380398
16.395419,46.378666
16.355224,46.329178
16.3697,46.353948
16.361955,46.366047
16.35536,46.335922
16.396756,46.380126
16.396988,46.378967
16.370261,46.353891
16.366597,46.35036
16.391627,46.379211
16.356463,46.324814
16.395864,46.379433
16.390765,46.377756
16.396326,46.379376
16.398205,46.377537
16.370798,46.352158
16.389661,46.373909
16.388487,46.374708
16.376617,46.371619
16.390923,46.373321
16.383054,46.372181
16.360207,46.332963
16.38957,46.372778
16.362183,46.345658
16.38866,46.375926
16.377801,46.371145
16.36156,46.344984
16.392518,46.371875
16.383017,46.371766
16.362914,46.349527
16.373676,46.350326
16.362287,46.3485
16.386994,46.373683
16.360883,46.337797
16.362689,46.3509
16.362698,46.349156
16.391382,46.373602
16.361685,46.349125
16.390032,46.373531
16.366375,46.345533
16.372532,46.349281
16.385418,46.371458
16.364995,46.345269
16.391574,46.377946
16.385904,46.372781
16.363752,46.350548
16.358855,46.333684
16.377675,46.36972
16.377846,46.370221
16.377817,46.370064
16.385459,46.369578
16.369615,46.361467
16.370576,46.361904
16.397346,46.38064
16.395115,46.380118
16.355615,46.326371
16.397549,46.381194
16.391802,46.379735
16.393082,46.380108
16.398327,46.379199
16.394292,46.378581
16.39415,46.38052
16.398904,46.377601
16.356458,46.324437
16.355173,46.32525
16.390835,46.38014
16.354642,46.325389
16.372991,46.351317
16.367624,46.353947
16.395489,46.380474
16.354562,46.325539
16.39701,46.380159
16.368799,46.349678
16.368202,46.352724
16.356625,46.329569
16.397512,46.379056
16.355587,46.327029
16.393985,46.380489
16.368035,46.351309
16.391448,46.379378
16.356932,46.324296
16.370423,46.379677
16.394513,46.380025
16.391745,46.378784
16.398909,46.37927
16.396073,46.379969
16.397143,46.381138
16.369104,46.351537
16.398993,46.379925
16.354127,46.329293
16.356067,46.325649
16.37038,46.349375
16.39172,46.378373
16.353497,46.32866
16.355276,46.325096
16.390828,46.380255
16.393581,46.380264
16.398176,46.380809
16.370995,46.353525
16.395952,46.38032
16.391422,46.378221
16.398615,46.377998
16.370351,46.352266
16.397513,46.378628
16.397945,46.377908
16.392105,46.378618
16.39503,46.379797
16.39566,46.378654
16.397926,46.379768
16.368838,46.352322
16.369061,46.354098
16.367751,46.352101
16.365983,46.35233
16.398408,46.380431
16.368033,46.352003
16.39961,46.380068
16.363792,46.345485
16.394293,46.377118
16.368668,46.343484
16.372227,46.353524
16.39528,46.375767
16.368833,46.344475
16.390249,46.376628
16.361735,46.34606
16.371507,46.353106
16.385894,46.374242
16.386008,46.36965
16.391088,46.371535
16.393248,46.378306
16.387943,46.37248
16.361361,46.34071
16.362836,46.341833
16.37772,46.37307
16.390426,46.373462
16.362962,46.349669
16.373143,46.349676
16.366864,46.343381
16.388257,46.376337
16.382445,46.373288
16.371426,46.353413
16.386155,46.37517
16.362581,46.350708
16.361627,46.342281
16.385979,46.373135
16.362753,46.352813
16.365743,46.343728
16.389016,46.375953
16.360999,46.338664
16.362125,46.340578
16.362455,46.350355
16.364336,46.345682
16.366567,46.345547
16.36329,46.343983
16.367427,46.343339
16.391221,46.37241
16.377705,46.371397
16.385472,46.370398
16.388199,46.375676
16.363557,46.345243
16.390352,46.378363
16.387082,46.373333
16.382916,46.373139
16.377238,46.368952
16.390687,46.38161
16.389025,46.373901
16.361975,46.347781
16.386007,46.373949
16.389217,46.374286
16.390871,46.372786
16.363946,46.345505
16.358832,46.348732
16.387335,46.378231
16.387849,46.371045
16.388279,46.37174
16.386007,46.369763
16.371968,46.352272
16.39559,46.375218
16.386692,46.375368
16.385707,46.378193
16.360765,46.337195
16.361442,46.342001
16.362215,46.34129
16.385715,46.378302
16.385331,46.370975
16.385358,46.370703
16.38638,46.374939
16.363246,46.350696
16.386049,46.373853
16.38365,46.370488
16.389362,46.374182
16.388923,46.374528
16.385434,46.371341
16.385775,46.378939
16.356343,46.325015
16.390945,46.377897
16.390879,46.379364
16.356219,46.328716
16.36811,46.351684
16.395356,46.380869
16.397216,46.38023
16.368286,46.350757
16.399337,46.378034
16.398149,46.379787
16.366291,46.352277
16.357781,46.325109
16.398222,46.377894
16.392236,46.378621
16.396815,46.378578
16.369723,46.352259
16.395114,46.376353
16.387457,46.368636
16.387661,46.378313
16.385373,46.372856
16.396243,46.377715
16.361685,46.344511
16.372477,46.3532
16.383728,46.370583
16.361786,46.344173
16.385558,46.369859
16.382878,46.371027
16.387975,46.377642
16.362106,46.348224
16.361585,46.337478
16.394434,46.376751
16.367138,46.354537
16.391531,46.37429
16.367135,46.343348
16.371226,46.353476
16.385905,46.376983
16.361505,46.341564
16.366058,46.343728
16.393033,46.378369
16.377844,46.370889
16.395191,46.376022
16.360845,46.337632
16.361118,46.339148
16.386329,46.37086
16.363749,46.351738
16.391913,46.374322
16.385539,46.36973
16.387401,46.378132
16.364308,46.352761
16.394736,46.376963
16.38773,46.3748
16.386993,46.370952
16.362605,46.351195
16.361805,46.338693
16.362937,46.349362
16.389135,46.374354
16.385957,46.371626
16.365897,46.343731
16.385986,46.374403
16.366593,46.343401
16.385353,46.371898
16.394497,46.376403
16.36165,46.346944
16.387265,46.373941
16.385874,46.371285
16.394698,46.377562
16.360849,46.337997
16.3967,46.377781
16.374083,46.350381
16.390336,46.378736
16.361706,46.338081
16.386584,46.374516
16.367107,46.343634
16.387385,46.375654
16.378366,46.370731
16.382972,46.372375
16.36215,46.336876
16.390922,46.377145
16.385454,46.37001
16.388392,46.375822
16.377563,46.372836
16.36278,46.351381
16.394916,46.376873
16.361424,46.34552
16.385329,46.372676
16.395024,46.377613
16.361047,46.340588
16.361456,46.341299
16.361644,46.342434
16.376711,46.371817
16.384314,46.373216
16.394008,46.377811
16.387379,46.373674
16.391699,46.371596
16.395314,46.37507
16.385953,46.373664
16.361141,46.339849
16.363266,46.350962
16.365715,46.345426
16.387465,46.373419
16.364295,46.353498
16.388244,46.377824
16.382964,46.372789
16.368391,46.345219
16.39123,46.377618
16.397157,46.377519
16.394839,46.37584
16.364408,46.352574
16.362501,46.35052
16.385709,46.378582
16.385912,46.377724
16.388331,46.371625
16.386673,46.374172
16.390693,46.372027
16.388702,46.374117
16.365544,46.343487
16.39524,46.375967
16.388027,46.371101
16.364396,46.343576
16.386032,46.369344
16.385885,46.376845
16.37792,46.370544
16.387511,46.374937
16.386551,46.371177
16.359625,46.349593
16.387553,46.372361
16.38761,46.373336
16.388339,46.374817
16.362455,46.347315
16.388051,46.371424
16.363199,46.345227
16.387499,46.372595
16.385876,46.381709
16.361712,46.338236
16.362097,46.340427
16.366203,46.345533
16.36187,46.343771
16.376392,46.371311
16.389878,46.375921
16.361513,46.341685
16.362191,46.340999
16.378774,46.373158
16.361622,46.344812
16.389926,46.371719
16.363609,46.345534
16.38357,46.370761
16.372332,46.352247
16.389041,46.374435
16.377907,46.370734
16.389986,46.373634
16.362298,46.34986
16.366039,46.345517
16.382471,46.372499
16.39106,46.37371
16.390503,46.37265
16.394322,46.37692
16.390098,46.376513
16.394113,46.377695
16.388769,46.377602
16.388086,46.372149
16.395394,46.375457
16.387766,46.371272
16.385963,46.371111
16.387172,46.373178
16.371708,46.353048
16.377989,46.373064
16.361668,46.342587
16.366372,46.354705
16.362407,46.34506
16.383418,46.37111
16.364492,46.343871
16.383233,46.371401
16.38684,46.374641
16.360714,46.336928
16.386069,46.374982
16.387437,46.372233
16.376921,46.371936
16.386479,46.370892
16.365508,46.345438
16.367956,46.353851
16.386987,46.374381
16.387828,46.372862
16.363545,46.351524
16.373763,46.350482
16.389512,46.374047
16.377898,46.372191
16.361547,46.341829
16.369058,46.345452
16.36192,46.339345
16.391404,46.377834
16.386822,46.374776
16.390366,46.372283
16.387981,46.374979
16.390559,46.371412
16.39223,46.378257
16.389559,46.377565
16.363503,46.35254
16.390231,46.377626
16.386759,46.378826
16.364503,46.352927
16.386124,46.378074
16.387579,46.377858
16.361248,46.340146
16.362481,46.342887
16.360978,46.348609
16.361342,46.34597
16.385948,46.373519
16.376441,46.371466
16.361896,46.33922
16.362385,46.348682
16.366641,46.34575
16.387867,46.371841
16.392421,46.354111
16.388149,46.372048
16.394342,46.378195
16.387821,46.378133
16.387067,46.374567
16.359949,46.332171
16.3953,46.37563
16.386201,46.374091
16.393977,46.378499
16.386535,46.37465
16.387365,46.378894
16.361101,46.347788
16.362728,46.345214
16.377868,46.371953
16.38783,46.372032
16.387526,46.378599
16.372391,46.352867
16.366156,46.354754
16.388597,46.371189
16.386518,46.375448
16.39153,46.372177
16.360034,46.332588
16.387857,46.372723
16.362562,46.344124
16.392135,46.374346
16.388579,46.377843
16.361433,46.341161
16.371716,46.353884
16.361387,46.345862
16.390389,46.379019
16.371293,46.353115
16.361992,46.339794
16.362347,46.343353
16.364453,46.353877
16.385962,46.370211
16.36115,46.339399
16.364892,46.345489
16.385975,46.377121
16.394522,46.376601
16.391557,46.357115
16.361533,46.348696
16.383311,46.371288
16.385392,46.372248
16.390879,46.371746
16.39129,46.371532
16.373941,46.350688
16.389924,46.373279
16.362501,46.343047
16.395192,46.377341
16.382511,46.372791
16.361942,46.338369
16.364636,46.345423
16.361729,46.342949
16.366963,46.354582
16.368457,46.344986
16.363007,46.350229
16.362389,46.34241
16.387337,46.372871
16.361514,46.345383
16.387641,46.372247
16.391387,46.371785
16.389783,46.377534
16.383871,46.373209
16.361709,46.347324
16.390426,46.378873
16.394831,46.37605
16.396875,46.377865
16.370243,46.345031
16.389582,46.371284
16.394122,46.378011
16.368391,46.345682
16.385969,46.376303
16.391627,46.371358
16.387291,46.378371
16.364001,46.353143
16.362323,46.341164
16.36316,46.35179
16.362359,46.35003
16.383028,46.372597
16.395205,46.37851
16.387267,46.373804
16.389704,46.373435
16.395858,46.377385
16.363147,46.343762
16.366268,46.345756
16.366733,46.345574
16.362259,46.341571
16.386001,46.370388
16.395071,46.375515
16.387997,46.376066
16.390006,46.377621
16.362449,46.343623
16.390413,46.371388
16.387551,46.375224
16.394958,46.376442
16.367037,46.345414
16.394249,46.377533
16.394953,46.378554
16.388435,46.371154
16.363226,46.345438
16.387447,46.378021
16.363498,46.350914
16.392562,46.378304
16.363139,46.350575
16.373814,46.350064
16.374504,46.351386
16.383105,46.372004
16.382895,46.372969
16.381728,46.373462
16.385908,46.372508
16.389225,46.373755
16.362094,46.340052
16.386637,46.375716
16.395103,46.37536
16.372143,46.352951
16.362661,46.337803
16.388216,46.374538
16.380343,46.373369
16.362942,46.345439
16.377527,46.371748
16.388652,46.371393
16.361948,46.338863
16.383566,46.370993
16.367758,46.345802
16.385751,46.377813
16.387489,46.378742
16.359789,46.332025
16.387897,46.37259
16.388052,46.371564
16.363314,46.352321
16.389614,46.376265
16.387615,46.373078
16.389449,46.376131
16.386673,46.366976
16.363878,46.352056
16.361303,46.340445
16.390031,46.371408
16.390176,46.372936
16.394716,46.377096
16.394787,46.378534
16.385969,46.382052
16.387317,46.371347
16.363652,46.34395
16.360206,46.349124
16.383082,46.371655
16.388826,46.373999
16.390722,46.371457
16.360007,46.332378
16.38921,46.37604
16.377749,46.371275
16.386906,46.373939
16.387752,46.372137
16.385917,46.376644
16.366223,46.343716
16.390863,46.371519
16.390782,46.373561
16.392228,46.378057
16.361551,46.337339
16.364914,46.34382
16.367292,46.343607
16.36152,46.345247
16.361511,46.34469
16.385977,46.370045
16.361692,46.342743
16.361962,46.339675
16.3963,46.377427
16.391662,46.372032
16.387667,46.375132
16.365336,46.345586
16.367821,46.345262
16.363052,46.349935
16.361468,46.341432
16.389618,46.371591
16.376636,46.371703
16.391193,46.371767
16.388754,46.371175
16.385985,46.370647
16.361688,46.346203
16.368121,46.343293
16.395323,46.377682
16.372766,46.352979
16.385333,46.373058
16.364667,46.343486
16.363007,46.351619
16.372112,46.352001
16.361627,46.337723
16.357958,46.334059
16.3617,46.346483
16.362499,46.340678
16.361743,46.343105
16.377899,46.370364
16.386016,46.369917
16.385948,46.371773
16.362594,46.345391
16.365123,46.34555
16.37003,46.344746
16.385434,46.371072
16.3868,46.374118
16.386006,46.372969
16.36772,46.343314
16.371827,46.353323
16.397232,46.377391
16.394741,46.376244
16.365139,46.343517
16.387459,46.372747
16.388193,46.374892
16.360676,46.348182
16.388059,46.37239
16.364201,46.354086
16.368853,46.345508
16.382736,46.371424
16.365591,46.34568
16.361252,46.348452
16.387804,46.376021
16.38795,46.371699
16.386021,46.381851
16.368743,46.344073
16.385354,46.372087
16.385931,46.37462
16.389294,46.371261
16.361793,46.345831
16.386645,46.376056
16.373473,46.350228
16.386035,46.369207
16.365419,46.343774
16.361796,46.349323
16.396462,46.377756
16.373071,46.349566
16.389307,46.371545
16.388833,46.371426
16.366904,46.343655
16.386026,46.373306
16.363115,46.349816
16.367982,46.345404
16.38717,46.374081
16.394598,46.377652
16.394888,46.376562
16.362359,46.345383
16.361508,46.336776
16.365187,46.345323
16.385395,46.371596
16.394381,46.377978
16.379067,46.373153
16.386288,46.375064
16.3826,46.372022
16.386055,46.371427
16.362323,46.340879
16.387289,46.370998
16.385392,46.370848
16.36281,46.345189
16.388106,46.377869
16.383605,46.373109
16.36157,46.344424
16.37225,46.353229
16.386003,46.372291
16.361281,46.340287
16.361601,46.337608
16.388595,46.374281
16.389788,46.371366
16.378269,46.371012
16.37823,46.370846
16.388409,46.37441
16.387212,46.379041
16.385924,46.370477
16.392838,46.378392
16.362352,46.342148
16.361727,46.346355
16.38667,46.37089
16.395663,46.377363
16.379562,46.373255
16.394833,46.376692
16.396525,46.377426
16.36136,46.345639
16.362429,46.342559
16.387623,46.372489
16.385961,46.377557
16.38829,46.371964
16.387421,46.373553
16.373935,46.350148
16.382578,46.372167
16.387888,46.375694
16.364175,46.353319
16.390684,46.372235
16.365888,46.345722
16.389489,46.372935
16.385277,46.370525
16.373733,46.34988
16.364711,46.353275
16.389496,46.37309
16.390379,46.372128
16.39075,46.372904
16.37851,46.373036
16.395171,46.375223
16.386222,46.375438
16.360928,46.347977
16.392353,46.374427
16.363739,46.35279
16.362563,46.343475
16.368626,46.345601
16.386654,46.36477
16.387297,46.373005
16.364762,46.343851
16.385994,46.374775
16.360836,46.337485
16.361781,46.343297
16.382621,46.371857
16.362448,46.342744
16.364235,46.343891
16.363101,46.350407
16.361972,46.337142
16.35837,46.333769
16.387816,46.375063
16.386875,46.375151
16.385464,46.372445
16.371695,46.353428
16.360029,46.338476
16.371478,46.353895
16.364174,46.35372
16.387038,46.373488
16.388879,46.374653
16.386953,46.373809
16.389208,46.37113
16.389871,46.372428
16.369915,46.345132
16.361963,46.349461
16.362082,46.340273
16.390209,46.373341
16.359858,46.346732
16.383001,46.371887
16.388818,46.375989
16.369446,46.345347
16.36229,46.341742
16.385423,46.373282
16.371849,46.382753
16.37328,46.381234
16.372384,46.381169
16.372648,46.373781
16.372196,46.382066
16.369513,46.373702
16.38591,46.370793
16.362561,46.341506
16.394318,46.378335
16.390263,46.371815
16.391369,46.374001
16.361139,46.347291
16.394747,46.37732
16.362369,46.342277
16.391718,46.378003
16.363807,46.351888
16.391753,46.37425
16.388282,46.371131
16.387125,46.37423
16.395977,46.378188
16.385436,46.372571
16.391146,46.37397
16.388027,46.372259
16.36296,46.351496
16.36241,46.344537
16.38563,46.368928
16.38981,46.373764
16.368946,46.371508
16.376043,46.376107
16.383892,46.379961
16.369968,46.37437
16.37594,46.374922
16.371725,46.345915
16.375851,46.370605
16.389847,46.377203
16.38958,46.377248
16.365248,46.35292
16.375376,46.368711
16.384513,46.379966
16.370831,46.374436
16.392149,46.381104
16.378936,46.378422
16.383655,46.378007
16.37762,46.374043
16.37926,46.377747
16.371905,46.346274
16.392147,46.380142
16.370626,46.351048
16.368515,46.354238
16.373974,46.368734
16.372559,46.368259
16.37469,46.372638
16.384879,46.378043
16.373102,46.368771
16.374847,46.374728
16.378232,46.378928
16.373571,46.369208
16.36868,46.354197
16.372405,46.351153
16.375067,46.369826
16.384409,46.380242
16.37379,46.374803
16.372432,46.374487
16.377707,46.37675
16.368604,46.353494
16.38417,46.376877
16.372014,46.384881
16.371072,46.34927
16.378804,46.376738
16.371501,46.346652
16.3752,46.372516
16.392171,46.380846
16.373615,46.374769
16.382186,46.377015
16.380433,46.377618
16.377234,46.375206
16.38312,46.38007
16.388869,46.377313
16.376992,46.37514
16.371976,46.384305
16.37113,46.373965
16.371696,46.368384
16.393689,46.380724
16.370786,46.372941
16.371561,46.349146
16.384876,46.376693
16.375576,46.372881
16.381188,46.377827
16.375977,46.375299
16.376052,46.36892
16.370408,46.373882
16.374273,46.373428
16.375136,46.369923
16.375453,46.375156
16.368426,46.353083
16.391982,46.379972
16.376585,46.372187
16.371933,46.368422
16.372422,46.385479
16.382654,46.379113
16.392969,46.380373
16.377252,46.370712
16.375806,46.368591
16.385453,46.378803
16.381832,46.378224
16.37019,46.35105
16.376521,46.370342
16.378272,46.37588
16.379032,46.376772
16.382539,46.37747
16.382378,46.378936
16.377513,46.376422
16.378646,46.378513
16.38638,46.376144
16.37744,46.378576
16.380764,46.378545
16.372496,46.346316
16.378179,46.377792
16.369153,46.372064
16.396759,46.38138
16.379742,46.376671
16.385271,46.38048
16.385787,46.380818
16.379387,46.379094
16.374894,46.369671
16.37201,46.373297
16.381928,46.376962
16.371004,46.345179
16.379568,46.377702
16.39118,46.379892
16.375851,46.377388
16.382157,46.379117
16.369928,46.371972
16.371604,46.384471
16.378485,46.375969
16.389895,46.37682
16.394996,46.375696
16.365214,46.343794
16.385985,46.372005
16.38156,46.373444
16.382665,46.371569
16.382578,46.372338
16.391302,46.37773
16.363053,46.343997
16.391059,46.37218
16.38599,46.376769
16.377042,46.372155
16.39606,46.377384
16.394282,46.377357
16.36095,46.338833
16.367476,46.34362
16.385366,46.371206
16.360748,46.337347
16.36763,46.343559
16.389969,46.376363
16.387954,46.374637
16.383133,46.371547
16.387814,46.377751
16.387205,46.376042
16.389935,46.376199
16.395427,46.377342
16.39155,46.373772
16.375669,46.370477
16.378709,46.378577
16.378407,46.378325
16.376246,46.369917
16.374245,46.372196
16.382308,46.377932
16.367412,46.316112
16.368171,46.316173
16.367567,46.315678
16.368327,46.314675
16.367528,46.315728
16.368508,46.314657
16.368063,46.314964
16.367856,46.315297
16.368644,46.314501
16.36828,46.314766
16.369175,46.314126
16.368837,46.314278
16.370236,46.313819
16.371264,46.313649
16.370613,46.313744
16.370019,46.313824
16.372753,46.313927
16.369728,46.313858
16.371462,46.313674
16.390452,46.376864
16.314306,46.385323
16.363982,46.352817
16.361511,46.3302
16.377781,46.372549
16.380956,46.389235
16.345692,46.39447
16.36274,46.323942
16.363347,46.324058
16.363486,46.324015
16.363752,46.324053
16.36397,46.352298
16.368844,46.354154
16.363894,46.345221
16.364436,46.345178
16.364443,46.345474
16.364187,46.345281
16.364712,46.345215
16.366512,46.329312
16.378241,46.373025
16.392446,46.381611
16.366042,46.326846
16.37888,46.377282
16.375949,46.377618
16.374501,46.373711
16.361865,46.347147
16.378878,46.378684
16.387171,46.378532
16.390804,46.379081
16.339709,46.395061
16.339892,46.39498
16.375362,46.388269
16.349672,46.375261
16.349419,46.375187
16.377463,46.375627
16.37,46.373843
16.368885,46.393752
16.367733,46.324536
16.378485,46.378052
16.361548,46.345122
16.314316,46.385482
16.361114,46.331959
16.37063,46.344565
16.3674,46.354017
16.371391,46.372881
16.370818,46.350819
16.374894,46.389197
16.377692,46.378686
16.3678,46.389027
16.373623,46.392732
16.373185,46.393193
16.373789,46.392977
16.373822,46.393311
16.374347,46.392854
16.374779,46.392809
16.374007,46.39224
16.37438,46.392251
16.373921,46.392081
16.374106,46.392011
16.374609,46.392218
16.374824,46.39219
16.374318,46.392005
16.375057,46.39216
16.374977,46.391936
16.375489,46.392125
16.375265,46.39193
16.375432,46.391806
16.37692,46.391981
16.373664,46.391141
16.373924,46.391118
16.374152,46.391087
16.37395,46.391456
16.374401,46.391071
16.374212,46.391393
16.374639,46.391372
16.375849,46.391242
16.375813,46.390899
16.376068,46.390795
16.376297,46.390814
16.37707,46.391094
16.376738,46.390795
16.376619,46.390684
16.37696,46.390732
16.377204,46.390745
16.377932,46.391013
16.377676,46.390684
16.371246,46.387588
16.370922,46.387567
16.372963,46.390552
16.373622,46.390684
16.373829,46.390468
16.374074,46.390445
16.374247,46.390443
16.374463,46.390399
16.374652,46.390425
16.374804,46.390327
16.374947,46.390352
16.375106,46.390315
16.375294,46.390284
16.37568,46.390318
16.375843,46.390308
16.375989,46.390242
16.376134,46.390224
16.376327,46.390244
16.376472,46.390176
16.376614,46.390168
16.376772,46.390167
16.37703,46.390114
16.377248,46.390088
16.373156,46.393409
16.372518,46.393463
16.372386,46.393457
16.372124,46.393633
16.371828,46.388226
16.371911,46.388321
16.37193,46.388427
16.37192,46.388545
16.372075,46.388745
16.3721,46.389115
16.372168,46.389284
16.372248,46.389526
16.372287,46.38964
16.372398,46.389785
16.372441,46.389934
16.372439,46.390099
16.372485,46.390485
16.372587,46.390566
16.372676,46.390645
16.373233,46.390955
16.37267,46.390766
16.373258,46.391236
16.373493,46.391698
16.372778,46.391008
16.3727,46.391437
16.372919,46.391548
16.373434,46.391844
16.372971,46.392211
16.372572,46.391935
16.373486,46.391958
16.373055,46.392749
16.373511,46.392106
16.373141,46.392897
16.371832,46.409288
16.372923,46.408799
16.372745,46.409081
16.372771,46.409875
16.373012,46.410531
16.374436,46.411099
16.373589,46.408822
16.373594,46.40867
16.373633,46.408395
16.37382,46.408068
16.373909,46.407689
16.375301,46.406668
16.379162,46.406524
16.373244,46.406122
16.372782,46.40538
16.373842,46.415272
16.378027,46.406883
16.377688,46.391019
16.377526,46.406933
16.372245,46.389409
16.373996,46.393212
16.375981,46.391804
16.377388,46.390529
16.377881,46.390673
16.373746,46.391673
16.373395,46.406985
16.372501,46.390249
16.374311,46.394765
16.374483,46.392703
16.37465,46.391944
16.374426,46.391397
16.374804,46.391029
16.379081,46.392355
16.374974,46.393359
16.376645,46.391133
16.372673,46.390895
16.372678,46.405166
16.382107,46.405578
16.37428,46.407215
16.382331,46.405307
16.374499,46.393636
16.372018,46.38868
16.372678,46.410086
16.373805,46.392575
16.374087,46.392882
16.379173,46.390481
16.375596,46.390922
16.377976,46.392434
16.374999,46.406471
16.375523,46.406553
16.379829,46.40608
16.376191,46.406184
16.37889,46.40625
16.373529,46.409028
16.37666,46.406233
16.374881,46.410251
16.374569,46.406804
16.373826,46.407859
16.373693,46.407266
16.373791,46.4082
16.372674,46.407582
16.373324,46.40829
16.378604,46.406679
16.374678,46.407313
16.372821,46.409691
16.373615,46.408533
16.373392,46.407173
16.373281,46.406368
16.374222,46.409261
16.37335,46.40784
16.377796,46.406899
16.3786,46.406346
16.373377,46.410531
16.375061,46.406827
16.374099,46.406917
16.379387,46.406504
16.375254,46.406251
16.373763,46.406709
16.375049,46.410994
16.372944,46.405575
16.378333,46.406436
16.373214,46.405773
16.372572,46.407359
16.372878,46.407304
16.374191,46.415974
16.373671,46.416144
16.370527,46.387407
16.377514,46.390024
16.378313,46.390009
16.383046,46.374758
16.382567,46.373561
16.385431,46.373676
16.381671,46.376471
16.383444,46.376538
16.380673,46.373645
16.379699,46.374545
16.38136,46.374766
16.37823,46.369512
16.378406,46.369828
16.384241,46.376139
16.385701,46.375829
16.382399,46.373636
16.385646,46.375049
16.381424,46.376483
16.379014,46.375481
16.383967,46.374552
16.379325,46.374568
16.381033,46.373688
16.380025,46.374529
16.382123,46.374786
16.380804,46.374472
16.383633,46.37453
16.380075,46.376218
16.37853,46.374646
16.385357,46.374302
16.381579,46.37372
16.378942,46.375375
16.384744,46.374514
16.381258,46.376453
16.381001,46.374505
16.382094,46.374483
16.385354,46.374002
16.38275,46.373594
16.381567,46.376421
16.384219,46.374766
16.377789,46.373425
16.385388,46.374145
16.382039,46.376575
16.381334,46.374492
16.37807,46.373811
16.382986,46.376553
16.380276,46.373573
16.380637,46.374786
16.380474,46.373626
16.379896,46.373523
16.384592,46.374838
16.379428,46.37589
16.380385,46.374801
16.382853,46.374746
16.383421,46.37349
16.385539,46.37469
16.381162,46.37449
16.380171,46.374471
16.383768,46.376529
16.379698,46.37482
16.381155,46.374836
16.385382,46.373834
16.381569,46.374496
16.383286,46.376537
16.382379,46.374825
16.383625,46.373508
16.382184,46.376545
16.381797,46.376483
16.377992,46.373698
16.382661,46.374732
16.383455,46.374521
16.384543,46.376379
16.385679,46.375189
16.382889,46.374485
16.380784,46.376288
16.380989,46.374774
16.383246,46.374759
16.383234,46.373487
16.383617,46.374775
16.384213,46.374545
16.385597,46.37597
16.385255,46.374473
16.380366,46.374504
16.385699,46.375649
16.382311,46.376578
16.38088,46.376295
16.383048,46.373461
16.381055,46.376408
16.381728,46.373738
16.382201,46.373681
16.380222,46.376229
16.379923,46.374799
16.382687,46.374476
16.379557,46.373494
16.379862,46.374519
16.38173,46.374477
16.379569,46.375913
16.383851,46.373519
16.384504,46.374577
16.383617,46.376515
16.380702,46.374492
16.380374,46.376319
16.385364,46.375949
16.38138,46.373732
16.380857,46.373651
16.384401,46.376394
16.383281,46.374513
16.378005,46.373561
16.379067,46.375565
16.382443,46.374456
16.382617,46.376526
16.382457,46.376554
16.37971,46.373519
16.379487,46.374517
16.381565,46.374809
16.385026,46.374804
16.378119,46.373992
16.383427,46.374758
16.380121,46.37482
16.38052,46.374508
16.379401,46.373523
16.381871,46.373724
16.383076,46.374489
16.380844,46.37479
16.382042,46.37373
16.385894,46.375799
16.378391,46.37446
16.378607,46.37484
16.384046,46.373478
16.383157,46.376537
16.384866,46.374796
16.381845,46.374435
16.383796,46.374538
16.379235,46.375701
16.378823,46.374454
16.371866,46.38775
16.378168,46.390647
16.374791,46.411263
16.376163,46.392044
16.374147,46.407355
16.368547,46.406719
16.368427,46.406396
16.368211,46.406194
16.369085,46.406756
16.369221,46.406847
16.369413,46.406977
16.36951,46.407073
16.369692,46.407188
16.369897,46.407416
16.370357,46.407194
16.370135,46.407098
16.369931,46.406974
16.369817,46.406874
16.369489,46.406621
16.369658,46.406538
16.369859,46.40644
16.370083,46.40635
16.37025,46.406234
16.36873,46.406212
16.369223,46.406448
16.369479,46.406304
16.369705,46.406201
16.369922,46.406059
16.370096,46.405969
16.370463,46.405757
16.371041,46.40532
16.37079,46.405528
16.37063,46.40565
16.371667,46.405033
16.371753,46.404951
16.37186,46.405375
16.372045,46.405257
16.371916,46.404694
16.372103,46.404539
16.371816,46.405965
16.372187,46.404416
16.372988,46.403591
16.373168,46.403411
16.373301,46.403246
16.373468,46.403083
16.373698,46.402923
16.374222,46.402509
16.374516,46.402442
16.375396,46.40243
16.375674,46.402396
16.376218,46.402294
16.376429,46.40218
16.377427,46.401753
16.377488,46.401602
16.377682,46.401468
16.377804,46.401259
16.381243,46.40124
16.380948,46.401257
16.380736,46.401206
16.380536,46.401215
16.380242,46.401187
16.379713,46.401174
16.379456,46.401223
16.379246,46.401174
16.37844,46.401126
16.37818,46.401191
16.377791,46.401769
16.37599,46.402697
16.375706,46.402755
16.375433,46.402825
16.375176,46.402709
16.374919,46.402735
16.374489,46.402828
16.374253,46.402919
16.37408,46.403244
16.373794,46.403372
16.373552,46.403447
16.37346,46.403606
16.373336,46.403753
16.372809,46.404264
16.372492,46.404627
16.372461,46.404858
16.385451,46.375334
16.385675,46.375545
16.378323,46.374294
16.3757,46.411155
16.370289,46.405834
16.373979,46.406796
16.371342,46.405088
16.384982,46.373506
16.37795,46.390027
16.384677,46.373494
16.385419,46.373548
16.37764,46.379466
16.377603,46.368613
16.377048,46.368666
16.377628,46.369559
16.366961,46.35033
16.36686,46.350354
16.367891,46.350187
16.367197,46.350287
16.367282,46.350272
16.369191,46.349955
16.37701,46.406537
16.376815,46.406539
16.377266,46.4065
16.376287,46.40646
16.376962,46.406329
16.377392,46.4066
16.376451,46.406537
16.37451,46.406437
16.374889,46.406576
16.372103,46.351783
16.391611,46.379239
16.391624,46.379262
16.376807,46.370666
16.376723,46.370737
16.392085,46.378082
16.385432,46.370268
16.364904,46.34354
16.382513,46.378928
16.380086,46.373551
16.376103,46.372766
16.384143,46.380691
16.371831,46.392321
16.342398,46.393583
16.385365,46.371827
16.385424,46.371755
16.359068,46.323352
16.371723,46.391806
16.389731,46.378825
16.391043,46.379654
16.391023,46.379614
16.313406,46.380267
16.386633,46.374324
16.341041,46.3946
16.347118,46.374121
16.347298,46.374198
16.347351,46.374318
16.347474,46.374407
16.347561,46.374512
16.347694,46.374613
16.347892,46.37479
16.348047,46.374892
16.348272,46.374549
16.348327,46.374226
16.348243,46.374148
16.347807,46.373978
16.369789,46.357339
16.367766,46.357625
16.370883,46.359771
16.369112,46.351326
16.368852,46.406151
16.366114,46.40511
16.348402,46.377304
16.347962,46.377486
16.348625,46.377205
16.348567,46.376347
16.348277,46.376427
16.349368,46.376306
16.349268,46.375975
16.34878,46.376289
16.376895,46.392927
16.377201,46.392884
16.377974,46.392879
16.377682,46.392441
16.375236,46.392754
16.375739,46.393062
16.37551,46.392731
16.376012,46.392643
16.374994,46.392801
16.389029,46.377562
16.369261,46.393457
16.374183,46.409542
16.390495,46.3794
16.308878,46.381142
16.372969,46.409494
16.371003,46.372582
16.36744,46.345438
16.362252,46.34146
16.395669,46.379755
16.372488,46.319266
16.369434,46.377766
16.357189,46.324343
16.379379,46.324353
16.367193,46.317265
16.367151,46.317186
16.344936,46.377038
16.391113,46.372549
16.373387,46.349911
16.372721,46.349464
16.361446,46.323349
16.361521,46.323556
16.378404,46.369957
16.377805,46.368789
16.347025,46.375181
16.342945,46.396561
16.343079,46.393729
16.370189,46.387671
16.371651,46.384724
16.389882,46.37985
16.380423,46.388989
16.360843,46.346021
16.38669,46.376528
16.385952,46.376519
16.371834,46.374741
16.346032,46.39457
16.362554,46.324044
16.36303,46.323939
16.36753,46.315985
16.367566,46.315885
16.368461,46.314996
16.374647,46.404408
16.376925,46.401875
16.378268,46.392386
16.376309,46.392592
16.378473,46.390535
16.379068,46.389937
16.377562,46.390153
16.392444,46.378283
16.371842,46.387845
16.365779,46.354138
16.391227,46.380741
16.391241,46.380811
16.377816,46.369895
16.390449,46.373149
16.381233,46.373472
16.369858,46.34979
16.308114,46.381476
16.385655,46.368828
16.385623,46.369267
16.385526,46.369436
16.379963,46.373283
16.380115,46.373357
16.385503,46.369121
16.379212,46.373087
16.37976,46.373292
16.379409,46.373231
16.380979,46.373426
16.380615,46.373397
16.380771,46.373353
16.381607,46.389383
16.310799,46.381525
16.390385,46.378523
16.384092,46.376507
16.38397,46.37654
16.385027,46.370129
16.361338,46.346098
16.376312,46.369311
16.378985,46.369339
16.34129,46.394561
16.37166,46.408706
16.372238,46.408785
16.378374,46.388949
16.370273,46.392217
16.359968,46.333715
16.397878,46.377593
16.371054,46.345327
16.365005,46.387611
16.377954,46.369221
16.368024,46.351161
16.373035,46.382261
16.385047,46.375949
16.384705,46.376334
16.384928,46.376134
16.393854,46.378241
16.370693,46.374414
16.348199,46.378312
16.358617,46.338584
16.339607,46.391393
16.390582,46.373035
16.360744,46.337056
16.367896,46.391688
16.382996,46.377045
16.38964,46.378195
16.37606,46.391209
16.397704,46.379075
16.384296,46.373486
16.389604,46.376635
16.392505,46.380967
16.338235,46.377748
16.345881,46.378174
16.338411,46.377887
16.344033,46.377397
16.345696,46.378146
16.377976,46.391557
16.340582,46.394784
16.341079,46.395045
16.354378,46.335552
16.382797,46.376547
16.38483,46.373797
16.379144,46.368468
16.355586,46.324812
16.380745,46.389585
16.370909,46.39093
16.371731,46.386986
16.310156,46.381737
16.346554,46.372468
16.383873,46.374801
16.387647,46.37842
16.375769,46.391824
16.360867,46.332818
16.386016,46.369468
16.368426,46.358814
16.379054,46.36969
16.378535,46.389943
16.347723,46.377596
16.374468,46.368861
16.344353,46.381388
16.371576,46.345801
16.381619,46.389551
16.368184,46.349751
16.34482,46.396717
16.375216,46.391327
16.375541,46.391231
16.371379,46.390654
16.372971,46.392573
16.377359,46.391043
16.375402,46.370112
16.385329,46.374902
16.343095,46.377175
16.361243,46.340014
16.377203,46.368287
16.377169,46.368211
16.377089,46.368072
16.380582,46.368496
16.378195,46.371128
16.389781,46.378583
16.380411,46.389463
16.346483,46.379374
16.3976,46.378314
16.356765,46.332542
16.356613,46.332349
16.345772,46.394646
16.381973,46.378925
16.358699,46.337242
16.310007,46.38081
16.360816,46.347053
16.346765,46.396566
16.30564,46.386753
16.37366,46.349724
16.37797,46.375785
16.373827,46.349374
16.35052,46.377518
16.361413,46.340907
16.378201,46.371285
16.378046,46.371526
16.371358,46.345543
16.340612,46.391145
16.378917,46.40661
16.388991,46.380288
16.388894,46.378683
16.372715,46.368487
16.366452,46.394123
16.366674,46.393945
16.358043,46.338506
16.807586,46.324963
16.807259,46.324827
16.807115,46.324715
16.806994,46.324617
16.806855,46.324538
16.806741,46.3244
16.80662,46.324297
16.806518,46.324186
16.806414,46.32408
16.806287,46.323985
16.806194,46.323876
16.805909,46.323683
16.805777,46.32359
16.805653,46.32345
16.805492,46.323332
16.804654,46.323258
16.804875,46.323456
16.805569,46.323946
16.805763,46.324071
16.805908,46.324245
16.806204,46.324496
16.809587,46.325317
16.809596,46.326305
16.808676,46.326527
16.809643,46.327791
16.810827,46.326067
16.804812,46.322165
16.804987,46.322083
16.805462,46.322036
16.80538,46.321779
16.804476,46.321882
16.803973,46.321932
16.803966,46.321748
16.80385,46.321542
16.803721,46.321137
16.803783,46.321236
16.803693,46.320949
16.803725,46.320715
16.803833,46.320213
16.804088,46.320872
16.804122,46.321113
16.804252,46.321548
16.803105,46.320215
16.80326,46.320121
16.803386,46.320022
16.803829,46.319849
16.804005,46.319715
16.804384,46.319338
16.804545,46.3197
16.804399,46.319909
16.804557,46.319939
16.804783,46.320038
16.805162,46.320035
16.805345,46.319962
16.805473,46.319871
16.805693,46.319767
16.805894,46.319661
16.806079,46.319618
16.806192,46.31959
16.806337,46.319525
16.806669,46.319315
16.807188,46.320159
16.808745,46.32016
16.809104,46.318665
16.808601,46.318841
16.808474,46.318834
16.808192,46.31898
16.807895,46.318996
16.809593,46.318134
16.80925,46.318318
16.808902,46.318529
16.808778,46.31855
16.808605,46.318623
16.808247,46.318673
16.807987,46.318195
16.807873,46.318338
16.807744,46.318478
16.807512,46.31863
16.807377,46.318673
16.807319,46.318757
16.807175,46.318847
16.807132,46.318507
16.806948,46.318589
16.806796,46.318673
16.80661,46.318727
16.806471,46.318759
16.80631,46.318781
16.806221,46.318832
16.805921,46.318885
16.805736,46.318967
16.805602,46.319007
16.805181,46.319119
16.806249,46.319087
16.80642,46.319262
16.805975,46.319136
16.805745,46.319226
16.805559,46.319318
16.805344,46.319322
16.805118,46.319331
16.804948,46.319355
16.804806,46.319331
16.805078,46.319849
16.80357,46.319198
16.803782,46.319344
16.804211,46.319151
16.804632,46.319135
16.804783,46.319062
16.804966,46.318578
16.804874,46.31845
16.804813,46.318314
16.804772,46.31811
16.805076,46.317715
16.804514,46.318017
16.804231,46.318231
16.804337,46.318327
16.804462,46.318456
16.804549,46.318645
16.806041,46.323793
16.803978,46.320025
16.803808,46.320386
16.284382,46.420682
16.285007,46.419923
16.284733,46.419134
16.28649,46.418408
16.286242,46.417948
16.292263,46.418378
16.284875,46.426942
16.285203,46.427192
16.314811,46.425237
16.314426,46.421372
16.311075,46.424902
16.314338,46.424841
16.323661,46.388964
16.323476,46.390143
16.323922,46.394149
16.323407,46.392304
16.323649,46.395772
16.323302,46.408251
16.322522,46.387433
16.326116,46.389342
16.325638,46.389567
16.325993,46.389591
16.326082,46.390612
16.327246,46.39045
16.331469,46.390283
16.325612,46.394305
16.329045,46.394148
16.331861,46.394605
16.332209,46.394687
16.331631,46.394374
16.326651,46.393684
16.326713,46.393455
16.326332,46.391105
16.326533,46.391111
16.328481,46.391155
16.32514,46.395219
16.325333,46.396068
16.32234,46.394527
16.322004,46.39448
16.321892,46.394944
16.325238,46.391163
16.293388,46.417597
16.292494,46.417804
16.328101,46.394199
16.315363,46.410756
16.328585,46.390514
16.290251,46.423331
16.289322,46.423291
16.289539,46.423826
16.287637,46.423348
16.286376,46.423761
16.286116,46.423829
16.280465,46.424085
16.280922,46.423723
16.280454,46.422957
16.280543,46.422584
16.281417,46.421295
16.282952,46.421157
16.283955,46.421031
16.284504,46.420377
16.285352,46.41892
16.285562,46.418702
16.286206,46.419047
16.28666,46.418231
16.286887,46.41737
16.289655,46.417444
16.292778,46.417185
16.291308,46.418097
16.292705,46.417937
16.294123,46.419385
16.293923,46.420066
16.294174,46.423582
16.285392,46.427298
16.285528,46.42745
16.315573,46.426673
16.315323,46.426344
16.314991,46.425668
16.314973,46.425536
16.314794,46.425135
16.314748,46.424963
16.314852,46.426433
16.314923,46.424575
16.31479,46.423854
16.314749,46.423241
16.31497,46.42259
16.315067,46.422379
16.314907,46.421957
16.314957,46.421608
16.314836,46.42139
16.315543,46.41165
16.314582,46.42169
16.314468,46.421982
16.314568,46.422389
16.314323,46.422954
16.314514,46.423165
16.314462,46.423561
16.31442,46.423788
16.314379,46.423958
16.314325,46.424104
16.313766,46.42426
16.31422,46.4246
16.310682,46.424806
16.318067,46.429232
16.316566,46.429656
16.322397,46.388559
16.32408,46.388461
16.280519,46.423621
16.327315,46.407923
16.287226,46.423347
16.314455,46.423404
16.323665,46.393006
16.326936,46.406121
16.324064,46.39093
16.314762,46.423731
16.286331,46.41853
16.286131,46.41949
16.314564,46.424467
16.314545,46.422615
16.31469,46.425846
16.314941,46.424092
16.322014,46.387448
16.32533,46.390912
16.327786,46.39115
16.324099,46.393696
16.328243,46.391165
16.32801,46.391146
16.330813,46.390514
16.32243,46.394814
16.33131,46.394332
16.322123,46.388368
16.323659,46.393372
16.329198,46.390521
16.327117,46.39199
16.324037,46.395076
16.322088,46.388079
16.329844,46.390571
16.326522,46.395525
16.324048,46.388836
16.326814,46.390433
16.327473,46.394621
16.326296,46.389463
16.324456,46.388888
16.329636,46.390543
16.325462,46.391172
16.323517,46.389438
16.323277,46.391191
16.325176,46.38944
16.322863,46.394517
16.322399,46.39416
16.330635,46.394254
16.324599,46.389395
16.323449,46.392116
16.323674,46.393211
16.324558,46.388801
16.327143,46.391133
16.322284,46.387435
16.323479,46.38842
16.32305,46.390556
16.327503,46.390116
16.323524,46.394153
16.326911,46.392846
16.325487,46.389514
16.324969,46.393848
16.324457,46.395174
16.33117,46.39031
16.323615,46.39268
16.324144,46.389379
16.328779,46.394132
16.324577,46.392356
16.322726,46.394512
16.323757,46.391245
16.324559,46.387454
16.323896,46.389429
16.323771,46.391468
16.33072,46.394923
16.323059,46.390195
16.322649,46.388776
16.329425,46.390534
16.321556,46.387449
16.329116,46.390207
16.32751,46.39437
16.323498,46.394733
16.3236,46.389904
16.3305,46.394939
16.326577,46.394125
16.326072,46.395847
16.326132,46.394257
16.323619,46.392881
16.323452,46.394463
16.327366,46.391111
16.326622,46.389743
16.330252,46.390479
16.332354,46.394337
16.328054,46.390533
16.323213,46.389038
16.329361,46.390201
16.322778,46.389199
16.325726,46.394921
16.324704,46.395133
16.324485,46.388342
16.328181,46.390203
16.323211,46.389785
16.324536,46.388486
16.326061,46.394981
16.323351,46.395902
16.328843,46.390118
16.327562,46.391137
16.326054,46.391141
16.323468,46.39187
16.323232,46.387396
16.326609,46.390418
16.330797,46.394268
16.32284,46.388241
16.327154,46.391821
16.329001,46.390522
16.323633,46.395384
16.326157,46.390284
16.327433,46.390473
16.324121,46.39568
16.322958,46.387412
16.323487,46.395579
16.330497,46.390478
16.331405,46.390625
16.323057,46.390689
16.323058,46.394493
16.323141,46.390008
16.323625,46.3935
16.327635,46.390489
16.323403,46.391639
16.326577,46.393888
16.325327,46.389439
16.323265,46.395249
16.327856,46.39051
16.330056,46.390554
16.326725,46.393268
16.328794,46.390517
16.330366,46.394208
16.323676,46.389235
16.324908,46.389386
16.330367,46.393869
16.326948,46.39113
16.325854,46.391176
16.328624,46.390196
16.326728,46.391121
16.324492,46.38917
16.322468,46.388071
16.327037,46.39043
16.330754,46.390152
16.323262,46.39475
16.325352,46.39507
16.32427,46.387076
16.327074,46.392174
16.32704,46.39438
16.326265,46.390011
16.323923,46.394028
16.326044,46.390838
16.327832,46.394267
16.324284,46.394844
16.323909,46.394437
16.322786,46.392036
16.323593,46.389334
16.320666,46.388137
16.324351,46.389396
16.326489,46.38949
16.323618,46.393632
16.32669,46.389506
16.322741,46.387437
16.328534,46.394168
16.325564,46.394928
16.326875,46.393037
16.32421,46.387329
16.324021,46.391692
16.323938,46.394285
16.324081,46.388038
16.324979,46.391183
16.325039,46.389414
16.324488,46.388596
16.325961,46.394154
16.330525,46.394841
16.323012,46.389876
16.32955,46.390099
16.323458,46.38915
16.332643,46.394393
16.323053,46.390384
16.323992,46.394621
16.32356,46.393889
16.331039,46.390546
16.33019,46.39515
16.32726,46.407451
16.323774,46.408372
16.361041,46.421227
16.320903,46.431575
16.374999,46.449661
16.278686,46.448263
16.300466,46.491855
16.353966,46.435254
16.40312,46.447061
16.406166,46.441896
16.393668,46.440726
16.340894,46.462151
16.302722,46.492473
16.359196,46.42754
16.333865,46.462956
16.26848,46.460424
16.352886,46.434217
16.349235,46.430041
16.265443,46.500102
16.316068,46.452175
16.319495,46.499973
16.354172,46.436276
16.350336,46.428541
16.350416,46.428927
16.353191,46.432041
16.358607,46.428588
16.356153,46.431865
16.366696,46.44788
16.358781,46.427074
16.357499,46.429305
16.363923,46.450708
16.402387,46.497082
16.259361,46.499403
16.269559,46.473743
16.272582,46.480757
16.328857,46.463115
16.415784,46.480177
16.355012,46.437405
16.355807,46.439131
16.354828,46.438294
16.359446,46.44437
16.359162,46.44426
16.358564,46.442059
16.360907,46.446716
16.361656,46.446943
16.361072,46.443909
16.361203,46.44608
16.361476,46.443197
16.407248,46.449222
16.373879,46.453168
16.367855,46.448428
16.371811,46.443887
16.371651,46.441324
16.326425,46.439835
16.358557,46.443772
16.349868,46.438626
16.343699,46.42717
16.370081,46.445684
16.372253,46.444342
16.369709,46.444185
16.368476,46.448487
16.372173,46.443163
16.373451,46.444154
16.369411,46.439172
16.36993,46.43642
16.369226,46.427197
16.38449,46.416676
16.385231,46.417061
16.386759,46.418309
16.383864,46.416095
16.338816,46.455867
16.370438,46.436148
16.385205,46.4247
16.38543,46.425057
16.387482,46.424865
16.389075,46.424867
16.386143,46.425237
16.413957,46.461119
16.331996,46.519945
16.380976,46.507635
16.294137,46.462379
16.314136,46.49605
16.317352,46.449556
16.350921,46.431365
16.346541,46.449123
16.422472,46.45471
16.290297,46.507266
16.351659,46.420668
16.276279,46.512292
16.270924,46.506539
16.380281,46.447566
16.271851,46.493265
16.416679,46.447308
16.341369,46.453365
16.318179,46.445
16.34184,46.439852
16.271662,46.463142
16.270664,46.457794
16.276213,46.429786
16.276137,46.429122
16.276186,46.427409
16.276501,46.426784
16.334156,46.463747
16.279105,46.475236
16.289368,46.502146
16.268082,46.474713
16.341228,46.442851
16.30171,46.489551
16.359231,46.461814
16.32976,46.44057
16.348026,46.456999
16.264313,46.466584
16.262751,46.487121
16.27219,46.4364
16.311914,46.488976
16.2927,46.443448
16.416037,46.480083
16.257999,46.495384
16.318491,46.502459
16.355211,46.438203
16.341764,46.444366
16.318638,46.501834
16.295198,46.512783
16.278934,46.445673
16.276539,46.487601
16.387244,46.432155
16.338448,46.452662
16.348535,46.444753
16.295377,46.4175
16.338912,46.450851
16.372904,46.437366
16.320867,46.450796
16.356271,46.452326
16.408472,46.445599
16.375272,46.442024
16.257818,46.496997
16.34882,46.451611
16.258589,46.493104
16.35964,46.463408
16.277097,46.463169
16.320184,46.439681
16.379997,46.443192
16.403285,46.449056
16.274354,46.460169
16.270058,46.489811
16.322025,46.456522
16.291837,46.498517
16.280783,46.45312
16.266601,46.459268
16.289585,46.499495
16.325462,46.513689
16.270637,46.458737
16.343916,46.459828
16.285013,46.500872
16.325901,46.426912
16.37936,46.448013
16.40387,46.49865
16.346942,46.464239
16.341492,46.44164
16.357294,46.454402
16.344463,46.426088
16.278716,46.499383
16.412624,46.479182
16.27733,46.477906
16.341331,46.438951
16.337852,46.440346
16.289078,46.489372
16.301524,46.487432
16.269355,46.503143
16.269682,46.472709
16.286326,46.513792
16.368298,46.452874
16.272653,46.463949
16.408804,46.500047
16.300257,46.435389
16.295747,46.434528
16.322817,46.507685
16.276834,46.418961
16.406698,46.442086
16.381623,46.439323
16.270923,46.454122
16.28128,46.455068
16.362138,46.460322
16.267345,46.467933
16.27752,46.419208
16.329623,46.464411
16.270984,46.454337
16.277063,46.41946
16.38214,46.446906
16.348035,46.457459
16.360361,46.455526
16.337057,46.43946
16.35141,46.415173
16.323848,46.462621
16.34585,46.425495
16.271099,46.467336
16.411586,46.442228
16.344907,46.448146
16.329481,46.447144
16.362991,46.437608
16.341384,46.430767
16.274081,46.466147
16.325042,46.429018
16.286757,46.504864
16.309369,46.496092
16.299532,46.492365
16.269813,46.461444
16.410808,46.452811
16.295341,46.433556
16.403388,46.493274
16.298317,46.490972
16.322876,46.466443
16.415724,46.456944
16.269706,46.51396
16.288249,46.501813
16.352208,46.464111
16.41191,46.454939
16.408887,46.445403
16.27152,46.462995
16.324809,46.445587
16.297891,46.493443
16.273641,46.461034
16.325106,46.446122
16.359202,46.461656
16.33458,46.466462
16.333803,46.43363
16.297928,46.435868
16.415518,46.480201
16.308997,46.486683
16.285056,46.469077
16.398266,46.495052
16.387263,46.427769
16.279193,46.488323
16.38052,46.447234
16.353558,46.425895
16.290956,46.499506
16.371036,46.441244
16.269336,46.460941
16.386441,46.428632
16.416333,46.48005
16.334071,46.452437
16.323565,46.431257
16.296405,46.511304
16.275928,46.465043
16.407102,46.500133
16.267007,46.488933
16.294723,46.496735
16.348521,46.441344
16.290249,46.495131
16.27194,46.435695
16.361216,46.458262
16.325791,46.42721
16.329233,46.439564
16.325183,46.430324
16.270302,46.492445
16.358346,46.456231
16.261831,46.50218
16.27067,46.458832
16.413059,46.479646
16.303757,46.441145
16.267581,46.497317
16.397618,46.494341
16.295957,46.460541
16.275085,46.485523
16.347184,46.447053
16.270054,46.46151
16.361233,46.445619
16.348892,46.442444
16.382885,46.45227
16.315619,46.497903
16.298247,46.418061
16.265854,46.473459
16.409038,46.45013
16.281903,46.498938
16.348305,46.45401
16.273728,46.462501
16.387475,46.427202
16.313692,46.511711
16.333732,46.463313
16.275734,46.4888
16.275638,46.460983
16.354879,46.450554
16.262335,46.483684
16.294617,46.433658
16.384418,46.458425
16.348507,46.456807
16.283809,46.493927
16.305034,46.501021
16.351981,46.462223
16.348593,46.439767
16.267001,46.45964
16.298833,46.417853
16.271848,46.513555
16.320062,46.434737
16.278835,46.49937
16.272367,46.433662
16.415399,46.459548
16.364913,46.455088
16.348192,46.452254
16.274156,46.500871
16.32955,46.464024
16.409332,46.498348
16.340067,46.44568
16.317474,46.448812
16.307418,46.489471
16.403201,46.446368
16.410692,46.438926
16.282428,46.442351
16.27123,46.502276
16.408273,46.454744
16.286737,46.436305
16.262998,46.471862
16.271478,46.511575
16.281598,46.453432
16.352589,46.427644
16.32514,46.50959
16.327025,46.51382
16.342538,46.438653
16.409887,46.447196
16.255572,46.481015
16.284796,46.492304
16.340935,46.438103
16.271187,46.507693
16.404729,46.498761
16.270145,46.49216
16.334485,46.466446
16.362185,46.442559
16.403723,46.498573
16.272531,46.501688
16.346567,46.457634
16.363637,46.433314
16.406445,46.441619
16.287098,46.499781
16.324801,46.430113
16.341547,46.445974
16.326833,46.456854
16.306532,46.506216
16.31775,46.453522
16.413983,46.455281
16.299324,46.42589
16.363094,46.440464
16.349857,46.429914
16.274032,46.465787
16.329669,46.446037
16.270647,46.459161
16.329334,46.511655
16.290216,46.497495
16.329889,46.44851
16.329616,46.447408
16.351768,46.429779
16.351235,46.429351
16.410465,46.439361
16.279772,46.514331
16.419783,46.453818
16.268996,46.460878
16.404864,46.499403
16.367224,46.446746
16.349394,46.430383
16.246095,46.497074
16.351571,46.433756
16.386126,46.454975
16.412248,46.446573
16.282898,46.498456
16.269121,46.482863
16.408972,46.499564
16.356354,46.452481
16.325232,46.50978
16.299821,46.434233
16.38544,46.432819
16.36244,46.431229
16.380073,46.439117
16.270357,46.467983
16.403456,46.447864
16.270576,46.461316
16.326668,46.456998
16.348481,46.442479
16.398392,46.494595
16.265237,46.47331
16.266317,46.455753
16.291678,46.506554
16.250275,46.484228
16.302051,46.507338
16.303471,46.485648
16.271396,46.481978
16.268976,46.474149
16.370414,46.435914
16.30175,46.487178
16.277542,46.420336
16.267351,46.491347
16.279678,46.505348
16.329236,46.464829
16.331763,46.428605
16.343832,46.427599
16.416823,46.478952
16.315875,46.498104
16.274173,46.466279
16.362617,46.441768
16.410647,46.442037
16.402547,46.449388
16.401179,46.496759
16.348144,46.451833
16.34025,46.46214
16.32662,46.455071
16.325763,46.432331
16.277419,46.460849
16.32978,46.444428
16.290091,46.492924
16.269334,46.514557
16.36143,46.458818
16.31744,46.449825
16.341637,46.442269
16.280971,46.499384
16.412269,46.48039
16.281469,46.514142
16.278316,46.49548
16.410795,46.439315
16.309862,46.490319
16.348301,46.450602
16.388472,46.425884
16.306156,46.498055
16.346204,46.45813
16.285435,46.463286
16.415701,46.45149
16.291365,46.469822
16.328228,46.458074
16.324819,46.512794
16.325777,46.427066
16.277659,46.477891
16.276575,46.462666
16.359824,46.455158
16.266961,46.467562
16.374143,46.453215
16.273571,46.478151
16.373353,46.440773
16.413578,46.448678
16.33381,46.439865
16.362441,46.440527
16.320919,46.450475
16.346355,46.448534
16.336439,46.455469
16.322301,46.431325
16.343094,46.447814
16.271867,46.513792
16.303098,46.493428
16.396245,46.442926
16.285563,46.495299
16.257176,46.483076
16.272798,46.464315
16.351811,46.462387
16.388727,46.426381
16.418252,46.452941
16.348477,46.456273
16.347344,46.450307
16.335084,46.433023
16.344811,46.458223
16.348438,46.442567
16.278194,46.503115
16.280493,46.482423
16.270098,46.503781
16.381814,46.440187
16.309128,46.48718
16.272208,46.478546
16.298809,46.419204
16.420005,46.454769
16.329654,46.430915
16.410552,46.441275
16.271634,46.450971
16.291565,46.469555
16.412088,46.455839
16.296126,46.434179
16.310608,46.444638
16.275916,46.499996
16.271147,46.508296
16.293579,46.467488
16.351762,46.462611
16.329836,46.456183
16.35773,46.440857
16.316346,46.448695
16.320691,46.454394
16.32893,46.461638
16.270669,46.458151
16.403258,46.446246
16.292557,46.49247
16.415808,46.478383
16.304561,46.441483
16.40835,46.501217
16.281618,46.463814
16.375926,46.449445
16.30778,46.505305
16.408279,46.449529
16.335345,46.453883
16.412227,46.455071
16.275655,46.421512
16.268783,46.491525
16.347717,46.444586
16.249719,46.488947
16.314487,46.504067
16.298321,46.496223
16.401007,46.494943
16.272448,46.493815
16.341497,46.443449
16.284794,46.501986
16.267967,46.4603
16.280588,46.511417
16.398241,46.493586
16.316967,46.44946
16.355211,46.432362
16.298275,46.492757
16.285742,46.500879
16.341689,46.437329
16.292857,46.432203
16.328105,46.443657
16.360361,46.457491
16.267498,46.482674
16.278049,46.476113
16.408839,46.445816
16.298635,46.417155
16.327728,46.44657
16.329095,46.463852
16.319863,46.437181
16.269736,46.490194
16.416997,46.479892
16.336635,46.43058
16.403841,46.448928
16.299066,46.426945
16.279894,46.489539
16.326445,46.4564
16.350221,46.456054
16.311798,46.442044
16.247725,46.493352
16.342677,46.447583
16.279796,46.461451
16.285442,46.495015
16.272741,46.467101
16.321184,46.456793
16.325787,46.432719
16.325697,46.511391
16.337457,46.454969
16.285784,46.495658
16.312096,46.489193
16.3252,46.426931
16.263589,46.489551
16.271042,46.457286
16.342492,46.424291
16.253507,46.494779
16.327004,46.442127
16.31635,46.445887
16.407324,46.499984
16.291765,46.444864
16.359072,46.413098
16.316873,46.44178
16.285127,46.495545
16.407563,46.444098
16.40006,46.448892
16.411879,46.4447
16.294107,46.496119
16.40771,46.448881
16.30536,46.51116
16.411629,46.442913
16.270139,46.502824
16.269935,46.49199
16.359085,46.462578
16.399675,46.448422
16.288993,46.468604
16.413874,46.449291
16.341957,46.440112
16.361376,46.45843
16.270514,46.459774
16.256187,46.482825
16.410625,46.446674
16.339429,46.445783
16.280706,46.512755
16.371476,46.444968
16.41947,46.453567
16.266745,46.503141
16.270681,46.513524
16.287874,46.500913
16.409619,46.447455
16.408185,46.449142
16.342568,46.446896
16.396011,46.442849
16.293116,46.462252
16.354136,46.43303
16.284501,46.48178
16.274767,46.467143
16.353708,46.425711
16.407851,46.501482
16.295482,46.496318
16.326521,46.4453
16.354819,46.435272
16.318785,46.5006
16.363677,46.439979
16.344253,46.458273
16.298899,46.49488
16.387841,46.428042
16.274196,46.471672
16.270917,46.467669
16.362889,46.433471
16.271302,46.511516
16.35513,46.413894
16.341535,46.441823
16.389608,46.425308
16.386421,46.431536
16.368098,46.447307
16.269553,46.515061
16.366432,46.457189
16.371545,46.451753
16.356407,46.417835
16.299041,46.420712
16.359687,46.443956
16.276932,46.463415
16.324882,46.450851
16.276141,46.460772
16.266785,46.489089
16.348331,46.443011
16.256617,46.484793
16.293473,46.462066
16.371215,46.443349
16.340375,46.456325
16.259835,46.500294
16.350639,46.432743
16.352967,46.434357
16.355653,46.433731
16.356044,46.434552
16.353517,46.434727
16.35411,46.43605
16.352754,46.428272
16.259105,46.498974
16.351324,46.428405
16.36318,46.430442
16.360883,46.427914
16.363072,46.430814
16.363224,46.435234
16.362766,46.44822
16.363719,46.450799
16.361809,46.447709
16.363774,46.449949
16.404976,46.452247
16.414861,46.456975
16.373415,46.509245
16.290444,46.464934
16.411543,46.443964
16.401224,46.44881
16.324653,46.45861
16.271297,46.509182
16.406322,46.441014
16.307969,46.44363
16.355647,46.438515
16.356107,46.441062
16.359213,46.444093
16.36218,46.443234
16.360511,46.447363
16.36099,46.447084
16.361124,46.445154
16.270569,46.467733
16.36054,46.445033
16.36288,46.441038
16.326777,46.454458
16.371996,46.439206
16.370072,46.444927
16.369777,46.445989
16.363809,46.453603
16.341927,46.447059
16.343725,46.426913
16.335075,46.436139
16.314738,46.497917
16.370221,46.445606
16.370323,46.445486
16.369433,46.446205
16.371014,46.446951
16.37171,46.44289
16.370269,46.43687
16.371057,46.440773
16.384467,46.416322
16.384519,46.416452
16.339925,46.456811
16.369825,46.436072
16.388326,46.425061
16.386517,46.425074
16.302646,46.440416
16.35875,46.41588
16.28195,46.463977
16.334889,46.442653
16.269337,46.473217
16.276856,46.491241
16.357824,46.457895
16.326752,46.41159
16.315288,46.513285
16.350251,46.422156
16.287246,46.428583
16.331044,46.444171
16.300282,46.510183
16.320962,46.429926
16.410347,46.440479
16.348032,46.450355
16.266752,46.459108
16.279383,46.426184
16.410937,46.452209
16.270531,46.486844
16.266019,46.457227
16.300867,46.435198
16.295371,46.494455
16.402094,46.494152
16.273536,46.463161
16.321167,46.454573
16.339814,46.455684
16.254025,46.488637
16.270457,46.505714
16.325284,46.42816
16.321256,46.432593
16.408131,46.501667
16.27094,46.459608
16.271287,46.45149
16.320086,46.436672
16.285329,46.492542
16.281883,46.508841
16.415279,46.457101
16.409372,46.450537
16.388108,46.426312
16.280987,46.511867
16.337767,46.440106
16.348777,46.423447
16.416906,46.479532
16.326749,46.442342
16.293074,46.496741
16.267478,46.475917
16.279686,46.420665
16.291935,46.461063
16.29311,46.467447
16.277231,46.486712
16.351403,46.421462
16.2778,46.492206
16.382388,46.440204
16.399561,46.490798
16.318602,46.49343
16.402745,46.497357
16.30974,46.505529
16.277883,46.478387
16.33769,46.439406
16.271008,46.508845
16.269803,46.50301
16.341259,46.439222
16.289899,46.431868
16.35333,46.4566
16.412901,46.455355
16.293415,46.467191
16.41702,46.478198
16.311491,46.513411
16.328193,46.460081
16.325136,46.450689
16.294559,46.494485
16.41335,46.448571
16.348571,46.456406
16.394082,46.441455
16.329724,46.445632
16.362778,46.452598
16.273157,46.517946
16.342062,46.44136
16.29151,46.472417
16.286406,46.513944
16.419726,46.45403
16.411682,46.452315
16.346225,46.436071
16.271072,46.445123
16.325162,46.427296
16.416497,46.478455
16.307226,46.502611
16.318542,46.452545
16.281425,46.50599
16.280935,46.454358
16.312079,46.443669
16.280173,46.420731
16.306855,46.502985
16.279716,46.420984
16.407516,46.50017
16.328881,46.463243
16.416769,46.479922
16.338398,46.441173
16.410991,46.453546
16.376708,46.440468
16.363418,46.440754
16.34399,46.429356
16.320616,46.433361
16.325451,46.444337
16.297317,46.433762
16.266174,46.481347
16.341017,46.441442
16.318746,46.502463
16.318321,46.501984
16.290975,46.512804
16.359736,46.447885
16.341659,46.439442
16.262474,46.471519
16.301033,46.490622
16.271441,46.509668
16.414815,46.4801
16.298805,46.41895
16.319778,46.436022
16.313815,46.514361
16.333363,46.428995
16.388059,46.426454
16.411401,46.453082
16.341186,46.441527
16.335478,46.464357
16.33808,46.440739
16.339379,46.455518
16.268449,46.497382
16.302009,46.441317
16.336342,46.455203
16.411221,46.452574
16.269189,46.460848
16.286919,46.491154
16.31516,46.489397
16.386606,46.428944
16.269979,46.471182
16.358409,46.456888
16.28577,46.495562
16.271281,46.462215
16.324415,46.429593
16.316088,46.443314
16.302057,46.506826
16.318758,46.502372
16.407822,46.44507
16.319498,46.436499
16.387184,46.421878
16.277488,46.493845
16.32968,46.447571
16.346118,46.448363
16.26719,46.459825
16.28148,46.501857
16.385714,46.428544
16.280319,46.512706
16.343182,46.436741
16.280115,46.472123
16.357665,46.451285
16.327504,46.425734
16.257664,46.495198
16.294828,46.510748
16.372231,46.453494
16.270014,46.478604
16.296524,46.434527
16.270901,46.468004
16.271763,46.451517
16.293993,46.46276
16.271969,46.436666
16.404534,46.498578
16.405976,46.455062
16.319743,46.496109
16.32856,46.4311
16.417171,46.478352
16.417783,46.453515
16.373469,46.450328
16.416931,46.456455
16.406489,46.449389
16.279917,46.505619
16.386128,46.428631
16.273235,46.46383
16.318627,46.452802
16.268596,46.460529
16.366974,46.45642
16.373083,46.4506
16.270377,46.504694
16.35872,46.455497
16.247534,46.490918
16.374884,46.442173
16.279507,46.486053
16.298859,46.423271
16.354393,46.43518
16.279839,46.462788
16.271797,46.463274
16.408576,46.450091
16.260271,46.479111
16.363871,46.450591
16.27657,46.421309
16.275693,46.49022
16.351571,46.427997
16.350991,46.428307
16.246363,46.497693
16.264888,46.472822
16.296375,46.43617
16.28416,46.494179
16.300787,46.487709
16.318312,46.440866
16.416582,46.479019
16.274086,46.472096
16.359315,46.416544
16.341852,46.424379
16.302955,46.508095
16.336411,46.464995
16.324379,46.445846
16.287982,46.429003
16.319419,46.493099
16.31684,46.512305
16.270542,46.505124
16.351947,46.420925
16.302871,46.49976
16.246401,46.495644
16.335877,46.43525
16.419188,46.453872
16.266651,46.459018
16.40431,46.451823
16.365568,46.45768
16.363486,46.440606
16.286019,46.500783
16.399765,46.494672
16.340628,46.442543
16.361229,46.445806
16.34876,46.451863
16.416017,46.451111
16.386137,46.431872
16.35274,46.427486
16.352921,46.427172
16.280589,46.472535
16.41073,46.438704
16.403558,46.447204
16.335961,46.454864
16.270468,46.461813
16.291992,46.473992
16.353238,46.428273
16.314841,46.448578
16.320566,46.511027
16.275052,46.491059
16.340069,46.441446
16.272753,46.501607
16.296302,46.505196
16.347762,46.445441
16.350581,46.429723
16.301911,46.486843
16.270405,46.502607
16.40331,46.447523
16.255931,46.49759
16.413962,46.479751
16.243079,46.493124
16.339806,46.445713
16.288111,46.513506
16.29184,46.441599
16.348983,46.430918
16.349524,46.43096
16.387952,46.426669
16.285562,46.506525
16.37355,46.453106
16.41009,46.446531
16.286139,46.480206
16.357361,46.450955
16.349028,46.441281
16.270514,46.453555
16.338675,46.443612
16.386778,46.429446
16.30703,46.502275
16.271484,46.489992
16.316164,46.442423
16.409791,46.451108
16.341794,46.442711
16.340029,46.436788
16.319938,46.438612
16.299208,46.500867
16.273037,46.467144
16.271027,46.467478
16.278395,46.475551
16.290185,46.509629
16.33248,46.450796
16.417022,46.478061
16.319379,46.438402
16.346562,46.456741
16.294988,46.498358
16.361082,46.454656
16.271013,46.439479
16.298895,46.492936
16.359317,46.462317
16.323665,46.430889
16.320604,46.433669
16.319169,46.437016
16.301057,46.50053
16.384916,46.434804
16.264832,46.46626
16.381668,46.439179
16.355203,46.450542
16.281033,46.454529
16.328889,46.444788
16.41014,46.446393
16.322816,46.429473
16.334104,46.463314
16.346445,46.424197
16.341888,46.443776
16.417546,46.479431
16.398759,46.493982
16.279941,46.485567
16.417242,46.47849
16.268533,46.460656
16.350304,46.433095
16.404065,46.450081
16.279309,46.473603
16.300028,46.501508
16.330003,46.454546
16.273747,46.461468
16.300387,46.487696
16.302619,46.434752
16.352133,46.463738
16.280798,46.465342
16.405161,46.499032
16.323473,46.451357
16.328837,46.46132
16.415184,46.443592
16.319756,46.436195
16.399411,46.494353
16.328436,46.464218
16.351979,46.43196
16.331492,46.442311
16.348583,46.444145
16.327405,46.415756
16.387774,46.428404
16.338448,46.453005
16.326765,46.431226
16.348664,46.443372
16.281942,46.506783
16.281117,46.454819
16.364428,46.453201
16.322095,46.465074
16.299333,46.507902
16.285111,46.501176
16.319187,46.500525
16.414821,46.458172
16.343972,46.424857
16.360913,46.429353
16.283174,46.481972
16.282379,46.49881
16.266137,46.466886
16.402541,46.497188
16.277721,46.419538
16.411037,46.442702
16.298274,46.506771
16.324686,46.430038
16.271158,46.507812
16.308113,46.439789
16.354029,46.432018
16.326259,46.442117
16.341593,46.446316
16.279754,46.465378
16.28202,46.501044
16.363698,46.439094
16.281589,46.50037
16.361357,46.446293
16.270262,46.461601
16.350039,46.422283
16.312096,46.498901
16.288169,46.476666
16.343472,46.429235
16.33416,46.433092
16.408892,46.49907
16.399399,46.493984
16.411786,46.444326
16.286554,46.435167
16.316265,46.442073
16.278357,46.513362
16.292448,46.442154
16.400841,46.496503
16.34428,46.426927
16.308833,46.489457
16.340378,46.463584
16.321445,46.433422
16.281565,46.494308
16.264664,46.466449
16.412269,46.445042
16.285624,46.484351
16.402928,46.445622
16.275194,46.511586
16.380858,46.444143
16.317939,46.453254
16.278292,46.476263
16.300575,46.500565
16.372161,46.452874
16.309676,46.493685
16.278767,46.497847
16.385749,46.425772
16.406441,46.441288
16.318759,46.502557
16.277652,46.422606
16.330789,46.444305
16.365369,46.455875
16.3432,46.437148
16.321272,46.429337
16.395795,46.44269
16.322148,46.514377
16.341724,46.439635
16.355522,46.456557
16.348683,46.443635
16.408248,46.500325
16.412788,46.446916
16.41243,46.479995
16.365341,46.455787
16.287458,46.428289
16.280547,46.511895
16.343813,46.445992
16.296158,46.495477
16.280322,46.505599
16.28502,46.437367
16.29458,46.494906
16.278362,46.450707
16.340128,46.443462
16.280644,46.51396
16.267695,46.459894
16.322624,46.507656
16.287318,46.470822
16.408289,46.444493
16.312646,46.443333
16.418021,46.452549
16.410497,46.441463
16.307886,46.503346
16.415045,46.449982
16.244533,46.492684
16.313343,46.511001
16.277167,46.501004
16.407469,46.49964
16.388578,46.437998
16.41222,46.446975
16.319053,46.500199
16.303137,46.440869
16.320483,46.433989
16.291257,46.471398
16.406843,46.500286
16.29889,46.42737
16.402195,46.496198
16.287215,46.435434
16.281974,46.508527
16.407633,46.44447
16.319361,46.498913
16.271,46.508971
16.265091,46.503098
16.346978,46.457859
16.291778,46.460702
16.271482,46.462632
16.283716,46.494093
16.328314,46.460381
16.25068,46.484763
16.295925,46.434833
16.312433,46.443221
16.290846,46.497758
16.408369,46.499394
16.406206,46.44374
16.321587,46.434632
16.416551,46.456345
16.267915,46.482685
16.271967,46.463308
16.290458,46.467748
16.408225,46.449437
16.344427,46.458671
16.269769,46.461165
16.333809,46.452225
16.326516,46.456506
16.291256,46.470103
16.324609,46.440807
16.348678,46.451167
16.278947,46.513372
16.408472,46.448231
16.368002,46.455514
16.298216,46.419532
16.41672,46.444976
16.380531,46.443314
16.272583,46.489069
16.313584,46.50357
16.268907,46.460689
16.2797,46.461898
16.343122,46.447475
16.410827,46.47988
16.278062,46.462855
16.284708,46.427467
16.268728,46.500763
16.415477,46.478489
16.403181,46.497324
16.29364,46.51168
16.29177,46.473627
16.278343,46.47589
16.410023,46.446277
16.280978,46.454057
16.268782,46.437001
16.266457,46.481767
16.339336,46.463278
16.299547,46.500298
16.291048,46.470256
16.351741,46.458963
16.412928,46.447023
16.330598,46.4404
16.342871,46.425659
16.334779,46.463818
16.364397,46.455704
16.289695,46.473739
16.400384,46.448997
16.321548,46.437288
16.285409,46.464127
16.349896,46.455906
16.284327,46.501952
16.32363,46.43745
16.338572,46.440812
16.394093,46.441722
16.274529,46.481572
16.324453,46.511446
16.271918,46.463031
16.359235,46.461984
16.399638,46.491132
16.277474,46.501605
16.34018,46.456248
16.305009,46.500242
16.386244,46.43166
16.38953,46.425422
16.385597,46.432407
16.291801,46.4956
16.374318,46.449694
16.372934,46.451188
16.371575,46.451418
16.406881,46.440631
16.341817,46.425305
16.27097,46.508536
16.411525,46.479559
16.393379,46.4404
16.28307,46.500449
16.258696,46.498343
16.355931,46.432462
16.351678,46.430167
16.351238,46.433783
16.351333,46.4339
16.351439,46.434058
16.355372,46.434684
16.348278,46.426991
16.351912,46.428383
16.258123,46.497569
16.358604,46.428176
16.349656,46.431559
16.347086,46.457416
16.358115,46.428385
16.358347,46.428756
16.338361,46.463468
16.35888,46.427495
16.3617,46.419678
16.361984,46.431123
16.361157,46.429088
16.363294,46.435095
16.362119,46.447866
16.358163,46.429211
16.315803,46.493486
16.258087,46.49729
16.26489,46.473087
16.278696,46.448671
16.266947,46.500715
16.351914,46.463259
16.380972,46.447211
16.267342,46.488696
16.258147,46.493078
16.387877,46.42686
16.270584,46.450439
16.357626,46.441943
16.362203,46.445945
16.348291,46.451402
16.360848,46.44563
16.354649,46.436838
16.363719,46.438497
16.250974,46.499923
16.371461,46.439163
16.368539,46.445857
16.364411,46.451471
16.370702,46.445487
16.36417,46.452492
16.331856,46.465741
16.365655,46.448874
16.366079,46.448383
16.372539,46.442935
16.372478,46.442277
16.37531,46.441835
16.37188,46.441051
16.37009,46.437345
16.355368,46.413866
16.384932,46.41674
16.355426,46.432253
16.356064,46.438632
16.302069,46.49964
16.379987,46.507693
16.357061,46.416795
16.277716,46.423553
16.273803,46.464793
16.327658,46.510975
16.412841,46.447639
16.357267,46.454085
16.293028,46.467796
16.352834,46.414869
16.318588,46.501593
16.290342,46.44287
16.348058,46.449766
16.348263,46.423865
16.341728,46.445357
16.349351,46.456722
16.341969,46.440856
16.281245,46.501265
16.380501,46.442898
16.32269,46.507474
16.280293,46.499015
16.270864,46.507593
16.399373,46.495218
16.404592,46.449448
16.341656,46.445049
16.301067,46.490566
16.288656,46.491187
16.359473,46.455695
16.312111,46.509669
16.336342,46.437636
16.339076,46.440243
16.347866,46.444057
16.258488,46.494006
16.352622,46.464051
16.376458,46.441104
16.375619,46.453009
16.284679,46.494495
16.406735,46.50002
16.280188,46.494071
16.379126,46.439662
16.325963,46.426794
16.340219,46.455982
16.411319,46.452897
16.284643,46.500733
16.35227,46.415043
16.406701,46.441851
16.281237,46.510759
16.338842,46.440219
16.262489,46.475895
16.279006,46.422189
16.366935,46.446852
16.363888,46.453389
16.406679,46.444238
16.411552,46.4426
16.411894,46.444919
16.411581,46.453701
16.305621,46.442476
16.323737,46.51091
16.407935,46.448455
16.265975,46.491745
16.265059,46.475895
16.35927,46.462435
16.335257,46.434246
16.363419,46.434663
16.389009,46.425986
16.396063,46.495876
16.328571,46.458887
16.334916,46.463978
16.351869,46.458754
16.277569,46.462002
16.41539,46.479005
16.298692,46.419491
16.325641,46.441458
16.335856,46.445685
16.341725,46.440391
16.339482,46.440287
16.334514,46.435991
16.269813,46.46167
16.273893,46.467387
16.401918,46.495485
16.399609,46.490555
16.381444,46.442241
16.299077,46.424578
16.29829,46.50652
16.275647,46.513912
16.339331,46.440258
16.407782,46.499369
16.362547,46.452514
16.28979,46.467001
16.279868,46.462936
16.410859,46.453257
16.326197,46.445286
16.299775,46.434927
16.38709,46.430886
16.326262,46.455182
16.273354,46.462515
16.377678,46.447934
16.286952,46.428519
16.372104,46.450638
16.308223,46.488767
16.348472,46.456992
16.296141,46.463506
16.285195,46.491306
16.258432,46.487286
16.297875,46.436066
16.399623,46.490067
16.297862,46.506192
16.360382,46.454712
16.318936,46.49456
16.341422,46.439625
16.407998,46.501574
16.321239,46.432736
16.400672,46.495226
16.35572,46.452005
16.41534,46.450276
16.357379,46.450732
16.27058,46.461517
16.380945,46.442862
16.277355,46.477653
16.2682,46.460448
16.259966,46.5008
16.387903,46.438146
16.347551,46.449522
16.271043,46.462419
16.340286,46.442409
16.298877,46.41826
16.309134,46.491101
16.277363,46.419872
16.27136,46.462494
16.371478,46.441974
16.270597,46.505259
16.416695,46.447415
16.350469,46.448375
16.405061,46.453395
16.293322,46.492346
16.272469,46.488121
16.299327,46.416801
16.340418,46.458946
16.360841,46.445889
16.34814,46.452793
16.327912,46.443587
16.324071,46.429237
16.299508,46.494279
16.358061,46.458852
16.375883,46.441044
16.351167,46.431212
16.414754,46.457496
16.319136,46.503483
16.398845,46.448252
16.258092,46.495176
16.284904,46.494314
16.280294,46.484431
16.266336,46.485051
16.4029,46.446161
16.416325,46.446323
16.325879,46.426249
16.323714,46.508929
16.34689,46.457383
16.285354,46.514134
16.292292,46.504842
16.329691,46.51385
16.348328,46.454718
16.404081,46.498852
16.257564,46.483638
16.304419,46.498069
16.398112,46.494405
16.276189,46.477975
16.362664,46.460486
16.334487,46.43556
16.401549,46.488434
16.309373,46.488273
16.340244,46.437366
16.336555,46.454983
16.329787,46.444612
16.343219,46.428762
16.416323,46.445603
16.249088,46.489166
16.352089,46.415091
16.407395,46.448775
16.320688,46.505011
16.321623,46.431658
16.341554,46.44623
16.338423,46.446109
16.308662,46.488263
16.410498,46.446723
16.407348,46.499738
16.278536,46.420422
16.332109,46.44103
16.38931,46.424695
16.342825,46.450773
16.385905,46.428566
16.360044,46.455137
16.270683,46.459039
16.270728,46.451597
16.318521,46.502541
16.342863,46.452372
16.287786,46.507106
16.347952,46.437707
16.250144,46.497693
16.287621,46.490835
16.271114,46.452164
16.375475,46.449404
16.279486,46.498612
16.411578,46.453387
16.27351,46.472478
16.409551,46.451416
16.413537,46.455361
16.363547,46.437205
16.27316,46.463496
16.318457,46.502344
16.349594,46.427888
16.341591,46.442167
16.305787,46.500891
16.343133,46.444565
16.356453,46.43121
16.423581,46.454672
16.350661,46.415407
16.319795,46.435613
16.32071,46.432952
16.266279,46.458731
16.387864,46.427015
16.412488,46.445922
16.351077,46.428758
16.349926,46.428211
16.365686,46.457089
16.301901,46.502899
16.36089,46.446103
16.410651,46.451955
16.309607,46.444279
16.285313,46.480949
16.342491,46.444785
16.416207,46.445789
16.406496,46.440696
16.335681,46.453706
16.265892,46.479637
16.313207,46.510364
16.271696,46.449208
16.41113,46.44087
16.302082,46.432343
16.356158,46.456336
16.320482,46.429546
16.39363,46.441171
16.291627,46.472608
16.33888,46.463207
16.350282,46.422532
16.278002,46.476448
16.318316,46.443427
16.324833,46.440249
16.31357,46.513665
16.358289,46.457019
16.290589,46.514778
16.266677,46.489894
16.340593,46.437846
16.420231,46.454808
16.313919,46.511159
16.400552,46.448678
16.292562,46.507181
16.301861,46.489403
16.311275,46.513412
16.35359,46.434979
16.338627,46.455145
16.323939,46.453524
16.342178,46.437999
16.246268,46.485438
16.308673,46.513466
16.404575,46.451087
16.348293,46.453196
16.299299,46.433771
16.280235,46.463333
16.32784,46.446587
16.348972,46.456313
16.291252,46.467956
16.275898,46.46473
16.351903,46.430794
16.349313,46.43079
16.281533,46.455341
16.339759,46.446292
16.281869,46.508058
16.280124,46.459934
16.393996,46.440957
16.318433,46.50225
16.293769,46.498097
16.344682,46.460637
16.328315,46.458602
16.271634,46.466751
16.417919,46.452352
16.331101,46.465405
16.409684,46.498692
16.277977,46.502842
16.289967,46.499223
16.335291,46.464247
16.319796,46.429003
16.278995,46.464828
16.413693,46.479505
16.27653,46.499754
16.363305,46.43832
16.279155,46.464979
16.400893,46.448752
16.294168,46.496723
16.277433,46.476867
16.242439,46.494121
16.323194,46.443505
16.271319,46.492937
16.3483,46.450485
16.289971,46.507952
16.399452,46.491553
16.317103,46.452335
16.34034,46.445587
16.314456,46.51361
16.412909,46.448112
16.387022,46.419529
16.28192,46.508978
16.411228,46.453994
16.328982,46.461962
16.340652,46.455999
16.329509,46.46502
16.271715,46.43435
16.29359,46.50513
16.288842,46.501769
16.35005,46.422713
16.412809,46.456458
16.394629,46.441931
16.406099,46.442826
16.387941,46.426546
16.32872,46.459207
16.349672,46.422455
16.366343,46.457455
16.335312,46.453758
16.348047,46.450211
16.344041,46.459018
16.403603,46.498485
16.269721,46.472538
16.326204,46.455554
16.331201,46.444065
16.265017,46.466399
16.285408,46.485691
16.35894,46.455591
16.271426,46.453789
16.344016,46.427996
16.402814,46.497992
16.276064,46.465347
16.3437,46.4298
16.40355,46.447057
16.270723,46.460393
16.40193,46.49605
16.278109,46.462706
16.316326,46.441782
16.271277,46.462726
16.401176,46.496268
16.401568,46.495332
16.348138,46.454219
16.292126,46.46902
16.319636,46.43775
16.265147,46.491354
16.348407,46.455114
16.273119,46.44776
16.317278,46.496772
16.324817,46.429393
16.266921,46.484941
16.417182,46.451401
16.403671,46.447338
16.256863,46.496038
16.298723,46.421276
16.377736,46.448821
16.291325,46.470892
16.30197,46.433242
16.277951,46.462011
16.302637,46.48733
16.405873,46.455627
16.410139,46.446944
16.402187,46.49756
16.256685,46.484515
16.278832,46.474354
16.267029,46.459492
16.343562,46.436166
16.295774,46.433966
16.313859,46.44794
16.282919,46.492698
16.292318,46.498274
16.340368,46.440655
16.404615,46.450304
16.270412,46.450968
16.285553,46.483743
16.348508,46.440698
16.412835,46.456353
16.288819,46.437553
16.406417,46.444064
16.334356,46.434143
16.288496,46.513032
16.274357,46.515683
16.321312,46.511937
16.416604,46.446729
16.309822,46.444275
16.356402,46.413479
16.298627,46.420601
16.289839,46.511907
16.277918,46.51458
16.358248,46.455771
16.382218,46.447535
16.387246,46.429425
16.283584,46.500181
16.287931,46.50674
16.407631,46.500782
16.264463,46.472473
16.40593,46.455367
16.347825,46.445836
16.40624,46.493988
16.318729,46.502085
16.402969,46.446756
16.329578,46.445111
16.319337,46.499571
16.277288,46.477235
16.270665,46.502415
16.278045,46.421416
16.347469,46.457293
16.278349,46.446204
16.281216,46.438259
16.393431,46.447699
16.319205,46.437448
16.293485,46.467232
16.293037,46.467675
16.283709,46.500471
16.303735,46.501318
16.403964,46.450308
16.408656,46.500123
16.266448,46.466951
16.41174,46.454786
16.274399,46.478151
16.404713,46.450704
16.39998,46.494359
16.278606,46.420833
16.288616,46.43725
16.304713,46.50873
16.348469,46.44013
16.298331,46.4198
16.28775,46.500467
16.403565,46.493148
16.272043,46.463379
16.372319,46.450831
16.348395,46.453423
16.365169,46.456535
16.298168,46.493839
16.2813,46.442274
16.278275,46.495041
16.401958,46.497283
16.279342,46.444881
16.281088,46.505903
16.316138,46.442973
16.399588,46.495337
16.383794,46.436272
16.415678,46.445253
16.2982,46.441049
16.258455,46.493871
16.274852,46.515619
16.28968,46.499065
16.2882,46.513277
16.355989,46.452419
16.335092,46.435877
16.406018,46.49959
16.355198,46.451608
16.269529,46.490552
16.327173,46.446432
16.298244,46.492957
16.297848,46.434872
16.333864,46.46348
16.295198,46.494959
16.327554,46.513479
16.41912,46.453717
16.288209,46.501402
16.286164,46.514065
16.331504,46.442914
16.32653,46.456581
16.272929,46.465078
16.307986,46.513768
16.348557,46.439894
16.348898,46.442082
16.281391,46.506529
16.271687,46.454662
16.351324,46.45956
16.270662,46.458026
16.34675,46.424111
16.273889,46.464305
16.298435,46.506843
16.270765,46.508403
16.292562,46.432523
16.283855,46.499564
16.270719,46.467716
16.319902,46.43707
16.255992,46.496688
16.271432,46.510732
16.27447,46.506064
16.358586,46.455808
16.407149,46.448896
16.348857,46.454724
16.294801,46.495553
16.37008,46.437637
16.398396,46.493692
16.338872,46.441162
16.271259,46.471158
16.311248,46.44489
16.293066,46.497482
16.28168,46.506929
16.271623,46.512556
16.277763,46.463093
16.284775,46.438809
16.286457,46.501085
16.343493,46.459434
16.293225,46.507533
16.269279,46.503157
16.277434,46.461763
16.304361,46.438386
16.272719,46.464165
16.375005,46.442118
16.291991,46.486494
16.369226,46.427027
16.270243,46.47689
16.323064,46.445526
16.278428,46.446645
16.277807,46.515038
16.313932,46.515946
16.329228,46.461359
16.394429,46.441518
16.41311,46.456262
16.387757,46.433263
16.407601,46.448518
16.370195,46.437854
16.33362,46.433062
16.368099,46.448341
16.388904,46.425306
16.372633,46.451412
16.356755,46.417661
16.370845,46.444588
16.386899,46.424913
16.326692,46.463143
16.294138,46.49632
16.250094,46.495832
16.355309,46.41786
16.364797,46.456088
16.260708,46.501249
16.350812,46.432451
16.354377,46.433168
16.352372,46.434867
16.352931,46.436082
16.35009,46.430199
16.34904,46.428028
16.3266,46.45685
16.350388,46.432771
16.358306,46.427532
16.277364,46.478239
16.362343,46.430803
16.362454,46.432446
16.362995,46.436975
16.364474,46.45018
16.364416,46.450271
16.363886,46.450436
16.259211,46.477683
16.259544,46.500119
16.399088,46.493681
16.269733,46.473527
16.370008,46.436565
16.411235,46.479648
16.356736,46.438579
16.355028,46.438546
16.356814,46.440502
16.408685,46.449302
16.36808,46.445944
16.364818,46.450776
16.363935,46.451103
16.364124,46.454757
16.363626,46.452459
16.378424,46.440106
16.370414,46.444569
16.372838,46.443409
16.37203,46.442493
16.369245,46.439583
16.373065,46.44368
16.293135,46.467222
16.354394,46.414195
16.279092,46.498372
16.37065,46.437838
16.385542,46.425427
16.388138,46.424997
16.280702,46.459428
16.354927,46.416822
16.277819,46.423731
16.418524,46.456565
16.318867,46.496681
16.295059,46.49584
16.350445,46.422412
16.375766,46.441736
16.38703,46.437634
16.348143,46.452158
16.285721,46.434292
16.33856,46.453771
16.338574,46.445624
16.275374,46.478132
16.341693,46.445199
16.27611,46.428421
16.276442,46.426601
16.344333,46.45883
16.301716,46.488458
16.326159,46.511716
16.340471,46.44155
16.411136,46.442919
16.318677,46.502179
16.243506,46.485365
16.343245,46.447888
16.398121,46.494853
16.328706,46.460368
16.329052,46.515244
16.338266,46.440489
16.343286,46.428593
16.271137,46.46261
16.411598,46.454052
16.246174,46.495221
16.404213,46.450924
16.284894,46.495086
16.385223,46.423662
16.344053,46.425017
16.408016,46.500822
16.408521,46.448107
16.370496,46.437567
16.276509,46.464974
16.331523,46.441405
16.277571,46.461925
16.387066,46.43042
16.335127,46.45441
16.406263,46.500383
16.269146,46.460997
16.40618,46.449392
16.301203,46.487846
16.325851,46.462814
16.34956,46.415819
16.326775,46.457432
16.406661,46.44243
16.384839,46.425911
16.301549,46.490439
16.326863,46.512928
16.302448,46.488683
16.266095,46.457663
16.279824,46.513327
16.278561,46.513765
16.375343,46.449683
16.301034,46.435178
16.298329,46.494535
16.387994,46.432928
16.348581,46.41551
16.348605,46.443257
16.310385,46.506607
16.37221,46.440562
16.417414,46.45206
16.273688,46.501249
16.291928,46.498866
16.341663,46.439521
16.284345,46.501368
16.324688,46.431064
16.399469,46.448204
16.290414,46.490155
16.263239,46.471558
16.400174,46.494474
16.296752,46.506035
16.26941,46.461257
16.334992,46.441938
16.267035,46.482421
16.280603,46.463729
16.342143,46.445652
16.31831,46.501524
16.403704,46.4476
16.401755,46.497141
16.32494,46.445492
16.289864,46.511367
16.262462,46.484342
16.387524,46.427707
16.41669,46.479592
16.271069,46.508144
16.273203,46.434751
16.271495,46.452539
16.361469,46.454892
16.416544,46.447196
16.269999,46.472274
16.270655,46.461716
16.339964,46.441301
16.263006,46.46443
16.338636,46.453478
16.303432,46.44103
16.270809,46.50699
16.296464,46.439721
16.399615,46.491267
16.407196,46.499781
16.357809,46.44215
16.305777,46.501402
16.370991,46.444482
16.346299,46.457738
16.271191,46.474219
16.402493,46.495995
16.294324,46.462276
16.40618,46.499669
16.30993,46.444344
16.277856,46.476289
16.414079,46.456899
16.286703,46.502561
16.301786,46.507726
16.335175,46.466764
16.270281,46.492243
16.27064,46.454105
16.277045,46.421057
16.331786,46.44997
16.242777,46.492759
16.296295,46.502726
16.340139,46.43707
16.351667,46.457172
16.321795,46.504463
16.352971,46.456276
16.354192,46.455263
16.348363,46.456023
16.373692,46.450561
16.276795,46.489898
16.416155,46.479116
16.272214,46.463737
16.281117,46.453486
16.26466,46.47271
16.31931,46.499683
16.309718,46.487669
16.414598,46.457015
16.296438,46.499174
16.34818,46.439225
16.298661,46.435212
16.41545,46.457116
16.299413,46.494547
16.345243,46.457192
16.282117,46.470181
16.321827,46.456257
16.412823,46.480504
16.371121,46.441063
16.320575,46.451937
16.277314,46.462652
16.263362,46.504328
16.293214,46.467071
16.375611,46.453417
16.269742,46.461411
16.34048,46.437702
16.278679,46.476189
16.350713,46.422179
16.328835,46.460992
16.3483,46.427479
16.284769,46.438492
16.337414,46.439199
16.408673,46.450574
16.331716,46.443268
16.400199,46.494867
16.271123,46.511297
16.289109,46.437755
16.402422,46.503406
16.352932,46.457661
16.266193,46.486333
16.418663,46.453244
16.371637,46.446654
16.346864,46.457991
16.338638,46.44136
16.269898,46.467953
16.331537,46.442797
16.355,46.45127
16.259319,46.500028
16.251586,46.488967
16.279006,46.420802
16.32923,46.453911
16.272548,46.465912
16.408762,46.45034
16.400593,46.494688
16.268611,46.476164
16.387057,46.43061
16.291666,46.460312
16.384921,46.427472
16.252097,46.487385
16.246114,46.497466
16.355562,46.451452
16.360862,46.44605
16.322486,46.507554
16.273251,46.462479
16.272041,46.490171
16.247953,46.497844
16.286235,46.500729
16.363329,46.438226
16.415559,46.47928
16.319771,46.496047
16.413128,46.455472
16.256895,46.483675
16.412655,46.456227
16.276309,46.510998
16.262632,46.503065
16.288043,46.493562
16.378495,46.44318
16.344298,46.430286
16.372755,46.437821
16.370521,46.436039
16.347673,46.446109
16.328989,46.461782
16.27137,46.511282
16.283842,46.500773
16.379959,46.447731
16.410274,46.438297
16.412955,46.480256
16.293879,46.495783
16.328902,46.462712
16.352245,46.427928
16.404247,46.498409
16.285556,46.483852
16.283423,46.499908
16.406375,46.4494
16.403183,46.49341
16.286581,46.501397
16.399863,46.49418
16.40101,46.496606
16.299954,46.499144
16.360016,46.455855
16.320128,46.434545
16.405795,46.449096
16.302291,46.502028
16.413067,46.479945
16.282242,46.500612
16.32858,46.515622
16.35708,46.45635
16.33626,46.438028
16.277785,46.497194
16.279198,46.480993
16.416507,46.446525
16.347957,46.450056
16.271116,46.46249
16.39805,46.494283
16.246845,46.493202
16.290467,46.429554
16.406379,46.500463
16.356119,46.451957
16.277387,46.477784
16.359253,46.462182
16.338528,46.440692
16.320021,46.441405
16.298984,46.418153
16.360252,46.455161
16.27886,46.496322
16.271629,46.449642
16.345147,46.448215
16.263148,46.482221
16.264578,46.472977
16.404246,46.451627
16.285577,46.502151
16.26607,46.458621
16.422869,46.455433
16.354252,46.435551
16.339386,46.450917
16.29891,46.435612
16.270675,46.461991
16.386641,46.431345
16.24344,46.492906
16.413299,46.479056
16.270597,46.50551
16.386857,46.432854
16.40194,46.495666
16.408042,46.499576
16.406536,46.500594
16.419584,46.454647
16.309719,46.491073
16.256812,46.484137
16.415964,46.478336
16.410541,46.439787
16.247025,46.493348
16.277068,46.497168
16.292495,46.510661
16.29025,46.499552
16.409413,46.447219
16.414266,46.45521
16.298489,46.494006
16.278728,46.475421
16.318828,46.501114
16.333831,46.435667
16.339608,46.445771
16.302901,46.434185
16.330837,46.434531
16.278787,46.513414
16.277227,46.461714
16.274344,46.507047
16.283484,46.493333
16.405321,46.453036
16.320155,46.453335
16.328014,46.458942
16.279647,46.461582
16.352097,46.45834
16.273312,46.487377
16.300872,46.431069
16.334235,46.463471
16.325815,46.513067
16.37357,46.45106
16.349108,46.441406
16.277171,46.463791
16.272134,46.44934
16.325449,46.427614
16.316977,46.451907
16.269807,46.456737
16.404181,46.498958
16.327285,46.442621
16.246997,46.483469
16.403093,46.498158
16.404627,46.450517
16.416509,46.47966
16.272568,46.501891
16.296474,46.439395
16.31882,46.493328
16.310775,46.513894
16.404696,46.451626
16.288595,46.500863
16.25134,46.493116
16.409057,46.447382
16.293543,46.43252
16.363119,46.459271
16.326517,46.455877
16.417556,46.479171
16.374478,46.442888
16.280966,46.498355
16.331733,46.443207
16.362939,46.439788
16.334371,46.434293
16.288586,46.47099
16.377986,46.448919
16.347524,46.446468
16.388008,46.425253
16.302415,46.507968
16.277259,46.418477
16.345778,46.448276
16.333513,46.43282
16.334297,46.433353
16.355962,46.456404
16.39687,46.44317
16.366223,46.447404
16.343326,46.436628
16.274508,46.512093
16.282037,46.498581
16.340256,46.441548
16.288584,46.502927
16.373183,46.45253
16.324594,46.428402
16.347561,46.450459
16.327577,46.446622
16.405546,46.454595
16.272735,46.465667
16.28681,46.494014
16.398508,46.444108
16.322059,46.506657
16.307366,46.510561
16.2575,46.49589
16.281783,46.453164
16.272056,46.493389
16.324438,46.428589
16.408049,46.500472
16.282125,46.45674
16.299888,46.44245
16.266418,46.489396
16.380877,46.442258
16.338778,46.44396
16.279484,46.503912
16.303202,46.493527
16.284694,46.488261
16.318705,46.502269
16.321425,46.504905
16.40352,46.448097
16.381552,46.438298
16.357333,46.441449
16.399643,46.494487
16.3426,46.446432
16.32999,46.43097
16.279348,46.462307
16.342627,46.447028
16.322947,46.507851
16.387387,46.429025
16.319994,46.504484
16.271083,46.456737
16.417607,46.479583
16.324729,46.44568
16.32619,46.442035
16.344016,46.429959
16.319754,46.437413
16.34841,46.455283
16.371313,46.450838
16.291515,46.466512
16.268191,46.460567
16.32617,46.452642
16.410304,46.446108
16.304831,46.441437
16.272166,46.435417
16.361135,46.427592
16.335746,46.466337
16.338857,46.445738
16.296958,46.435294
16.420134,46.453871
16.270881,46.459831
16.406517,46.443485
16.324678,46.42804
16.285455,46.500913
16.265767,46.47596
16.271761,46.463159
16.278798,46.475012
16.388225,46.426185
16.27301,46.433372
16.277273,46.4975
16.342582,46.446724
16.2695,46.461325
16.286765,46.435555
16.291623,46.469445
16.356936,46.440824
16.313285,46.512674
16.340959,46.43006
16.28308,46.509946
16.347075,46.447332
16.309959,46.489767
16.30208,46.503499
16.343459,46.42812
16.38571,46.428302
16.278108,46.462603
16.336932,46.465723
16.414618,46.457829
16.413395,46.456388
16.360625,46.444481
16.356633,46.453421
16.2799,46.488768
16.292709,46.503726
16.269496,46.456688
16.341516,46.461624
16.328884,46.447419
16.348535,46.440318
16.270473,46.461179
16.271678,46.512202
16.324201,46.509273
16.387354,46.428166
16.361394,46.446496
16.272203,46.493702
16.416947,46.446572
16.35276,46.456999
16.298459,46.441039
16.301412,46.435125
16.32184,46.510779
16.352284,46.444487
16.300903,46.434805
16.298929,46.419915
16.39451,46.441696
16.278266,46.514198
16.321075,46.43335
16.321772,46.429459
16.406891,46.448996
16.306603,46.499798
16.298693,46.416507
16.321558,46.437103
16.361794,46.447225
16.32297,46.511428
16.287682,46.501854
16.416303,46.446091
16.278724,46.473868
16.335389,46.464328
16.40203,46.449302
16.378718,46.439861
16.403282,46.449359
16.298177,46.506734
16.310278,46.513609
16.418123,46.453454
16.262217,46.486746
16.366337,46.456575
16.313667,46.439997
16.28777,46.514447
16.388293,46.437705
16.406574,46.439999
16.331642,46.44301
16.29568,46.43387
16.276049,46.46472
16.276742,46.419291
16.26704,46.51449
16.265058,46.476032
16.279782,46.444468
16.276171,46.510275
16.3342,46.463392
16.411986,46.479392
16.278079,46.448352
16.274052,46.465686
16.348083,46.45059
16.401268,46.495651
16.326147,46.454011
16.407612,46.49947
16.324458,46.44608
16.411028,46.446148
16.271136,46.451842
16.312725,46.50616
16.278709,46.495959
16.379672,46.441832
16.271445,46.509836
16.270878,46.459726
16.27053,46.50254
16.329907,46.440169
16.331532,46.44215
16.325992,46.4419
16.254908,46.482849
16.335542,46.464393
16.291131,46.461866
16.322753,46.429889
16.41187,46.455352
16.271392,46.51328
16.37025,46.444706
16.270347,46.504879
16.325562,46.426668
16.365653,46.456058
16.270419,46.511484
16.337425,46.439798
16.288861,46.437035
16.359407,46.462603
16.413475,46.479884
16.34149,46.446089
16.26723,46.459662
16.336531,46.44695
16.267147,46.467533
16.27783,46.462905
16.275769,46.49094
16.287115,46.436538
16.318334,46.501644
16.303497,46.499914
16.258111,46.497869
16.265233,46.457622
16.389705,46.425211
16.385988,46.43199
16.366173,46.457048
16.372124,46.451793
16.372036,46.451897
16.35696,46.417456
16.296851,46.434662
16.386972,46.428673
16.327623,46.442532
16.405433,46.499828
16.297479,46.435857
16.294751,46.496428
16.346092,46.43575
16.302027,46.434999
16.272618,46.463862
16.267377,46.514845
16.349034,46.431892
16.348441,46.427127
16.335585,46.466367
16.354291,46.436539
16.370738,46.437987
16.347597,46.424144
16.35891,46.427684
16.357669,46.427226
16.358159,46.426901
16.356551,46.431774
16.298784,46.506848
16.298708,46.506788
16.298652,46.506746
16.361392,46.429827
16.363155,46.434491
16.362088,46.431735
16.410946,46.439176
16.333551,46.463029
16.364593,46.449412
16.36422,46.449318
16.408542,46.447599
16.406998,46.443932
16.348951,46.441825
16.312497,46.503625
16.253341,46.486952
16.34802,46.450911
16.357406,46.441743
16.358588,46.443518
16.361879,46.444027
16.360718,46.446376
16.360366,46.444687
16.362569,46.442194
16.362766,46.44143
16.362283,46.441159
16.381303,46.44299
16.272349,46.480664
16.293561,46.496968
16.410396,46.438118
16.371876,46.444581
16.367432,46.445504
16.367843,46.446703
16.362285,46.452512
16.260263,46.500775
16.314193,46.49775
16.369636,46.446098
16.374551,46.440937
16.372084,46.4433
16.370825,46.440211
16.369751,46.436971
16.371422,46.440608
16.374666,46.442491
16.386155,46.417578
16.340634,46.45649
16.385731,46.417125
16.383734,46.416032
16.277282,46.461644
16.367592,46.432347
16.385349,46.423877
16.385463,46.424549
16.385094,46.425689
16.272057,46.498766
16.327662,46.519326
16.380973,46.508045
16.325885,46.430737
16.339808,46.440353
16.297327,46.435377
16.401366,46.496414
16.309691,46.513745
16.413806,46.455309
16.327773,46.511712
16.410884,46.453384
16.318517,46.500759
16.341297,46.439335
16.401847,46.494359
16.280431,46.471103
16.323726,46.429778
16.350828,46.433102
16.335505,46.467435
16.269781,46.492142
16.247896,46.489985
16.276679,46.428564
16.276344,46.426002
16.402277,46.494006
16.406605,46.500143
16.322869,46.444957
16.271036,46.459317
16.27141,46.502528
16.269668,46.500046
16.331819,46.442694
16.260629,46.470274
16.399341,46.448092
16.324995,46.427453
16.324145,46.42905
16.410676,46.439513
16.28419,46.514384
16.298016,46.49322
16.341965,46.441135
16.348246,46.441209
16.28874,46.501518
16.298961,46.441466
16.309059,46.486871
16.271508,46.493298
16.344171,46.460223
16.341648,46.446468
16.261322,46.501697
16.348414,46.442625
16.265915,46.503383
16.299813,46.500016
16.412758,46.445518
16.403226,46.446549
16.371163,46.441807
16.336093,46.437334
16.357641,46.455982
16.347607,46.446274
16.294097,46.432801
16.290732,46.489994
16.326554,46.420812
16.351933,46.463077
16.404582,46.449711
16.32654,46.431695
16.281435,46.498226
16.318567,46.503063
16.298518,46.440729
16.33556,46.453536
16.27805,46.483454
16.270996,46.434175
16.301559,46.488945
16.282989,46.498629
16.375018,46.461796
16.32656,46.456634
16.341976,46.438801
16.41176,46.443172
16.343756,46.424505
16.321469,46.429366
16.341877,46.439971
16.41352,46.448601
16.269089,46.491483
16.328928,46.463395
16.27414,46.465564
16.312961,46.514284
16.42134,46.49407
16.401478,46.496951
16.356239,46.45136
16.381316,46.438246
16.302833,46.496018
16.281076,46.471152
16.35821,46.457324
16.341534,46.439149
16.34842,46.455466
16.415122,46.450483
16.346616,46.462787
16.351555,46.461758
16.264505,46.467702
16.347806,46.450307
16.416107,46.451696
16.290501,46.465508
16.409553,46.499483
16.38069,46.439307
16.411307,46.454201
16.363689,46.437964
16.404098,46.449829
16.285737,46.474723
16.24319,46.497445
16.274684,46.513102
16.378845,46.448271
16.292521,46.466713
16.416202,46.445155
16.271147,46.455429
16.371609,46.441813
16.345876,46.457118
16.408754,46.449696
16.360703,46.446235
16.274048,46.487667
16.288711,46.512697
16.360899,46.446478
16.366758,46.448975
16.308888,46.487097
16.348382,46.442738
16.397593,46.443393
16.336547,46.434778
16.423294,46.455079
16.265447,46.4807
16.279902,46.463056
16.404629,46.451787
16.408856,46.445277
16.351857,46.462977
16.270573,46.461912
16.279063,46.492184
16.299916,46.430181
16.320398,46.441874
16.363428,46.436619
16.353823,46.413782
16.347906,46.445172
16.35507,46.456266
16.327978,46.421647
16.359524,46.463665
16.316843,46.44917
16.270869,46.492558
16.399647,46.49407
16.281674,46.508142
16.407685,46.500098
16.311901,46.5136
16.290309,46.507357
16.405582,46.454964
16.302848,46.495036
16.281397,46.498643
16.275818,46.460572
16.279054,46.470449
16.294252,46.511706
16.279421,46.46507
16.291907,46.469167
16.402082,46.49688
16.2827,46.500596
16.308492,46.497586
16.336802,46.453111
16.28849,46.43687
16.279017,46.475585
16.408491,46.44474
16.274394,46.515836
16.341633,46.43114
16.248381,46.498107
16.340016,46.440444
16.326571,46.442266
16.276125,46.460947
16.306013,46.510264
16.280736,46.497015
16.310092,46.444677
16.38255,46.44026
16.270947,46.506746
16.35912,46.461493
16.347503,46.446519
16.333377,46.432472
16.323412,46.429702
16.282205,46.457337
16.370461,46.43661
16.354993,46.427962
16.404939,46.498883
16.282731,46.442409
16.292644,46.502943
16.325207,46.44437
16.256055,46.482539
16.348609,46.440764
16.359924,46.455226
16.326796,46.456736
16.35056,46.415076
16.382405,46.452378
16.342252,46.430118
16.319843,46.435855
16.299926,46.434871
16.339541,46.442058
16.299419,46.500527
16.251043,46.482997
16.272903,46.432757
16.340161,46.440461
16.378571,46.442742
16.325111,46.427134
16.311763,46.492915
16.388797,46.426282
16.336137,46.437865
16.270961,46.462017
16.291152,46.441809
16.258647,46.494103
16.407386,46.500549
16.308427,46.48892
16.278557,46.497705
16.316357,46.493363
16.40647,46.440365
16.325675,46.410751
16.25917,46.488027
16.412587,46.44713
16.324841,46.441363
16.257866,46.497192
16.274804,46.505309
16.268589,46.458258
16.358827,46.4553
16.380151,46.443346
16.322409,46.507279
16.282333,46.456893
16.368134,46.455761
16.403766,46.493024
16.270067,46.467835
16.269696,46.453521
16.353962,46.414025
16.258829,46.492784
16.336672,46.466457
16.327215,46.431197
16.351709,46.427913
16.351354,46.428036
16.245824,46.490093
16.30185,46.507481
16.348173,46.440471
16.380603,46.441888
16.358373,46.416529
16.320221,46.442231
16.280112,46.445
16.327277,46.415499
16.353363,46.432362
16.412515,46.444972
16.263567,46.465863
16.314161,46.51329
16.362045,46.447405
16.409338,46.498825
16.354142,46.45561
16.345728,46.435195
16.291959,46.498429
16.404254,46.449415
16.27617,46.461079
16.342132,46.426511
16.29465,46.462461
16.279773,46.463223
16.28555,46.482955
16.274721,46.505593
16.411587,46.446028
16.29153,46.441568
16.276023,46.489934
16.403744,46.448713
16.405016,46.452518
16.263724,46.475905
16.384761,46.435032
16.402173,46.495848
16.270211,46.513345
16.410024,46.451355
16.252027,46.488737
16.288094,46.491194
16.374201,46.457078
16.343665,46.430169
16.351607,46.43157
16.321326,46.457545
16.345014,46.425463
16.398601,46.49386
16.286723,46.434392
16.39786,46.44425
16.265689,46.481184
16.299407,46.498619
16.298441,46.493562
16.351954,46.429832
16.339691,46.440374
16.302922,46.494335
16.285767,46.495231
16.407127,46.442526
16.246453,46.495854
16.388481,46.426699
16.322486,46.507436
16.320275,46.43426
16.387049,46.428537
16.281195,46.510497
16.40345,46.446862
16.297797,46.488007
16.268123,46.460058
16.398444,46.443518
16.319249,46.442679
16.343791,46.459674
16.329434,46.514957
16.419543,46.454912
16.310086,46.488442
16.270483,46.454283
16.322315,46.465084
16.271149,46.511122
16.41355,46.456497
16.338359,46.445176
16.340478,46.46143
16.306267,46.49832
16.264601,46.466102
16.353788,46.435767
16.351573,46.433307
16.329087,46.447768
16.357439,46.440394
16.322158,46.430576
16.268205,46.445538
16.348567,46.451386
16.294747,46.509156
16.319486,46.441308
16.324075,46.429993
16.361225,46.445738
16.30267,46.487057
16.274627,46.509025
16.270396,46.461735
16.327092,46.458018
16.326228,46.455435
16.274953,46.506276
16.325678,46.426393
16.35969,46.463005
16.423542,46.454911
16.27066,46.457882
16.316501,46.445353
16.293387,46.49486
16.279501,46.497392
16.417251,46.47871
16.289068,46.436809
16.312162,46.438665
16.28895,46.493355
16.267722,46.453635
16.414099,46.448929
16.324534,46.441278
16.326277,46.455833
16.347724,46.44497
16.400337,46.494613
16.290492,46.499568
16.277783,46.492449
16.414932,46.480274
16.371707,46.452494
16.323431,46.443717
16.273903,46.465306
16.328543,46.462723
16.316915,46.44521
16.296198,46.502435
16.357158,46.429666
16.291487,46.442492
16.247919,46.48923
16.358027,46.457977
16.319154,46.438886
16.271275,46.462817
16.329034,46.463646
16.412274,46.446205
16.272126,46.463525
16.277471,46.493949
16.334703,46.466509
16.27136,46.502046
16.278529,46.444661
16.341094,46.441723
16.272242,46.466082
16.293861,46.433159
16.405573,46.455308
16.416062,46.478815
16.348494,46.453833
16.318035,46.49646
16.354571,46.435307
16.274214,46.466406
16.400025,46.494732
16.339874,46.441132
16.354789,46.450711
16.277662,46.477962
16.287553,46.500094
16.309265,46.440751
16.277707,46.477059
16.321392,46.455302
16.279595,46.481106
16.30309,46.508267
16.301129,46.434766
16.410538,46.441638
16.358029,46.456413
16.276431,46.464656
16.328998,46.460673
16.387489,46.427435
16.263673,46.488592
16.318318,46.501885
16.264373,46.472385
16.401517,46.494138
16.348071,46.444458
16.317517,46.45061
16.26267,46.500885
16.409447,46.500259
16.404163,46.449661
16.349028,46.415826
16.323403,46.508725
16.280334,46.419877
16.252983,46.489579
16.27733,46.476665
16.267911,46.494367
16.335142,46.435393
16.26202,46.502268
16.329883,46.457922
16.318014,46.443223
16.404154,46.450744
16.265834,46.476441
16.33336,46.466296
16.283684,46.438036
16.357092,46.456093
16.411614,46.453552
16.244258,46.49687
16.338442,46.45158
16.373193,46.451057
16.34331,46.428406
16.281258,46.510348
16.273996,46.461103
16.263725,46.49555
16.342403,46.452123
16.34766,46.450574
16.277869,46.464763
16.375558,46.449623
16.335115,46.464112
16.358127,46.456733
16.384686,46.426545
16.278149,46.420657
16.266903,46.467393
16.404184,46.448136
16.363857,46.453164
16.349176,46.422753
16.406738,46.440859
16.319932,46.455132
16.298056,46.506473
16.269467,46.47397
16.408612,46.448844
16.318354,46.501225
16.256604,46.486423
16.291385,46.487869
16.347152,46.414211
16.320157,46.429482
16.281446,46.463992
16.328621,46.444021
16.353831,46.414459
16.290291,46.508154
16.364295,46.459771
16.356528,46.452698
16.338762,46.464242
16.323499,46.454401
16.290063,46.491788
16.353697,46.435015
16.331357,46.443152
16.383462,46.436892
16.303113,46.441709
16.348346,46.453339
16.387115,46.420276
16.268014,46.491428
16.388382,46.425949
16.2836,46.510648
16.341492,46.43946
16.2815,46.463783
16.273467,46.464803
16.275091,46.467051
16.387109,46.421357
16.36251,46.440942
16.404347,46.452344
16.310642,46.495533
16.358443,46.427979
16.277322,46.476472
16.324743,46.427879
16.255065,46.486705
16.277823,46.443319
16.273459,46.512671
16.265702,46.466884
16.417757,46.452972
16.351379,46.420978
16.298043,46.497034
16.269906,46.513331
16.399244,46.492125
16.280979,46.454441
16.399807,46.495851
16.27958,46.481997
16.278893,46.496395
16.395292,46.442255
16.314996,46.500029
16.27112,46.508057
16.330477,46.440669
16.348438,46.438975
16.307975,46.498009
16.325244,46.451203
16.267654,46.491346
16.40837,46.500227
16.326712,46.411943
16.287111,46.50087
16.323077,46.455443
16.399365,46.491814
16.294691,46.512787
16.319014,46.493036
16.411589,46.453879
16.281926,46.507791
16.415556,46.450466
16.270538,46.458496
16.363509,46.453192
16.336234,46.465588
16.272853,46.464419
16.280966,46.452554
16.38374,46.436428
16.408111,46.500015
16.408162,46.501089
16.258552,46.487079
16.276176,46.506797
16.277838,46.478119
16.280231,46.463527
16.281589,46.507608
16.334621,46.463752
16.280466,46.463484
16.405423,46.45406
16.247479,46.4915
16.280301,46.51286
16.271058,46.492709
16.271954,46.488792
16.35677,46.456233
16.402683,46.497887
16.281645,46.508516
16.271072,46.506841
16.271857,46.437022
16.406744,46.441083
16.413614,46.448901
16.256731,46.483851
16.409117,46.445532
16.348485,46.453596
16.333978,46.46323
16.386107,46.425597
16.29913,46.42669
16.385587,46.43256
16.286488,46.500624
16.37415,46.449687
16.331578,46.443623
16.284467,46.437831
16.40588,46.443157
16.284941,46.494782
16.33144,46.443714
16.359635,46.418291
16.408989,46.450655
16.283765,46.481765
16.255455,46.487005
16.420054,46.454282
16.325453,46.432247
16.401267,46.4491
16.336309,46.464709
16.356446,46.434262
16.355646,46.432999
16.348996,46.427566
16.358722,46.427997
16.34942,46.428352
16.36255,46.433675
16.342576,46.446588
16.363828,46.448918
16.362225,46.448008
16.280094,46.473643
16.263729,46.500192
16.271951,46.450878
16.33891,46.455511
16.386467,46.428113
16.27165,46.45039
16.35763,46.439009
16.358452,46.442266
16.35833,46.441755
16.356998,46.441992
16.360797,46.445251
16.35726,46.430026
16.36374,46.438109
16.411092,46.440984
16.363017,46.452682
16.364404,46.452083
16.363519,46.453653
16.364191,46.454336
16.364116,46.453879
16.308805,46.440467
16.335049,46.436042
16.369586,46.445216
16.368461,46.445883
16.365797,46.448729
16.372379,46.443272
16.369897,46.439504
16.385306,46.416738
16.38644,46.41786
16.385852,46.417335
16.370944,46.438705
16.371285,46.438654
16.371012,46.438308
16.387294,46.424959
16.388635,46.425027
16.410688,46.441818
16.32822,46.519541
16.284582,46.501023
16.302154,46.503727
16.382154,46.443775
16.365477,46.456213
16.3522,46.458129
16.271298,46.493216
16.271446,46.509708
16.381597,46.438506
16.285744,46.437022
16.31157,46.513672
16.343444,46.427802
16.313525,46.515228
16.285974,46.468771
16.312958,46.44338
16.266946,46.484676
16.363258,46.435601
16.277852,46.425016
16.269744,46.491928
16.345558,46.42522
16.332802,46.466043
16.277824,46.497715
16.294961,46.504791
16.407009,46.499834
16.268088,46.460375
16.293489,46.495964
16.348366,46.439738
16.280189,46.444795
16.284054,46.500848
16.298832,46.418511
16.281565,46.501401
16.32601,46.440509
16.27894,46.446394
16.353513,46.456005
16.335048,46.435065
16.336071,46.464696
16.302794,46.441029
16.265856,46.456222
16.262058,46.471238
16.302859,46.440705
16.270981,46.462334
16.401156,46.495544
16.348541,46.415925
16.403739,46.49806
16.370368,46.437323
16.281942,46.499932
16.268684,46.460829
16.408896,46.49997
16.345298,46.424176
16.34855,46.441799
16.364445,46.452767
16.296325,46.434299
16.347388,46.446744
16.405697,46.499312
16.28879,46.503289
16.289021,46.500341
16.334159,46.443861
16.294245,46.512012
16.317019,46.441463
16.381901,46.444035
16.294984,46.463879
16.37027,46.44487
16.289734,46.499404
16.340606,46.425686
16.405817,46.455773
16.338366,46.440552
16.306528,46.443257
16.341858,46.446902
16.303061,46.508153
16.267599,46.459826
16.304076,46.498411
16.276317,46.438311
16.342584,46.42571
16.32187,46.5143
16.324002,46.430899
16.309527,46.488897
16.328306,46.459519
16.301035,46.489978
16.27848,46.479191
16.340624,46.440607
16.41164,46.446449
16.29554,46.465875
16.336233,46.430117
16.348376,46.455885
16.279295,46.513469
16.329093,46.460807
16.271104,46.46708
16.291244,46.431995
16.331792,46.442308
16.275834,46.512978
16.388626,46.425689
16.293204,46.432377
16.280905,46.490018
16.280794,46.471776
16.353899,46.455141
16.290149,46.431637
16.258183,46.49467
16.341485,46.442534
16.300011,46.499778
16.279496,46.502364
16.334459,46.463642
16.28744,46.478712
16.272023,46.466312
16.33178,46.442779
16.342379,46.456996
16.346024,46.414272
16.2932,46.432916
16.257374,46.486425
16.371395,46.452002
16.348796,46.442725
16.351918,46.440249
16.348001,46.450096
16.334975,46.464001
16.386944,46.419739
16.415679,46.446802
16.288158,46.50642
16.352603,46.43411
16.343971,46.425186
16.311603,46.509141
16.289066,46.471339
16.342117,46.446008
16.336601,46.437885
16.34438,46.45961
16.257883,46.497569
16.338028,46.435633
16.335228,46.432792
16.295084,46.462328
16.417646,46.452664
16.282888,46.510001
16.338461,46.452813
16.351301,46.45722
16.306728,46.499244
16.277866,46.423867
16.409225,46.447681
16.28948,46.438142
16.273835,46.464233
16.330892,46.441146
16.334101,46.432945
16.339731,46.443435
16.299219,46.434108
16.408216,46.499165
16.343738,46.457929
16.292295,46.460537
16.399146,46.447957
16.293122,46.495492
16.270135,46.472674
16.35556,46.418218
16.359148,46.45675
16.278433,46.421075
16.29269,46.466857
16.289001,46.467118
16.290358,46.507679
16.319834,46.435431
16.306013,46.501088
16.403032,46.493546
16.316714,46.44895
16.304255,46.500934
16.374026,46.450537
16.412403,46.455596
16.362907,46.436713
16.270926,46.461924
16.411477,46.452722
16.269381,46.474255
16.275426,46.471105
16.268426,46.460266
16.282899,46.442754
16.407,46.444495
16.332029,46.450148
16.403959,46.492864
16.270246,46.490059
16.31566,46.510421
16.357451,46.456445
16.290106,46.508525
16.299994,46.491422
16.278086,46.462758
16.416672,46.446993
16.281714,46.463965
16.320178,46.437598
16.29945,46.429341
16.285965,46.506062
16.277282,46.434883
16.346592,46.433226
16.289963,46.500047
16.318968,46.438109
16.402764,46.491348
16.270296,46.502812
16.290474,46.508854
16.279411,46.500655
16.276336,46.500808
16.385627,46.432753
16.345137,46.45768
16.406688,46.443693
16.267124,46.483558
16.291973,46.477896
16.347733,46.449868
16.408206,46.454583
16.351988,46.427685
16.281517,46.514477
16.359097,46.445993
16.330804,46.430823
16.350814,46.428488
16.407294,46.443703
16.378266,46.448122
16.356068,46.451754
16.295459,46.434309
16.422936,46.455107
16.257735,46.495876
16.329822,46.461159
16.362421,46.448084
16.280069,46.505441
16.270839,46.506597
16.344822,46.460826
16.277429,46.501993
16.316002,46.448612
16.277377,46.461344
16.317869,46.453871
16.278662,46.50342
16.359203,46.455418
16.276436,46.42074
16.338629,46.440243
16.321876,46.504543
16.271868,46.451213
16.341369,46.439951
16.270896,46.462266
16.305049,46.508793
16.310647,46.48815
16.275223,46.485244
16.387047,46.420443
16.363024,46.459131
16.246657,46.493446
16.290546,46.509255
16.248163,46.490535
16.403297,46.497724
16.272646,46.436423
16.279363,46.44011
16.365969,46.447304
16.323842,46.509109
16.412364,46.479361
16.383245,46.437495
16.273576,46.487679
16.363027,46.437809
16.308963,46.49243
16.370419,46.437151
16.35239,46.430242
16.35026,46.430162
16.290514,46.467858
16.346355,46.448899
16.320211,46.491973
16.269531,46.467855
16.398977,46.494983
16.282383,46.515555
16.272482,46.463659
16.270629,46.451305
16.339933,46.440415
16.246765,46.493258
16.411707,46.454568
16.277925,46.424538
16.277344,46.461497
16.366294,46.438553
16.277103,46.487237
16.366151,46.460858
16.281463,46.501344
16.333696,46.452504
16.258267,46.495011
16.292787,46.476287
16.408798,46.447507
16.246331,46.494704
16.350156,46.456963
16.311428,46.444594
16.306809,46.502094
16.269226,46.473387
16.253422,46.488337
16.305757,46.50655
16.346534,46.462701
16.281589,46.509086
16.275917,46.461009
16.321407,46.506569
16.278575,46.491937
16.352428,46.42683
16.278175,46.515571
16.350675,46.455986
16.412138,46.455891
16.289009,46.501961
16.404517,46.449992
16.423173,46.455405
16.281684,46.491365
16.397986,46.443687
16.292609,46.497955
16.347017,46.437098
16.403374,46.498391
16.399256,46.493856
16.409221,46.450438
16.325156,46.458618
16.352301,46.458705
16.259569,46.492922
16.410286,46.438462
16.277015,46.463051
16.288642,46.512793
16.343226,46.459276
16.271742,46.479396
16.4057,46.500063
16.40483,46.4528
16.270648,46.505331
16.344482,46.427093
16.291752,46.472992
16.285817,46.501937
16.324655,46.428212
16.268528,46.482909
16.401745,46.495851
16.416776,46.446099
16.410481,46.440958
16.400434,46.495047
16.352665,46.430524
16.288757,46.512665
16.325928,46.444156
16.411367,46.454807
16.337895,46.436224
16.398584,46.494726
16.398516,46.495102
16.272596,46.463469
16.281589,46.465405
16.380018,46.447492
16.319102,46.437704
16.271364,46.462336
16.324501,46.445725
16.363911,46.454505
16.34924,46.456975
16.276501,46.483971
16.27038,46.467804
16.407594,46.444971
16.366774,46.461111
16.314888,46.489985
16.30794,46.503795
16.361689,46.447091
16.416257,46.478513
16.341149,46.441768
16.341048,46.463734
16.292291,46.513374
16.355727,46.43185
16.271116,46.490389
16.326296,46.455903
16.338153,46.454327
16.271168,46.453077
16.274398,46.508529
16.401445,46.495225
16.323732,46.451228
16.318599,46.502819
16.272496,46.493927
16.327417,46.446431
16.264432,46.47637
16.393558,46.440553
16.277432,46.461544
16.330715,46.444395
16.341586,46.439302
16.350452,46.431235
16.404294,46.448338
16.37882,46.458552
16.277527,46.420904
16.348895,46.431512
16.386093,46.428207
16.333598,46.433273
16.370074,46.437092
16.332382,46.429199
16.362243,46.447463
16.270767,46.506304
16.415363,46.479384
16.317516,46.450184
16.323364,46.508855
16.291908,46.491974
16.301178,46.488049
16.293048,46.504105
16.411046,46.44649
16.310083,46.493999
16.296576,46.435004
16.340445,46.440674
16.363164,46.44012
16.386987,46.419958
16.289629,46.463655
16.373305,46.452623
16.408881,46.498657
16.341128,46.453557
16.312336,46.497989
16.321597,46.45789
16.379769,46.447965
16.269656,46.468014
16.34056,46.438012
16.302075,46.431766
16.283923,46.490816
16.37192,46.4501
16.270872,46.507415
16.420234,46.454484
16.403904,46.449043
16.341745,46.446624
16.278412,46.446969
16.271122,46.507259
16.30823,46.505775
16.411437,46.453185
16.37163,46.449985
16.347723,46.444778
16.273264,46.46339
16.341142,46.461996
16.341505,46.445885
16.285736,46.514606
16.406889,46.441511
16.410438,46.440296
16.292502,46.47659
16.288027,46.500027
16.294582,46.488921
16.316376,46.49652
16.285244,46.500874
16.352952,46.431206
16.269152,46.461167
16.38777,46.428223
16.351656,46.431205
16.387429,46.432766
16.351748,46.459555
16.272214,46.463201
16.385544,46.433183
16.380774,46.438561
16.398759,46.495271
16.348675,46.442922
16.366825,46.457897
16.320308,46.435463
16.288994,46.491285
16.385289,46.427952
16.280048,46.419712
16.321075,46.433152
16.28504,46.481951
16.303555,46.512643
16.348265,46.443854
16.401228,46.495091
16.34244,46.447447
16.271042,46.512898
16.298793,46.491901
16.280421,46.505961
16.34657,46.458027
16.289974,46.497883
16.329224,46.464213
16.341912,46.431034
16.37051,46.457821
16.374499,46.453409
16.271351,46.462897
16.411721,46.479496
16.252077,46.489338
16.280744,46.463596
16.389461,46.425609
16.256588,46.483559
16.395559,46.442586
16.335665,46.445496
16.419275,46.454043
16.326338,46.456035
16.271457,46.467032
16.286282,46.434757
16.320515,46.433847
16.415732,46.479243
16.302932,46.504169
16.287239,46.500591
16.405353,46.455678
16.399549,46.491014
16.408585,46.501396
16.292825,46.475813
16.403862,46.44799
16.284219,46.500855
16.292854,46.497732
16.294789,46.504751
16.276946,46.42132
16.349105,46.452241
16.407897,46.445242
16.270458,46.50384
16.351325,46.428597
16.353999,46.456297
16.337948,46.454905
16.270534,46.459521
16.352177,46.43605
16.415152,46.457082
16.345421,46.462127
16.29121,46.470499
16.347519,46.449805
16.411577,46.441764
16.270726,46.460295
16.382183,46.444213
16.399003,46.49413
16.289055,46.437331
16.252945,46.487348
16.369648,46.445119
16.366742,46.458927
16.278514,46.480473
16.260897,46.460261
16.26895,46.454307
16.368663,46.455744
16.299101,46.428732
16.32177,46.513952
16.37578,46.452905
16.363356,46.440878
16.338916,46.440283
16.286733,46.47898
16.34133,46.425806
16.281869,46.507114
16.303979,46.508552
16.365266,46.45608
16.39797,46.444032
16.274646,46.511338
16.277853,46.491983
16.308388,46.511352
16.338682,46.441545
16.270998,46.508621
16.325766,46.430188
16.348912,46.426933
16.331342,46.443911
16.358467,46.427339
16.362823,46.447796
16.281011,46.513476
16.364022,46.449615
16.263366,46.499366
16.33137,46.441354
16.369817,46.43677
16.36146,46.447565
16.372025,46.439263
16.364344,46.451895
16.363826,46.451436
16.369718,46.457393
16.371213,46.439306
16.386973,46.418584
16.340738,46.456757
16.363631,46.437704
16.370566,46.438509
16.37227,46.439344
16.271695,46.49894
16.414512,46.460951
16.409437,46.446056
16.356516,46.446079
16.264167,46.482759
16.401456,46.495686
16.277645,46.495377
16.417329,46.478937
16.341491,46.439062
16.387608,46.43351
16.268929,46.491651
16.361697,46.442777
16.407362,46.442823
16.412178,46.455324
16.411398,46.441667
16.267597,46.445315
16.404007,46.498751
16.274734,46.430968
16.412631,46.447501
16.288904,46.500014
16.279858,46.462583
16.348613,46.439599
16.360751,46.454915
16.271263,46.487671
16.276685,46.49738
16.400911,46.449069
16.279157,46.475395
16.347242,46.449292
16.271106,46.489991
16.336031,46.467799
16.411418,46.44356
16.338835,46.443585
16.27094,46.454652
16.407378,46.444786
16.415384,46.45095
16.41611,46.446988
16.27741,46.421926
16.408413,46.447739
16.339225,46.445791
16.362076,46.431685
16.270353,46.505407
16.277204,46.419661
16.34273,46.459057
16.266805,46.476138
16.289814,46.497563
16.3348,46.442247
16.287367,46.436107
16.318532,46.454092
16.40967,46.49974
16.320408,46.504774
16.405939,46.500168
16.376033,46.440368
16.296069,46.505103
16.387109,46.420582
16.407535,46.448699
16.3611,46.45498
16.269982,46.471486
16.269016,46.468153
16.333913,46.466579
16.271423,46.499045
16.312213,46.50974
16.399632,46.490238
16.327551,46.440284
16.334651,46.442177
16.37275,46.452967
16.25851,46.498558
16.275637,46.466862
16.403247,46.447334
16.400376,46.495788
16.29251,46.46848
16.304817,46.49958
16.329702,46.446698
16.303414,46.495358
16.39924,46.494246
16.336776,46.455278
16.35908,46.45694
16.338489,46.44024
16.310735,46.499905
16.362995,46.439464
16.328121,46.45992
16.339556,46.443474
16.348352,46.45635
16.286607,46.501876
16.394945,46.442118
16.277826,46.514861
16.326057,46.425975
16.252522,46.49905
16.357642,46.440636
16.408297,46.449305
16.334014,46.432733
16.383636,46.437398
16.378801,46.448583
16.411968,46.480335
16.266483,46.473745
16.281405,46.46412
16.279075,46.475924
16.412333,46.479851
16.408707,46.449492
16.285248,46.438168
16.338772,46.45417
16.275042,46.504723
16.299487,46.429847
16.342002,46.440233
16.244489,46.494324
16.333411,46.434441
16.314993,46.513548
16.330208,46.448768
16.381201,46.441701
16.415579,46.451218
16.31991,46.434985
16.408405,46.499071
16.329659,46.448124
16.278057,46.478735
16.280599,46.489889
16.295409,46.4625
16.292426,46.442657
16.257924,46.497701
16.354283,46.456155
16.326441,46.45575
16.336776,46.43899
16.359912,46.415233
16.409773,46.451717
16.273438,46.51257
16.366551,46.457501
16.412627,46.447293
16.411109,46.453697
16.271695,46.486912
16.399658,46.448692
16.377131,46.448974
16.323043,46.508058
16.325974,46.444393
16.320207,46.436026
16.270548,46.505178
16.262363,46.487233
16.332785,46.450586
16.328901,46.445039
16.405587,46.449581
16.413599,46.449024
16.423588,46.455117
16.338635,46.44093
16.351558,46.429595
16.350596,46.430067
16.288696,46.436719
16.271014,46.459381
16.398403,46.443819
16.367089,46.458712
16.348851,46.43059
16.341217,46.441906
16.294014,46.493405
16.317274,46.4981
16.363017,46.460532
16.327995,46.459227
16.318756,46.500801
16.313581,46.513503
16.289729,46.479153
16.411163,46.440292
16.281159,46.454915
16.269764,46.472399
16.269548,46.468995
16.33431,46.428461
16.329161,46.511816
16.301988,46.500377
16.324083,46.430745
16.336972,46.438201
16.411262,46.443391
16.334351,46.440802
16.338477,46.452445
16.357757,46.451098
16.39923,46.492415
16.301706,46.500736
16.363132,46.439221
16.281387,46.463929
16.275972,46.508962
16.352016,46.434317
16.319077,46.439181
16.417725,46.453248
16.326609,46.456156
16.291278,46.471202
16.290914,46.487628
16.380892,46.44377
16.376353,46.449213
16.270399,46.454613
16.341422,46.460216
16.343409,46.436422
16.350852,46.421472
16.341776,46.440573
16.333677,46.451344
16.330979,46.449397
16.40661,46.443593
16.359962,46.456768
16.276479,46.508762
16.351603,46.460222
16.301371,46.50023
16.298308,46.435255
16.406666,46.500686
16.310401,46.488769
16.315049,46.497889
16.359859,46.444509
16.417825,46.453089
16.372908,46.452966
16.382098,46.440265
16.415697,46.478898
16.35018,46.432887
16.410637,46.446236
16.319795,46.512502
16.295856,46.504403
16.412563,46.455833
16.2922,46.468964
16.292432,46.441478
16.270581,46.502784
16.370395,46.435525
16.301826,46.488315
16.270381,46.504443
16.271154,46.455822
16.269598,46.472324
16.348114,46.452511
16.297954,46.435338
16.299729,46.507559
16.417469,46.452337
16.269807,46.513689
16.274257,46.460913
16.319117,46.499961
16.404937,46.451453
16.319459,46.454561
16.319873,46.510451
16.309165,46.491865
16.290292,46.495443
16.418209,46.453075
16.385354,46.424083
16.333499,46.434875
16.324473,46.446321
16.403655,46.496694
16.271105,46.462083
16.337448,46.440176
16.273279,46.472145
16.400714,46.494865
16.309631,46.505164
16.405091,46.45564
16.359529,46.462858
16.38758,46.433044
16.335114,46.43265
16.26995,46.513466
16.386453,46.425567
16.291053,46.499017
16.41192,46.445259
16.269478,46.47306
16.356768,46.433736
16.279698,46.513474
16.388609,46.426558
16.34497,46.424356
16.352224,46.43476
16.282685,46.500305
16.258109,46.498259
16.360614,46.446528
16.417022,46.447151
16.353636,46.435173
16.360851,46.458018
16.341652,46.439368
16.278999,46.474717
16.304997,46.509937
16.351108,46.456164
16.278888,46.450537
16.2423,46.497032
16.296512,46.459871
16.295755,46.480997
16.318874,46.48872
16.337398,46.467708
16.322275,46.483096
16.329307,46.479281
16.320638,46.457272
16.303392,46.461726
16.298766,46.463038
16.321312,46.489127
16.330121,46.472204
16.285924,46.450725
16.292349,46.480978
16.300513,46.482654
16.29967,46.482238
16.301216,46.483252
16.346342,46.46392
16.303818,46.485078
16.299595,46.484371
16.293441,46.480908
16.302825,46.48543
16.30687,46.484167
16.3136,46.482885
16.318552,46.48501
16.305994,46.478154
16.292425,46.484964
16.300131,46.4824
16.292247,46.484639
16.300745,46.482941
16.292107,46.480663
16.292349,46.481672
16.292481,46.485335
16.292909,46.484189
16.294946,46.481374
16.29171,46.479691
16.292464,46.482153
16.301475,46.48331
16.297555,46.481251
16.292626,46.48128
16.292573,46.48341
16.297738,46.482304
16.292919,46.484296
16.293052,46.484453
16.292286,46.481396
16.301085,46.483127
16.293136,46.484546
16.292752,46.481847
16.291254,46.445667
16.334609,46.472263
16.309904,46.481396
16.295987,46.453069
16.30751,46.476622
16.332892,46.476507
16.306231,46.483563
16.331272,46.479187
16.336334,46.470753
16.315855,46.471745
16.322811,46.49041
16.322521,46.490163
16.33607,46.473095
16.291557,46.471418
16.328007,46.46939
16.299426,46.481311
16.291636,46.470847
16.320993,46.489055
16.33573,46.469015
16.335701,46.46914
16.313232,46.48061
16.331807,46.478111
16.330971,46.493357
16.309183,46.466721
16.309972,46.481345
16.330383,46.480522
16.306749,46.478696
16.336737,46.471503
16.337309,46.472061
16.314782,46.483081
16.291736,46.471505
16.311466,46.482024
16.329306,46.479614
16.330871,46.47913
16.311188,46.455106
16.286597,46.450337
16.330892,46.478982
16.309063,46.482745
16.309191,46.481554
16.332536,46.473992
16.30625,46.481974
16.336167,46.470498
16.295351,46.474322
16.319623,46.46059
16.319566,46.487536
16.344558,46.461111
16.304903,46.476845
16.336351,46.472649
16.307399,46.468049
16.297856,46.48064
16.308882,46.482232
16.333704,46.475322
16.305787,46.474079
16.322192,46.490026
16.319394,46.465533
16.288895,46.449498
16.307141,46.482151
16.337444,46.468707
16.325467,46.469194
16.336806,46.46942
16.335741,46.473257
16.325775,46.468696
16.323835,46.47432
16.322012,46.489566
16.307138,46.479026
16.295248,46.451586
16.336604,46.471115
16.331495,46.47826
16.330092,46.484348
16.299946,46.470919
16.337158,46.471588
16.339877,46.468401
16.341994,46.471942
16.30856,46.484063
16.333382,46.472025
16.317621,46.48422
16.327393,46.47065
16.336019,46.46862
16.295981,46.457344
16.300022,46.481992
16.328008,46.470992
16.33306,46.472051
16.299222,46.465131
16.301902,46.468209
16.311391,46.48247
16.318718,46.480472
16.321074,46.45802
16.291561,46.471541
16.29873,46.480456
16.292543,46.480346
16.327301,46.473612
16.297096,46.472847
16.336935,46.472578
16.33129,46.490787
16.3101,46.468602
16.306797,46.47894
16.306509,46.478264
16.313356,46.485377
16.291815,46.471054
16.293423,46.468387
16.300888,46.461465
16.316466,46.48348
16.315651,46.483395
16.329787,46.480802
16.291822,46.471951
16.291763,46.471636
16.318308,46.484773
16.299102,46.462776
16.314405,46.468531
16.313494,46.479743
16.322068,46.489818
16.292418,46.469178
16.331582,46.491223
16.29351,46.47494
16.330623,46.479287
16.292162,46.478229
16.299159,46.470746
16.314643,46.469681
16.291613,46.469989
16.297477,46.472806
16.333603,46.472329
16.283466,46.457482
16.304369,46.476135
16.331734,46.483102
16.307069,46.480211
16.286388,46.451319
16.319727,46.463859
16.315891,46.48333
16.315002,46.470623
16.325319,46.491355
16.324509,46.474352
16.337953,46.465375
16.325933,46.491556
16.327295,46.480362
16.318341,46.481851
16.282051,46.455136
16.296893,46.474289
16.288877,46.449061
16.342689,46.47158
16.318301,46.478954
16.29305,46.474974
16.301519,46.483071
16.301952,46.483476
16.306625,46.480573
16.335627,46.469412
16.332106,46.482797
16.34435,46.471184
16.292135,46.469408
16.331791,46.491404
16.326997,46.479266
16.33009,46.470103
16.343104,46.471229
16.291203,46.449717
16.309398,46.458156
16.328077,46.469495
16.317326,46.486071
16.295918,46.473634
16.299879,46.478513
16.308141,46.482794
16.30743,46.479232
16.302106,46.467496
16.302995,46.460673
16.313825,46.480503
16.293281,46.475989
16.29176,46.471708
16.290091,46.449492
16.30867,46.476863
16.334287,46.4728
16.332165,46.480753
16.321349,46.458539
16.336799,46.467248
16.297373,46.480677
16.308783,46.48462
16.30664,46.481133
16.306971,46.462232
16.282793,46.456767
16.328875,46.491678
16.293512,46.475129
16.299169,46.447962
16.336603,46.467978
16.307824,46.482902
16.332098,46.493081
16.292163,46.445391
16.300377,46.477619
16.299749,46.463166
16.335498,46.472942
16.331431,46.478398
16.327187,46.472864
16.321239,46.474375
16.311162,46.479827
16.337697,46.465803
16.292869,46.474547
16.309164,46.459086
16.332964,46.492447
16.344364,46.460856
16.306953,46.480273
16.310835,46.481531
16.305657,46.477428
16.31322,46.482731
16.296332,46.45512
16.311399,46.486314
16.32919,46.487782
16.29181,46.471847
16.32555,46.475192
16.335787,46.469724
16.288464,46.457172
16.291648,46.470897
16.29337,46.474894
16.326713,46.471395
16.322278,46.474391
16.297128,46.472752
16.343986,46.471132
16.315983,46.483508
16.316706,46.483701
16.332114,46.470685
16.344996,46.461886
16.310788,46.479869
16.312357,46.482254
16.329236,46.473893
16.294125,46.467748
16.344987,46.471276
16.309133,46.484908
16.336765,46.472238
16.309009,46.4855
16.322639,46.49026
16.300937,46.482399
16.296866,46.472353
16.335255,46.469525
16.312605,46.482419
16.333457,46.493115
16.341197,46.471988
16.282059,46.459124
16.288958,46.45706
16.311062,46.486758
16.3379,46.471848
16.309613,46.466682
16.293238,46.468524
16.336253,46.473317
16.299531,46.476833
16.309918,46.487073
16.316984,46.483712
16.342481,46.471355
16.31848,46.473589
16.34195,46.47239
16.320372,46.484868
16.292984,46.4746
16.292032,46.473409
16.313997,46.477837
16.293259,46.475019
16.291819,46.479018
16.292621,46.478028
16.316016,46.473094
16.320761,46.48425
16.299297,46.4713
16.320915,46.488755
16.319355,46.455179
16.292564,46.468952
16.31045,46.455383
16.332207,46.492305
16.333019,46.476008
16.333338,46.472245
16.308921,46.481385
16.340428,46.471856
16.341572,46.468116
16.333776,46.472102
16.320237,46.484621
16.333121,46.484731
16.317381,46.483956
16.315586,46.466862
16.297,46.464295
16.317318,46.483838
16.335318,46.472961
16.306574,46.479231
16.315953,46.466761
16.335939,46.470139
16.306164,46.482045
16.306135,46.478481
16.300039,46.462865
16.320882,46.460056
16.331571,46.478093
16.298595,46.47137
16.331156,46.480815
16.301916,46.483266
16.328995,46.472907
16.290995,46.448517
16.295224,46.481075
16.331003,46.478881
16.308896,46.481708
16.298747,46.448069
16.317055,46.486371
16.315198,46.470451
16.326743,46.485359
16.321859,46.482735
16.294145,46.467911
16.336916,46.470663
16.327837,46.481169
16.313447,46.48521
16.312083,46.479233
16.305594,46.476991
16.292452,46.478014
16.341686,46.471996
16.294821,46.453747
16.311593,46.482193
16.33182,46.470935
16.296184,46.452491
16.292224,46.478167
16.306221,46.477525
16.340638,46.468204
16.306904,46.480504
16.320219,46.487324
16.332758,46.476643
16.285546,46.447195
16.317794,46.484774
16.312957,46.479643
16.340528,46.471422
16.332405,46.493904
16.336669,46.471346
16.324201,46.4865
16.317163,46.46368
16.309939,46.451479
16.320261,46.487826
16.282414,46.453548
16.317367,46.464068
16.292659,46.468866
16.302315,46.483313
16.329715,46.490716
16.303196,46.460597
16.336343,46.469833
16.33709,46.472375
16.297782,46.472124
16.322856,46.490661
16.306474,46.481471
16.32938,46.478456
16.331927,46.469353
16.299521,46.480982
16.291484,46.470654
16.292453,46.474022
16.335431,46.469206
16.293971,46.457458
16.281822,46.453823
16.288353,46.449677
16.300641,46.481939
16.309745,46.47919
16.315486,46.466716
16.330334,46.479429
16.311677,46.481766
16.320381,46.474742
16.331353,46.473804
16.30566,46.477682
16.305156,46.484131
16.297634,46.480616
16.310694,46.480013
16.319463,46.464578
16.330352,46.479718
16.331796,46.481865
16.309485,46.456718
16.344651,46.471276
16.301077,46.482782
16.315958,46.471344
16.292082,46.472959
16.302499,46.468093
16.334043,46.472122
16.319903,46.486832
16.316768,46.463555
16.33213,46.482346
16.316747,46.464325
16.295082,46.466916
16.332154,46.492179
16.322633,46.490565
16.292807,46.469707
16.331509,46.481487
16.295232,46.454584
16.291535,46.470084
16.291473,46.470531
16.308582,46.468643
16.283111,46.453247
16.297734,46.471782
16.319545,46.484738
16.291737,46.47221
16.330114,46.473684
16.328496,46.471382
16.335281,46.469359
16.299996,46.461189
16.326256,46.468906
16.329919,46.479536
16.3376,46.46774
16.322673,46.479121
16.295156,46.454794
16.320432,46.485025
16.286095,46.45062
16.328611,46.482062
16.295787,46.453636
16.329291,46.480028
16.295519,46.452953
16.315943,46.471099
16.303803,46.482699
16.334497,46.469426
16.335866,46.469985
16.296985,46.472227
16.327954,46.469578
16.319997,46.487281
16.316125,46.475752
16.309767,46.451778
16.291625,46.471007
16.29231,46.473767
16.32488,46.491168
16.321656,46.474453
16.314772,46.476923
16.29168,46.446372
16.318637,46.482692
16.29554,46.455675
16.327505,46.469309
16.292275,46.479987
16.331227,46.478719
16.337673,46.46782
16.291816,46.479314
16.305983,46.482287
16.307183,46.476575
16.304465,46.483587
16.34091,46.471956
16.336447,46.472464
16.316631,46.475676
16.313263,46.478328
16.322266,46.490219
16.345629,46.471246
16.307181,46.480518
16.28464,46.457957
16.329581,46.479014
16.346784,46.469377
16.291879,46.472449
16.319083,46.486586
16.282697,46.458014
16.332778,46.476798
16.305489,46.483415
16.306757,46.476738
16.318078,46.4873
16.299841,46.481658
16.310663,46.455261
16.331911,46.483249
16.296926,46.459904
16.282397,46.455693
16.344608,46.461355
16.319787,46.484936
16.309088,46.482065
16.296407,46.444738
16.298725,46.480743
16.331519,46.483464
16.310191,46.45769
16.369924,46.436212
16.405611,46.498999
16.319236,46.454437
16.312657,46.443887
16.289529,46.499721
16.27432,46.502904
16.270679,46.453723
16.368907,46.452653
16.369295,46.452733
16.36954,46.452703
16.369891,46.452617
16.369523,46.452293
16.370183,46.452524
16.3705,46.452613
16.370711,46.452634
16.370712,46.452193
16.371491,46.452389
16.371122,46.452203
16.294986,46.496343
16.372425,46.440605
16.37266,46.440705
16.372809,46.440928
16.372923,46.440783
16.373088,46.440999
16.373583,46.440967
16.373891,46.441058
16.374529,46.441217
16.37544,46.441306
16.374745,46.441565
16.37426,46.44145
16.373409,46.441371
16.372918,46.441369
16.362401,46.447666
16.363877,46.448166
16.364229,46.448046
16.364784,46.447847
16.365098,46.447686
16.365329,46.447666
16.365839,46.447358
16.365277,46.448172
16.364886,46.448299
16.364573,46.448433
16.366035,46.448569
16.366284,46.448196
16.366495,46.448055
16.299999,46.499413
16.325041,46.488094
16.325488,46.487712
16.364018,46.459849
16.318961,46.465475
16.40764,46.454327
16.279515,46.513447
16.361199,46.443495
16.316463,46.449764
16.292829,46.432674
16.338765,46.451821
16.399643,46.490393
16.397996,46.443287
16.301633,46.490159
16.28958,46.512005
16.286116,46.430987
16.27325,46.460476
16.320345,46.504595
16.266362,46.458263
16.337815,46.440591
16.331804,46.442439
16.388202,46.427553
16.357412,46.417068
16.35769,46.417395
16.359288,46.417733
16.355928,46.417712
16.355891,46.417415
16.355753,46.41722
16.355562,46.416756
16.355432,46.416456
16.354864,46.415701
16.354789,46.415485
16.354393,46.414956
16.354672,46.414494
16.355915,46.414032
16.356576,46.413888
16.357034,46.413721
16.357375,46.413636
16.358434,46.420949
16.359478,46.422179
16.359483,46.422485
16.359707,46.422832
16.35946,46.423072
16.358977,46.422924
16.353621,46.435444
16.265809,46.503062
16.367514,46.446987
16.30294,46.468159
16.306289,46.478781
16.290758,46.509331
16.410231,46.440019
16.270554,46.455094
16.292294,46.481181
16.319126,46.494933
16.323124,46.508209
16.394848,46.442412
16.333231,46.450761
16.404335,46.45144
16.337677,46.46565
16.291875,46.449718
16.41819,46.456533
16.370874,46.440405
16.283524,46.500783
16.323583,46.393762
16.358489,46.457757
16.358603,46.457859
16.292853,46.482692
16.277085,46.46367
16.320152,46.436284
16.264289,46.46599
16.264408,46.466045
16.365374,46.427507
16.360674,46.423664
16.365129,46.428863
16.366425,46.429282
16.36658,46.429497
16.366874,46.429746
16.367024,46.429862
16.367149,46.429945
16.367714,46.429731
16.368576,46.428623
16.36873,46.428464
16.368949,46.42836
16.367829,46.428333
16.369154,46.428993
16.369845,46.429342
16.368944,46.429381
16.367345,46.430239
16.367412,46.430341
16.367481,46.430477
16.367687,46.430639
16.367585,46.430765
16.367624,46.430979
16.367312,46.431173
16.367284,46.431288
16.367741,46.431271
16.367796,46.431499
16.367551,46.431713
16.367656,46.431961
16.367988,46.431904
16.367554,46.432178
16.368147,46.432167
16.368322,46.432412
16.367789,46.432717
16.368429,46.432631
16.367887,46.432814
16.367963,46.433138
16.368504,46.433218
16.367958,46.433381
16.368563,46.433473
16.368679,46.433608
16.367877,46.433884
16.368584,46.433843
16.368219,46.434114
16.368672,46.434442
16.369187,46.434423
16.368875,46.434636
16.369121,46.434706
16.369595,46.434737
16.369098,46.435007
16.369751,46.434982
16.369327,46.435218
16.369774,46.435455
16.370469,46.435308
16.37043,46.434865
16.371899,46.434966
16.372266,46.434299
16.37137,46.434281
16.372204,46.433827
16.330129,46.461717
16.360318,46.423431
16.359642,46.423528
16.367354,46.461176
16.369483,46.461711
16.370496,46.462059
16.370957,46.46203
16.37706,46.462137
16.380337,46.462828
16.381897,46.462736
16.382783,46.46243
16.383143,46.462322
16.383841,46.462534
16.384126,46.462054
16.384811,46.462473
16.384991,46.462156
16.385314,46.46213
16.385623,46.462484
16.385537,46.462011
16.386379,46.462034
16.386812,46.46195
16.386983,46.461923
16.387361,46.461976
16.387566,46.461911
16.388135,46.461454
16.388624,46.461305
16.38926,46.461228
16.389477,46.460955
16.390324,46.461151
16.390521,46.460981
16.389796,46.46072
16.390358,46.460684
16.390579,46.460277
16.39131,46.460487
16.390832,46.460177
16.391342,46.460138
16.391728,46.46038
16.391522,46.459983
16.391985,46.460269
16.392016,46.459602
16.392175,46.4595
16.393076,46.459573
16.393471,46.45943
16.393081,46.458972
16.393469,46.458895
16.393825,46.458752
16.394113,46.458291
16.39446,46.4585
16.394923,46.458698
16.395001,46.458393
16.395197,46.458763
16.395483,46.458376
16.395639,46.458052
16.395959,46.4584
16.395715,46.458634
16.396336,46.458692
16.396368,46.458362
16.299245,46.507016
16.298964,46.506905
16.377392,46.461508
16.3771,46.462513
16.377347,46.461827
16.376773,46.461388
16.377048,46.461153
16.377603,46.461147
16.377411,46.460755
16.37771,46.460547
16.378281,46.460652
16.378026,46.460288
16.37883,46.460429
16.378682,46.460198
16.378228,46.459846
16.378395,46.459578
16.37889,46.459711
16.37871,46.459133
16.379145,46.459207
16.379547,46.458993
16.379691,46.458878
16.380083,46.458595
16.379721,46.458349
16.380213,46.458
16.38057,46.458312
16.380514,46.457793
16.380254,46.457652
16.380845,46.458137
16.381008,46.458047
16.381186,46.457976
16.380447,46.457485
16.381146,46.457269
16.3819,46.458243
16.382033,46.457925
16.382699,46.457838
16.38393,46.457785
16.38331,46.45733
16.38298,46.457102
16.383301,46.456894
16.384005,46.457012
16.383571,46.456722
16.384194,46.456822
16.384431,46.45673
16.384878,46.456486
16.385542,46.456036
16.385234,46.45587
16.385424,46.455746
16.385714,46.455558
16.385999,46.455383
16.411254,46.454413
16.380593,46.457235
16.380531,46.456778
16.381171,46.456961
16.380587,46.45666
16.380551,46.45637
16.381073,46.456195
16.380644,46.456152
16.380732,46.455942
16.381226,46.455976
16.380814,46.45576
16.38029,46.455677
16.381287,46.455732
16.380903,46.455404
16.381382,46.45544
16.381376,46.455276
16.380945,46.455089
16.380965,46.45482
16.381088,46.454526
16.381208,46.454327
16.381251,46.454085
16.381183,46.453865
16.381318,46.453692
16.381483,46.453273
16.38199,46.453233
16.382013,46.453073
16.381676,46.452822
16.380757,46.452404
16.380841,46.45227
16.381657,46.452587
16.381849,46.452177
16.381959,46.452027
16.382444,46.452198
16.382159,46.451693
16.382606,46.451734
16.382364,46.451544
16.382538,46.45123
16.382746,46.451664
16.383021,46.451607
16.382987,46.451444
16.382998,46.450993
16.383169,46.450886
16.383494,46.450602
16.383773,46.4501
16.384305,46.44975
16.384792,46.44987
16.384672,46.449102
16.387628,46.449503
16.387569,46.449649
16.387665,46.449976
16.387387,46.450332
16.387521,46.450674
16.388034,46.451205
16.38845,46.452272
16.390354,46.451198
16.382259,46.452857
16.296658,46.463872
16.291285,46.429548
16.415166,46.478603
16.283214,46.500475
16.404195,46.448895
16.362652,46.454393
16.29611,46.463161
16.325855,46.389566
16.367829,46.448907
16.318115,46.475826
16.324927,46.428817
16.40712,46.501038
16.289531,46.512069
16.299223,46.481069
16.323998,46.509156
16.340932,46.439019
16.403696,46.448454
16.40353,46.448283
16.27138,46.486331
16.271593,46.486333
16.279851,46.461047
16.369211,46.44579
16.412966,46.456638
16.297352,46.473354
16.302546,46.478294
16.352398,46.431208
16.278626,46.464541
16.324422,46.465389
16.40448,46.452478
16.268291,46.460712
16.373688,46.4425
16.371603,46.442438
16.374079,46.442304
16.371283,46.442401
16.409667,46.450949
16.271268,46.507163
16.271293,46.507038
16.279799,46.482566
16.271104,46.454973
16.271296,46.507086
16.246694,46.494648
16.273624,46.436068
16.361789,46.48175
16.362932,46.478293
16.374757,46.478762
16.358794,46.477965
16.346223,46.480353
16.341401,46.479881
16.337581,46.478265
16.346004,46.480505
16.355712,46.477239
16.34047,46.480186
16.360348,46.477514
16.337219,46.4775
16.348701,46.48234
16.351664,46.48163
16.351062,46.481623
16.344411,46.48261
16.355657,46.478141
16.360807,46.481937
16.340547,46.480599
16.342336,46.479971
16.339745,46.480755
16.367178,46.478668
16.3746,46.479051
16.339721,46.480449
16.343664,46.477521
16.339676,46.479557
16.341402,46.480829
16.365599,46.478071
16.352831,46.481603
16.345815,46.482721
16.36617,46.477919
16.337873,46.478481
16.337281,46.477734
16.346308,46.482483
16.362114,46.479015
16.346299,46.479157
16.337116,46.476459
16.353288,46.481872
16.339639,46.48025
16.36251,46.47774
16.353102,46.481592
16.35379,46.481612
16.346578,46.479003
16.339043,46.478942
16.364632,46.477929
16.359625,46.479679
16.348432,46.478178
16.345725,46.478275
16.351733,46.481992
16.340736,46.479993
16.350204,46.482141
16.37493,46.478806
16.344759,46.478017
16.357357,46.477525
16.35073,46.480775
16.350238,46.479568
16.361168,46.481784
16.356779,46.478588
16.355221,46.481912
16.346006,46.482388
16.337332,46.477934
16.364002,46.47911
16.345383,46.48253
16.351016,46.481663
16.362147,46.478193
16.354605,46.481524
16.340922,46.480679
16.356107,46.482393
16.346279,46.482053
16.35298,46.481972
16.356729,46.482694
16.348966,46.482072
16.346012,46.482578
16.355942,46.478602
16.354451,46.481349
16.34829,46.482009
16.339955,46.480558
16.367598,46.478658
16.359804,46.481858
16.371281,46.47964
16.357278,46.482721
16.33863,46.478718
16.363882,46.477887
16.355999,46.475568
16.344401,46.477851
16.342642,46.481054
16.359372,46.479064
16.348921,46.482335
16.35397,46.481613
16.344475,46.482245
16.349336,46.478947
16.355567,46.483092
16.342108,46.483582
16.367038,46.477856
16.346889,46.481889
16.362244,46.481765
16.362377,46.48182
16.268734,46.47535
16.362401,46.473098
16.366839,46.474547
16.362137,46.472255
16.36539,46.474503
16.361518,46.471628
16.366978,46.474807
16.362224,46.472683
16.365631,46.475214
16.35673,46.468683
16.35711,46.468405
16.35755,46.467646
16.358651,46.466713
16.348966,46.469907
16.348427,46.469994
16.349072,46.466362
16.349387,46.469592
16.347047,46.468355
16.349209,46.469704
16.353839,46.466696
16.349213,46.469243
16.34846,46.470208
16.367775,46.471148
16.367369,46.469657
16.374473,46.473671
16.363797,46.470906
16.364529,46.471016
16.368169,46.471143
16.36787,46.471179
16.36923,46.471474
16.367005,46.469162
16.365448,46.472162
16.36735,46.471048
16.37801,46.47422
16.363442,46.470466
16.363912,46.470653
16.377725,46.473922
16.375432,46.473856
16.352966,46.470313
16.361718,46.467706
16.36507,46.467331
16.372052,46.469379
16.35762,46.469843
16.362196,46.467608
16.365901,46.46778
16.361519,46.471029
16.347513,46.470842
16.344819,46.47152
16.363601,46.469854
16.348543,46.470615
16.360903,46.470955
16.363892,46.467509
16.356611,46.469764
16.358543,46.470213
16.357532,46.470079
16.371465,46.46895
16.345693,46.472408
16.369895,46.468478
16.356175,46.469709
16.361372,46.471234
16.354475,46.469625
16.355899,46.469928
16.358361,46.470136
16.371157,46.467844
16.347981,46.470638
16.352803,46.469997
16.35299,46.469919
16.353772,46.469737
16.364182,46.469242
16.365499,46.467798
16.361582,46.469815
16.365072,46.469536
16.363845,46.468905
16.349393,46.470705
16.351472,46.470741
16.361923,46.467525
16.351246,46.470896
16.351785,46.470617
16.394753,46.490687
16.394769,46.491155
16.394802,46.491508
16.394313,46.490582
16.394299,46.49153
16.394672,46.490408
16.39441,46.4904
16.394812,46.490303
16.394334,46.490268
16.394489,46.489693
16.394284,46.489905
16.394166,46.48964
16.393615,46.488931
16.399086,46.490961
16.399143,46.490784
16.395687,46.496281
16.398718,46.490518
16.399007,46.490357
16.398935,46.489615
16.398737,46.489657
16.398177,46.48965
16.396358,46.489278
16.39624,46.489292
16.397853,46.489621
16.395915,46.489325
16.397855,46.490007
16.397624,46.489574
16.397332,46.489555
16.396885,46.489552
16.396329,46.489539
16.396124,46.489577
16.395378,46.489656
16.306312,46.48182
16.397983,46.493235
16.398189,46.492243
16.397793,46.492901
16.397411,46.492722
16.397217,46.492627
16.38621,46.492769
16.386169,46.492551
16.386361,46.492058
16.387473,46.490548
16.386958,46.490327
16.387537,46.489895
16.3857,46.489904
16.388113,46.489742
16.387467,46.48961
16.38799,46.489251
16.387432,46.489279
16.387539,46.489053
16.387695,46.488508
16.387781,46.487967
16.387929,46.487508
16.387828,46.487249
16.386512,46.501951
16.385084,46.502507
16.385093,46.50285
16.384849,46.503342
16.38462,46.503568
16.384239,46.503814
16.394385,46.499061
16.39399,46.499247
16.394144,46.498955
16.393558,46.498495
16.393322,46.498327
16.392311,46.498109
16.392667,46.497866
16.391858,46.498188
16.392101,46.49742
16.391642,46.497956
16.391608,46.497664
16.39163,46.497255
16.391416,46.497494
16.390886,46.497314
16.390882,46.496835
16.390438,46.496979
16.390401,46.496646
16.390196,46.497418
16.388553,46.494463
16.388976,46.49629
16.388933,46.494289
16.388069,46.496002
16.387802,46.495716
16.386991,46.494308
16.329101,46.472327
16.315823,46.44423
16.393435,46.499272
16.392802,46.499135
16.39188,46.498443
16.384026,46.491606
16.384795,46.491447
16.38586,46.490992
16.38626,46.490483
16.386716,46.490729
16.386487,46.490114
16.387104,46.490156
16.392788,46.494221
16.392471,46.493624
16.392558,46.494047
16.392248,46.493542
16.392137,46.493827
16.391841,46.493281
16.391804,46.493696
16.391662,46.493185
16.391537,46.493598
16.391407,46.493153
16.39082,46.49329
16.390515,46.492949
16.390364,46.493013
16.390164,46.493075
16.389773,46.493181
16.389285,46.49327
16.388992,46.4934
16.388811,46.493438
16.38865,46.493513
16.387957,46.493691
16.399101,46.491095
16.397792,46.49135
16.398062,46.491014
16.396733,46.491341
16.396515,46.491314
16.396363,46.49129
16.396155,46.490985
16.395767,46.491011
16.395773,46.490937
16.391139,46.493074
16.390761,46.492953
16.391548,46.492848
16.391567,46.492177
16.390042,46.49346
16.389588,46.493626
16.390537,46.49438
16.39034,46.494439
16.3901,46.494396
16.384347,46.493195
16.384484,46.493407
16.383823,46.492927
16.383066,46.493104
16.383939,46.493535
16.383981,46.493737
16.384619,46.493948
16.38641,46.493623
16.386623,46.494006
16.385819,46.493313
16.386391,46.493919
16.385523,46.493058
16.385529,46.493983
16.38524,46.4926
16.385476,46.493624
16.385159,46.492495
16.385009,46.493438
16.385043,46.492411
16.384445,46.493049
16.384822,46.492213
16.384571,46.492914
16.38472,46.492029
16.384608,46.492821
16.382827,46.491783
16.380927,46.491926
16.380312,46.492226
16.380109,46.492167
16.377805,46.491347
16.379916,46.492263
16.379697,46.492237
16.37951,46.49225
16.379254,46.492238
16.377562,46.491184
16.379036,46.492218
16.37867,46.492083
16.378469,46.491737
16.378337,46.491696
16.376198,46.489764
16.37764,46.489011
16.378794,46.488514
16.377064,46.490758
16.381593,46.492626
16.375832,46.490493
16.375981,46.490803
16.375985,46.490952
16.375989,46.49122
16.376076,46.49136
16.376045,46.49143
16.37607,46.491527
16.37608,46.491571
16.376363,46.492159
16.376433,46.492298
16.376656,46.492523
16.37674,46.492641
16.376835,46.492712
16.377086,46.492859
16.376918,46.492739
16.382046,46.493074
16.38172,46.493205
16.380349,46.49253
16.379336,46.4926
16.379156,46.492584
16.378988,46.492522
16.376288,46.491036
16.376431,46.491549
16.37649,46.491641
16.376654,46.49177
16.377112,46.492546
16.377422,46.492843
16.377699,46.492903
16.381009,46.493044
16.381265,46.492837
16.377293,46.492971
16.379593,46.493432
16.378075,46.495186
16.377954,46.496691
16.378735,46.497401
16.378867,46.497496
16.378381,46.497047
16.378019,46.495373
16.377771,46.493153
16.378483,46.49332
16.38012,46.493331
16.380307,46.493569
16.377483,46.493133
16.37914,46.497735
16.380083,46.498536
16.380302,46.498723
16.380565,46.498819
16.380687,46.49903
16.38093,46.499219
16.379429,46.498019
16.380048,46.498319
16.380093,46.498424
16.380642,46.498943
16.377594,46.493227
16.381026,46.499284
16.377746,46.49336
16.3778,46.493571
16.377804,46.493808
16.381645,46.499655
16.377866,46.494048
16.382689,46.500175
16.37767,46.494168
16.377521,46.494481
16.377555,46.495136
16.377678,46.495201
16.377654,46.49532
16.382853,46.500356
16.377599,46.495453
16.377471,46.495632
16.383947,46.500275
16.385276,46.500294
16.384827,46.500131
16.385648,46.5002
16.384946,46.500109
16.385052,46.500097
16.385819,46.49981
16.38601,46.499778
16.385497,46.497151
16.38544,46.49763
16.384737,46.497868
16.384227,46.498485
16.384435,46.496758
16.38421,46.497221
16.383867,46.496682
16.383396,46.49796
16.3834,46.497114
16.382388,46.497488
16.382362,46.49724
16.380241,46.495563
16.380605,46.496807
16.380384,46.496784
16.380046,46.495248
16.380042,46.495144
16.38007,46.49656
16.379758,46.49646
16.387058,46.497718
16.387707,46.496751
16.387734,46.497911
16.388817,46.497911
16.388358,46.49815
16.389098,46.498088
16.388873,46.498337
16.388512,46.499041
16.368102,46.490899
16.368171,46.490743
16.368296,46.490543
16.370743,46.489281
16.368282,46.490181
16.371014,46.489124
16.3713,46.489139
16.371547,46.489154
16.371729,46.489133
16.37152,46.488922
16.37098,46.488831
16.371071,46.488645
16.371416,46.488404
16.371573,46.488157
16.371947,46.487883
16.372327,46.487762
16.374889,46.488906
16.3746,46.488817
16.373504,46.487732
16.371747,46.487121
16.371522,46.486718
16.371068,46.487105
16.370156,46.486752
16.369461,46.487228
16.370097,46.48639
16.369485,46.486875
16.368616,46.487499
16.367847,46.48677
16.367464,46.486802
16.37114,46.486371
16.371067,46.486052
16.36944,46.486663
16.372742,46.486252
16.374284,46.484123
16.37371,46.484117
16.373915,46.483762
16.373494,46.483844
16.374255,46.483555
16.374372,46.483439
16.376603,46.4848
16.376336,46.489256
16.375896,46.489148
16.3763,46.489425
16.376649,46.489213
16.376866,46.489191
16.377318,46.488803
16.378796,46.48824
16.378916,46.488242
16.377597,46.488631
16.377805,46.488497
16.38102,46.487702
16.377431,46.488728
16.37711,46.488893
16.380807,46.486325
16.380703,46.486028
16.382728,46.486305
16.381513,46.487179
16.383994,46.486009
16.38129,46.487593
16.381367,46.487737
16.381261,46.487976
16.380754,46.486224
16.380631,46.486758
16.380913,46.487373
16.383513,46.488351
16.38392,46.488324
16.384405,46.488388
16.384984,46.488495
16.384728,46.488466
16.386793,46.487784
16.387842,46.485643
16.387615,46.485116
16.387465,46.484847
16.387362,46.484558
16.387014,46.484378
16.387038,46.483912
16.38688,46.483096
16.386683,46.482285
16.385987,46.481554
16.385526,46.481642
16.385176,46.481176
16.38482,46.481392
16.385052,46.481784
16.384593,46.481543
16.384036,46.481922
16.384614,46.481936
16.383631,46.482171
16.383985,46.482794
16.383765,46.482455
16.383976,46.483194
16.384286,46.485305
16.383318,46.483147
16.381673,46.482342
16.380338,46.484809
16.380388,46.483731
16.382095,46.480996
16.38301,46.480596
16.383265,46.480213
16.383505,46.480058
16.384801,46.479455
16.385544,46.480157
16.385414,46.479991
16.385232,46.479863
16.386174,46.48014
16.386527,46.480473
16.385781,46.479802
16.384384,46.479051
16.384047,46.478709
16.383564,46.478485
16.383396,46.47845
16.382464,46.478019
16.382125,46.477954
16.381931,46.477916
16.380894,46.478962
16.380815,46.479202
16.380477,46.479164
16.378828,46.478147
16.378612,46.47814
16.37825,46.47876
16.378078,46.478407
16.377818,46.478171
16.3767,46.478434
16.375779,46.478788
16.385914,46.5064
16.386439,46.506459
16.38556,46.506397
16.384816,46.506603
16.384508,46.506412
16.385032,46.506208
16.384583,46.505957
16.384977,46.505776
16.385632,46.505531
16.385212,46.505397
16.38471,46.504708
16.385004,46.505106
16.384648,46.505483
16.383874,46.504926
16.383541,46.503746
16.384298,46.505727
16.383971,46.505887
16.384122,46.505906
16.383259,46.505259
16.383558,46.505867
16.384051,46.506331
16.383689,46.506284
16.383303,46.506217
16.383368,46.505771
16.383308,46.505783
16.383236,46.50567
16.383034,46.506154
16.381601,46.507506
16.381715,46.508584
16.381943,46.509256
16.381784,46.509578
16.38184,46.509845
16.381632,46.508949
16.374395,46.50851
16.37423,46.508061
16.37365,46.508755
16.373365,46.50575
16.380051,46.507292
16.381362,46.507116
16.381606,46.507188
16.381853,46.507061
16.381807,46.506748
16.381811,46.506433
16.381917,46.506255
16.381802,46.506121
16.381681,46.506008
16.38095,46.50588
16.381278,46.506087
16.37588,46.501222
16.376091,46.500994
16.376181,46.500839
16.375242,46.500659
16.375168,46.500476
16.37507,46.500233
16.376724,46.500694
16.376394,46.50043
16.376269,46.500284
16.375923,46.500056
16.375026,46.499746
16.374277,46.499393
16.374486,46.49995
16.374659,46.500053
16.374128,46.498869
16.373527,46.499443
16.3736,46.499512
16.373596,46.499007
16.373506,46.497311
16.374088,46.497249
16.374014,46.495665
16.373086,46.495781
16.372093,46.496905
16.371752,46.496584
16.368229,46.497043
16.37014,46.496414
16.37052,46.498517
16.367042,46.493654
16.366722,46.493804
16.366795,46.493863
16.367229,46.494135
16.36728,46.494215
16.366501,46.492819
16.365483,46.492341
16.365865,46.492244
16.366036,46.491972
16.36607,46.491786
16.366917,46.491887
16.366549,46.491649
16.367472,46.493957
16.367744,46.494049
16.367995,46.494173
16.368013,46.494489
16.368154,46.494246
16.368407,46.494323
16.368216,46.494591
16.368874,46.494594
16.368471,46.494652
16.368724,46.494842
16.36924,46.494794
16.368608,46.494758
16.369415,46.495329
16.369928,46.496073
16.370043,46.496242
16.370182,46.496684
16.370242,46.49679
16.370283,46.496925
16.370368,46.497191
16.370443,46.497299
16.37046,46.497358
16.370469,46.497531
16.370454,46.497743
16.370737,46.497654
16.370478,46.49784
16.370733,46.4978
16.370509,46.497916
16.370722,46.497915
16.370523,46.497978
16.370491,46.498133
16.370688,46.498046
16.370743,46.498395
16.370439,46.498308
16.380627,46.505393
16.38013,46.505405
16.380765,46.504936
16.3815,46.504703
16.380438,46.50508
16.38024,46.504981
16.38014,46.504873
16.379544,46.504422
16.37966,46.50467
16.37951,46.504981
16.37975,46.504939
16.380321,46.504664
16.380078,46.504458
16.379983,46.504347
16.379954,46.504168
16.379703,46.503619
16.379258,46.504105
16.379102,46.504377
16.379155,46.503928
16.378683,46.503493
16.380645,46.503104
16.37927,46.503086
16.378798,46.502414
16.378701,46.502244
16.378537,46.50202
16.378367,46.501804
16.3783,46.501624
16.378092,46.501399
16.378,46.501101
16.377808,46.500861
16.377251,46.500508
16.377213,46.500351
16.377422,46.500698
16.377664,46.500465
16.377432,46.500934
16.377597,46.501371
16.377227,46.501053
16.378219,46.503002
16.378027,46.503153
16.378479,46.503266
16.378153,46.502768
16.377947,46.502528
16.37785,46.502378
16.377679,46.5022
16.377464,46.501904
16.376752,46.501917
16.377116,46.501578
16.376806,46.501347
16.376394,46.501311
16.376277,46.501253
16.370686,46.498674
16.371385,46.498793
16.373543,46.504169
16.373942,46.504507
16.374817,46.502476
16.376583,46.50585
16.373247,46.503415
16.374343,46.505203
16.372866,46.502327
16.373948,46.505432
16.373631,46.501769
16.373083,46.501799
16.373625,46.501245
16.376377,46.505748
16.373002,46.500905
16.373204,46.501174
16.373025,46.500983
16.37322,46.501236
16.374293,46.505345
16.373589,46.501033
16.373834,46.501923
16.373216,46.501626
16.373373,46.501291
16.373068,46.501028
16.373265,46.501532
16.37493,46.502533
16.375863,46.50499
16.373383,46.500979
16.372807,46.502554
16.374142,46.504807
16.373585,46.501417
16.374046,46.502146
16.372886,46.502081
16.372838,46.502173
16.373265,46.501454
16.37142,46.499122
16.371948,46.499453
16.371862,46.499381
16.372071,46.499195
16.37182,46.49906
16.371948,46.499113
16.371743,46.49925
16.371779,46.499033
16.37222,46.499753
16.372345,46.500121
16.372708,46.500239
16.372781,46.500333
16.372525,46.500405
16.372824,46.500398
16.372895,46.500561
16.372993,46.50065
16.372732,46.500727
16.372863,46.5008
16.373075,46.500753
16.365145,46.48203
16.365148,46.485345
16.279383,46.483164
16.331692,46.390317
16.314654,46.425485
16.332124,46.39437
16.405022,46.499501
16.325464,46.389234
16.355549,46.434981
16.279762,46.473137
16.387125,46.420903
16.365102,46.455297
16.364656,46.455269
16.411949,46.446304
16.385961,46.479896
16.282875,46.501641
16.265091,46.466846
16.361242,46.447364
16.314363,46.477469
16.298938,46.417633
16.324225,46.437484
16.334451,46.441165
16.334626,46.441437
16.323711,46.509043
16.260959,46.501444
16.325424,46.388241
16.341327,46.445656
16.32206,46.435323
16.284135,46.426502
16.324444,46.439553
16.3995,46.492773
16.400033,46.492584
16.400326,46.492531
16.401153,46.492464
16.402993,46.492294
16.39981,46.492493
16.400631,46.492519
16.400872,46.492482
16.401432,46.492321
16.40254,46.49233
16.401698,46.492388
16.40198,46.492368
16.402254,46.492238
16.402826,46.492314
16.403364,46.492264
16.398713,46.493323
16.399743,46.49317
16.400102,46.493205
16.400449,46.493135
16.401314,46.49302
16.401653,46.492927
16.401964,46.492881
16.402316,46.492824
16.402699,46.49274
16.398606,46.49348
16.398712,46.493548
16.40228,46.493543
16.402483,46.493462
16.402684,46.493343
16.398183,46.492678
16.398755,46.492946
16.398966,46.492788
16.399267,46.493263
16.403419,46.492628
16.32742,46.486727
16.322344,46.3891
16.312661,46.509674
16.313035,46.510035
16.315112,46.476331
16.404262,46.451979
16.311908,46.459213
16.357057,46.450401
16.252546,46.486168
16.270535,46.504992
16.295903,46.496245
16.314754,46.468295
16.357754,46.413497
16.277742,46.463608
16.372655,46.444084
16.339849,46.462544
16.312482,46.493905
16.302377,46.460902
16.280995,46.510082
16.318862,46.500422
16.313286,46.479096
16.288306,46.500615
16.270975,46.459462
16.40457,46.499168
16.404734,46.499315
16.33423,46.493456
16.273173,46.463701
16.371896,46.487951
16.332866,46.471738
16.332855,46.471886
16.332918,46.471621
16.295701,46.437691
16.407983,46.448703
16.370106,46.435003
16.370164,46.43487
16.325159,46.432097
16.312315,46.479059
16.372419,46.45319
16.37279,46.453227
16.316058,46.47356
16.325183,46.38914
16.396558,46.490966
16.407972,46.448134
16.386458,46.430637
16.384363,46.432154
16.381727,46.4375
16.37577,46.434746
16.372567,46.428735
16.372861,46.427549
16.380953,46.426761
16.375038,46.430961
16.372892,46.430631
16.378377,46.434588
16.376795,46.431146
16.380336,46.437826
16.375541,46.436048
16.374132,46.431898
16.377282,46.4376
16.378547,46.43503
16.376812,46.437265
16.384087,46.432041
16.377642,46.429441
16.377358,46.429714
16.381448,46.433878
16.378062,46.428187
16.372797,46.430403
16.37588,46.436153
16.376,46.436959
16.377664,46.426207
16.383236,46.434425
16.379667,46.43094
16.381351,46.436561
16.377553,46.439188
16.380958,46.43778
16.382396,46.43471
16.380613,46.42795
16.381531,46.43427
16.378458,46.434796
16.378928,46.428356
16.381273,46.437697
16.381495,46.428878
16.373973,46.43222
16.372432,46.428911
16.375031,46.43627
16.374942,46.431627
16.384405,46.432577
16.381496,46.426962
16.38279,46.428752
16.380167,46.430416
16.373294,46.433011
16.372895,46.43302
16.374783,46.431225
16.380401,46.426778
16.38098,46.42611
16.376998,46.438849
16.38217,46.435675
16.379215,46.427416
16.377353,46.430921
16.377083,46.429801
16.379289,46.438993
16.377115,46.438065
16.37251,46.429042
16.375799,46.431041
16.380285,46.42814
16.376415,46.430687
16.382298,46.435817
16.382497,46.431884
16.384219,46.434716
16.373147,46.428353
16.374373,46.432557
16.383788,46.435752
16.384462,46.434307
16.377428,46.438377
16.372746,46.430176
16.375687,46.436359
16.374724,46.431743
16.382474,46.435671
16.380028,46.438563
16.385681,46.431644
16.375414,46.430588
16.372881,46.428935
16.373213,46.428235
16.381148,46.42702
16.376557,46.429747
16.382374,46.427262
16.372894,46.430547
16.384061,46.435287
16.382468,46.433915
16.383805,46.435016
16.379273,46.435571
16.381225,46.429348
16.376179,46.436624
16.373279,46.433499
16.376459,46.430489
16.376524,46.437733
16.3761,46.430045
16.37666,46.4302
16.383304,46.425959
16.382224,46.435962
16.379706,46.434563
16.378026,46.430552
16.375485,46.435245
16.382714,46.433178
16.380532,46.426411
16.378532,46.435456
16.382178,46.435528
16.372632,46.428329
16.375157,46.436382
16.386611,46.429959
16.379437,46.435548
16.381049,46.425837
16.377843,46.42993
16.374398,46.430707
16.378781,46.431872
16.381897,46.435299
16.373358,46.429552
16.372568,46.429755
16.374082,46.432044
16.373165,46.431154
16.380331,46.426911
16.372564,46.430111
16.386619,46.429678
16.379114,46.435576
16.377085,46.430773
16.380344,46.429461
16.373822,46.432473
16.373036,46.433681
16.377284,46.42801
16.378943,46.435816
16.385045,46.432643
16.377948,46.439108
16.379799,46.427798
16.376652,46.438132
16.372785,46.430305
16.376063,46.430886
16.381524,46.432451
16.372766,46.430251
16.374571,46.433603
16.375912,46.430424
16.381006,46.429536
16.378922,46.438624
16.38451,46.434001
16.382148,46.427565
16.38413,46.435224
16.384679,46.433623
16.383916,46.435505
16.383682,46.432657
16.372901,46.433751
16.372651,46.433248
16.375302,46.436214
16.38361,46.434941
16.376743,46.42949
16.37316,46.431003
16.381049,46.427486
16.374894,46.436386
16.375875,46.436872
16.378615,46.429735
16.376821,46.437091
16.372593,46.430003
16.382672,46.435942
16.372553,46.428609
16.372589,46.428434
16.382584,46.427357
16.37527,46.428617
16.379517,46.438855
16.384299,46.433098
16.37792,46.438867
16.379804,46.427161
16.383438,46.432773
16.377955,46.431861
16.378882,46.438139
16.381815,46.427548
16.377538,46.429583
16.380725,46.427416
16.37762,46.438526
16.376488,46.436058
16.382241,46.435213
16.382459,46.436694
16.377093,46.437293
16.375723,46.431103
16.375139,46.432694
16.376853,46.438083
16.380431,46.438067
16.380039,46.427044
16.373888,46.427528
16.373807,46.432713
16.374377,46.431648
16.375407,46.430822
16.380281,46.427362
16.375956,46.434573
16.382523,46.436225
16.37833,46.438607
16.376664,46.431585
16.382104,46.437476
16.378831,46.42907
16.377266,46.438109
16.377581,46.433682
16.372366,46.433714
16.374289,46.431347
16.376209,46.430773
16.378088,46.429131
16.376902,46.429306
16.379313,46.427858
16.376062,46.430185
16.378411,46.427862
16.37923,46.431107
16.37332,46.433583
16.386558,46.430156
16.379973,46.425857
16.380736,46.437967
16.379148,46.438341
16.380752,46.437809
16.373093,46.430911
16.379063,46.439201
16.375729,46.43595
16.377465,46.437857
16.375471,46.435537
16.378689,46.438275
16.377282,46.438509
16.375218,46.431336
16.37543,46.431246
16.37367,46.433274
16.381468,46.437609
16.372774,46.433847
16.379975,46.430835
16.377686,46.438771
16.374325,46.427667
16.382138,46.431983
16.381492,46.436505
16.372683,46.429578
16.374462,46.432156
16.372844,46.43329
16.375079,46.427577
16.383407,46.434615
16.383411,46.434897
16.383948,46.434792
16.374735,46.431905
16.382366,46.431351
16.376189,46.436802
16.355246,46.433158
16.339308,46.479292
16.368504,46.45274
16.384853,46.433249
16.381033,46.438249
16.381846,46.438093
16.382009,46.438234
16.38213,46.438363
16.382244,46.437885
16.383268,46.437806
16.382503,46.437793
16.382791,46.437727
16.383027,46.437981
16.376998,46.440787
16.37676,46.44094
16.376369,46.441526
16.377773,46.440722
16.376322,46.440759
16.376457,46.440653
16.376937,46.440235
16.377775,46.44027
16.368512,46.456495
16.368786,46.456783
16.368933,46.456925
16.369913,46.457562
16.36768,46.456868
16.368295,46.456857
16.368539,46.456956
16.369502,46.457614
16.371642,46.45785
16.372185,46.458103
16.37272,46.457822
16.373181,46.458066
16.374371,46.456597
16.36972,46.456936
16.36884,46.456372
16.369239,46.456431
16.369413,46.456579
16.369966,46.456411
16.369756,46.456341
16.366407,46.456957
16.366909,46.457508
16.367107,46.458156
16.36748,46.458068
16.367401,46.457964
16.367794,46.458193
16.367417,46.458348
16.367245,46.458556
16.366609,46.459217
16.367479,46.457317
16.387332,46.426969
16.264865,46.503316
16.296785,46.465095
16.318301,46.442757
16.376131,46.449727
16.334024,46.493364
16.408362,46.455053
16.356178,46.433905
16.37301,46.429323
16.381706,46.434729
16.285059,46.494858
16.272097,46.463132
16.411377,46.441363
16.405335,46.45548
16.393772,46.498631
16.386713,46.467829
16.410216,46.476408
16.397431,46.488844
16.40532,46.466439
16.415557,46.463801
16.404008,46.475274
16.411212,46.459082
16.405956,46.48209
16.396823,46.48922
16.395522,46.463946
16.400815,46.468788
16.389536,46.469975
16.410667,46.477555
16.415276,46.46178
16.396476,46.488213
16.378905,46.465541
16.405052,46.473162
16.396817,46.488256
16.416611,46.463397
16.404853,46.47253
16.40111,46.47304
16.400103,46.476329
16.394682,46.48558
16.40756,46.460461
16.381513,46.476167
16.412795,46.460876
16.404104,46.462165
16.414175,46.461433
16.4037,46.4674
16.405019,46.475868
16.399602,46.478776
16.402657,46.461747
16.406755,46.478229
16.393005,46.48008
16.403848,46.461217
16.414634,46.478264
16.406227,46.48259
16.382318,46.465986
16.412079,46.459897
16.406728,46.478725
16.395168,46.486771
16.403437,46.47382
16.404798,46.476354
16.400445,46.476207
16.379692,46.469634
16.391874,46.464871
16.400453,46.485517
16.392764,46.4642
16.404141,46.480338
16.401575,46.468103
16.380397,46.469879
16.387999,46.474262
16.392266,46.474064
16.380232,46.465901
16.390497,46.471277
16.387893,46.469048
16.406192,46.479039
16.411511,46.463799
16.410736,46.479132
16.415238,46.462602
16.405683,46.474375
16.390678,46.469783
16.403664,46.475061
16.41624,46.477798
16.392222,46.481455
16.398474,46.470286
16.394206,46.46439
16.388166,46.474336
16.400799,46.462716
16.402586,46.473634
16.377534,46.465988
16.405508,46.466329
16.40902,46.460389
16.395948,46.463944
16.408423,46.475053
16.407906,46.475131
16.396241,46.488607
16.409236,46.479373
16.396377,46.483323
16.400937,46.479125
16.389063,46.47556
16.410453,46.47971
16.391001,46.471663
16.400453,46.475621
16.404432,46.475078
16.401228,46.485659
16.405451,46.479364
16.406423,46.482291
16.410081,46.458665
16.413069,46.460764
16.394772,46.463983
16.394322,46.477099
16.397801,46.4886
16.414972,46.461749
16.402361,46.46186
16.405741,46.479295
16.404968,46.481317
16.390528,46.476125
16.405579,46.474162
16.403387,46.480623
16.395291,46.486551
16.403397,46.46128
16.412932,46.460559
16.402105,46.462255
16.392788,46.464564
16.412867,46.460943
16.393004,46.479523
16.395825,46.483451
16.403022,46.461735
16.39465,46.485728
16.386636,46.468606
16.405294,46.481602
16.400151,46.463223
16.391733,46.472902
16.405479,46.478441
16.40519,46.479521
16.405776,46.479627
16.411259,46.478561
16.409431,46.475577
16.396554,46.484413
16.402374,46.473677
16.396066,46.483452
16.398152,46.484089
16.398857,46.488739
16.401584,46.475517
16.38948,46.465838
16.390819,46.471141
16.411486,46.462645
16.407437,46.460594
16.381079,46.475781
16.404671,46.480597
16.399365,46.485115
16.390033,46.465215
16.401214,46.462667
16.40133,46.471655
16.403161,46.476325
16.400401,46.484961
16.409053,46.4747
16.393151,46.486497
16.409387,46.47506
16.379538,46.468869
16.403512,46.481225
16.397384,46.479332
16.400702,46.476199
16.399344,46.479153
16.387933,46.465638
16.408442,46.479029
16.38629,46.469091
16.410582,46.478503
16.395096,46.484579
16.395335,46.485207
16.400164,46.46894
16.410259,46.459522
16.395984,46.471022
16.410514,46.458597
16.410216,46.479832
16.406279,46.478836
16.396935,46.469336
16.39829,46.48475
16.407259,46.460492
16.411672,46.479071
16.404423,46.481105
16.402607,46.476258
16.410845,46.477899
16.384534,46.466369
16.401284,46.473876
16.390975,46.469472
16.410796,46.462799
16.38612,46.472692
16.409422,46.475367
16.414377,46.478321
16.388638,46.468516
16.39497,46.486782
16.391017,46.471841
16.404085,46.480719
16.405395,46.479828
16.402295,46.472966
16.402738,46.480145
16.399833,46.484756
16.394703,46.484027
16.412274,46.478871
16.401739,46.478934
16.400643,46.475195
16.390984,46.472059
16.409913,46.474814
16.410249,46.478951
16.405805,46.477485
16.406045,46.481051
16.3923,46.482367
16.396385,46.471002
16.412732,46.462722
16.387613,46.465639
16.41294,46.46124
16.392846,46.468607
16.396642,46.483268
16.398056,46.464018
16.409073,46.47775
16.410941,46.479274
16.410023,46.475741
16.41031,46.476727
16.399036,46.489253
16.414918,46.461161
16.393319,46.464405
16.405425,46.466683
16.406495,46.477554
16.393732,46.464056
16.385163,46.466872
16.404696,46.46692
16.400211,46.484894
16.39584,46.464257
16.400262,46.47936
16.384533,46.466516
16.403509,46.461904
16.392898,46.478625
16.411011,46.478108
16.375011,46.465546
16.377957,46.467803
16.406992,46.479452
16.405806,46.482347
16.393554,46.488766
16.39829,46.489003
16.415655,46.46308
16.389446,46.475797
16.401485,46.471814
16.400972,46.473487
16.398405,46.484235
16.395107,46.466478
16.394495,46.486098
16.399577,46.485186
16.395595,46.464308
16.396813,46.48315
16.397026,46.4888
16.410613,46.479623
16.37942,46.465723
16.388393,46.468814
16.387962,46.479425
16.403873,46.481881
16.415187,46.463232
16.392584,46.480687
16.404692,46.466526
16.400776,46.471546
16.398431,46.475582
16.405486,46.481167
16.392161,46.477631
16.375046,46.465779
16.383009,46.466115
16.391109,46.476511
16.405014,46.479955
16.404894,46.460784
16.38017,46.475283
16.397375,46.482516
16.408043,46.474643
16.401595,46.462413
16.393751,46.486553
16.408591,46.463445
16.383248,46.466279
16.403956,46.475146
16.409838,46.480015
16.395603,46.463607
16.389953,46.469947
16.40066,46.468839
16.40923,46.478868
16.40505,46.482118
16.379819,46.469843
16.399314,46.478874
16.402675,46.482016
16.380559,46.470039
16.392078,46.48154
16.393878,46.483595
16.399633,46.484679
16.40068,46.485048
16.406571,46.474552
16.410488,46.47718
16.391594,46.472721
16.404603,46.481703
16.399618,46.463436
16.387328,46.465557
16.409968,46.47709
16.394109,46.483419
16.380186,46.4702
16.375549,46.465334
16.413901,46.461553
16.408978,46.463602
16.404271,46.475852
16.415135,46.478157
16.388202,46.468887
16.413095,46.461668
16.412978,46.478673
16.37983,46.46582
16.403717,46.462017
16.41128,46.463313
16.409943,46.475334
16.410131,46.477708
16.398973,46.479274
16.4007,46.485558
16.381919,46.470847
16.397382,46.4638
16.390388,46.470875
16.403295,46.476406
16.40508,46.46771
16.410899,46.479196
16.405955,46.473999
16.403089,46.479761
16.403695,46.473134
16.405178,46.473481
16.393851,46.476838
16.411314,46.459467
16.397687,46.463336
16.40353,46.480143
16.40431,46.476256
16.38918,46.469698
16.399714,46.474678
16.413008,46.462583
16.401622,46.472869
16.409639,46.461089
16.406109,46.474703
16.39217,46.481775
16.398018,46.489327
16.392507,46.468498
16.406174,46.478425
16.39863,46.463586
16.386568,46.468772
16.399981,46.485355
16.407455,46.460184
16.402549,46.461789
16.39507,46.464012
16.400595,46.479119
16.409177,46.479821
16.401188,46.468367
16.379013,46.46584
16.409823,46.476691
16.410083,46.478072
16.403367,46.480036
16.395627,46.48389
16.393884,46.487906
16.408513,46.474742
16.386819,46.467995
16.397381,46.474183
16.392681,46.476317
16.411307,46.47918
16.398086,46.489106
16.396312,46.469839
16.393436,46.474728
16.402432,46.462207
16.399007,46.489452
16.400144,46.472928
16.411177,46.462682
16.410337,46.463323
16.391569,46.469085
16.413158,46.461497
16.403718,46.480249
16.406801,46.458432
16.414971,46.478204
16.399072,46.485045
16.412599,46.478789
16.400721,46.472993
16.400846,46.47592
16.405539,46.459101
16.401578,46.472246
16.387523,46.468847
16.396388,46.469361
16.404247,46.474678
16.389946,46.470201
16.398216,46.488697
16.394449,46.464113
16.401524,46.468341
16.406781,46.474541
16.406296,46.474417
16.396138,46.48368
16.379145,46.468814
16.405904,46.477989
16.410324,46.479173
16.397964,46.466204
16.396918,46.466669
16.39143,46.472506
16.410191,46.476264
16.386305,46.468657
16.405346,46.473285
16.404018,46.474218
16.384821,46.466546
16.409416,46.475815
16.410016,46.477369
16.395842,46.483841
16.378731,46.468196
16.380112,46.465959
16.397006,46.488413
16.394466,46.488702
16.402597,46.472676
16.410249,46.476567
16.40316,46.473958
16.409581,46.460837
16.413403,46.47855
16.399921,46.478725
16.39351,46.468882
16.408869,46.477323
16.394182,46.475011
16.403842,46.474682
16.396724,46.478902
16.40483,46.479618
16.409447,46.463499
16.410239,46.477864
16.387753,46.479626
16.409412,46.476047
16.415495,46.478059
16.403344,46.482162
16.399299,46.488867
16.378749,46.465224
16.40972,46.479969
16.398917,46.463523
16.395489,46.468818
16.380698,46.470324
16.400441,46.475344
16.407015,46.481489
16.397154,46.483689
16.412182,46.460083
16.403475,46.466726
16.40984,46.475097
16.398385,46.479273
16.407316,46.475003
16.400994,46.476106
16.402759,46.479564
16.406344,46.480105
16.381129,46.47052
16.408795,46.47474
16.382667,46.465997
16.412508,46.459621
16.404421,46.480119
16.407803,46.47468
16.408302,46.474734
16.39581,46.475665
16.403624,46.461205
16.40923,46.479053
16.410736,46.477737
16.392163,46.464764
16.394306,46.486843
16.402122,46.472443
16.397698,46.469117
16.395873,46.469273
16.409009,46.479694
16.404713,46.472757
16.403321,46.473642
16.409922,46.463406
16.401326,46.472609
16.335603,46.464426
16.340351,46.44151
16.340745,46.441483
16.365735,46.49194
16.411318,46.441355
16.307282,46.455194
16.30776,46.455938
16.377071,46.429149
16.292719,46.477543
16.353042,46.434836
16.395154,46.494512
16.341324,46.440764
16.334836,46.436856
16.36687,46.438288
16.360559,46.458075
16.291482,46.449722
16.303167,46.483277
16.324007,46.429525
16.318736,46.502024
16.366241,46.491647
16.366141,46.491685
16.270556,46.46088
16.343857,46.430549
16.356212,46.439481
16.334921,46.441619
16.321646,46.429832
16.413031,46.455739
16.369441,46.456294
16.398081,46.490246
16.397992,46.490713
16.384437,46.431553
16.34961,46.431339
16.2684,46.436643
16.334256,46.472473
16.355948,46.434049
16.324475,46.391199
16.329285,46.478835
16.255225,46.480227
16.356289,46.452772
16.313588,46.513958
16.277608,46.477685
16.281748,46.455869
16.329214,46.444681
16.374788,46.427031
16.292599,46.483194
16.360815,46.445702
16.326755,46.456471
16.348917,46.455328
16.318557,46.486074
16.327237,46.510748
16.281727,46.455793
16.363218,46.433592
16.360828,46.445809
16.360845,46.445761
16.300755,46.498814
16.411583,46.442116
16.338029,46.440087
16.298165,46.480596
16.341267,46.445567
16.371579,46.438766
16.29328,46.497211
16.270502,46.456931
16.246791,46.498645
16.266102,46.48115
16.344491,46.448057
16.413785,46.449099
16.373702,46.457136
16.355272,46.432813
16.360509,46.444788
16.360632,46.428254
16.385868,46.424995
16.388849,46.424965
16.410452,46.439915
16.405433,46.453858
16.405942,46.454042
16.38549,46.428598
16.367294,46.448284
16.369032,46.445936
16.374149,46.441103
16.367046,46.452955
16.381508,46.454939
16.382184,46.457462
16.36409,46.455291
16.366825,46.438742
16.36209,46.441844
16.36192,46.442311
16.36385,46.437798
16.27842,46.491572
16.317879,46.485137
16.308151,46.475861
16.32181,46.489651
16.328964,46.491867
16.333895,46.47258
16.333971,46.472637
16.33447,46.473032
16.291603,46.473264
16.291623,46.472846
16.280701,46.470833
16.278434,46.475746
16.286485,46.501604
16.272461,46.435148
16.279849,46.465213
16.301611,46.49969
16.329313,46.517434
16.299894,46.48433
16.297579,46.506323
16.306815,46.499013
16.302975,46.493656
16.281621,46.507839
16.381318,46.49941
16.375334,46.502766
16.384236,46.49395
16.37754,46.494852
16.339406,46.480592
16.386927,46.491591
16.387356,46.491189
16.387423,46.490934
16.379127,46.50287
16.407645,46.499825
16.412673,46.480451
16.372694,46.48605
16.363831,46.469342
16.385286,46.481681
16.393034,46.494276
16.359273,46.482436
16.326126,46.39552
16.337098,46.438443
16.331171,46.443269
16.29979,46.461627
16.339966,46.443443
16.324253,46.439087
16.329224,46.445459
16.404705,46.475466
16.371673,46.44041
16.320949,46.457733
16.281589,46.458907
16.280109,46.437483
16.333423,46.461387
16.330216,46.45608
16.340609,46.43882
16.291636,46.436083
16.27768,46.421788
16.32057,46.460368
16.292161,46.445837
16.305071,46.452604
16.338656,46.464472
16.377857,46.429268
16.381234,46.426134
16.38051,46.426566
16.383816,46.432246
16.372991,46.428624
16.382303,46.435343
16.37915,46.430822
16.354836,46.45175
16.413309,46.448361
16.368269,46.461397
16.312112,46.492831
16.334924,46.43252
16.358509,46.447637
16.394652,46.493187
16.394609,46.49262
16.406639,46.48207
16.391972,46.48169
16.400418,46.478613
16.398062,46.488675
16.400205,46.485496
16.389771,46.475788
16.397621,46.47925
16.396752,46.488768
16.400318,46.463625
16.394042,46.47498
16.401992,46.472294
16.393588,46.474777
16.400871,46.476013
16.368942,46.494865
16.384737,46.427718
16.318613,46.493717
16.277722,46.463251
16.341056,46.438829
16.289383,46.502369
16.361961,46.441529
16.288548,46.468303
16.282035,46.509539
16.273571,46.462483
16.31736,46.493236
16.387818,46.423054
16.356832,46.439925
16.368473,46.433036
16.380506,46.438748
16.31245,46.509488
16.345214,46.458184
16.244734,46.495866
16.376367,46.436921
16.340053,46.440573
16.348405,46.455743
16.335654,46.464452
16.322606,46.507244
16.317669,46.440492
16.414275,46.479313
16.414144,46.478823
16.41452,46.478868
16.413989,46.479399
16.41482,46.478655
16.413492,46.4789
16.414459,46.479579
16.414825,46.479491
16.414558,46.479212
16.292765,46.510529
16.402802,46.495286
16.402615,46.495433
16.312328,46.513457
16.296495,46.464758
16.314819,46.448115
16.251027,46.489197
16.273999,46.4659
16.286271,46.4505
16.392377,46.459465
16.325502,46.392037
16.328212,46.446793
16.408457,46.448722
16.382762,46.506137
16.381784,46.507416
16.30978,46.481373
16.303597,46.48446
16.305933,46.482898
16.277152,46.490804
16.347161,46.450111
16.323173,46.474212
16.360323,46.417407
16.323337,46.429486
16.323472,46.429471
16.405611,46.476414
16.35374,46.435214
16.384637,46.431611
16.384682,46.431613
16.38473,46.431615
16.343802,46.429025
16.281254,46.485801
16.380418,46.424926
16.328737,46.473973
16.384589,46.456302
16.315487,46.49627
16.292936,46.500936
16.292421,46.501744
16.358387,46.41697
16.371861,46.452681
16.359265,46.444838
16.379111,46.448173
16.270665,46.459344
16.349168,46.431339
16.292291,46.481496
16.290148,46.510353
16.314186,46.513793
16.343553,46.471218
16.27087,46.461872
16.313449,46.520094
16.274535,46.514663
16.347618,46.446358
16.279076,46.474922
16.277525,46.414864
16.336287,46.434196
16.381166,46.439731
16.324805,46.430487
16.384686,46.439209
16.327594,46.402761
16.276071,46.499482
16.365807,46.492007
16.378303,46.435003
16.410541,46.478297
16.347836,46.457543
16.285473,46.481468
16.334664,46.436427
16.269174,46.47363
16.364573,46.471288
16.319128,46.504272
16.37195,46.439044
16.366152,46.449743
16.284178,46.481885
16.304114,46.484005
16.315129,46.472417
16.369784,46.46186
16.320495,46.435167
16.336662,46.43875
16.27772,46.477346
16.397493,46.491017
16.377242,46.492681
16.338384,46.440233
16.274881,46.460472
16.274803,46.460536
16.338973,46.48079
16.288919,46.507021
16.300186,46.48253
16.289435,46.437367
16.267124,46.491374
16.320463,46.505091
16.403416,46.488773
16.271127,46.510759
16.388189,46.427367
16.348847,46.443137
16.375487,46.471468
16.280386,46.463612
16.278842,46.46472
16.328166,46.422527
16.350473,46.429094
16.392943,46.459278
16.347117,46.43724
16.346741,46.436622
16.397951,46.474146
16.382678,46.434251
16.317703,46.484011
16.397232,46.491315
16.368602,46.439096
16.371989,46.498214
16.346829,46.436697
16.39455,46.464316
16.326888,46.469068
16.32669,46.493266
16.274686,46.460578
16.274633,46.460646
16.368526,46.494715
16.396238,46.494242
16.39585,46.494448
16.361974,46.459008
16.366381,46.447463
16.366598,46.44752
16.366569,46.447299
16.350529,46.429797
16.334817,46.436652
16.39117,46.493451
16.40912,46.44586
16.382974,46.505254
16.375292,46.427825
16.378254,46.43347
16.296807,46.457327
16.274618,46.510028
16.328199,46.469872
16.330863,46.490846
16.330881,46.491093
16.375574,46.429055
16.271058,46.509635
16.271146,46.509756
16.354428,46.43541
16.329846,46.394083
16.326998,46.485578
16.361697,46.446718
16.361378,46.446691
16.347473,46.437251
16.347398,46.437029
16.38006,46.46958
16.381836,46.435516
16.361276,46.421471
16.39999,46.495323
16.399848,46.495435
16.377705,46.438111
16.377861,46.433279
16.313877,46.448081
16.381754,46.504209
16.365904,46.492465
16.331222,46.44345
16.301665,46.49184
16.345831,46.463008
16.326934,46.392453
16.360323,46.44427
16.359921,46.444
16.385835,46.432141
16.331555,46.441571
16.388387,46.49765
16.384794,46.44902
16.30004,46.429438
16.286822,46.500497
16.394662,46.492374
16.290321,46.508991
16.290398,46.509028
16.341814,46.441032
16.400705,46.475498
16.33825,46.440265
16.393173,46.464088
16.367833,46.489029
16.270424,46.511573
16.303945,46.501057
16.304103,46.501178
16.294793,46.512215
16.379173,46.435886
16.378789,46.439202
16.271049,46.452356
16.363408,46.453903
16.382866,46.431757
16.348596,46.439202
16.320747,46.488123
16.40341,46.477165
16.30716,46.461999
16.292976,46.483845
16.354947,46.433212
16.375572,46.461873
16.385918,46.431212
16.340207,46.436809
16.324583,46.429127
16.299523,46.46479
16.404411,46.479851
16.406809,46.444352
16.327448,46.443289
16.344612,46.458329
16.375621,46.504673
16.410593,46.441038
16.385867,46.467108
16.387256,46.494525
16.365942,46.467086
16.272637,46.494822
16.293516,46.467903
16.384609,46.435595
16.293429,46.467949
16.385375,46.428253
16.366004,46.459661
16.326524,46.441866
16.284425,46.49435
16.353728,46.454792
16.405122,46.449059
16.40528,46.449148
16.3626,46.43276
16.259448,46.492238
16.337869,46.439725
16.271326,46.477701
16.327438,46.446648
16.348424,46.45563
16.349791,46.422781
16.344138,46.459178
16.382039,46.427199
16.395499,46.4867
16.384931,46.455994
16.351432,46.433989
16.348237,46.443292
16.385289,46.414892
16.398063,46.414976
16.399311,46.420563
16.385321,46.416376
16.395402,46.414699
16.395023,46.416456
16.395931,46.414628
16.395658,46.415463
16.398799,46.420654
16.396591,46.419754
16.397222,46.418935
16.39541,46.415149
16.398119,46.412916
16.386696,46.417599
16.398704,46.420503
16.391686,46.415538
16.396562,46.41826
16.390812,46.423348
16.395981,46.420635
16.38749,46.420156
16.387906,46.421797
16.397662,46.414102
16.390694,46.416628
16.389848,46.42459
16.395576,46.416898
16.397434,46.420289
16.398551,46.41898
16.387029,46.417883
16.398406,46.420233
16.398929,46.419164
16.397022,46.420447
16.391875,46.416498
16.399047,46.411648
16.397225,46.420369
16.391598,46.416966
16.400036,46.412995
16.396397,46.414304
16.399891,46.421254
16.387826,46.41862
16.399035,46.413719
16.387675,46.421447
16.396974,46.418847
16.387364,46.418358
16.391615,46.415725
16.387471,46.416379
16.398583,46.419751
16.399514,46.414685
16.396858,46.413982
16.398346,46.413559
16.399564,46.42087
16.38472,46.413826
16.391669,46.416195
16.397996,46.411682
16.398362,46.411233
16.3976,46.418781
16.390317,46.416229
16.398827,46.411166
16.396483,46.420204
16.395389,46.416727
16.389872,46.425032
16.390987,46.423747
16.38667,46.417352
16.399369,46.421281
16.396765,46.418508
16.394681,46.416245
16.388359,46.422693
16.393556,46.416478
16.397249,46.414296
16.397553,46.414266
16.396694,46.420526
16.395088,46.420962
16.387875,46.416172
16.39038,46.422604
16.387639,46.416648
16.397213,46.411865
16.398506,46.420361
16.39757,46.418551
16.390818,46.424525
16.394621,46.421374
16.397664,46.412015
16.394965,46.421153
16.396655,46.414085
16.397858,46.411454
16.397283,46.41815
16.393815,46.416871
16.390817,46.423979
16.385283,46.415256
16.396255,46.415136
16.396097,46.417756
16.394423,46.415946
16.399289,46.418471
16.390356,46.414988
16.395774,46.414834
16.397496,46.419591
16.399512,46.411054
16.398364,46.419075
16.395924,46.417137
16.387296,46.416686
16.392138,46.422865
16.391867,46.41665
16.396981,46.417877
16.392505,46.422611
16.400696,46.412803
16.39588,46.417676
16.388422,46.423061
16.392443,46.416924
16.395719,46.417517
16.38662,46.416233
16.388651,46.41616
16.399344,46.419009
16.399191,46.421129
16.396849,46.418582
16.39167,46.416043
16.385066,46.415088
16.398797,46.419282
16.39033,46.415921
16.398634,46.416847
16.391418,46.423385
16.396489,46.414872
16.39659,46.421003
16.390278,46.422442
16.399035,46.418562
16.398271,46.413232
16.399155,46.419061
16.389369,46.415822
16.390424,46.424717
16.395619,46.420789
16.397172,46.414496
16.384468,46.415293
16.396374,46.417505
16.387306,46.416445
16.391192,46.423672
16.398241,46.419159
16.393269,46.422097
16.389963,46.415115
16.389931,46.415428
16.389618,46.424714
16.393058,46.422221
16.394985,46.416062
16.393242,46.416971
16.395638,46.417372
16.391663,46.415909
16.396658,46.414737
16.397602,46.42008
16.398448,46.412691
16.398902,46.420068
16.387607,46.418395
16.391944,46.422936
16.390106,46.424935
16.387891,46.416537
16.387828,46.422187
16.393524,46.421984
16.387727,46.421998
16.396596,46.417698
16.398524,46.413511
16.39795,46.412623
16.398772,46.411576
16.393472,46.416951
16.388029,46.416248
16.397956,46.419353
16.39543,46.415671
16.386893,46.416498
16.399693,46.41878
16.389973,46.41531
16.38965,46.422691
16.398794,46.4129
16.394257,46.415763
16.396336,46.420314
16.392829,46.416601
16.398238,46.41397
16.392099,46.42269
16.38875,46.416391
16.389045,46.416009
16.399729,46.421062
16.398896,46.418805
16.394174,46.416747
16.394726,46.416622
16.399042,46.420975
16.398602,46.411221
16.398617,46.419459
16.39724,46.418424
16.397016,46.414654
16.397685,46.411233
16.395409,46.417217
16.391374,46.416654
16.391622,46.423314
16.38675,46.418054
16.397844,46.414021
16.393955,46.421742
16.390621,46.42363
16.3956,46.415031
16.39186,46.417009
16.397327,46.411444
16.390831,46.416922
16.388234,46.420334
16.391758,46.416345
16.3854,46.415772
16.394477,46.421462
16.396147,46.420491
16.396573,46.417573
16.385546,46.416103
16.399095,46.415501
16.387723,46.42089
16.3913,46.42354
16.39672,46.417786
16.387462,46.420503
16.396674,46.420118
16.390461,46.424174
16.398076,46.419754
16.388251,46.416463
16.390661,46.422802
16.397681,46.419096
16.387248,46.418023
16.396744,46.418357
16.389617,46.41557
16.385828,46.416333
16.387664,46.421156
16.399381,46.412816
16.387297,46.416853
16.387774,46.421607
16.392115,46.416959
16.38667,46.416344
16.393826,46.421887
16.388454,46.419224
16.397374,46.419217
16.390012,46.424525
16.395278,46.417088
16.38637,46.417203
16.398395,46.412491
16.399105,46.420353
16.387989,46.422385
16.399542,46.418902
16.387447,46.418625
16.388993,46.423959
16.393871,46.41642
16.389305,46.424338
16.396199,46.417874
16.390145,46.422321
16.391164,46.424272
16.393165,46.41657
16.392707,46.422457
16.388849,46.416136
16.384751,46.414018
16.388741,46.423507
16.390223,46.423036
16.394784,46.421264
16.384799,46.414206
16.398523,46.412863
16.390844,46.423136
16.391307,46.415937
16.397778,46.419933
16.396344,46.41508
16.390373,46.424346
16.395955,46.415317
16.3982,46.412047
16.39298,46.422304
16.395061,46.415418
16.39621,46.414466
16.399437,46.413207
16.398201,46.411322
16.391116,46.416125
16.386018,46.416926
16.387275,46.418204
16.399616,46.412748
16.393383,46.416509
16.399539,46.421445
16.396889,46.420487
16.3869,46.417776
16.400242,46.412913
16.39803,46.41185
16.398533,46.41724
16.395129,46.415856
16.384919,46.414545
16.396978,46.419869
16.39511,46.416936
16.400502,46.411551
16.39176,46.423172
16.396105,46.417332
16.386173,46.41706
16.394908,46.416743
16.395423,46.420882
16.276214,46.481719
16.276095,46.479674
16.384918,46.435122
16.291404,46.471975
16.272569,46.494296
16.272523,46.494197
16.27223,46.493454
16.337097,46.47107
16.329255,46.478935
16.325272,46.509671
16.32553,46.509698
16.325715,46.509788
16.376954,46.492378
16.286883,46.500964
16.373266,46.501674
16.357966,46.421903
16.292395,46.484149
16.318765,46.496224
16.265195,46.46651
16.267508,46.459994
16.267897,46.460214
16.363706,46.433536
16.316695,46.493256
16.378045,46.493136
16.333355,46.435552
16.332371,46.436008
16.352362,46.434567
16.300161,46.462242
16.289243,46.416232
16.31893,46.441043
16.300096,46.462339
16.26616,46.467308
16.38092,46.438385
16.271258,46.511798
16.303193,46.508352
16.370354,46.43571
16.379801,46.438743
16.321881,46.48368
16.330335,46.490873
16.396156,46.496021
16.27995,46.463102
16.292646,46.502807
16.403394,46.475875
16.313993,46.468818
16.334017,46.435002
16.314593,46.467927
16.359602,46.470605
16.395716,46.417019
16.34662,46.457018
16.385032,46.494119
16.377456,46.428731
16.320905,46.5106
16.355943,46.431586
16.287405,46.417525
16.359513,46.4776
16.359445,46.477799
16.342593,46.451296
16.348317,46.451541
16.383631,46.457189
16.34548,46.45808
16.367126,46.45782
16.374252,46.479076
16.379508,46.468734
16.4052,46.452697
16.369827,46.445022
16.324771,46.441665
16.270777,46.507235
16.401731,46.438622
16.399683,46.430342
16.398448,46.437117
16.399682,46.434419
16.3995,46.431089
16.397563,46.437121
16.39916,46.433225
16.403244,46.436932
16.399702,46.43217
16.399631,46.436091
16.396114,46.438136
16.39948,46.433503
16.398528,46.437061
16.399515,46.430941
16.400807,46.431155
16.399822,46.434858
16.395768,46.43823
16.399165,46.436413
16.399282,46.436383
16.400098,46.434388
16.398213,46.442276
16.395047,46.438052
16.402856,46.436746
16.40176,46.430503
16.403229,46.435833
16.399902,46.431593
16.403244,46.437351
16.396646,46.43828
16.402745,46.437672
16.395835,46.438413
16.402835,46.438573
16.399776,46.434588
16.398726,46.43289
16.395988,46.43595
16.395811,46.438757
16.397644,46.436818
16.39716,46.438323
16.402721,46.437165
16.399784,46.435235
16.398994,46.436549
16.39751,46.436669
16.397796,46.436912
16.400124,46.434633
16.403432,46.437896
16.398371,46.437727
16.398932,46.436744
16.402847,46.43573
16.396408,46.438314
16.399544,46.43664
16.398861,46.433436
16.401678,46.431315
16.401312,46.431184
16.395286,46.438209
16.397733,46.437332
16.403403,46.435342
16.398847,46.432676
16.399403,46.431676
16.402624,46.431435
16.395808,46.438071
16.400022,46.435763
16.397958,46.435925
16.397509,46.437452
16.395536,46.438275
16.399607,46.434259
16.398347,46.438028
16.398593,46.436805
16.399945,46.433434
16.396991,46.441416
16.399911,46.431204
16.399513,46.43078
16.396958,46.43827
16.402922,46.437268
16.403257,46.435665
16.399863,46.435079
16.400563,46.431092
16.402873,46.438021
16.403256,46.436575
16.400364,46.435343
16.39646,46.438554
16.399463,46.432385
16.399477,46.431369
16.397508,46.442076
16.400053,46.433909
16.403221,46.436183
16.399361,46.43399
16.397402,46.437014
16.401406,46.43632
16.393555,46.437652
16.397156,46.436809
16.397031,46.436073
16.399764,46.436528
16.403314,46.436431
16.399282,46.432016
16.404238,46.431268
16.401526,46.431232
16.399191,46.432849
16.398702,46.432725
16.39796,46.437802
16.399036,46.433627
16.399102,46.432237
16.397406,46.438382
16.399085,46.437173
16.3993,46.433755
16.399514,46.436819
16.400071,46.433524
16.403259,46.436752
16.399575,46.434078
16.398988,46.433126
16.399362,46.437187
16.400094,46.4356
16.402001,46.431364
16.402854,46.437479
16.403212,46.435996
16.400605,46.435712
16.398175,46.437449
16.401079,46.43119
16.398328,46.438348
16.397364,46.436537
16.402456,46.436165
16.400129,46.436208
16.397322,46.438089
16.400339,46.435183
16.403392,46.438765
16.401898,46.43613
16.398657,46.432079
16.40288,46.43149
16.399941,46.431055
16.399797,46.435992
16.400076,46.43412
16.397965,46.437145
16.401715,46.436117
16.398536,46.433357
16.402301,46.431371
16.397075,46.436677
16.401712,46.436367
16.399528,46.43125
16.395448,46.438492
16.399152,46.436967
16.399174,46.436596
16.403662,46.436403
16.399329,46.432625
16.404091,46.436403
16.399941,46.431772
16.39962,46.430567
16.403234,46.435483
16.4,46.430879
16.398507,46.433125
16.398726,46.437524
16.300007,46.494143
16.375672,46.434927
16.348652,46.441583
16.370431,46.436403
16.353865,46.456046
16.370065,46.43573
16.385701,46.480978
16.330132,46.444137
16.318035,46.485443
16.375814,46.43603
16.399471,46.43689
16.407523,46.439222
16.388141,46.423322
16.398621,46.488772
16.327889,46.443361
16.802555,46.320643
16.604585,46.341246
16.56807,46.456341
16.568753,46.455716
16.564613,46.456467
16.564155,46.456509
16.564547,46.457161
16.564061,46.457062
16.563484,46.457642
16.563691,46.457797
16.563996,46.454695
16.564357,46.454541
16.564745,46.454317
16.563879,46.454379
16.564729,46.453903
16.567078,46.452894
16.565143,46.453605
16.565328,46.45343
16.567429,46.452686
16.566962,46.452569
16.568429,46.452272
16.569213,46.452596
16.567848,46.452046
16.568939,46.451744
16.570636,46.451673
16.573574,46.451214
16.574487,46.450824
16.573864,46.450622
16.574747,46.450337
16.57507,46.450224
16.569457,46.455895
16.57146,46.455518
16.565209,46.458618
16.566272,46.458488
16.565588,46.458213
16.566972,46.458226
16.568327,46.457786
16.569668,46.457347
16.570163,46.457186
16.565341,46.452247
16.565602,46.45528
16.565359,46.455431
16.570613,46.452361
16.570935,46.45221
16.570915,46.453557
16.571115,46.452683
16.564866,46.455904
16.565722,46.455771
16.56651,46.456164
16.566726,46.456343
16.567376,46.45612
16.567908,46.455269
16.570028,46.455017
16.569063,46.454792
16.570376,46.455011
16.571865,46.454978
16.573876,46.455247
16.572409,46.454858
16.572526,46.454847
16.574908,46.455538
16.588041,46.448573
16.58952,46.448544
16.570408,46.451642
16.577488,46.449687
16.584693,46.447689
16.587343,46.449383
16.581116,46.448376
16.570679,46.456603
16.583312,46.44768
16.591207,46.447741
16.588939,46.4477
16.569558,46.452839
16.586771,46.448765
16.564788,46.457785
16.590753,46.448205
16.588745,46.447815
16.585677,46.447847
16.590576,46.448623
16.590789,46.448641
16.581003,46.449213
16.578459,46.453309
16.569374,46.458296
16.571985,46.460263
16.56596,46.456794
16.5861,46.447972
16.588619,46.448728
16.583487,46.447663
16.567697,46.452524
16.570897,46.456565
16.568702,46.451775
16.56453,46.456207
16.564269,46.456072
16.573796,46.451157
16.570334,46.454776
16.566953,46.456718
16.570221,46.456004
16.566475,46.453197
16.572058,46.455199
16.577325,46.449803
16.591774,46.447731
16.567829,46.457569
16.577101,46.449892
16.578763,46.448644
16.580143,46.447173
16.57983,46.447474
16.578641,46.448802
16.579295,46.448015
16.5797,46.447619
16.579466,46.447832
16.577864,46.449529
16.579119,46.448198
16.578991,46.448407
16.578857,46.448524
16.578042,46.449389
16.578368,46.449121
16.578496,46.449028
16.578208,46.449258
16.581595,46.448064
16.582276,46.448145
16.582962,46.447746
16.582068,46.448078
16.582602,46.447953
16.58179,46.448136
16.58097,46.447261
16.58175,46.447997
16.580959,46.448079
16.583127,46.447791
16.580687,46.448233
16.582514,46.447969
16.582229,46.448029
16.581841,46.448327
16.583457,46.447618
16.584413,46.447662
16.584629,46.447894
16.584072,46.447717
16.584171,46.447659
16.583876,46.447642
16.583607,46.447629
16.585013,46.447764
16.589597,46.447657
16.590254,46.447703
16.589733,46.44788
16.586624,46.447867
16.588406,46.448003
16.587032,46.448592
16.586731,46.447768
16.58755,46.447774
16.586348,46.447827
16.588437,46.448454
16.588299,46.448537
16.588668,46.448458
16.587179,46.44869
16.58685,46.448508
16.586672,46.44839
16.587803,46.447793
16.588379,46.44882
16.587699,46.448903
16.587917,46.448855
16.588166,46.448917
16.589271,46.44863
16.589077,46.448348
16.588947,46.448878
16.585817,46.448276
16.586267,46.448817
16.585622,46.448155
16.585976,46.448368
16.5863,46.448692
16.586158,46.448537
16.586091,46.448436
16.586542,46.448869
16.586894,46.450833
16.58732,46.450249
16.587375,46.449999
16.587273,46.450467
16.587025,46.450933
16.587391,46.449642
16.587188,46.450681
16.585574,46.447795
16.586739,46.44756
16.586341,46.447505
16.58679,46.44742
16.586119,46.448082
16.565766,46.453822
16.563656,46.454487
16.564625,46.45441
16.562845,46.454783
16.56264,46.454863
16.563296,46.45469
16.563478,46.454542
16.564198,46.454607
16.56336,46.455089
16.564545,46.454047
16.565362,46.453979
16.56631,46.453501
16.564935,46.453735
16.564317,46.454141
16.562388,46.454958
16.563713,46.454842
16.565013,46.454182
16.564108,46.454231
16.565654,46.453201
16.569177,46.451767
16.568198,46.452338
16.567343,46.452274
16.570107,46.451644
16.56904,46.452115
16.567987,46.452012
16.567953,46.452424
16.56666,46.453125
16.569239,46.452116
16.569579,46.452137
16.566832,46.453009
16.567664,46.452122
16.566298,46.452868
16.567501,46.452187
16.568677,46.452171
16.566628,46.452708
16.568177,46.451965
16.570286,46.452018
16.567064,46.452487
16.569384,46.45206
16.56728,46.452766
16.570492,46.451998
16.569692,46.45168
16.569895,46.452001
16.56538,46.452391
16.565622,46.453043
16.565215,46.452079
16.565509,46.452734
16.565018,46.451436
16.565515,46.452881
16.572837,46.45259
16.57322,46.452369
16.571616,46.451607
16.571147,46.451683
16.574065,46.451038
16.572857,46.451565
16.574191,46.450514
16.573211,46.451401
16.574338,46.45105
16.572409,46.451367
16.571539,46.45197
16.571798,46.451915
16.571403,46.451638
16.573168,46.451005
16.573488,46.450854
16.571886,46.451536
16.573006,46.452784
16.573037,46.451479
16.572221,46.451456
16.570955,46.452025
16.572626,46.451656
16.575027,46.450689
16.574545,46.450412
16.574365,46.450477
16.572824,46.451174
16.572579,46.451312
16.575296,46.450562
16.573366,46.451327
16.568562,46.451493
16.563942,46.455554
16.572765,46.454828
16.568831,46.456483
16.564026,46.455658
16.566745,46.458318
16.567488,46.456738
16.571081,46.452925
16.572275,46.456648
16.571301,46.454905
16.570711,46.45695
16.564157,46.456337
16.574859,46.455215
16.570687,46.454753
16.570186,46.452624
16.563729,46.455309
16.571663,46.454892
16.566987,46.457262
16.565117,46.455771
16.564302,46.457267
16.572413,46.455833
16.565446,46.458654
16.57265,46.454875
16.566794,46.456882
16.569676,46.455032
16.57174,46.456109
16.568395,46.456724
16.566239,46.456173
16.570176,46.456754
16.565313,46.458235
16.571476,46.454186
16.56766,46.457979
16.572228,46.455751
16.563848,46.457273
16.573314,46.454884
16.56829,46.457403
16.569607,46.455057
16.565799,46.457201
16.568077,46.455023
16.571075,46.454903
16.569461,46.454803
16.573812,46.455085
16.563372,46.457764
16.574118,46.454769
16.571058,46.454284
16.573496,46.454852
16.573145,46.454857
16.569116,46.455686
16.571673,46.454316
16.565863,46.456367
16.569104,46.457523
16.569058,46.455191
16.568519,46.456018
16.568569,46.457722
16.566647,46.456697
16.566155,46.455037
16.56361,46.458156
16.567609,46.456046
16.565004,46.459239
16.57116,46.453217
16.567261,46.455897
16.571329,46.453661
16.569915,46.457267
16.5687,46.454109
16.571673,46.454632
16.568295,46.456143
16.570704,46.455825
16.571355,46.456402
16.567571,46.457156
16.572652,46.455754
16.565269,46.455901
16.569727,46.454808
16.574152,46.456176
16.568507,46.455891
16.568884,46.454126
16.57253,46.455285
16.567156,46.458195
16.572236,46.454756
16.569091,46.454894
16.567899,46.455472
16.572198,46.456039
16.570419,46.457093
16.571061,46.45257
16.566024,46.455936
16.574405,46.455026
16.570019,46.454792
16.569928,46.456161
16.564112,46.458181
16.566385,46.458001
16.572007,46.454648
16.564042,46.457456
16.570972,46.453793
16.56698,46.457121
16.56494,46.456167
16.563449,46.457889
16.56975,46.456092
16.564044,46.455888
16.571222,46.453426
16.571365,46.454007
16.567737,46.456581
16.564048,46.458478
16.570934,46.456887
16.56897,46.454911
16.563735,46.458256
16.573605,46.454836
16.568985,46.457111
16.569894,46.454779
16.565785,46.455204
16.57088,46.454724
16.568299,46.45522
16.569205,46.45457
16.564969,46.458248
16.57128,46.454476
16.56581,46.456104
16.570163,46.454798
16.564213,46.456908
16.574433,46.454824
16.569561,46.455943
16.564543,46.45597
16.572047,46.455419
16.563874,46.45546
16.569977,46.45681
16.567023,46.456275
16.567384,46.455877
16.565573,46.455884
16.570115,46.456288
16.566186,46.458104
16.567807,46.455588
16.568421,46.455389
16.566703,46.456137
16.570836,46.453172
16.570771,46.455528
16.563462,46.458029
16.569307,46.454414
16.564188,46.455967
16.570159,46.454978
16.568208,46.455631
16.573471,46.455185
16.564547,46.456762
16.570245,46.45548
16.571983,46.4561
16.566854,46.457881
16.573788,46.45485
16.571153,46.453086
16.566488,46.458393
16.566649,46.457914
16.567108,46.456044
16.569481,46.456963
16.564366,46.458667
16.565971,46.458731
16.570704,46.453454
16.565876,46.458172
16.568665,46.455812
16.569182,46.456342
16.568824,46.45492
16.566182,46.456445
16.564096,46.456774
16.568051,46.457487
16.571323,46.456745
16.564185,46.458586
16.564006,46.455175
16.571141,46.456492
16.573033,46.4551
16.56476,46.458288
16.568023,46.455759
16.565739,46.458545
16.570158,46.455767
16.571884,46.455751
16.572019,46.455684
16.567149,46.457781
16.569373,46.455793
16.570462,46.455948
16.56812,46.457858
16.572391,46.45558
16.565495,46.456024
16.571035,46.452427
16.568183,46.456225
16.564052,46.455246
16.571003,46.45571
16.566378,46.456436
16.573395,46.455126
16.568804,46.457629
16.575089,46.455665
16.569427,46.457435
16.570218,46.455721
16.569448,46.455053
16.564588,46.458792
16.568654,46.455307
16.573643,46.4555
16.571492,46.455904
16.564512,46.456943
16.56359,46.455191
16.500534,46.44924
16.504369,46.400747
16.54822,46.38772
16.594271,46.437837
16.59601,46.416869
16.568626,46.406835
16.476782,46.325792
16.537733,46.378604
16.518346,46.405982
16.548132,46.463866
16.503808,46.465087
16.600575,46.423961
16.602387,46.433809
16.596557,46.430793
16.540672,46.380091
16.546106,46.467608
16.541729,46.470326
16.543298,46.463756
16.543908,46.469931
16.546529,46.467725
16.577426,46.418429
16.578109,46.419174
16.577939,46.419309
16.577847,46.418738
16.550763,46.465309
16.549422,46.464162
16.596044,46.431348
16.508964,46.332787
16.498685,46.44254
16.554536,46.426728
16.556609,46.398593
16.591734,46.432288
16.57793,46.42053
16.577941,46.420317
16.548437,46.461573
16.563465,46.429144
16.549032,46.390069
16.548574,46.388587
16.547745,46.468065
16.543628,46.463749
16.544438,46.463805
16.542097,46.463533
16.543145,46.470551
16.544225,46.465615
16.536405,46.470001
16.545942,46.466998
16.537929,46.470464
16.542926,46.468541
16.541683,46.466616
16.543784,46.470149
16.546437,46.467407
16.541278,46.464827
16.54023,46.467712
16.54279,46.470418
16.541197,46.463232
16.540772,46.470447
16.546174,46.463801
16.539404,46.46866
16.541183,46.470393
16.544412,46.469862
16.545438,46.467536
16.539575,46.468546
16.545271,46.465262
16.545412,46.465636
16.537565,46.47039
16.525244,46.375103
16.516194,46.407737
16.572985,46.431663
16.508066,46.335405
16.52631,46.377058
16.526788,46.377111
16.527071,46.466204
16.603637,46.431856
16.503788,46.463635
16.498623,46.442995
16.498195,46.443042
16.499057,46.442708
16.597281,46.424423
16.596914,46.42493
16.597388,46.424971
16.594474,46.424006
16.596913,46.423614
16.59411,46.423945
16.552452,46.393425
16.553579,46.426575
16.529071,46.408873
16.509096,46.460353
16.397524,46.520516
16.560529,46.42794
16.503963,46.399497
16.55828,46.42756
16.506521,46.402258
16.50322,46.46348
16.502959,46.446703
16.565688,46.404994
16.504651,46.482591
16.502576,46.335244
16.598042,46.428809
16.529588,46.375587
16.594814,46.431423
16.502566,46.442742
16.55186,46.390868
16.513456,46.329162
16.567504,46.40644
16.530834,46.374693
16.595929,46.432375
16.507822,46.484019
16.564973,46.404676
16.585832,46.432329
16.549234,46.390377
16.603967,46.434808
16.497893,46.445954
16.524262,46.407923
16.395972,46.526365
16.549017,46.390662
16.578098,46.419416
16.574654,46.416876
16.569333,46.430274
16.504773,46.331343
16.403558,46.525432
16.553488,46.423598
16.509962,46.398019
16.552005,46.392825
16.601476,46.433202
16.504937,46.400778
16.522888,46.410276
16.549324,46.39088
16.481486,46.330203
16.550019,46.464715
16.391397,46.520204
16.610608,46.419998
16.567052,46.405834
16.526779,46.408453
16.520722,46.405046
16.394408,46.525148
16.548237,46.465565
16.523228,46.466851
16.526611,46.37001
16.599765,46.41838
16.503798,46.48352
16.601651,46.435113
16.504219,46.331561
16.603334,46.432166
16.503225,46.331704
16.527226,46.375712
16.520885,46.405596
16.536845,46.470196
16.53698,46.390688
16.566494,46.405111
16.53785,46.379216
16.475324,46.32469
16.548185,46.465389
16.562292,46.428779
16.541684,46.380109
16.592961,46.413209
16.527142,46.466749
16.509426,46.332298
16.526927,46.372121
16.609509,46.419691
16.60668,46.435486
16.397176,46.517371
16.593713,46.415958
16.611087,46.419772
16.545765,46.388908
16.528026,46.408831
16.556214,46.427084
16.602725,46.418924
16.52645,46.36986
16.524995,46.376055
16.517552,46.406098
16.599474,46.433513
16.500798,46.445024
16.50493,46.447266
16.526508,46.368514
16.507228,46.480105
16.402882,46.52487
16.557475,46.426995
16.548531,46.466628
16.501196,46.459414
16.521329,46.40652
16.506616,46.479993
16.51523,46.399861
16.598218,46.434744
16.557547,46.401607
16.506939,46.33082
16.593809,46.436842
16.598834,46.434732
16.39384,46.524844
16.528809,46.368611
16.498974,46.335036
16.57043,46.407292
16.566836,46.405615
16.514566,46.407731
16.399672,46.522817
16.596773,46.430151
16.578513,46.420216
16.55659,46.426572
16.567719,46.406254
16.561308,46.403556
16.597449,46.43501
16.585649,46.432322
16.601014,46.434802
16.510461,46.476278
16.399184,46.521358
16.527808,46.375203
16.600519,46.43306
16.575973,46.418354
16.54728,46.385681
16.538811,46.379343
16.546686,46.382599
16.545669,46.381579
16.599434,46.434385
16.535866,46.378785
16.552603,46.467319
16.554736,46.423924
16.497535,46.447656
16.538671,46.379211
16.547644,46.387279
16.502596,46.331946
16.511153,46.405599
16.507132,46.334708
16.535044,46.371166
16.59913,46.431541
16.609583,46.437302
16.510186,46.329192
16.510941,46.475859
16.529851,46.37422
16.519768,46.406233
16.500439,46.447069
16.541201,46.377053
16.551853,46.423313
16.478978,46.329139
16.510472,46.474091
16.507876,46.478595
16.545324,46.387461
16.502987,46.400416
16.500581,46.398158
16.544086,46.381487
16.541876,46.377562
16.511039,46.400308
16.501808,46.398506
16.546919,46.46801
16.556867,46.427084
16.511129,46.475634
16.50748,46.330504
16.525291,46.377096
16.594333,46.413341
16.50688,46.447331
16.562713,46.403379
16.537795,46.378865
16.395988,46.519878
16.551714,46.46665
16.511561,46.406484
16.525138,46.376543
16.507548,46.403534
16.564111,46.404173
16.520046,46.408592
16.50625,46.403492
16.602832,46.431999
16.551315,46.392241
16.597638,46.418375
16.609078,46.419714
16.527184,46.375752
16.542999,46.470587
16.518931,46.405625
16.599648,46.423992
16.546762,46.385532
16.509553,46.398491
16.551296,46.385461
16.596287,46.426512
16.596492,46.432292
16.548213,46.465911
16.518503,46.400078
16.483356,46.329361
16.576591,46.418769
16.546661,46.388279
16.547075,46.382743
16.504097,46.483705
16.532395,46.409308
16.520579,46.409183
16.497301,46.445678
16.545467,46.388991
16.501317,46.399753
16.508861,46.329407
16.549739,46.464338
16.507141,46.482755
16.533395,46.377544
16.538566,46.379221
16.503291,46.332083
16.543721,46.380853
16.519552,46.406011
16.474746,46.318988
16.401182,46.523191
16.541176,46.378665
16.552083,46.466878
16.501149,46.444904
16.501764,46.335329
16.396015,46.519736
16.399885,46.522199
16.527284,46.367703
16.590158,46.432044
16.575533,46.418576
16.520004,46.40573
16.526201,46.374005
16.550402,46.391283
16.524083,46.367733
16.504537,46.333541
16.512036,46.329557
16.548576,46.388812
16.392325,46.518319
16.51001,46.405078
16.477196,46.326684
16.544707,46.389287
16.557178,46.426914
16.589078,46.432335
16.547042,46.465524
16.50302,46.484788
16.512132,46.476411
16.561003,46.428247
16.5979,46.436047
16.398751,46.519987
16.548129,46.46226
16.528715,46.376083
16.54874,46.38916
16.396231,46.518437
16.529748,46.374483
16.546985,46.465313
16.47871,46.329327
16.589929,46.432334
16.535688,46.378779
16.5059,46.331583
16.505162,46.333417
16.529637,46.374952
16.391186,46.518422
16.51775,46.405767
16.605644,46.434632
16.511995,46.476114
16.572725,46.407266
16.561044,46.400697
16.544391,46.381062
16.547219,46.388029
16.592126,46.412613
16.542671,46.38082
16.478747,46.327296
16.604555,46.419128
16.398043,46.519621
16.606236,46.435918
16.559966,46.401315
16.55063,46.465181
16.551159,46.465709
16.548499,46.467221
16.558938,46.401258
16.500563,46.442779
16.510897,46.330114
16.514974,46.407541
16.552524,46.42381
16.568075,46.406374
16.40116,46.521207
16.556965,46.398164
16.507149,46.33056
16.505279,46.481751
16.559515,46.427623
16.507463,46.332009
16.563741,46.429275
16.506963,46.480389
16.564399,46.40433
16.514898,46.402634
16.510865,46.47667
16.532857,46.372987
16.611434,46.438486
16.59839,46.43368
16.507582,46.33136
16.537043,46.378931
16.401485,46.523989
16.557502,46.399214
16.550359,46.465007
16.544951,46.389196
16.563585,46.403737
16.599446,46.423728
16.548889,46.390462
16.506857,46.329443
16.506987,46.482977
16.531119,46.374051
16.508907,46.482772
16.547554,46.422888
16.532575,46.409295
16.549252,46.385876
16.565959,46.404849
16.527411,46.369579
16.597058,46.417397
16.538481,46.390103
16.516241,46.401622
16.524505,46.407918
16.602895,46.4349
16.564101,46.403844
16.564892,46.404287
16.556266,46.426344
16.596767,46.417518
16.497406,46.443464
16.593288,46.43679
16.579747,46.420209
16.549867,46.38431
16.555021,46.383501
16.525294,46.374998
16.53069,46.408742
16.565413,46.404519
16.596344,46.432511
16.611139,46.419971
16.528325,46.375372
16.502228,46.401338
16.603868,46.43175
16.51019,46.332009
16.512113,46.329274
16.585515,46.431962
16.477409,46.329029
16.51146,46.323455
16.519411,46.409024
16.556694,46.401429
16.603323,46.435554
16.547222,46.38231
16.548333,46.46876
16.550909,46.391872
16.554049,46.423062
16.596977,46.417236
16.54355,46.388448
16.509615,46.329497
16.537636,46.379107
16.508694,46.472906
16.572002,46.431461
16.593377,46.432235
16.52368,46.40781
16.561346,46.428375
16.394802,46.520608
16.401997,46.524405
16.500699,46.400565
16.535334,46.378587
16.52437,46.407976
16.502016,46.458361
16.602161,46.434993
16.509106,46.398499
16.55798,46.400068
16.521386,46.373744
16.517451,46.400848
16.54807,46.387016
16.583725,46.432106
16.52736,46.370416
16.531547,46.376644
16.535082,46.372368
16.597491,46.433143
16.538446,46.377312
16.566296,46.405051
16.569439,46.406866
16.538706,46.390041
16.564237,46.404244
16.549877,46.391004
16.518485,46.405647
16.527295,46.368669
16.511049,46.405108
16.600197,46.430451
16.564184,46.404542
16.507434,46.483941
16.502991,46.484897
16.548587,46.389828
16.512234,46.476685
16.557587,46.400168
16.522858,46.377497
16.562986,46.426965
16.530238,46.374876
16.546366,46.381942
16.601875,46.434203
16.500694,46.401157
16.593415,46.436973
16.593151,46.415282
16.53333,46.377924
16.566771,46.405991
16.506225,46.481207
16.508019,46.401885
16.547035,46.466317
16.596171,46.432431
16.403318,46.52472
16.597573,46.4177
16.548599,46.463257
16.594037,46.413196
16.518049,46.403472
16.590416,46.431975
16.505572,46.481219
16.532883,46.409361
16.500942,46.442706
16.503615,46.449018
16.558828,46.400844
16.395801,46.523813
16.501199,46.399909
16.396676,46.517996
16.603917,46.435168
16.589582,46.43207
16.500311,46.400244
16.504346,46.483455
16.483245,46.330483
16.508895,46.48329
16.562012,46.42831
16.530662,46.374469
16.526063,46.373837
16.503851,46.401434
16.525388,46.374516
16.561275,46.428055
16.547618,46.465627
16.55082,46.463907
16.508625,46.477406
16.575046,46.418332
16.542146,46.46993
16.500565,46.448513
16.507482,46.333982
16.395136,46.5232
16.479965,46.324905
16.529335,46.40916
16.505906,46.482447
16.506377,46.484748
16.587013,46.432281
16.510497,46.476698
16.54752,46.386007
16.543032,46.380609
16.521085,46.406022
16.545583,46.387688
16.555134,46.426154
16.513916,46.473307
16.528303,46.408835
16.52824,46.367712
16.505996,46.331831
16.548918,46.46328
16.503425,46.334943
16.504531,46.482744
16.533335,46.379101
16.520291,46.406489
16.529809,46.376494
16.401954,46.523487
16.555414,46.425885
16.595607,46.432283
16.401117,46.520927
16.561732,46.4285
16.507947,46.404071
16.595438,46.416755
16.504112,46.401063
16.599348,46.433687
16.397852,46.519777
16.548659,46.389041
16.578416,46.420462
16.552399,46.42573
16.541921,46.377397
16.396844,46.520614
16.596687,46.432296
16.545203,46.381949
16.566038,46.406142
16.548617,46.386457
16.591332,46.435214
16.532836,46.376548
16.56263,46.428563
16.541276,46.378541
16.557355,46.398911
16.593451,46.437109
16.503983,46.401219
16.500563,46.450507
16.503966,46.483961
16.598607,46.425477
16.550274,46.391629
16.507458,46.484473
16.595575,46.434967
16.500089,46.334669
16.525486,46.375913
16.560825,46.403002
16.50371,46.401558
16.552638,46.424335
16.508126,46.483432
16.52821,46.409167
16.598616,46.426041
16.552914,46.425829
16.511575,46.330735
16.558105,46.40289
16.564473,46.429264
16.507934,46.483035
16.518694,46.408871
16.526083,46.372448
16.531636,46.373753
16.520039,46.406502
16.526609,46.373001
16.568901,46.430361
16.52409,46.466156
16.550797,46.3922
16.565191,46.404724
16.510489,46.405245
16.511169,46.47545
16.554298,46.424424
16.527017,46.371603
16.482,46.328291
16.507052,46.479621
16.392033,46.526204
16.520145,46.408404
16.532277,46.373118
16.510288,46.331958
16.564768,46.429423
16.554958,46.424975
16.525398,46.374776
16.59603,46.426511
16.533686,46.377734
16.525438,46.376422
16.542106,46.377159
16.54496,46.467379
16.566173,46.404972
16.549128,46.468247
16.556316,46.426979
16.523801,46.40788
16.59991,46.418421
16.540267,46.37646
16.546194,46.383886
16.47716,46.325701
16.394063,46.521353
16.545698,46.387601
16.561373,46.40316
16.556546,46.398457
16.594502,46.41333
16.539757,46.379903
16.565793,46.405037
16.53397,46.377048
16.510494,46.396811
16.50355,46.447082
16.596171,46.413634
16.397383,46.517336
16.510067,46.332111
16.508615,46.460085
16.401912,46.521923
16.596049,46.416606
16.535513,46.378296
16.50178,46.334911
16.526681,46.372528
16.393677,46.521866
16.51189,46.405434
16.562502,46.428513
16.478517,46.328966
16.544243,46.468915
16.537329,46.376696
16.555343,46.424071
16.50317,46.451086
16.500761,46.333806
16.554366,46.428336
16.60835,46.419781
16.527973,46.366748
16.540375,46.37976
16.587776,46.432199
16.502345,46.480606
16.401428,46.523263
16.548748,46.42339
16.521096,46.373609
16.519806,46.402053
16.569254,46.406676
16.554146,46.425901
16.534286,46.372393
16.52009,46.408485
16.597203,46.418231
16.509255,46.332855
16.522712,46.377791
16.546455,46.382498
16.541313,46.380266
16.548869,46.464417
16.515486,46.402565
16.503049,46.399619
16.390724,46.519413
16.595279,46.418215
16.567877,46.430048
16.59745,46.414366
16.506359,46.447361
16.506856,46.401286
16.521654,46.406406
16.54676,46.466496
16.398146,46.523146
16.506635,46.403164
16.510389,46.328086
16.546645,46.384901
16.547341,46.382871
16.515245,46.406259
16.498653,46.400339
16.527356,46.466747
16.500685,46.444768
16.600436,46.418632
16.516819,46.406164
16.50566,46.333445
16.543778,46.381356
16.50799,46.4587
16.483486,46.329097
16.595055,46.437283
16.401993,46.519805
16.527055,46.371487
16.513686,46.324607
16.508208,46.399587
16.558546,46.427686
16.607773,46.436075
16.499087,46.443219
16.547136,46.387063
16.598128,46.435933
16.577665,46.419453
16.598676,46.423779
16.514679,46.401219
16.508508,46.399229
16.511501,46.407434
16.524613,46.407998
16.497803,46.447596
16.516991,46.406142
16.503301,46.463611
16.596799,46.42955
16.542001,46.380543
16.505214,46.402497
16.403203,46.520453
16.604629,46.419538
16.597815,46.43563
16.510508,46.474957
16.548428,46.468484
16.598653,46.41879
16.554819,46.424692
16.569226,46.407098
16.596832,46.426423
16.500712,46.444899
16.525574,46.408133
16.508962,46.39924
16.59454,46.431773
16.593718,46.437569
16.500515,46.335205
16.594906,46.418512
16.548176,46.387602
16.602263,46.434875
16.541592,46.378059
16.508893,46.39874
16.538163,46.390082
16.482671,46.328854
16.514499,46.406204
16.59354,46.435262
16.605659,46.435067
16.506875,46.401879
16.595439,46.431958
16.499966,46.400959
16.5116,46.400431
16.506307,46.481109
16.567723,46.429788
16.565776,46.388218
16.596868,46.417699
16.499206,46.447237
16.566562,46.429582
16.502347,46.331974
16.544386,46.468009
16.561441,46.428435
16.597857,46.433043
16.529734,46.374604
16.516694,46.405864
16.50548,46.332927
16.600953,46.423507
16.60033,46.423681
16.506692,46.484628
16.547008,46.385891
16.544738,46.4696
16.395139,46.52248
16.501086,46.444439
16.546856,46.382659
16.51323,46.406202
16.614735,46.439512
16.513931,46.401343
16.545502,46.467191
16.54014,46.463857
16.545421,46.46908
16.543932,46.469809
16.577836,46.419171
16.579213,46.420306
16.605647,46.431269
16.600579,46.423614
16.497553,46.443102
16.597489,46.417634
16.515973,46.407978
16.578098,46.420257
16.577587,46.420263
16.403185,46.522165
16.605254,46.419252
16.501089,46.333201
16.505223,46.482414
16.543225,46.465954
16.539414,46.463696
16.542302,46.469004
16.542263,46.46459
16.544252,46.463509
16.538635,46.47034
16.540755,46.467771
16.543609,46.46981
16.536931,46.469716
16.54567,46.46411
16.54166,46.467065
16.543946,46.46892
16.538468,46.469783
16.540223,46.463469
16.54228,46.464068
16.541309,46.470738
16.5429,46.468911
16.542982,46.463491
16.537337,46.470147
16.545675,46.46806
16.545824,46.46915
16.546433,46.4649
16.542081,46.469472
16.545296,46.467345
16.542043,46.466552
16.539289,46.465628
16.541976,46.466897
16.545697,46.46713
16.542081,46.464112
16.545109,46.463586
16.537029,46.470242
16.537669,46.468384
16.543595,46.46969
16.546123,46.464397
16.540575,46.463362
16.539945,46.465362
16.543662,46.468086
16.544969,46.465385
16.543851,46.463487
16.544728,46.463827
16.538751,46.463925
16.528129,46.367467
16.552588,46.466977
16.510225,46.333591
16.526513,46.377078
16.509989,46.404622
16.547431,46.385931
16.509401,46.331287
16.503715,46.463446
16.499315,46.442411
16.597353,46.424095
16.596907,46.424818
16.596886,46.424481
16.59732,46.424595
16.597301,46.425845
16.597291,46.426376
16.594303,46.423932
16.594888,46.424128
16.5882,46.431998
16.52582,46.408205
16.551105,46.425758
16.596583,46.436588
16.605889,46.434565
16.511286,46.330947
16.528901,46.366646
16.599139,46.418174
16.59875,46.434104
16.501167,46.331146
16.507852,46.483867
16.527494,46.369866
16.477475,46.32457
16.595122,46.417306
16.596262,46.431348
16.565733,46.429745
16.511707,46.40714
16.504616,46.331292
16.503611,46.48429
16.509307,46.398794
16.540056,46.465728
16.54394,46.38143
16.598758,46.418422
16.578873,46.419726
16.551671,46.424232
16.552094,46.466485
16.551065,46.385546
16.504813,46.482959
16.594222,46.415344
16.552872,46.39373
16.549173,46.423019
16.596775,46.4324
16.477277,46.327338
16.565506,46.429514
16.549691,46.38602
16.500715,46.449453
16.595026,46.41352
16.592955,46.436324
16.527898,46.366903
16.551912,46.425442
16.569438,46.407174
16.547711,46.464911
16.568515,46.429975
16.564802,46.429662
16.548251,46.46691
16.508042,46.399802
16.500565,46.44882
16.548495,46.390159
16.530669,46.37681
16.506571,46.480842
16.401869,46.521661
16.555741,46.426096
16.525646,46.37358
16.52758,46.366998
16.569317,46.430597
16.548378,46.386286
16.548452,46.389322
16.505075,46.331307
16.595808,46.431403
16.527156,46.408592
16.588487,46.432302
16.563708,46.403764
16.520395,46.403752
16.543452,46.381242
16.546315,46.383747
16.610368,46.4197
16.505123,46.333016
16.402367,46.524443
16.542032,46.469575
16.562737,46.403726
16.590277,46.432085
16.554695,46.426745
16.506862,46.329214
16.517191,46.400186
16.502632,46.462242
16.525624,46.375378
16.535496,46.371473
16.512046,46.406374
16.549423,46.386142
16.52681,46.408904
16.550581,46.391939
16.501986,46.400892
16.514451,46.401336
16.503057,46.447481
16.597235,46.418765
16.535799,46.37843
16.508783,46.33252
16.537675,46.378683
16.528,46.466164
16.544873,46.381281
16.577808,46.419597
16.543204,46.380699
16.565096,46.429478
16.545861,46.388551
16.547262,46.388247
16.478297,46.324656
16.527584,46.370514
16.477152,46.326252
16.573521,46.431746
16.401916,46.519477
16.565997,46.405139
16.553025,46.423553
16.55643,46.42686
16.538182,46.379343
16.52862,46.408569
16.540067,46.467975
16.560163,46.427833
16.507966,46.33112
16.591185,46.431887
16.591242,46.434803
16.548233,46.465135
16.51017,46.404683
16.500158,46.442853
16.477522,46.326207
16.400807,46.520678
16.54922,46.386267
16.609323,46.43766
16.595581,46.416775
16.546,46.384835
16.523923,46.408109
16.548586,46.382083
16.506589,46.332431
16.479961,46.329475
16.542541,46.380757
16.538098,46.378986
16.508738,46.399507
16.477176,46.32426
16.475859,46.318892
16.549963,46.463572
16.53853,46.379542
16.508418,46.328299
16.553738,46.422207
16.57722,46.418785
16.534882,46.371995
16.501181,46.332231
16.52615,46.372726
16.396241,46.520984
16.556943,46.426738
16.397039,46.521025
16.482086,46.330305
16.60372,46.431236
16.503132,46.463167
16.521791,46.395923
16.593955,46.413531
16.543925,46.386273
16.503621,46.401692
16.588223,46.432517
16.594276,46.417524
16.613219,46.439597
16.499217,46.445755
16.523321,46.40761
16.401145,46.522665
16.392773,46.522068
16.52292,46.407276
16.511949,46.475975
16.561604,46.428132
16.532628,46.373025
16.508183,46.475423
16.403122,46.522615
16.513033,46.328424
16.54629,46.384524
16.506939,46.482703
16.548015,46.461804
16.502357,46.480285
16.596461,46.43262
16.580168,46.420238
16.558721,46.427727
16.578499,46.420512
16.553073,46.39388
16.55244,46.467214
16.596956,46.414217
16.544879,46.387943
16.504011,46.451049
16.562947,46.403493
16.510979,46.398441
16.522606,46.408041
16.478438,46.326916
16.548962,46.423047
16.548923,46.389728
16.546332,46.38502
16.578787,46.420416
16.594472,46.413672
16.609672,46.419478
16.521725,46.373125
16.507271,46.333524
16.508844,46.478122
16.477513,46.328031
16.520491,46.406748
16.537182,46.470343
16.600855,46.43416
16.510271,46.399896
16.557039,46.398303
16.595459,46.416501
16.548606,46.389939
16.513214,46.324477
16.525693,46.408174
16.535551,46.409546
16.551855,46.424295
16.397785,46.520344
16.398705,46.519719
16.503896,46.447796
16.601059,46.433929
16.503933,46.465236
16.526354,46.370368
16.506383,46.447671
16.566166,46.40528
16.500867,46.446542
16.547768,46.387427
16.522492,46.368041
16.566956,46.405722
16.390976,46.518459
16.512944,46.324434
16.504706,46.401062
16.603505,46.432009
16.595465,46.434699
16.520216,46.409083
16.594799,46.435107
16.527454,46.375083
16.538654,46.390437
16.546473,46.386928
16.506458,46.331475
16.533007,46.375895
16.546057,46.387694
16.526588,46.408394
16.533354,46.375264
16.548089,46.468227
16.517529,46.400354
16.502995,46.452141
16.521462,46.406699
16.509066,46.477854
16.547702,46.465831
16.544565,46.386376
16.400591,46.520798
16.536625,46.378649
16.562462,46.403647
16.477235,46.328602
16.564416,46.429498
16.537334,46.379003
16.506844,46.329006
16.525819,46.374874
16.543322,46.463794
16.598329,46.433244
16.511023,46.398895
16.503808,46.464752
16.553249,46.423803
16.56036,46.401084
16.541896,46.376295
16.512797,46.324284
16.605449,46.43465
16.539173,46.376512
16.396022,46.520019
16.529246,46.408862
16.544967,46.38605
16.519921,46.406313
16.508478,46.482937
16.595095,46.436876
16.594285,46.415909
16.502876,46.399041
16.561875,46.428255
16.397015,46.520747
16.502838,46.480509
16.539656,46.376463
16.507248,46.403409
16.601446,46.418893
16.530029,46.376574
16.58708,46.431957
16.509222,46.460528
16.546633,46.466662
16.504486,46.333236
16.535125,46.371775
16.569783,46.406997
16.507519,46.3315
16.503109,46.481051
16.502362,46.401198
16.544679,46.387991
16.557075,46.427196
16.511129,46.406177
16.537159,46.394423
16.499654,46.398561
16.548213,46.38799
16.506045,46.484777
16.500995,46.442995
16.597729,46.414181
16.529516,46.367568
16.551573,46.466427
16.540013,46.376476
16.551935,46.464395
16.545118,46.388878
16.50078,46.400401
16.557316,46.427216
16.529553,46.375925
16.548677,46.462564
16.502501,46.4621
16.53329,46.376005
16.54572,46.388645
16.395838,46.518194
16.600643,46.430667
16.501237,46.442995
16.562292,46.403308
16.477782,46.328376
16.507351,46.400661
16.521752,46.406828
16.546566,46.384846
16.596217,46.432042
16.550448,46.385779
16.551569,46.392347
16.594739,46.416303
16.497795,46.445629
16.541778,46.377747
16.593085,46.412881
16.528057,46.409053
16.533317,46.372826
16.516413,46.399964
16.528745,46.408849
16.550756,46.46581
16.394393,46.521495
16.601012,46.433516
16.39601,46.520448
16.594678,46.415215
16.510758,46.460176
16.593135,46.436621
16.499276,46.442786
16.526482,46.370181
16.598654,46.430382
16.533711,46.4092
16.539597,46.379439
16.557857,46.402591
16.393597,46.524879
16.526175,46.374253
16.504117,46.483201
16.528508,46.366926
16.511034,46.406136
16.565573,46.406375
16.514123,46.407584
16.565632,46.404504
16.393022,46.518308
16.510843,46.475973
16.586686,46.431975
16.514155,46.406198
16.500181,46.447124
16.589991,46.43527
16.503003,46.459285
16.509933,46.458238
16.513491,46.400344
16.603718,46.434769
16.594731,46.418373
16.394788,46.524782
16.562475,46.400104
16.5091,46.459852
16.514867,46.406235
16.592249,46.432019
16.604978,46.434777
16.564675,46.429633
16.595906,46.426753
16.503526,46.463095
16.546677,46.467917
16.502548,46.400943
16.524092,46.465679
16.561573,46.40321
16.542674,46.376149
16.479936,46.329662
16.596622,46.434898
16.603168,46.432308
16.497646,46.332733
16.502463,46.446586
16.575636,46.418652
16.596963,46.432882
16.591402,46.412824
16.537377,46.46812
16.511289,46.407261
16.54409,46.386147
16.391997,46.526242
16.512604,46.400509
16.595752,46.434608
16.503933,46.483417
16.53448,46.37838
16.528485,46.367227
16.55902,46.42777
16.607198,46.435787
16.53315,46.377854
16.59323,46.416115
16.500314,46.443555
16.608901,46.41977
16.590368,46.434905
16.50173,46.460269
16.565203,46.429828
16.50597,46.480734
16.552194,46.423193
16.39148,46.5204
16.505339,46.333398
16.549078,46.467577
16.595574,46.436985
16.395874,46.519182
16.518231,46.408213
16.589204,46.43236
16.568735,46.43029
16.500506,46.443902
16.547642,46.38704
16.50965,46.333448
16.606558,46.435365
16.534831,46.372166
16.598228,46.417898
16.601016,46.432017
16.55776,46.427385
16.596202,46.431077
16.534031,46.379598
16.550817,46.384331
16.501519,46.459943
16.546866,46.386853
16.544452,46.387779
16.548754,46.390114
16.561096,46.400396
16.512104,46.473682
16.590802,46.432049
16.507531,46.479774
16.56534,46.40479
16.401728,46.521558
16.525228,46.376358
16.598715,46.429375
16.537971,46.379305
16.557724,46.399395
16.527947,46.368631
16.547515,46.461605
16.53208,46.409237
16.564954,46.429427
16.510698,46.406005
16.508829,46.329755
16.500672,46.450301
16.553014,46.423793
16.50494,46.482827
16.601762,46.433947
16.500858,46.445264
16.403733,46.524042
16.55176,46.46622
16.594623,46.430169
16.502277,46.400531
16.516342,46.401468
16.556884,46.399054
16.551286,46.46627
16.520971,46.405916
16.598553,46.435191
16.600882,46.43337
16.546439,46.388362
16.548448,46.423405
16.537738,46.379136
16.513228,46.407205
16.504175,46.457861
16.598627,46.424225
16.588919,46.432356
16.400056,46.519606
16.503139,46.334748
16.501994,46.398666
16.552354,46.46432
16.53276,46.373299
16.511321,46.40771
16.399925,46.520249
16.509304,46.460857
16.551807,46.469468
16.597444,46.430081
16.512088,46.329399
16.612546,46.438698
16.599012,46.424603
16.558124,46.400295
16.570549,46.431055
16.518397,46.40182
16.590498,46.435221
16.530876,46.376877
16.5186,46.403868
16.539245,46.379787
16.52783,46.409032
16.507532,46.483848
16.393023,46.521237
16.515339,46.400233
16.392223,46.520867
16.507176,46.403858
16.539557,46.379874
16.593632,46.437995
16.507921,46.483639
16.510594,46.475408
16.548994,46.386292
16.596545,46.426785
16.527291,46.368753
16.58394,46.431623
16.55721,46.427179
16.506447,46.401749
16.558205,46.427169
16.481035,46.328149
16.602706,46.419221
16.525765,46.375003
16.550487,46.463775
16.562444,46.428778
16.502268,46.461265
16.496112,46.443641
16.610554,46.41969
16.594489,46.437721
16.517703,46.406047
16.506321,46.33233
16.537377,46.390492
16.591114,46.43521
16.603566,46.431341
16.540593,46.465059
16.50548,46.48146
16.511111,46.400664
16.501941,46.335333
16.55874,46.400777
16.5241,46.407877
16.542847,46.380557
16.539145,46.389863
16.507553,46.330646
16.537323,46.37871
16.533037,46.376381
16.551024,46.463704
16.595927,46.436524
16.508204,46.403806
16.566303,46.429573
16.551369,46.465906
16.576738,46.419358
16.558869,46.401172
16.510146,46.397158
16.594852,46.436984
16.504636,46.400438
16.544276,46.388164
16.550654,46.384016
16.550709,46.391634
16.507819,46.458233
16.530471,46.376733
16.560831,46.400865
16.529503,46.367756
16.503457,46.484439
16.544319,46.469228
16.551284,46.425738
16.57562,46.418172
16.509467,46.398003
16.525104,46.37585
16.527758,46.376263
16.504221,46.401752
16.400443,46.522215
16.550396,46.384677
16.511778,46.405838
16.585179,46.43231
16.59479,46.41343
16.482863,46.328992
16.602043,46.432783
16.548191,46.468339
16.53706,46.376726
16.5245,46.408271
16.535932,46.371655
16.561136,46.428304
16.503705,46.334122
16.511357,46.40525
16.54712,46.467069
16.535512,46.378644
16.507454,46.330383
16.510285,46.334561
16.478583,46.327497
16.561022,46.400448
16.47734,46.326447
16.503419,46.33331
16.548188,46.388792
16.592025,46.435257
16.393175,46.525562
16.608638,46.436496
16.516617,46.406232
16.515664,46.407683
16.477416,46.327526
16.507548,46.479027
16.550675,46.463535
16.539823,46.379678
16.579505,46.420206
16.506091,46.44728
16.592361,46.435242
16.52054,46.407078
16.525668,46.375487
16.579067,46.419915
16.506761,46.479918
16.610839,46.438133
16.518622,46.405676
16.50547,46.403141
16.508073,46.403744
16.592017,46.432018
16.519777,46.40898
16.551694,46.39254
16.546026,46.384697
16.395208,46.52232
16.51417,46.399773
16.558436,46.401317
16.483335,46.330267
16.562622,46.399991
16.550493,46.465074
16.610316,46.419943
16.524238,46.466383
16.511569,46.406796
16.507399,46.403486
16.507878,46.331034
16.509161,46.477544
16.506202,46.402972
16.51031,46.460129
16.599797,46.418604
16.597979,46.433437
16.510734,46.405432
16.507925,46.331391
16.519268,46.40592
16.512339,46.400206
16.509151,46.329581
16.602456,46.435303
16.531572,46.409234
16.509086,46.404211
16.550705,46.392056
16.593761,46.437755
16.52792,46.375961
16.547353,46.46814
16.518903,46.405928
16.512118,46.330645
16.551514,46.464222
16.558579,46.401541
16.508472,46.458559
16.558639,46.400682
16.578416,46.419417
16.558975,46.427478
16.506578,46.401627
16.605803,46.435274
16.50212,46.451276
16.598467,46.4338
16.527102,46.466111
16.509363,46.401149
16.512708,46.406127
16.510392,46.397454
16.499992,46.450611
16.557001,46.400932
16.519232,46.408547
16.5494,46.464582
16.50119,46.330969
16.391621,46.520966
16.523222,46.408079
16.558328,46.42726
16.541795,46.463746
16.518919,46.401811
16.56414,46.429114
16.601435,46.435039
16.5482,46.463742
16.548009,46.463986
16.504514,46.33141
16.599746,46.423713
16.543433,46.4659
16.500948,46.445885
16.537548,46.468277
16.539622,46.463627
16.541051,46.470608
16.512026,46.405487
16.577727,46.418834
16.57829,46.419235
16.504421,46.457799
16.496038,46.443261
16.495816,46.443281
16.516062,46.407994
16.597245,46.43491
16.577823,46.420223
16.508235,46.329891
16.559438,46.427915
16.550389,46.467965
16.503096,46.399115
16.504884,46.402897
16.508065,46.331741
16.478523,46.324605
16.481658,46.328606
16.553247,46.423595
16.549307,46.462858
16.54737,46.467896
16.520636,46.407281
16.545939,46.464247
16.542999,46.468831
16.543002,46.463925
16.539645,46.466
16.546318,46.467287
16.546032,46.466913
16.541161,46.47051
16.543018,46.468449
16.540027,46.463523
16.54138,46.463171
16.53947,46.470475
16.5465,46.466738
16.544333,46.469755
16.540703,46.467189
16.538964,46.469479
16.542747,46.468981
16.542825,46.46367
16.540397,46.463745
16.543999,46.469671
16.538261,46.470212
16.545577,46.467019
16.5433,46.468619
16.545149,46.469477
16.539042,46.469023
16.538914,46.463837
16.543201,46.46386
16.539924,46.466943
16.541799,46.466985
16.543196,46.468692
16.544298,46.469357
16.537544,46.469755
16.545439,46.468513
16.542626,46.469327
16.543615,46.468459
16.541524,46.467152
16.527015,46.379833
16.395481,46.525105
16.511908,46.475784
16.595706,46.416563
16.523128,46.376854
16.509613,46.334051
16.509335,46.333815
16.508846,46.33358
16.526073,46.377107
16.586319,46.432344
16.595032,46.424063
16.5969,46.424302
16.597296,46.426206
16.59732,46.426634
16.5973,46.426911
16.593372,46.415887
16.52737,46.366003
16.55066,46.465634
16.548196,46.383222
16.518975,46.400763
16.597953,46.418361
16.547099,46.468176
16.538629,46.469315
16.524619,46.374334
16.557584,46.402202
16.519302,46.372705
16.556035,46.46411
16.556364,46.426421
16.504497,46.400585
16.552252,46.467039
16.587523,46.432159
16.57249,46.431585
16.59706,46.434589
16.508638,46.477101
16.508624,46.472735
16.396843,46.524697
16.513718,46.473297
16.508924,46.331592
16.535497,46.409814
16.39081,46.519799
16.601653,46.433018
16.512122,46.476281
16.561672,46.426296
16.548409,46.388389
16.591218,46.412788
16.592687,46.412756
16.586498,46.431969
16.540472,46.380051
16.501803,46.446656
16.477476,46.328167
16.511625,46.329823
16.508653,46.460342
16.480417,46.327835
16.505976,46.447302
16.555625,46.425992
16.509583,46.329136
16.537544,46.379051
16.51973,46.401875
16.510717,46.4755
16.548613,46.388926
16.550977,46.465863
16.552195,46.422548
16.400737,46.520584
16.401439,46.521093
16.526901,46.368891
16.527445,46.409739
16.510948,46.40547
16.548116,46.38717
16.598423,46.435256
16.555916,46.427401
16.575957,46.418853
16.476536,46.32441
16.557744,46.40244
16.598934,46.418156
16.596546,46.42651
16.568098,46.429827
16.526703,46.372642
16.506878,46.480492
16.51475,46.407797
16.538732,46.377281
16.512547,46.405697
16.400135,46.522274
16.502334,46.461428
16.525068,46.376862
16.502339,46.461752
16.600522,46.418367
16.48291,46.329396
16.530541,46.374018
16.540269,46.380007
16.554396,46.426649
16.511222,46.475084
16.545782,46.467977
16.59849,46.426375
16.499709,46.400815
16.403399,46.522928
16.501102,46.401324
16.402095,46.522031
16.593159,46.431974
16.567519,46.429978
16.54088,46.464945
16.563868,46.429314
16.510664,46.331302
16.567336,46.40638
16.508938,46.477997
16.553157,46.394007
16.52074,46.40519
16.5076,46.335044
16.548971,46.463019
16.511006,46.396752
16.508259,46.4582
16.52458,46.408281
16.521609,46.410046
16.508432,46.473929
16.549878,46.423696
16.549029,46.386011
16.513597,46.407066
16.53142,46.373927
16.500756,46.449559
16.527569,46.369212
16.53079,46.409239
16.506861,46.484523
16.599883,46.432273
16.548693,46.38614
16.50322,46.484649
16.520842,46.405395
16.509832,46.404925
16.553991,46.422861
16.607936,46.437124
16.546527,46.387316
16.499921,46.44716
16.596348,46.416752
16.593812,46.414569
16.592289,46.412994
16.567695,46.430024
16.611045,46.438252
16.516954,46.400136
16.570706,46.407355
16.609054,46.436898
16.551819,46.422611
16.502747,46.333503
16.395949,46.523219
16.598572,46.424523
16.52704,46.466763
16.594901,46.437382
16.560233,46.428151
16.47672,46.325412
16.527814,46.368952
16.552134,46.464198
16.500476,46.448706
16.506632,46.48073
16.506851,46.447685
16.546079,46.388502
16.530022,46.375038
16.506298,46.332144
16.525962,46.373236
16.511676,46.332018
16.51122,46.395534
16.503136,46.449831
16.565931,46.406616
16.571192,46.407741
16.521637,46.405965
16.395856,46.523994
16.510828,46.406049
16.599787,46.432653
16.563732,46.428739
16.546825,46.468972
16.510823,46.47556
16.50833,46.329597
16.520311,46.403582
16.593164,46.432264
16.546585,46.388576
16.562007,46.403252
16.535783,46.370489
16.514389,46.400246
16.502293,46.45162
16.511234,46.460739
16.535754,46.370757
16.514735,46.407438
16.518246,46.408538
16.59099,46.432308
16.47772,46.327466
16.52672,46.372907
16.531727,46.408853
16.504379,46.447117
16.4823,46.328608
16.507324,46.332016
16.60148,46.431587
16.523024,46.407485
16.502647,46.462355
16.39519,46.523063
16.551193,46.424109
16.513934,46.400288
16.558528,46.427326
16.396853,46.523188
16.534544,46.409365
16.552203,46.424502
16.600295,46.432934
16.548395,46.386515
16.509352,46.404324
16.504167,46.465619
16.599039,46.425736
16.520954,46.406503
16.50868,46.328274
16.513267,46.400354
16.510447,46.459375
16.477982,46.32458
16.497157,46.443503
16.500119,46.334222
16.597122,46.432594
16.508552,46.478502
16.504039,46.331524
16.521182,46.408603
16.483598,46.328905
16.600567,46.431089
16.504925,46.402419
16.526774,46.369575
16.398398,46.52314
16.508859,46.460793
16.568972,46.406705
16.525051,46.375932
16.574712,46.418087
16.393338,46.52544
16.391384,46.518845
16.592954,46.415008
16.54835,46.389039
16.550846,46.385629
16.534489,46.372224
16.609051,46.437437
16.598131,46.418631
16.536064,46.371477
16.528788,46.375632
16.531547,46.373791
16.537444,46.37901
16.524859,46.466559
16.593068,46.436459
16.500747,46.446979
16.524666,46.37627
16.54891,46.383083
16.543439,46.466325
16.57378,46.438324
16.599575,46.434141
16.395628,46.519992
16.523446,46.407687
16.548377,46.464631
16.503787,46.399387
16.599962,46.432699
16.594263,46.41617
16.587945,46.432222
16.546937,46.382188
16.598233,46.414862
16.480833,46.329658
16.517148,46.406188
16.503604,46.334745
16.555925,46.426505
16.590241,46.432325
16.612806,46.439326
16.565893,46.406244
16.399953,46.526349
16.548555,46.38972
16.558045,46.40017
16.528509,46.368108
16.524658,46.408472
16.395587,46.521947
16.547781,46.461942
16.510448,46.399605
16.522862,46.408048
16.508024,46.33272
16.478568,46.32656
16.500782,46.449681
16.508736,46.331646
16.567842,46.406546
16.55211,46.464509
16.539323,46.37953
16.518213,46.405986
16.554667,46.426387
16.510528,46.396682
16.597457,46.436254
16.601375,46.418497
16.513679,46.405927
16.596853,46.436487
16.525968,46.408255
16.508771,46.478222
16.500617,46.447562
16.511235,46.396457
16.507699,46.330964
16.609393,46.437179
16.509711,46.33184
16.395394,46.519149
16.551095,46.465617
16.476017,46.325106
16.504769,46.333498
16.60684,46.435567
16.529896,46.375225
16.510846,46.405039
16.545753,46.385082
16.593966,46.435181
16.52473,46.466462
16.507741,46.40017
16.595807,46.413568
16.513007,46.399973
16.552577,46.393534
16.557345,46.426964
16.501652,46.332153
16.524258,46.465854
16.501678,46.331041
16.549468,46.423547
16.54375,46.376105
16.50805,46.328608
16.52023,46.407158
16.506676,46.333429
16.598804,46.429652
16.543504,46.470317
16.54591,46.384327
16.600102,46.418433
16.598254,46.435734
16.509408,46.329528
16.501244,46.445124
16.393751,46.520638
16.514664,46.405907
16.503251,46.484053
16.566715,46.405535
16.535674,46.371186
16.526393,46.408653
16.599894,46.434442
16.545052,46.381872
16.503112,46.449129
16.574086,46.407216
16.569041,46.430387
16.533617,46.375603
16.549117,46.390223
16.50425,46.333607
16.548778,46.38636
16.596892,46.431387
16.598029,46.41433
16.544713,46.381696
16.564362,46.404027
16.559162,46.42752
16.476322,46.324414
16.508439,46.403902
16.402016,46.522702
16.527513,46.40871
16.503126,46.400257
16.481533,46.329933
16.395321,46.524425
16.506308,46.480458
16.510237,46.328921
16.480634,46.32989
16.39988,46.522673
16.395913,46.525323
16.395881,46.519072
16.548686,46.468642
16.546304,46.388662
16.52689,46.369462
16.510642,46.40534
16.560325,46.401219
16.506791,46.332221
16.608116,46.437244
16.593262,46.436065
16.506054,46.480571
16.547388,46.382396
16.505039,46.400646
16.478941,46.329403
16.590173,46.435229
16.594476,46.436994
16.600735,46.434673
16.399604,46.520023
16.55504,46.426937
16.511488,46.400764
16.53623,46.378543
16.500544,46.447958
16.567019,46.429911
16.544916,46.385596
16.593026,46.416003
16.567502,46.406127
16.496908,46.44351
16.59907,46.418295
16.549158,46.383136
16.546439,46.38469
16.551688,46.466528
16.508929,46.328256
16.570179,46.407116
16.593713,46.413047
16.592995,46.435281
16.393182,46.518738
16.522372,46.377531
16.502065,46.446377
16.538173,46.390704
16.550228,46.465294
16.527028,46.370896
16.596519,46.417172
16.526976,46.408907
16.525583,46.408409
16.397929,46.520042
16.552723,46.393638
16.596481,46.413739
16.517066,46.400599
16.515839,46.399868
16.501667,46.334762
16.5306,46.373922
16.500233,46.450585
16.50635,46.330954
16.603344,46.434774
16.527736,46.369153
16.476896,46.325568
16.51358,46.472925
16.509959,46.328152
16.559182,46.401736
16.546346,46.464738
16.524835,46.408281
16.510311,46.330432
16.596607,46.414963
16.571068,46.407462
16.529586,46.366858
16.396096,46.519601
16.591595,46.412453
16.54135,46.378402
16.508726,46.403987
16.558144,46.400956
16.40215,46.521597
16.516116,46.40179
16.565703,46.404689
16.573714,46.407286
16.530348,46.37629
16.597963,46.435982
16.508862,46.473799
16.596774,46.429844
16.52607,46.372879
16.600414,46.434491
16.611358,46.438907
16.527583,46.369318
16.400641,46.52255
16.607703,46.436866
16.553705,46.423593
16.395904,46.524757
16.508035,46.457722
16.397863,46.520192
16.403517,46.523736
16.594526,46.434819
16.543096,46.466459
16.600808,46.43275
16.511363,46.407041
16.544497,46.389389
16.597101,46.418067
16.524106,46.408134
16.527578,46.466737
16.524209,46.408207
16.52781,46.466798
16.566585,46.429864
16.551876,46.423691
16.500023,46.44321
16.53125,46.409132
16.598978,46.423666
16.506648,46.40213
16.509254,46.460679
16.402955,46.522971
16.508468,46.329532
16.506235,46.482305
16.524729,46.376132
16.552352,46.422938
16.548271,46.465712
16.590343,46.435297
16.594709,46.437443
16.596664,46.416933
16.52138,46.409961
16.520441,46.40336
16.503748,46.48407
16.512219,46.323638
16.570916,46.407691
16.560913,46.400762
16.549192,46.468138
16.531899,46.409242
16.602857,46.432595
16.585239,46.431894
16.578009,46.419669
16.522303,46.377679
16.500706,46.444643
16.516362,46.407782
16.559396,46.401549
16.507059,46.447279
16.508578,46.476993
16.599017,46.4262
16.392994,46.518684
16.500381,46.44281
16.513988,46.406227
16.528419,46.368304
16.395233,46.52265
16.516332,46.408102
16.511536,46.460685
16.533492,46.378038
16.553108,46.425022
16.601826,46.434867
16.396408,46.518805
16.501879,46.460506
16.584707,46.432272
16.511418,46.33087
16.40347,46.525204
16.508383,46.401636
16.54394,46.388288
16.594577,46.417829
16.395301,46.523399
16.508307,46.458388
16.548209,46.422984
16.513706,46.406209
16.400052,46.520339
16.501984,46.401742
16.521183,46.406422
16.498809,46.399955
16.400918,46.52078
16.538084,46.469663
16.587869,46.431952
16.479634,46.327326
16.511767,46.330627
16.523802,46.373726
16.557841,46.399824
16.531646,46.373243
16.546084,46.384037
16.501193,46.332878
16.520133,46.406792
16.544401,46.465554
16.544084,46.467851
16.506104,46.481313
16.522469,46.377377
16.596296,46.426775
16.557769,46.400416
16.509624,46.404832
16.547977,46.462998
16.548588,46.461741
16.550435,46.423967
16.500708,46.444534
16.598573,46.433905
16.544441,46.388094
16.594792,46.418666
16.511773,46.40038
16.526843,46.466673
16.566821,46.429612
16.609587,46.419959
16.548508,46.461296
16.551193,46.391968
16.600279,46.418272
16.598043,46.417816
16.575793,46.418773
16.511485,46.473525
16.548274,46.38889
16.531464,46.373357
16.60132,46.431736
16.394056,46.520929
16.532804,46.376124
16.502676,46.400077
16.502277,46.48008
16.504863,46.333031
16.499312,46.445475
16.592763,46.432008
16.511108,46.330821
16.523566,46.374172
16.595598,46.43201
16.533919,46.372549
16.502905,46.402113
16.537542,46.376672
16.548144,46.464568
16.504862,46.482304
16.560068,46.40264
16.597724,46.432937
16.523864,46.407776
16.476323,46.325058
16.395901,46.525151
16.394212,46.519066
16.515101,46.400216
16.516756,46.400042
16.525426,46.408383
16.502805,46.399929
16.600019,46.430327
16.593859,46.43136
16.557194,46.398674
16.593267,46.435254
16.513475,46.399908
16.478141,46.328037
16.510543,46.330395
16.567124,46.403614
16.500868,46.45048
16.521293,46.409809
16.503927,46.457927
16.595664,46.436632
16.556707,46.398756
16.531282,46.373335
16.61242,46.439063
16.503551,46.333779
16.562542,46.428856
16.588897,46.432007
16.596042,46.414689
16.544395,46.467629
16.605106,46.431315
16.5102,46.397755
16.530978,46.374171
16.503776,46.448437
16.538469,46.469405
16.592901,46.439345
16.501266,46.333721
16.508643,46.459225
16.510547,46.397329
16.502814,46.462703
16.598973,46.424277
16.599264,46.434456
16.502258,46.447018
16.546056,46.382304
16.531393,46.374069
16.599262,46.418575
16.594181,46.435157
16.503794,46.331745
16.513498,46.405875
16.480935,46.327846
16.573267,46.407273
16.402477,46.521768
16.500562,46.401108
16.506605,46.44772
16.552753,46.4245
16.509527,46.400928
16.562111,46.40025
16.546174,46.384894
16.520926,46.409437
16.504235,46.400911
16.508227,46.459206
16.524438,46.466584
16.390994,46.518839
16.502895,46.451982
16.597862,46.41776
16.591379,46.432263
16.504089,46.4642
16.54731,46.461713
16.600398,46.432548
16.563335,46.429093
16.548379,46.468831
16.540415,46.463413
16.517303,46.405815
16.521381,46.409379
16.546262,46.381782
16.512566,46.473206
16.604704,46.43483
16.552422,46.42467
16.548279,46.463621
16.547938,46.464224
16.527007,46.374856
16.508563,46.332991
16.507813,46.400624
16.538827,46.469564
16.543089,46.469313
16.546142,46.466834
16.539191,46.463788
16.544018,46.465696
16.538667,46.464991
16.577551,46.419001
16.577462,46.418984
16.501971,46.460637
16.509101,46.477161
16.479502,46.329548
16.499506,46.442919
16.577577,46.420407
16.57781,46.420504
16.577232,46.41995
16.577815,46.420025
16.5776,46.420095
16.50356,46.451128
16.526722,46.372782
16.506422,46.482393
16.570595,46.40758
16.548069,46.383094
16.504693,46.33321
16.547614,46.467983
16.604126,46.431662
16.54151,46.463579
16.538497,46.470251
16.540144,46.467848
16.543162,46.463602
16.540445,46.465604
16.541213,46.466903
16.541512,46.466711
16.545942,46.467926
16.545673,46.468558
16.542489,46.470633
16.538765,46.469187
16.546175,46.467807
16.542218,46.469273
16.542373,46.466421
16.543978,46.469281
16.541479,46.470604
16.544541,46.465446
16.543196,46.46991
16.544838,46.467538
16.544324,46.467761
16.545636,46.465617
16.542803,46.470726
16.53674,46.470087
16.539793,46.463592
16.539801,46.465835
16.537283,46.470393
16.543809,46.467998
16.538261,46.470532
16.542498,46.469547
16.530474,46.37484
16.520556,46.406044
16.510406,46.333934
16.525492,46.377052
16.525833,46.377167
16.508852,46.334193
16.500572,46.444049
16.523221,46.395916
16.495566,46.443271
16.501689,46.399282
16.596887,46.425517
16.597313,46.425318
16.596913,46.425172
16.597329,46.425501
16.594988,46.424276
16.594956,46.424013
16.597334,46.42478
16.596917,46.42536
16.596883,46.423741
16.59512,46.423945
16.542309,46.469685
16.560425,46.400758
16.510098,46.405155
16.507135,46.403327
16.539101,46.379448
16.513853,46.324986
16.506395,46.333377
16.550044,46.39147
16.401345,46.523872
16.594747,46.43034
16.555156,46.42546
16.519672,46.404103
16.504042,46.447249
16.541367,46.466811
16.504747,46.400274
16.526156,46.37219
16.514687,46.40217
16.526282,46.408569
16.605646,46.435745
16.527284,46.369835
16.555635,46.424014
16.540852,46.379871
16.548487,46.42294
16.591438,46.434832
16.577116,46.419609
16.603016,46.432425
16.521786,46.395735
16.59799,46.418619
16.551617,46.392462
16.603952,46.419421
16.527238,46.466557
16.597295,46.430324
16.501769,46.44303
16.578838,46.420603
16.513649,46.328922
16.477937,46.327441
16.597159,46.413862
16.483105,46.32919
16.515345,46.407964
16.521396,46.406667
16.595853,46.432067
16.512677,46.324121
16.599491,46.41857
16.541875,46.38046
16.544716,46.388983
16.49941,46.447193
16.607197,46.436452
16.59769,46.41774
16.554261,46.424302
16.595219,46.431873
16.538957,46.379381
16.506033,46.403375
16.52629,46.373301
16.503542,46.483761
16.516074,46.399914
16.562701,46.428876
16.596669,46.434576
16.534793,46.377449
16.504755,46.482473
16.571809,46.407665
16.524244,46.465318
16.560317,46.402783
16.512791,46.473143
16.551662,46.464341
16.558404,46.427593
16.395214,46.525111
16.548682,46.382887
16.396688,46.521085
16.39224,46.521857
16.399738,46.522139
16.549143,46.462937
16.551909,46.391093
16.591603,46.412852
16.502942,46.331784
16.559843,46.428095
16.547647,46.383061
16.509332,46.476824
16.526706,46.368027
16.578718,46.419852
16.509427,46.398645
16.479768,46.326827
16.600895,46.433609
16.528219,46.40905
16.60262,46.432681
16.54426,46.387862
16.543361,46.463563
16.576488,46.419217
16.594679,46.414619
16.598667,46.426634
16.507529,46.334207
16.502631,46.446612
16.538749,46.39036
16.548141,46.466742
16.566896,46.429881
16.572778,46.431635
16.562868,46.399947
16.525925,46.4085
16.545283,46.385904
16.504135,46.447707
16.565495,46.40654
16.510961,46.460793
16.527095,46.46641
16.506768,46.401402
16.480104,46.329766
16.564818,46.404566
16.597451,46.429658
16.528508,46.466058
16.544711,46.463504
16.552424,46.393295
16.500294,46.401035
16.510717,46.398743
16.565718,46.406338
16.556269,46.428664
16.548858,46.383494
16.51649,46.407844
16.515661,46.402231
16.559821,46.401345
16.500794,46.39956
16.537946,46.390713
16.592003,46.412941
16.518236,46.400246
16.599297,46.418291
16.504833,46.400932
16.596231,46.436736
16.599032,46.426751
16.510053,46.397907
16.566326,46.40564
16.546252,46.388418
16.504697,46.402337
16.598959,46.435449
16.589854,46.434766
16.504274,46.482981
16.545191,46.389107
16.565714,46.429518
16.510404,46.331764
16.547031,46.467277
16.537184,46.378669
16.505115,46.447243
16.522964,46.408154
16.394532,46.520622
16.478049,46.328258
16.548123,46.388492
16.502631,46.450751
16.50819,46.329645
16.557456,46.399988
16.520134,46.407549
16.596796,46.429418
16.587457,46.431938
16.609818,46.419623
16.525084,46.377042
16.594054,46.438221
16.596988,46.432481
16.593438,46.412953
16.515594,46.402393
16.525129,46.375578
16.565064,46.404362
16.396922,46.517425
16.548041,46.388298
16.596055,46.43211
16.508162,46.479022
16.510812,46.474946
16.592997,46.432008
16.394132,46.525165
16.549557,46.463976
16.509028,46.460054
16.595209,46.41642
16.556472,46.426501
16.576968,46.419507
16.40252,46.52487
16.513712,46.401479
16.548977,46.389981
16.507948,46.331838
16.596191,46.432224
16.551329,46.46387
16.481541,46.328452
16.525359,46.376187
16.402295,46.524797
16.391821,46.52613
16.50133,46.335064
16.595398,46.413581
16.547929,46.423328
16.558323,46.401142
16.514335,46.406187
16.524584,46.466703
16.508223,46.331768
16.50846,46.483678
16.595078,46.416353
16.509578,46.331296
16.506139,46.447665
16.598119,46.423678
16.51195,46.406753
16.555068,46.42514
16.601183,46.431407
16.508962,46.474397
16.482235,46.328914
16.563573,46.403937
16.561102,46.42805
16.395539,46.526118
16.550346,46.423448
16.60123,46.431012
16.527311,46.371284
16.504568,46.483243
16.530079,46.367008
16.59848,46.435464
16.538388,46.390486
16.523188,46.46674
16.50761,46.32992
16.598723,46.43482
16.499978,46.399004
16.525463,46.408059
16.477732,46.328516
16.547712,46.465336
16.501191,46.450141
16.575323,46.418529
16.532007,46.373096
16.482059,46.328797
16.538229,46.379603
16.562187,46.428378
16.509028,46.401528
16.524196,46.465162
16.525294,46.408375
16.537776,46.376626
16.5064,46.480335
16.550934,46.467776
16.509698,46.398357
16.50684,46.328733
16.535675,46.371887
16.507838,46.403652
16.560506,46.401018
16.521773,46.410123
16.507329,46.330806
16.56206,46.428626
16.59541,46.436733
16.551213,46.467658
16.527775,46.367169
16.502204,46.453269
16.500897,46.449818
16.578235,46.419519
16.527867,46.408784
16.528268,46.466577
16.516419,46.451955
16.503484,46.399983
16.51416,46.400251
16.507657,46.330849
16.529078,46.367925
16.504379,46.465992
16.569473,46.430705
16.395654,46.520244
16.510032,46.45839
16.538292,46.379399
16.508377,46.459524
16.526282,46.373813
16.562216,46.428677
16.554811,46.424594
16.59395,46.432224
16.527197,46.371342
16.600141,46.432795
16.482132,46.329996
16.539654,46.379631
16.527151,46.466852
16.527023,46.369274
16.496346,46.443591
16.532462,46.373168
16.593769,46.435246
16.398577,46.521211
16.540991,46.380147
16.52298,46.373437
16.550447,46.46543
16.502237,46.333584
16.590796,46.432413
16.549629,46.383974
16.534193,46.372474
16.544966,46.387581
16.392493,46.521116
16.508221,46.332943
16.560557,46.428218
16.541623,46.376319
16.55878,46.401025
16.568028,46.430103
16.549748,46.464521
16.594615,46.432061
16.510118,46.331149
16.481862,46.330304
16.530454,46.409215
16.582723,46.431951
16.548839,46.389298
16.548661,46.466897
16.501244,46.446393
16.561101,46.403504
16.403468,46.521262
16.525552,46.373438
16.531071,46.376952
16.607239,46.419662
16.567016,46.406234
16.498699,46.447361
16.537724,46.378776
16.560728,46.428231
16.535665,46.376812
16.500503,46.447273
16.510896,46.330767
16.526511,46.373112
16.573317,46.416905
16.501002,46.444108
16.397868,46.521078
16.505466,46.403292
16.542508,46.38041
16.538955,46.376539
16.560856,46.427992
16.401664,46.523046
16.509512,46.404389
16.545838,46.38726
16.500726,46.334971
16.566765,46.42984
16.50342,46.446677
16.519241,46.409064
16.602367,46.432514
16.505774,46.481057
16.513164,46.473028
16.509172,46.332367
16.550654,46.463826
16.400932,46.52103
16.526897,46.466577
16.548362,46.467062
16.501666,46.460099
16.390858,46.519956
16.59726,46.432676
16.4976,46.445658
16.39332,46.518731
16.567255,46.429941
16.54213,46.376264
16.530311,46.408784
16.547274,46.386217
16.508606,46.474161
16.480438,46.325757
16.586742,46.432323
16.522501,46.373914
16.507713,46.328647
16.549992,46.391124
16.595083,46.432121
16.526224,46.371925
16.51612,46.40592
16.56968,46.430474
16.597253,46.436332
16.515845,46.407731
16.402673,46.522504
16.547066,46.465861
16.597404,46.414013
16.500585,46.449059
16.50511,46.482055
16.539174,46.464144
16.563188,46.428582
16.578559,46.419629
16.509069,46.399091
16.60123,46.433382
16.567388,46.406072
16.503949,46.333759
16.601221,46.433773
16.521484,46.409523
16.507531,46.483682
16.506384,46.332584
16.545339,46.388775
16.562869,46.428924
16.523561,46.407773
16.50172,46.442768
16.396562,46.521053
16.512784,46.40575
16.557257,46.398787
16.480352,46.329562
16.533456,46.375781
16.570823,46.407654
16.563034,46.40377
16.530254,46.409073
16.551343,46.464142
16.49811,46.443353
16.501022,46.39832
16.54587,46.382251
16.560328,46.427902
16.504527,46.447252
16.59905,46.424085
16.512184,46.400687
16.507171,46.48434
16.595473,46.432246
16.551387,46.392733
16.558035,46.40079
16.599014,46.425121
16.546675,46.464284
16.596782,46.429979
16.569593,46.406935
16.401255,46.523112
16.525492,46.375797
16.595343,46.437107
16.552702,46.425449
16.506897,46.484768
16.548388,46.382202
16.520662,46.404812
16.527666,46.36746
16.59247,46.432278
16.52178,46.395599
16.565462,46.430085
16.513991,46.407548
16.508378,46.399401
16.510698,46.330358
16.599063,46.434574
16.512344,46.473268
16.401284,46.519762
16.599608,46.430107
16.498529,46.443305
16.597286,46.418373
16.403147,46.524387
16.533184,46.372612
16.5518,46.422388
16.519988,46.402767
16.599028,46.426085
16.593516,46.432265
16.545703,46.468714
16.526271,46.373686
16.528103,46.466649
16.527894,46.368869
16.519466,46.405658
16.544333,46.381555
16.604784,46.419154
16.596414,46.414043
16.515132,46.402385
16.526327,46.373536
16.57583,46.418231
16.51572,46.406276
16.545081,46.385479
16.551445,46.390947
16.528415,46.367068
16.509398,46.398138
16.569654,46.407288
16.594741,46.416573
16.482724,46.32928
16.518117,46.408448
16.538248,46.390544
16.395788,46.52114
16.609995,46.419918
16.559699,46.401411
16.502913,46.399771
16.541669,46.377926
16.551835,46.423817
16.513746,46.329181
16.527881,46.368533
16.529304,46.447573
16.502454,46.480738
16.50388,46.33163
16.476606,46.325584
16.51127,46.400355
16.559621,46.427978
16.400251,46.520222
16.525004,46.408378
16.501084,46.331463
16.50218,46.442731
16.545891,46.384968
16.606071,46.419849
16.523639,46.408104
16.609949,46.438021
16.602349,46.432974
16.507261,46.401426
16.541461,46.378288
16.477535,46.327713
16.510873,46.460332
16.549366,46.383788
16.594525,46.415425
16.589645,46.434771
16.601918,46.43328
16.506791,46.330228
16.500477,46.443747
16.500654,46.444437
16.518933,46.408527
16.543231,46.386725
16.535151,46.378229
16.601783,46.433376
16.593788,46.431982
16.500529,46.400684
16.598462,46.433297
16.608396,46.436343
16.556708,46.426637
16.562847,46.428657
16.526477,46.374884
16.401871,46.524309
16.502892,46.335163
16.394527,46.524787
16.575163,46.418402
16.506456,46.481022
16.503543,46.48439
16.496683,46.443543
16.503345,46.481239
16.566393,46.42982
16.475765,46.324397
16.545958,46.385226
16.529104,46.409101
16.502151,46.335341
16.55222,46.466599
16.561385,46.400491
16.518468,46.40866
16.522006,46.410144
16.540045,46.379748
16.503361,46.331626
16.506245,46.331119
16.391993,46.521287
16.507622,46.48347
16.500599,46.448368
16.539442,46.376503
16.526569,46.373529
16.507552,46.3348
16.593818,46.416303
16.595309,46.431238
16.502755,46.484642
16.545712,46.382169
16.550755,46.384083
16.545695,46.387326
16.541031,46.376341
16.481871,46.328641
16.549005,46.389573
16.397372,46.521024
16.542391,46.469587
16.565877,46.404787
16.543576,46.386499
16.593576,46.437216
16.396001,46.521087
16.501978,46.442732
16.568146,46.430137
16.542387,46.380353
16.559409,46.40125
16.515643,46.407962
16.551821,46.422817
16.546856,46.388445
16.521534,46.408116
16.480158,46.327511
16.508638,46.332597
16.521841,46.373888
16.540756,46.463637
16.510048,46.40027
16.571487,46.407421
16.502308,46.446458
16.592757,46.416062
16.554214,46.42661
16.589203,46.432291
16.560095,46.401229
16.599683,46.43213
16.559019,46.40223
16.51302,46.40719
16.597291,46.436017
16.6042,46.434894
16.574029,46.431853
16.56053,46.402877
16.523365,46.408059
16.520224,46.408125
16.508261,46.478886
16.591397,46.432049
16.501531,46.33261
16.397306,46.52316
16.59923,46.435332
16.596354,46.436343
16.504292,46.465774
16.499032,46.445772
16.606757,46.436153
16.608885,46.437338
16.515829,46.405944
16.530267,46.376624
16.502174,46.334168
16.558882,46.427731
16.501129,46.446499
16.525985,46.374346
16.596449,46.414829
16.509025,46.460209
16.595906,46.416533
16.501587,46.335503
16.511444,46.407528
16.537037,46.378601
16.47726,46.328521
16.497387,46.446028
16.503154,46.333575
16.599033,46.426322
16.560286,46.385956
16.501049,46.400077
16.551481,46.392294
16.52856,46.409221
16.515311,46.402799
16.52162,46.407501
16.507074,46.403751
16.61143,46.439087
16.529593,46.375095
16.599356,46.434128
16.552698,46.467087
16.501902,46.450993
16.529986,46.375127
16.545571,46.385724
16.510989,46.331074
16.50238,46.400379
16.503648,46.448868
16.597609,46.435854
16.525184,46.408357
16.598999,46.426557
16.392721,46.520818
16.520301,46.407823
16.564089,46.429422
16.562547,46.403358
16.544069,46.380979
16.508312,46.328663
16.579184,46.420479
16.498479,46.447391
16.517388,46.400276
16.503901,46.402015
16.596055,46.426769
16.527016,46.408527
16.554744,46.425523
16.507666,46.478722
16.590887,46.412681
16.51802,46.408423
16.502785,46.335239
16.518252,46.405715
16.521993,46.408185
16.503671,46.447334
16.512848,46.332352
16.593276,46.434941
16.539104,46.379809
16.592979,46.432248
16.509966,46.474778
16.512845,46.400011
16.481098,46.329759
16.501763,46.331257
16.542603,46.463977
16.510319,46.459048
16.564547,46.42955
16.543999,46.468184
16.507443,46.331149
16.503467,46.331934
16.51075,46.474842
16.528337,46.409067
16.544277,46.463829
16.484058,46.329895
16.552774,46.423602
16.526457,46.373231
16.519711,46.408394
16.609214,46.419702
16.591182,46.432331
16.477298,46.327012
16.517826,46.400373
16.510995,46.476161
16.505249,46.403035
16.538204,46.470484
16.542377,46.463673
16.544067,46.463485
16.543419,46.468206
16.537868,46.469736
16.599287,46.430381
16.52959,46.374733
16.607014,46.419492
16.599027,46.425329
16.595074,46.429869
16.503256,46.449705
16.495325,46.443351
16.561288,46.400592
16.577837,46.420431
16.577427,46.420002
16.568285,46.429892
16.507008,46.331561
16.395348,46.523824
16.396843,46.520375
16.54964,46.468716
16.540204,46.470484
16.545865,46.467092
16.543722,46.469545
16.540868,46.467105
16.537927,46.470233
16.541001,46.463233
16.543466,46.468107
16.544904,46.463545
16.542176,46.469377
16.542574,46.469176
16.54081,46.463303
16.545254,46.463851
16.541057,46.467016
16.535572,46.466681
16.541829,46.464041
16.541576,46.47047
16.542718,46.466276
16.545833,46.466893
16.537776,46.470445
16.536277,46.469945
16.538418,46.464017
16.539029,46.470455
16.544669,46.467921
16.543501,46.463801
16.541759,46.464497
16.542541,46.470905
16.546481,46.465219
16.530502,46.374687
16.527878,46.379926
16.556119,46.427206
16.509165,46.33365
16.52907,46.375751
16.503814,46.448237
16.503892,46.463815
16.497259,46.443125
16.497877,46.443072
16.597313,46.426762
16.596884,46.424136
16.595187,46.423863
16.594434,46.424082
16.507025,46.484443
16.509883,46.399737
16.550903,46.471658
16.547712,46.468291
16.506376,46.331386
16.519078,46.40594
16.50193,46.333915
16.524961,46.375714
16.602392,46.434274
16.510929,46.406093
16.510592,46.331538
16.517299,46.406086
16.506422,46.330755
16.538097,46.470219
16.571392,46.43195
16.516876,46.400572
16.517397,46.406103
16.553907,46.425322
16.521686,46.409683
16.50249,46.401884
16.512363,46.405635
16.516831,46.40816
16.597636,46.433267
16.525539,46.373922
16.53835,46.379143
16.595448,46.414075
16.556746,46.398932
16.508599,46.459043
16.500984,46.445561
16.593921,46.438377
16.597721,46.436172
16.52292,46.376939
16.534901,46.376978
16.598337,46.430333
16.51364,46.407419
16.604915,46.435517
16.506924,46.403259
16.515833,46.408019
16.508072,46.479146
16.609803,46.437415
16.595774,46.426497
16.597938,46.435505
16.596481,46.430928
16.521528,46.373088
16.501557,46.399438
16.548876,46.386057
16.60246,46.433955
16.502164,46.332001
16.541283,46.376344
16.507947,46.331513
16.529345,46.376545
16.499223,46.400108
16.566068,46.404919
16.516321,46.399894
16.500593,46.447426
16.500924,46.33501
16.527672,46.46675
16.510791,46.396395
16.395433,46.518196
16.480263,46.325889
16.505792,46.402591
16.509005,46.329668
16.551544,46.463901
16.504726,46.447251
16.510862,46.399089
16.513449,46.407333
16.548765,46.390338
16.55152,46.424205
16.598345,46.418692
16.528962,46.409204
16.520175,46.40314
16.569755,46.407466
16.5896,46.43231
16.528343,46.368598
16.513006,46.406242
16.57489,46.418238
16.50755,46.483589
16.571275,46.431266
16.526339,46.371585
16.540822,46.380145
16.546744,46.382069
16.499568,46.447155
16.568433,46.40638
16.507589,46.40043
16.604112,46.43526
16.609667,46.437837
16.508399,46.399886
16.502755,46.485052
16.510341,46.404773
16.398332,46.519994
16.557232,46.401752
16.478766,46.326554
16.498588,46.399867
16.576571,46.418572
16.603878,46.435222
16.523492,46.408082
16.555893,46.426182
16.517337,46.408213
16.403527,46.523125
16.507525,46.447585
16.529614,46.40915
16.526272,46.370795
16.607424,46.436764
16.600306,46.43427
16.549074,46.462083
16.520876,46.405719
16.500473,46.44814
16.548795,46.389425
16.507342,46.329992
16.395385,46.518839
16.597661,46.423733
16.594178,46.438022
16.395078,46.519146
16.401631,46.521475
16.526115,46.4086
16.593884,46.432471
16.392129,46.520772
16.509847,46.329398
16.59578,46.43692
16.523507,46.373619
16.476613,46.325201
16.565449,46.404863
16.515298,46.405935
16.511528,46.476842
16.526529,46.3705
16.572875,46.406952
16.5343,46.377923
16.558832,46.401946
16.552525,46.423592
16.612011,46.438852
16.507631,46.457845
16.52372,46.376658
16.507717,46.482992
16.507087,46.447654
16.509275,46.474533
16.527253,46.466755
16.526299,46.372076
16.510355,46.330781
16.55144,46.391244
16.50737,46.484134
16.610664,46.438016
16.593326,46.431971
16.551609,46.467591
16.514842,46.400213
16.503097,46.484332
16.507804,46.401998
16.546838,46.388216
16.52673,46.466363
16.576406,46.418548
16.55434,46.42543
16.60587,46.419733
16.604439,46.431484
16.505947,46.402343
16.516399,46.406201
16.530432,46.374226
16.533646,46.372706
16.50377,46.333919
16.565923,46.429781
16.481172,46.327944
16.530119,46.374958
16.595462,46.434984
16.501167,46.333414
16.478146,46.327246
16.54837,46.388288
16.595642,46.431217
16.511749,46.32962
16.551676,46.466134
16.523908,46.374305
16.476156,46.325244
16.516502,46.401314
16.535218,46.375717
16.508148,46.458989
16.50782,46.330702
16.551865,46.423558
16.540163,46.37714
16.522175,46.377983
16.507438,46.484065
16.40197,46.521735
16.50378,46.402443
16.499448,46.400155
16.507553,46.400911
16.548519,46.388485
16.503157,46.44847
16.596773,46.429696
16.563357,46.428808
16.54834,46.388188
16.529524,46.375713
16.510551,46.39945
16.523536,46.376707
16.528817,46.409231
16.553519,46.4238
16.541099,46.37996
16.515504,46.405963
16.522675,46.377941
16.541305,46.380007
16.397204,46.526382
16.506522,46.484697
16.524706,46.377016
16.509114,46.477348
16.526532,46.370912
16.54271,46.380479
16.534579,46.376992
16.499858,46.33408
16.500436,46.400094
16.503828,46.44792
16.510363,46.331873
16.575418,46.418086
16.543333,46.388524
16.540813,46.376414
16.574367,46.417404
16.526672,46.368656
16.391734,46.526076
16.546864,46.38562
16.562955,46.399815
16.540589,46.376433
16.551758,46.425679
16.506052,46.333424
16.596863,46.434556
16.576107,46.418422
16.521281,46.407641
16.500549,46.44787
16.528095,46.466467
16.547471,46.467069
16.590899,46.435259
16.589142,46.432091
16.557044,46.426846
16.520122,46.4083
16.519638,46.406186
16.597785,46.43609
16.479935,46.326495
16.515843,46.402091
16.505425,46.447308
16.507181,46.484204
16.590118,46.432358
16.507181,46.400904
16.545503,46.382065
16.52821,46.466394
16.507295,46.401317
16.505471,46.333383
16.555233,46.424116
16.557857,46.427129
16.578621,46.420348
16.613877,46.44008
16.393922,46.526183
16.400227,46.52007
16.523777,46.408109
16.563019,46.428988
16.52399,46.37657
16.566604,46.405293
16.539161,46.390179
16.523318,46.376792
16.547103,46.38542
16.562368,46.428426
16.501226,46.459114
16.507999,46.478449
16.534059,46.377891
16.511983,46.406559
16.508545,46.329126
16.544526,46.381089
16.511574,46.405341
16.543445,46.376143
16.554715,46.42438
16.549211,46.383676
16.51432,46.405822
16.569175,46.430054
16.517785,46.408377
16.518747,46.408462
16.402201,46.519477
16.534964,46.378572
16.476417,46.3254
16.498348,46.443329
16.50105,46.335281
16.595155,46.430028
16.593881,46.41778
16.538929,46.389955
16.554392,46.424622
16.550107,46.42334
16.50007,46.400503
16.395951,46.51944
16.526508,46.40867
16.54884,46.46875
16.51011,46.39732
16.568787,46.430017
16.532946,46.377282
16.519231,46.400854
16.549733,46.390864
16.536883,46.378906
16.594207,46.431517
16.547184,46.385592
16.505727,46.403242
16.509201,46.331308
16.532147,46.373113
16.395901,46.524392
16.548923,46.389854
16.509945,46.400403
16.594461,46.415008
16.590677,46.435224
16.503987,46.481681
16.498862,46.443291
16.548736,46.422927
16.527873,46.466308
16.509824,46.333661
16.596599,46.43632
16.552351,46.466707
16.53517,46.376959
16.544394,46.38593
16.530681,46.411829
16.53818,46.376594
16.500471,46.448249
16.536045,46.378521
16.529183,46.447196
16.5972,46.414298
16.593614,46.413404
16.511241,46.40621
16.595048,46.43136
16.530052,46.409064
16.503685,46.464605
16.508363,46.47876
16.5832,46.432014
16.502736,46.443031
16.533756,46.37707
16.551039,46.392338
16.502111,46.400767
16.477742,46.326284
16.593237,46.416508
16.479004,46.324627
16.501792,46.399123
16.398254,46.521384
16.507938,46.328327
16.508854,46.459693
16.507592,46.482906
16.596825,46.413742
16.55062,46.391295
16.523446,46.467082
16.558027,46.427482
16.595641,46.432521
16.534318,46.409331
16.598327,46.433745
16.478803,46.326702
16.590586,46.434904
16.506746,46.480634
16.578257,46.419967
16.394275,46.520639
16.592497,46.432011
16.502349,46.401825
16.507681,46.331924
16.59611,46.436773
16.551166,46.464077
16.544858,46.381796
16.512409,46.400609
16.403094,46.524543
16.401709,46.524098
16.504626,46.401237
16.552628,46.425717
16.499529,46.400723
16.594081,46.431909
16.547311,46.383395
16.508886,46.40413
16.503246,46.40009
16.613451,46.439741
16.546568,46.382006
16.502425,46.335266
16.526012,46.372308
16.598157,46.41437
16.520013,46.408721
16.478933,46.325471
16.595197,46.430198
16.606593,46.419838
16.567208,46.405985
16.50587,46.331332
16.505958,46.480836
16.519758,46.401235
16.538203,46.379058
16.59489,46.414365
16.503158,46.446761
16.517829,46.403858
16.596774,46.416988
16.392551,46.518771
16.542352,46.380717
16.523089,46.40809
16.395362,46.52472
16.522796,46.377641
16.559628,46.427679
16.526007,46.408554
16.527443,46.367269
16.503509,46.449247
16.599159,46.423733
16.526139,46.372602
16.568216,46.382146
16.499217,46.333634
16.534498,46.378013
16.602442,46.434421
16.564229,46.429579
16.502563,46.333796
16.390782,46.518487
16.395172,46.521784
16.550957,46.465531
16.576487,46.418332
16.557942,46.399916
16.556114,46.426262
16.550331,46.383824
16.511739,46.323629
16.399835,46.520142
16.549171,46.390308
16.391316,46.52081
16.5992,46.434373
16.514204,46.40164
16.544241,46.381022
16.505189,46.481864
16.526073,46.374103
16.552766,46.423816
16.510256,46.476291
16.510841,46.475689
16.505894,46.333402
16.510291,46.474919
16.604723,46.435427
16.574943,46.417721
16.563473,46.399462
16.509618,46.327329
16.579029,46.419821
16.502609,46.451187
16.517696,46.400333
16.531736,46.409191
16.506564,46.482507
16.567941,46.429811
16.569923,46.407043
16.501502,46.332825
16.518488,46.406094
16.398835,46.523069
16.597097,46.43611
16.53884,46.379655
16.503931,46.333279
16.500456,46.334902
16.527812,46.466406
16.602197,46.432654
16.574267,46.407128
16.503596,46.446788
16.550022,46.463426
16.535062,46.409417
16.482301,46.330086
16.501839,46.397655
16.510352,46.405273
16.50697,46.329704
16.506224,46.333435
16.534291,46.37828
16.55761,46.399043
16.552524,46.466845
16.511707,46.47347
16.509785,46.332348
16.510235,46.397032
16.526336,46.371736
16.557929,46.400002
16.509441,46.474245
16.508205,46.44649
16.557729,46.427073
16.501915,46.401035
16.542282,46.469142
16.525667,46.373685
16.548866,46.467181
16.577639,46.419278
16.568324,46.430144
16.549411,46.467894
16.547915,46.466099
16.526385,46.408311
16.574633,46.417632
16.544129,46.388239
16.520234,46.405707
16.602605,46.432265
16.5944,46.432043
16.596869,46.414989
16.501672,46.333731
16.565697,46.429882
16.530893,46.37442
16.508485,46.399732
16.528049,46.466557
16.501242,46.459245
16.49881,46.445792
16.607592,46.419664
16.586561,46.432329
16.576161,46.418536
16.513662,46.399837
16.516459,46.400395
16.597811,46.433411
16.598914,46.434307
16.527375,46.369419
16.510999,46.475288
16.507999,46.331276
16.525348,46.374155
16.532655,46.376806
16.515793,46.400263
16.56472,46.404481
16.54336,46.470098
16.526655,46.374957
16.591835,46.412539
16.50516,46.400508
16.508474,46.458711
16.56451,46.404104
16.400255,46.520495
16.593021,46.434942
16.525293,46.37526
16.508004,46.483508
16.510162,46.330844
16.397252,46.517934
16.56456,46.404384
16.550189,46.391266
16.554259,46.423809
16.548353,46.462141
16.589768,46.432292
16.514398,46.40767
16.513877,46.407551
16.498043,46.447514
16.522123,46.407248
16.502382,46.484854
16.58499,46.432279
16.56601,46.429541
16.504763,46.48237
16.565236,46.404464
16.594006,46.41636
16.610184,46.43629
16.508533,46.45885
16.510018,46.331322
16.569851,46.430608
16.568211,46.406672
16.51598,46.401939
16.570867,46.407336
16.478735,46.329057
16.578529,46.419221
16.502832,46.442736
16.553025,46.424827
16.395552,46.519725
16.506982,46.327438
16.546493,46.38516
16.544722,46.385705
16.567683,46.406487
16.478185,46.3263
16.599533,46.431997
16.400421,46.518824
16.559316,46.403135
16.503239,46.452463
16.393405,46.520676
16.527448,46.375429
16.59596,46.434617
16.504393,46.447214
16.514023,46.399808
16.477863,46.32636
16.521359,46.408039
16.603239,46.431684
16.549471,46.38332
16.509269,46.398268
16.400694,46.523384
16.568744,46.406618
16.532649,46.376353
16.545141,46.386003
16.606415,46.436121
16.542142,46.380258
16.507518,46.328665
16.520377,46.409133
16.568561,46.40651
16.511414,46.476677
16.53624,46.376797
16.477744,46.324617
16.501089,46.332551
16.50558,46.447365
16.507317,46.482834
16.542173,46.380577
16.60269,46.434936
16.54783,46.422974
16.542915,46.388199
16.520491,46.407708
16.515868,46.406278
16.546193,46.387119
16.577921,46.420093
16.508883,46.401759
16.548621,46.466786
16.503392,46.483956
16.54536,46.387738
16.595034,46.418412
16.542295,46.380252
16.522139,46.406721
16.475793,46.325016
16.508163,46.458055
16.516668,46.400472
16.540037,46.379951
16.518667,46.408274
16.557926,46.400616
16.611738,46.439138
16.592435,46.412685
16.602372,46.43412
16.609172,46.437561
16.516178,46.403295
16.598059,46.418072
16.597355,46.433016
16.401001,46.523244
16.499022,46.400501
16.596322,46.41702
16.615082,46.441015
16.521468,46.406304
16.60312,46.434868
16.524857,46.374452
16.567615,46.406175
16.528192,46.466226
16.501757,46.460402
16.513398,46.406186
16.549781,46.391277
16.507551,46.457687
16.595199,46.418326
16.602029,46.431366
16.509471,46.404752
16.526261,46.371432
16.555307,46.425761
16.565391,46.429469
16.515573,46.400247
16.527416,46.370716
16.592789,46.435987
16.395764,46.52362
16.561921,46.400291
16.594449,46.417985
16.539489,46.379577
16.600165,46.41868
16.533574,46.375184
16.526521,46.369759
16.526347,46.370267
16.506878,46.329851
16.543743,46.386392
16.500806,46.335258
16.587283,46.431957
16.552234,46.423526
16.520787,46.409297
16.536047,46.378791
16.552031,46.466371
16.524501,46.377007
16.512988,46.473449
16.538958,46.390266
16.595521,46.426507
16.514972,46.39984
16.50241,46.451965
16.57756,46.41854
16.525429,46.408151
16.527813,46.36822
16.607353,46.436554
16.525894,46.37465
16.500962,46.458741
16.513381,46.472997
16.47556,46.325022
16.54199,46.377268
16.531008,46.408795
16.593618,46.41626
16.479472,46.327098
16.498949,46.447301
16.533808,46.373
16.50302,46.332075
16.519149,46.405649
16.575287,46.417556
16.575595,46.417638
16.541261,46.463486
16.544952,46.468315
16.543225,46.467346
16.546324,46.467155
16.541949,46.469648
16.543214,46.468338
16.543854,46.469535
16.543101,46.46875
16.577383,46.419133
16.577757,46.418592
16.596765,46.436246
16.5438,46.465766
16.507209,46.330882
16.496721,46.443184
16.511877,46.473827
16.551806,46.422993
16.578294,46.420439
16.578276,46.420321
16.508874,46.333385
16.550742,46.465715
16.561928,46.42857
16.502643,46.484759
16.507036,46.484688
16.507691,46.47961
16.529513,46.375801
16.592796,46.432253
16.538584,46.463964
16.541529,46.463156
16.541216,46.470293
16.545212,46.467629
16.545155,46.467402
16.544295,46.469036
16.545657,46.468976
16.543619,46.470254
16.545673,46.46825
16.546274,46.464627
16.542053,46.470076
16.543434,46.468524
16.546247,46.465579
16.536194,46.469401
16.543029,46.467158
16.539202,46.466203
16.542908,46.466193
16.544689,46.469705
16.543586,46.463511
16.546514,46.466191
16.546397,46.467676
16.543325,46.468281
16.539777,46.468236
16.542686,46.470778
16.546347,46.466432
16.540381,46.468338
16.536378,46.469623
16.541674,46.464386
16.537845,46.468515
16.539313,46.468828
16.546186,46.46671
16.542843,46.463952
16.537282,46.469734
16.556807,46.426706
16.525845,46.40849
16.510709,46.334218
16.509507,46.334404
16.525685,46.377109
16.505358,46.48227
16.480853,46.328062
16.547557,46.462026
16.496978,46.44314
16.496501,46.443202
16.594786,46.423881
16.597427,46.425116
16.59465,46.424027
16.597256,46.426018
16.597314,46.425669
16.597316,46.423744
16.594782,46.424047
16.501642,46.33142
16.398012,46.523201
16.508026,46.329739
16.530571,46.37453
16.548401,46.389226
16.603092,46.431816
16.558037,46.402289
16.594407,46.415817
16.498971,46.445495
16.52982,46.375305
16.508068,46.400334
16.611243,46.438376
16.550442,46.391764
16.607987,46.419739
16.59504,46.435077
16.527431,46.371163
16.498288,46.447459
16.556457,46.398314
16.517898,46.400871
16.509705,46.474737
16.530602,46.366694
16.60452,46.435376
16.598268,46.43079
16.393413,46.52494
16.546228,46.38743
16.511676,46.329711
16.521565,46.409633
16.549635,46.423636
16.391222,46.519486
16.578749,46.420075
16.599465,46.418341
16.534209,46.376983
16.595617,46.413977
16.562223,46.40021
16.510129,46.405228
16.516228,46.400415
16.591535,46.435237
16.545015,46.387861
16.511578,46.473875
16.594595,46.429964
16.547378,46.385846
16.520579,46.404056
16.515009,46.406203
16.573761,46.431805
16.56416,46.403956
16.520361,46.373769
16.547073,46.4649
16.504192,46.399551
16.515624,46.403168
16.549484,46.390633
16.534378,46.372327
16.546828,46.467621
16.498128,46.445918
16.548539,46.3887
16.395202,46.521893
16.556881,46.401635
16.558326,46.400502
16.501949,46.460861
16.516563,46.39999
16.5672,46.429722
16.595275,46.432233
16.514624,46.399856
16.476101,46.324409
16.573418,46.406956
16.59689,46.417072
16.54541,46.388607
16.600668,46.43386
16.521103,46.409624
16.506001,46.45751
16.476063,46.324848
16.520575,46.405703
16.512737,46.473549
16.570272,46.407235
16.514937,46.407809
16.403352,46.523467
16.522103,46.373876
16.561542,46.400416
16.593483,46.434938
16.594904,46.416789
16.588329,46.432013
16.60794,46.436116
16.564323,46.429219
16.544253,46.389458
16.548175,46.387433
16.51991,46.402533
16.602007,46.434362
16.598655,46.426758
16.512373,46.329173
16.482474,46.328749
16.512926,46.473084
16.535232,46.409497
16.535889,46.37014
16.510277,46.405197
16.59373,46.434904
16.482507,46.330562
16.507252,46.447242
16.543851,46.463754
16.511273,46.329553
16.590482,46.43236
16.507552,46.330234
16.509095,46.474111
16.544147,46.389231
16.54444,46.388972
16.478401,46.326518
16.548324,46.466234
16.510854,46.475035
16.395602,46.526412
16.394379,46.518508
16.548354,46.382814
16.545518,46.385291
16.52916,46.37559
16.395453,46.521169
16.549555,46.468049
16.57356,46.417062
16.535954,46.369793
16.395869,46.525438
16.514077,46.4018
16.505295,46.400368
16.483127,46.329495
16.609952,46.437528
16.533045,46.376946
16.55788,46.401965
16.553764,46.426583
16.539828,46.465416
16.60777,46.419675
16.532338,46.373479
16.536456,46.378608
16.482799,46.330303
16.608733,46.437243
16.399625,46.521955
16.504162,46.483077
16.578726,46.420246
16.552272,46.424129
16.503594,46.331503
16.532628,46.373345
16.558437,46.4006
16.502492,46.48089
16.503443,46.44934
16.390895,46.520843
16.57006,46.407075
16.608189,46.436174
16.566145,46.406388
16.520086,46.405984
16.548357,46.383392
16.40325,46.523315
16.588901,46.432573
16.529787,46.375407
16.54825,46.387844
16.599841,46.434564
16.591716,46.4352
16.518268,46.374052
16.59745,46.435961
16.541844,46.380164
16.539423,46.390129
16.533364,46.377025
16.553763,46.423793
16.549719,46.423216
16.529397,46.408853
16.505602,46.481336
16.527739,46.368413
16.523055,46.377327
16.550977,46.38508
16.508076,46.458842
16.599064,46.425542
16.480058,46.326299
16.515494,46.406209
16.598232,46.433578
16.395543,46.522991
16.612053,46.438562
16.544516,46.381628
16.565081,46.429723
16.513314,46.328165
16.400483,46.520363
16.503572,46.333315
16.594528,46.41828
16.574204,46.431863
16.540701,46.377108
16.573046,46.407299
16.612999,46.439435
16.403099,46.52032
16.511789,46.398066
16.502581,46.481032
16.5275,46.371001
16.500593,46.399886
16.393889,46.525984
16.549678,46.46821
16.53239,46.376699
16.560322,46.428223
16.532038,46.373765
16.513954,46.40195
16.507334,46.479956
16.511524,46.329211
16.530539,46.37378
16.568501,46.430209
16.551272,46.391096
16.59904,46.426436
16.569617,46.430844
16.566144,46.429563
16.59643,46.436639
16.395606,46.526218
16.502719,46.480359
16.541651,46.380373
16.525191,46.375405
16.549274,46.467746
16.529724,46.375513
16.402859,46.519499
16.501064,46.399297
16.554843,46.426851
16.504464,46.401408
16.533514,46.409178
16.50768,46.400781
16.54791,46.386751
16.520806,46.372918
16.533039,46.375747
16.503706,46.448533
16.567518,46.429722
16.549024,46.467894
16.527939,46.466714
16.592947,46.415771
16.598655,46.418079
16.551464,46.466328
16.52003,46.409041
16.503418,46.401831
16.482123,46.328477
16.522296,46.40686
16.551945,46.425698
16.597202,46.418889
16.512207,46.323952
16.509997,46.329276
16.570127,46.407464
16.577118,46.419155
16.559295,46.427576
16.601094,46.418789
16.511706,46.406181
16.5069,46.333398
16.568379,46.406228
16.594767,46.432037
16.540651,46.379695
16.596645,46.417343
16.597294,46.41785
16.395531,46.520501
16.547518,46.388233
16.514573,46.407418
16.528211,46.46648
16.597845,46.423666
16.562319,46.403128
16.397987,46.520722
16.502218,46.398735
16.576755,46.418905
16.594608,46.435088
16.55011,46.465155
16.550221,46.468048
16.512563,46.47359
16.50981,46.404521
16.601838,46.435212
16.540154,46.465262
16.546351,46.38738
16.522663,46.408112
16.484229,46.330285
16.558828,46.401098
16.394674,46.525106
16.526514,46.370066
16.500966,46.401273
16.54426,46.386537
16.534441,46.376935
16.527392,46.408686
16.5097,46.328174
16.520746,46.373556
16.529791,46.408822
16.399482,46.521586
16.512586,46.400102
16.595217,46.434742
16.501385,46.335346
16.543296,46.381161
16.537494,46.390867
16.497651,46.443441
16.548341,46.388081
16.548207,46.388671
16.592753,46.413136
16.511855,46.323678
16.401834,46.521328
16.545079,46.38136
16.527675,46.408758
16.595723,46.432363
16.543585,46.38133
16.477841,46.328544
16.598464,46.423692
16.513149,46.399944
16.503085,46.452295
16.525687,46.375125
16.594346,46.434812
16.505136,46.482552
16.597102,46.43295
16.551355,46.424169
16.5496,46.390722
16.510963,46.475165
16.509336,46.329239
16.526681,46.408747
16.601272,46.434593
16.584062,46.432196
16.547418,46.386475
16.549939,46.464109
16.563195,46.429038
16.597158,46.417504
16.578741,46.41945
16.504239,46.483586
16.516124,46.406229
16.500152,46.398777
16.501524,46.334506
16.543337,46.380788
16.508813,46.398866
16.500597,46.447717
16.594052,46.418009
16.594576,46.437513
16.594423,46.437262
16.504936,46.482202
16.591508,46.432458
16.513235,46.405881
16.403797,46.523874
16.511311,46.47655
16.550587,46.465536
16.391935,46.526153
16.480627,46.325274
16.552244,46.393061
16.596079,46.436444
16.502795,46.446677
16.499387,46.445715
16.527368,46.466563
16.519907,46.402315
16.527946,46.368764
16.567376,46.429718
16.514037,46.401173
16.584969,46.431793
16.564618,46.429322
16.593069,46.415522
16.547992,46.466251
16.529307,46.368151
16.565885,46.429538
16.578275,46.419089
16.545954,46.381722
16.584464,46.431762
16.505274,46.44728
16.544574,46.385814
16.560692,46.42798
16.521237,46.406158
16.569788,46.430997
16.517549,46.405798
16.594638,46.431677
16.525932,46.373058
16.505959,46.333048
16.546254,46.382357
16.509811,46.397653
16.479835,46.326657
16.508503,46.331659
16.528488,46.40889
16.529813,46.374351
16.599777,46.431303
16.568867,46.406905
16.594872,46.416342
16.602717,46.432133
16.600417,46.430561
16.542022,46.380184
16.39141,46.518417
16.498899,46.333879
16.58999,46.432002
16.527342,46.367552
16.596151,46.434592
16.402441,46.519494
16.543761,46.388371
16.526741,46.368762
16.39164,46.518801
16.50828,46.332501
16.506522,46.40354
16.562017,46.403664
16.594892,46.432121
16.396045,46.525519
16.478979,46.326738
16.537486,46.378722
16.477379,46.324349
16.54857,46.468555
16.393339,46.518257
16.511361,46.405688
16.604449,46.434927
16.544096,46.386599
16.547922,46.463447
16.403102,46.523062
16.394406,46.521272
16.499022,46.40003
16.545252,46.381444
16.554485,46.424764
16.54704,46.388122
16.503236,46.334207
16.543906,46.380922
16.542833,46.38085
16.504021,46.483828
16.506735,46.403593
16.560706,46.400885
16.512174,46.33228
16.561728,46.400324
16.503357,46.449531
16.525611,46.375587
16.532719,46.373095
16.507093,46.401537
16.502733,46.400709
16.545607,46.468747
16.52702,46.372021
16.505247,46.319087
16.403282,46.520761
16.53321,46.375616
16.509146,46.476971
16.504399,46.466195
16.550281,46.464881
16.53299,46.377702
16.518811,46.400612
16.595397,46.414286
16.569953,46.40742
16.599003,46.424934
16.502801,46.450088
16.526723,46.37231
16.517552,46.408296
16.556421,46.400875
16.560001,46.427804
16.555247,46.425639
16.597514,46.421354
16.545797,46.381661
16.548484,46.389496
16.512016,46.473374
16.521754,46.406522
16.509702,46.397782
16.507037,46.401003
16.40045,46.520655
16.550086,46.391213
16.605165,46.434737
16.513533,46.40181
16.596177,46.414818
16.51196,46.400315
16.503804,46.44806
16.506664,46.330831
16.525506,46.373793
16.513615,46.328598
16.555269,46.423359
16.549733,46.384062
16.568925,46.430101
16.56186,46.400047
16.524201,46.377021
16.561928,46.403157
16.556674,46.401167
16.560837,46.403513
16.508157,46.400189
16.607058,46.435661
16.549339,46.464273
16.509877,46.332269
16.536015,46.371239
16.572251,46.431537
16.501422,46.442711
16.395579,46.522509
16.545174,46.387521
16.54987,46.391399
16.506935,46.479759
16.526404,46.371223
16.502851,46.400565
16.501083,46.331705
16.584196,46.432189
16.542873,46.381056
16.547765,46.387823
16.55451,46.425121
16.548001,46.466492
16.60086,46.433139
16.479863,46.325549
16.556647,46.427044
16.506967,46.401689
16.546997,46.461895
16.550952,46.465389
16.503381,46.463793
16.507407,46.32819
16.521328,46.408362
16.551178,46.463781
16.500638,46.444264
16.502412,46.398872
16.535228,46.37169
16.588001,46.43194
16.500784,46.445164
16.545113,46.468477
16.546906,46.466851
16.529572,46.367169
16.545727,46.385625
16.396873,46.521002
16.506397,46.401894
16.521678,46.373811
16.499279,46.400614
16.525317,46.408099
16.396969,46.517965
16.544366,46.389136
16.611625,46.438611
16.557122,46.399512
16.508579,46.48389
16.546425,46.46698
16.501406,46.445968
16.522225,46.408121
16.549372,46.423121
16.505366,46.481626
16.52628,46.370536
16.595773,46.434941
16.538717,46.37654
16.507967,46.479276
16.557156,46.398408
16.549938,46.423312
16.507105,46.480225
16.499136,46.445487
16.50319,46.335049
16.502653,46.398945
16.393505,46.518073
16.547611,46.386086
16.520318,46.403253
16.549762,46.463792
16.544392,46.38642
16.500376,46.450541
16.528675,46.409069
16.506615,46.332316
16.58472,46.431786
16.524887,46.377039
16.539346,46.377227
16.534845,46.378138
16.528239,46.466274
16.524645,46.46684
16.403417,46.523589
16.561168,46.40062
16.54604,46.387192
16.610741,46.419737
16.513276,46.399905
16.525424,46.374035
16.508329,46.459389
16.503671,46.448756
16.594798,46.417654
16.57007,46.430758
16.546663,46.386878
16.566991,46.42967
16.551011,46.391228
16.503514,46.449132
16.507422,46.479861
16.507466,46.447169
16.508977,46.32928
16.532226,46.408972
16.547887,46.462371
16.594007,46.434852
16.563839,46.404096
16.598998,46.424476
16.501527,46.398518
16.501149,46.398949
16.551019,46.465985
16.509799,46.3291
16.600585,46.43264
16.598585,46.418364
16.593797,46.416053
16.508991,46.483378
16.501463,46.39884
16.506882,46.328176
16.543396,46.386599
16.594559,46.416525
16.522478,46.407013
16.47754,46.327893
16.549941,46.465053
16.547685,46.464743
16.506164,46.331979
16.593581,46.415914
16.584177,46.431703
16.393878,46.521656
16.609182,46.437046
16.507461,46.401091
16.50814,46.483148
16.532235,46.376832
16.594833,46.415014
16.518869,46.40898
16.59755,46.432859
16.501153,46.444632
16.542104,46.464928
16.590127,46.434814
16.507889,46.48518
16.477214,46.325919
16.594217,46.416469
16.594048,46.43725
16.602089,46.435273
16.522712,46.377075
16.603618,46.419371
16.526946,46.46679
16.596786,46.430357
16.509176,46.404674
16.478056,46.326689
16.54773,46.465152
16.526316,46.371836
16.529589,46.408832
16.548615,46.467418
16.521454,46.407917
16.51203,46.330459
16.505017,46.333528
16.555483,46.424046
16.508706,46.477209
16.594944,46.431856
16.54604,46.388806
16.548837,46.463068
16.597086,46.43639
16.528883,46.408883
16.59229,46.432256
16.60509,46.435552
16.503764,46.448338
16.535638,46.377994
16.592167,46.434852
16.543473,46.469649
16.542695,46.46371
16.548366,46.463506
16.554014,46.426564
16.497086,46.446094
16.557397,46.401981
16.511155,46.329805
16.541853,46.468541
16.542316,46.470826
16.544138,46.466053
16.568752,46.406881
16.578634,46.420694
16.524457,46.466088
16.526073,46.374451
16.577939,46.420397
16.578249,46.420514
16.577706,46.419941
16.557393,46.399046
16.59495,46.413817
16.551824,46.423186
16.548228,46.386577
16.517244,46.408206
16.586304,46.431956
16.548004,46.468155
16.540503,46.470479
16.537104,46.470047
16.539954,46.468127
16.538911,46.464231
16.545613,46.469215
16.544915,46.467859
16.542633,46.465094
16.542902,46.470084
16.544654,46.467633
16.543952,46.467782
16.542551,46.466345
16.546236,46.466533
16.509451,46.328203
16.533384,46.375379
16.503927,46.464008
16.53454,46.372114
16.596842,46.425716
16.597361,46.424244
16.594319,46.424055
16.596899,46.424658
16.597359,46.425412
16.542179,46.469778
16.480625,46.327714
16.509961,46.3974
16.513659,46.401642
16.58766,46.431935
16.506961,46.40114
16.546711,46.385401
16.59896,46.433853
16.503496,46.399778
16.395179,46.52063
16.561774,46.42818
16.500723,46.399742
16.603297,46.419332
16.511759,46.476459
16.606975,46.436277
16.500831,46.398239
16.397495,46.520951
16.502866,46.484526
16.503148,46.442707
16.596761,46.432691
16.569288,46.406851
16.39151,46.520526
16.507301,46.447622
16.557525,46.427304
16.586895,46.431958
16.539881,46.379945
16.503004,46.333298
16.548915,46.467363
16.403145,46.523189
16.563892,46.403844
16.55183,46.423436
16.578928,46.419306
16.522233,46.377845
16.402506,46.522241
16.516015,46.400439
16.514386,46.399814
16.566158,46.429812
16.511587,46.406629
16.527195,46.409251
16.571692,46.407731
16.503428,46.45807
16.554563,46.426513
16.50683,46.482608
16.506544,46.447317
16.535055,46.371845
16.551494,46.42578
16.545479,46.469244
16.503616,46.331773
16.560613,46.403451
16.525121,46.408072
16.47823,46.327862
16.401393,46.519397
16.399417,46.519701
16.598738,46.418163
16.505121,46.481979
16.508919,46.460947
16.537207,46.390968
16.602492,46.432399
16.507675,46.328305
16.401412,46.521346
16.5988,46.420827
16.522526,46.377231
16.559899,46.42761
16.398616,46.521509
16.548386,46.466438
16.576129,46.418994
16.511079,46.396595
16.550613,46.423528
16.501429,46.333999
16.395499,46.525931
16.591782,46.412918
16.50128,46.398414
16.540902,46.465449
16.548748,46.467614
16.596203,46.416672
16.529554,46.374869
16.512166,46.47655
16.553244,46.421945
16.395881,46.52421
16.55191,46.466738
16.600792,46.41839
16.547186,46.383496
16.559283,46.401433
16.546979,46.385232
16.511537,46.329959
16.558281,46.400377
16.575415,46.417439
16.500619,46.443023
16.402949,46.52471
16.563132,46.403567
16.563263,46.39962
16.564948,46.429693
16.601916,46.434091
16.53654,46.376752
16.503013,46.450019
16.480193,46.327776
16.51427,46.407614
16.550049,46.423813
16.510024,46.399643
16.481337,46.328262
16.548763,46.466997
16.528543,46.46666
16.50122,46.331888
16.605036,46.419206
16.55729,46.401277
16.538057,46.3903
16.538263,46.469545
16.509211,46.331523
16.519536,46.408564
16.525539,46.374303
16.505528,46.482355
16.501443,46.399597
16.546364,46.387055
16.516589,46.408139
16.526833,46.372469
16.507278,46.479367
16.501357,46.45032
16.525102,46.466585
16.495718,46.443694
16.512162,46.405553
16.522596,46.406799
16.526851,46.466455
16.533321,46.375499
16.550788,46.424002
16.598551,46.418735
16.594059,46.415642
16.391577,46.526023
16.513798,46.399826
16.600838,46.432154
16.502602,46.451012
16.505336,46.319234
16.506709,46.447336
16.499713,46.445409
16.503252,46.40224
16.508644,46.478371
16.531089,46.373689
16.506193,46.402101
16.573794,46.417166
16.595653,46.414589
16.563365,46.403658
16.481145,46.33006
16.481451,46.328063
16.515171,46.407833
16.588478,46.432035
16.500792,46.446805
16.503185,46.333274
16.525645,46.375246
16.563303,46.403875
16.551022,46.46399
16.593422,46.415213
16.540959,46.380199
16.520923,46.406246
16.552088,46.392943
16.391268,46.519659
16.403525,46.521493
16.50633,46.480107
16.528229,46.367383
16.51072,46.460022
16.59893,46.418923
16.480059,46.326152
16.558796,46.427397
16.524962,46.466721
16.588643,46.432017
16.510971,46.407642
16.525399,46.374874
16.577433,46.419796
16.585902,46.431929
16.395451,46.519349
16.40277,46.522693
16.597338,46.417456
16.551655,46.464007
16.394956,46.52509
16.503575,46.399245
16.526532,46.371106
16.533513,46.373127
16.508349,46.331728
16.502144,46.461008
16.500576,46.448934
16.560059,46.428142
16.508466,46.478644
16.501772,46.33395
16.563955,46.404143
16.396398,46.52076
16.558721,46.400697
16.598493,46.433443
16.532076,46.373498
16.529867,46.366945
16.599056,46.418541
16.479283,46.329478
16.401459,46.522872
16.559248,46.427836
16.502449,46.401076
16.526373,46.370677
16.395941,46.526121
16.498561,46.333833
16.395563,46.522205
16.402994,46.520181
16.509597,46.400839
16.50128,46.445328
16.503487,46.402335
16.40114,46.523495
16.532703,46.376228
16.551195,46.392157
16.533616,46.377059
16.552137,46.425682
16.500961,46.399433
16.505342,46.33295
16.595479,46.431029
16.503704,46.448648
16.52841,46.368373
16.529246,46.368019
16.610353,46.437795
16.531492,46.408808
16.523179,46.46644
16.514933,46.402271
16.554809,46.423646
16.519731,46.405671
16.555721,46.427575
16.400051,46.522014
16.537947,46.378952
16.515055,46.401163
16.505762,46.48118
16.511453,46.406867
16.601471,46.433554
16.524579,46.376497
16.551556,46.466048
16.510214,46.400034
16.398185,46.520231
16.595863,46.431131
16.590601,46.431969
16.533272,46.374952
16.512363,46.473599
16.518017,46.408112
16.530031,46.408776
16.55125,46.392531
16.598663,46.433533
16.507654,46.478862
16.549124,46.468006
16.518076,46.406013
16.554006,46.423808
16.509493,46.474617
16.54828,46.464927
16.590439,46.43202
16.50903,46.473961
16.507341,46.333393
16.501829,46.446249
16.547333,46.385759
16.47884,46.327178
16.518611,46.400682
16.571231,46.40748
16.600666,46.418668
16.549603,46.391175
16.60471,46.431409
16.595625,46.426774
16.603447,46.431464
16.509046,46.476181
16.548109,46.468632
16.532392,46.377119
16.513934,46.405914
16.566529,46.405796
16.563982,46.429362
16.509386,46.332556
16.518701,46.405949
16.517072,46.408195
16.591997,46.432307
16.569163,46.430514
16.505896,46.331453
16.511578,46.407316
16.569495,46.430344
16.529227,46.376219
16.554495,46.424931
16.553933,46.423599
16.511684,46.323518
16.508147,46.457885
16.525396,46.374629
16.510419,46.33064
16.398998,46.519766
16.398213,46.520976
16.393677,46.525189
16.519549,46.409022
16.558678,46.40174
16.510616,46.47521
16.501181,46.39914
16.600721,46.434359
16.578287,46.419775
16.52212,46.408114
16.596977,46.434891
16.509811,46.398203
16.514161,46.407255
16.598431,46.418292
16.504109,46.447598
16.400116,46.522592
16.513317,46.473377
16.554799,46.424492
16.549634,46.380773
16.521906,46.373173
16.505953,46.482142
16.501485,46.333091
16.547155,46.468959
16.536342,46.378833
16.474683,46.32447
16.474371,46.32432
16.474117,46.324558
16.474492,46.32474
16.473716,46.324902
16.473117,46.325326
16.472513,46.325841
16.472387,46.325976
16.472018,46.326228
16.471501,46.326573
16.47042,46.327551
16.474579,46.324557
16.473966,46.324724
16.473554,46.325002
16.473365,46.325114
16.472972,46.325469
16.472807,46.325594
16.472668,46.32571
16.472222,46.326051
16.472113,46.326089
16.471895,46.326384
16.471731,46.326492
16.471327,46.326742
16.471223,46.326901
16.471032,46.327007
16.47074,46.327281
16.470256,46.327663
16.470061,46.327821
16.469816,46.327879
16.508802,46.460569
16.509981,46.328998
16.532151,46.401412
16.59193,46.434855
16.508609,46.476833
16.508797,46.47346
16.505855,46.480954
16.57119,46.455337
16.504648,46.483132
16.52417,46.378556
16.591798,46.432041
16.395494,46.525676
16.548145,46.423324
16.612604,46.439218
16.403255,46.522423
16.511267,46.473625
16.511095,46.40742
16.555061,46.425239
16.554224,46.423594
16.501511,46.334384
16.499685,46.487232
16.499483,46.4873
16.499058,46.487489
16.568029,46.456481
16.391428,46.525915
16.400513,46.519333
16.541138,46.380216
16.55103,46.424093
16.507051,46.332065
16.476974,46.324307
16.549233,46.423486
16.515372,46.399864
16.521164,46.373009
16.613214,46.440115
16.546642,46.463101
16.5461,46.463437
16.54599,46.463381
16.546191,46.463243
16.550282,46.423863
16.509631,46.404436
16.501418,46.459594
16.499712,46.333716
16.527344,46.368013
16.501207,46.332393
16.508311,46.400037
16.512056,46.406234
16.597703,46.417981
16.49823,46.333265
16.503124,46.463338
16.504584,46.402749
16.538686,46.469651
16.479272,46.329226
16.54596,46.384536
16.593546,46.431976
16.501646,46.446774
16.47834,46.327684
16.500272,46.333658
16.597284,46.418517
16.551894,46.42399
16.549376,46.3905
16.503543,46.446958
16.516216,46.408023
16.579485,46.420517
16.526384,46.379546
16.521976,46.380016
16.521955,46.379866
16.521985,46.379575
16.521957,46.379416
16.521965,46.379268
16.521981,46.379115
16.522003,46.378965
16.522016,46.378809
16.52199,46.378665
16.522431,46.379518
16.522502,46.379377
16.522439,46.379232
16.522426,46.379097
16.522427,46.378955
16.522451,46.378798
16.522461,46.378665
16.52334,46.38052
16.523365,46.380279
16.523384,46.380134
16.523405,46.380002
16.523423,46.379853
16.523448,46.379717
16.523458,46.379565
16.523489,46.379425
16.523441,46.379278
16.523513,46.379142
16.523557,46.378992
16.523564,46.37886
16.523284,46.378702
16.523796,46.380177
16.523955,46.380839
16.52478,46.381108
16.524848,46.380914
16.524859,46.380747
16.524932,46.380396
16.522401,46.379668
16.522436,46.379797
16.522456,46.379944
16.497306,46.447702
16.508733,46.404413
16.565598,46.404921
16.594268,46.413646
16.480501,46.32738
16.48177,46.328197
16.523218,46.374101
16.545112,46.385022
16.517912,46.406022
16.537642,46.470177
16.557736,46.399648
16.602983,46.419278
16.601671,46.43116
16.515653,46.399857
16.563627,46.457481
16.52373,46.380662
16.523796,46.380486
16.523855,46.380028
16.523826,46.379888
16.523865,46.379736
16.523882,46.379584
16.523925,46.37931
16.523978,46.379075
16.525036,46.379389
16.524842,46.379535
16.525062,46.379669
16.525041,46.379812
16.525019,46.379957
16.524971,46.380109
16.524964,46.380248
16.524906,46.380559
16.525247,46.381214
16.525231,46.381054
16.525329,46.380876
16.525385,46.380687
16.525333,46.380524
16.525584,46.380361
16.525394,46.380154
16.525437,46.379989
16.525469,46.37984
16.525526,46.37969
16.523906,46.37946
16.52628,46.381452
16.526425,46.381321
16.526495,46.381165
16.526582,46.381005
16.526636,46.380852
16.526708,46.380698
16.526843,46.380386
16.526863,46.38022
16.527484,46.380352
16.527307,46.380664
16.527046,46.381119
16.52695,46.381266
16.526943,46.381435
16.528054,46.382011
16.528224,46.381887
16.528268,46.381735
16.52839,46.381603
16.528514,46.381476
16.528658,46.38134
16.528761,46.381191
16.528865,46.381045
16.528929,46.380908
16.52903,46.380773
16.529228,46.380636
16.529349,46.380489
16.529517,46.380279
16.529655,46.380112
16.529775,46.379959
16.529931,46.379772
16.530051,46.379592
16.530192,46.379442
16.530324,46.379284
16.530455,46.379128
16.530565,46.378964
16.530699,46.37881
16.530836,46.378659
16.530953,46.37851
16.531083,46.378337
16.531396,46.378455
16.531313,46.378609
16.531206,46.378752
16.531086,46.378874
16.530969,46.379015
16.530881,46.379119
16.53084,46.379242
16.5307,46.37935
16.530558,46.379588
16.530359,46.379811
16.530282,46.379907
16.530192,46.380001
16.530098,46.380113
16.530094,46.380257
16.52997,46.380334
16.529795,46.380534
16.529691,46.380632
16.529655,46.380761
16.529554,46.380859
16.529472,46.380962
16.529386,46.38106
16.529214,46.381268
16.529125,46.381375
16.52925,46.381623
16.528483,46.382222
16.530745,46.379438
16.521953,46.381009
16.521934,46.381228
16.521927,46.381426
16.52186,46.38163
16.521844,46.381838
16.52185,46.382044
16.521888,46.382265
16.521826,46.382383
16.521865,46.382567
16.521681,46.38286
16.521779,46.383085
16.521752,46.383249
16.521818,46.383475
16.521784,46.383689
16.521791,46.383887
16.521788,46.384091
16.521732,46.384319
16.522204,46.384107
16.522248,46.383906
16.522227,46.383738
16.522213,46.383532
16.522247,46.383285
16.522243,46.383089
16.522213,46.382924
16.52227,46.382696
16.522287,46.382497
16.522342,46.382113
16.522351,46.38189
16.522287,46.381676
16.52236,46.381484
16.522328,46.381336
16.522357,46.381173
16.522357,46.380993
16.507959,46.457568
16.503908,46.459662
16.528037,46.367793
16.566504,46.453623
16.58686,46.459935
16.521836,46.40828
16.510611,46.328775
16.51086,46.328687
16.511309,46.328661
16.511513,46.328604
16.511755,46.328529
16.511942,46.328478
16.512192,46.328437
16.512416,46.328366
16.512589,46.328277
16.512789,46.328016
16.512992,46.327922
16.513056,46.327779
16.512025,46.328914
16.511762,46.329113
16.512344,46.328965
16.511453,46.329424
16.596815,46.423945
16.503218,46.450736
16.504894,46.458247
16.504997,46.458458
16.505133,46.458634
16.505244,46.458804
16.505299,46.45893
16.505406,46.459166
16.505551,46.459408
16.505634,46.459674
16.506688,46.460472
16.506614,46.460317
16.506482,46.460154
16.506449,46.459994
16.506304,46.459844
16.506272,46.459653
16.506125,46.459534
16.506062,46.459353
16.505994,46.459192
16.505845,46.45902
16.505762,46.458849
16.505689,46.458703
16.505596,46.458556
16.505425,46.458403
16.505327,46.458227
16.505208,46.458096
16.506325,46.460569
16.506188,46.460345
16.506087,46.460214
16.505981,46.460061
16.506844,46.460621
16.506947,46.460787
16.507133,46.461106
16.507205,46.461247
16.507312,46.461416
16.507431,46.461603
16.590958,46.448134
16.591659,46.447885
16.547763,46.382519
16.545517,46.387402
16.545347,46.468975
16.541294,46.467295
16.527346,46.367857
16.526684,46.367687
16.553587,46.421933
16.542829,46.46863
16.50957,46.332525
16.558163,46.427044
16.547456,46.423293
16.521134,46.408688
16.542398,46.37702
16.528325,46.379734
16.563603,46.429248
16.547419,46.38662
16.588855,46.413557
16.539745,46.468419
16.502909,46.462865
16.59154,46.43205
16.522519,46.380126
16.548278,46.468361
16.56034,46.403298
16.53915,46.468936
16.533784,46.375493
16.502915,46.458186
16.525555,46.375669
16.501804,46.40161
16.501238,46.401381
16.483714,46.328573
16.528735,46.379974
16.501704,46.330652
16.588745,46.43254
16.526278,46.408306
16.391257,46.519827
16.510676,46.404948
16.527457,46.465809
16.505048,46.447465
16.505199,46.447491
16.509179,46.328206
16.507149,46.33526
16.596893,46.426099
16.543601,46.465836
16.600082,46.423733
16.579977,46.446824
16.579654,46.446477
16.589632,46.445618
16.577986,46.44883
16.583419,46.447398
16.581312,46.445524
16.578291,46.444068
16.584032,46.44524
16.590183,46.445088
16.579759,46.445753
16.590066,46.444566
16.582501,46.447677
16.586686,46.445585
16.583028,46.447453
16.585371,46.446504
16.579878,46.446741
16.590141,46.446068
16.5796,46.447052
16.578482,46.448332
16.581008,46.443063
16.582219,46.445752
16.58577,46.446949
16.58692,46.447251
16.587016,46.444738
16.585447,46.446583
16.582452,46.447563
16.579761,46.446611
16.588082,46.445502
16.581183,46.445698
16.588958,46.445559
16.584425,46.447329
16.590129,46.446546
16.57901,46.445332
16.579172,46.445598
16.58379,46.444156
16.587066,46.447401
16.583202,46.444928
16.584042,46.447374
16.588213,46.445543
16.57721,46.449341
16.577808,46.448989
16.577411,46.449237
16.577026,46.449492
16.577602,46.449135
16.579434,46.447169
16.579223,46.447411
16.578957,46.447688
16.578638,46.448112
16.578824,46.44789
16.580714,46.446101
16.580496,46.446344
16.580844,46.445943
16.580567,46.446229
16.580282,46.446513
16.582597,46.444769
16.583627,46.444285
16.5828,46.444706
16.583453,46.444396
16.583003,46.4446
16.58325,46.444501
16.583989,46.443999
16.58434,46.443639
16.584245,46.443743
16.584511,46.443442
16.583803,46.444763
16.582527,46.445292
16.582861,46.445078
16.582646,46.445208
16.583028,46.445029
16.581262,46.446233
16.580776,46.446684
16.581153,46.446274
16.58105,46.446362
16.580933,46.446547
16.578153,46.448625
16.578317,46.448542
16.577962,46.443602
16.578112,46.443798
16.577382,46.443792
16.578833,46.444968
16.578566,46.44454
16.578766,46.44484
16.578483,46.4444
16.578949,46.445154
16.578686,46.44468
16.579113,46.445524
16.579486,46.446164
16.579259,46.445785
16.579392,46.446015
16.579579,46.446316
16.579378,46.444998
16.579308,46.444665
16.579536,46.445303
16.579627,46.445454
16.581383,46.44719
16.582169,46.44777
16.581494,46.44756
16.582235,46.447602
16.583243,46.447407
16.58385,46.447347
16.583634,46.447353
16.584765,46.447444
16.58484,46.447113
16.58543,46.447254
16.58501,46.44704
16.584902,46.447334
16.584628,46.447214
16.585006,46.447521
16.585493,46.447061
16.585172,46.446973
16.585597,46.44684
16.585926,46.446863
16.585535,46.446716
16.584862,46.446304
16.585288,46.446339
16.585225,46.446174
16.585021,46.4465
16.585967,46.445734
16.585077,46.445932
16.586417,46.445437
16.584595,46.44586
16.585021,46.445831
16.585433,46.445836
16.587792,46.445498
16.587483,46.445837
16.586767,46.445885
16.587287,46.445791
16.587031,46.445827
16.587976,46.445773
16.587606,46.445512
16.587442,46.445494
16.588489,46.445526
16.589196,46.445855
16.589747,46.445871
16.588647,46.44579
16.588967,46.445807
16.589435,46.445887
16.588806,46.445797
16.5887,46.445567
16.589443,46.445598
16.5892,46.445563
16.589812,46.4456
16.590065,46.444816
16.590104,46.444933
16.590091,46.445198
16.5901,46.445749
16.590174,46.445571
16.590128,46.445908
16.59013,46.445434
16.590121,46.446332
16.590136,46.446789
16.587317,46.447476
16.590507,46.447333
16.589077,46.447399
16.588138,46.447593
16.588528,46.447613
16.587693,46.447538
16.590068,46.447297
16.58965,46.447297
16.588335,46.447633
16.588046,46.447574
16.587909,46.447529
16.590978,46.447396
16.582692,46.447593
16.582658,46.447238
16.586959,46.447153
16.586958,46.445512
16.584757,46.446154
16.583752,46.445713
16.584708,46.445941
16.584841,46.444915
16.501788,46.321341
16.506336,46.329088
16.504124,46.324094
16.504429,46.319436
16.50315,46.323575
16.504494,46.320227
16.50386,46.327096
16.503074,46.319862
16.506252,46.328601
16.503328,46.324011
16.503197,46.319113
16.5039,46.320671
16.502825,46.319929
16.503597,46.324609
16.504253,46.330921
16.50428,46.327092
16.504275,46.324734
16.503174,46.319998
16.504142,46.320828
16.503915,46.318813
16.503328,46.324172
16.501175,46.31977
16.503833,46.319024
16.504784,46.328745
16.504031,46.319446
16.506424,46.329902
16.504764,46.328441
16.504511,46.319412
16.504448,46.331097
16.504564,46.319502
16.501564,46.319266
16.504135,46.319608
16.503293,46.323849
16.503196,46.320502
16.504313,46.324859
16.504926,46.320294
16.504078,46.324797
16.504347,46.325011
16.503242,46.319241
16.504012,46.319519
16.503819,46.323731
16.504467,46.327652
16.50376,46.318857
16.502942,46.322421
16.503412,46.319429
16.504154,46.319505
16.503998,46.318974
16.503901,46.319598
16.502947,46.319337
16.503134,46.320417
16.502807,46.319371
16.505205,46.331095
16.50408,46.318575
16.501953,46.321559
16.502918,46.318854
16.506444,46.329996
16.505385,46.331082
16.503978,46.319461
16.50267,46.319364
16.504391,46.319527
16.503708,46.324559
16.504127,46.319329
16.504647,46.328019
16.505838,46.331053
16.502048,46.319127
16.501606,46.319651
16.504551,46.324958
16.504401,46.319121
16.504164,46.3249
16.503305,46.319008
16.503106,46.320324
16.504368,46.325138
16.503263,46.318967
16.503708,46.319326
16.500613,46.319485
16.504504,46.320602
16.50617,46.329441
16.50381,46.32115
16.506168,46.33018
16.501849,46.321438
16.503396,46.31995
16.501288,46.320329
16.503655,46.324468
16.503159,46.321913
16.504326,46.319545
16.504632,46.328624
16.505747,46.328884
16.502965,46.322536
16.50406,46.319613
16.504758,46.319343
16.505132,46.319677
16.503232,46.319793
16.50206,46.319319
16.500495,46.329338
16.506359,46.329756
16.504859,46.319397
16.504554,46.324712
16.505989,46.329284
16.503556,46.324715
16.505595,46.331056
16.504247,46.319572
16.504069,46.319505
16.504607,46.327852
16.504543,46.324833
16.506058,46.32965
16.504368,46.327412
16.503462,46.31874
16.505509,46.320028
16.504957,46.319388
16.504417,46.319602
16.501878,46.319952
16.503212,46.323717
16.503114,46.319285
16.504687,46.31948
16.504259,46.319312
16.503014,46.322751
16.504849,46.331079
16.500963,46.319443
16.502681,46.31969
16.506037,46.330674
16.504592,46.319341
16.502197,46.31985
16.503894,46.319373
16.500756,46.319886
16.502506,46.319232
16.503344,46.319093
16.503901,46.319284
16.504273,46.318882
16.505772,46.320373
16.504147,46.325046
16.50433,46.319211
16.504302,46.320458
16.502371,46.319768
16.502426,46.319471
16.503024,46.320152
16.504606,46.319386
16.502909,46.319584
16.504207,46.319176
16.504501,46.328342
16.502481,46.31901
16.50516,46.320182
16.504599,46.328213
16.503499,46.321466
16.503054,46.323201
16.504269,46.319447
16.504331,46.319442
16.504081,46.319248
16.500477,46.319953
16.503365,46.320668
16.505193,46.319942
16.504327,46.324607
16.501697,46.32001
16.503492,46.320841
16.503258,46.318781
16.504493,46.319515
16.504211,46.319482
16.504695,46.320414
16.503037,46.322638
16.504578,46.319119
16.496558,46.313087
16.503414,46.324402
16.504143,46.324335
16.506215,46.327527
16.504271,46.321359
16.527824,46.368028
16.527834,46.367893
16.56907,46.407017
16.501859,46.323272
16.51844,46.400991
16.550678,46.385379
16.507155,46.334962
16.503482,46.322773
16.52755,46.465775
16.512006,46.401159
16.509196,46.398953
16.524861,46.407951
16.524787,46.408065
16.610088,46.437654
16.593634,46.414975
16.568357,46.406734
16.526912,46.368987
16.568149,46.453756
16.568523,46.455106
16.522753,46.399549
16.565276,46.429972
16.532793,46.377019
16.512573,46.395753
16.501576,46.322407
16.523467,46.399634
16.591429,46.448192
16.600408,46.422101
16.473852,46.319062
16.550583,46.423897
16.536669,46.378876
16.536511,46.378862
16.598663,46.422272
16.503547,46.320132
16.54544,46.385794
16.544338,46.468641
16.564728,46.404197
16.50141,46.320743
16.549357,46.462412
16.501177,46.458412
16.509659,46.33201
16.39706,46.52316
16.396701,46.523532
16.546616,46.385282
16.552392,46.391302
16.528805,46.367919
16.52997,46.380469
16.550206,46.384519
16.551998,46.385603
16.528926,46.379683
16.526581,46.379623
16.522458,46.380761
16.523117,46.373517
16.524048,46.373785
16.595169,46.414053
16.601166,46.431853
16.599219,46.429848
16.591401,46.44859
16.503631,46.459139
16.503668,46.457981
16.503165,46.458088
16.527596,46.379284
16.551822,46.464043
16.551284,46.466142
16.548152,46.462847
16.547651,46.462494
16.501683,46.446121
16.477147,46.329011
16.566817,46.438231
16.521687,46.408085
16.504006,46.483262
16.505896,46.328207
16.547682,46.423279
16.528509,46.379445
16.525945,46.379403
16.527695,46.465647
16.527774,46.465515
16.527932,46.465424
16.52919,46.466325
16.529308,46.466555
16.52929,46.466239
16.529961,46.466175
16.530192,46.466358
16.529525,46.466388
16.529803,46.466529
16.529568,46.466746
16.5291,46.466743
16.529035,46.466841
16.598025,46.433151
16.505783,46.447426
16.576906,46.450057
16.588302,46.445791
16.568783,46.455241
16.573465,46.416967
16.57408,46.41735
16.579928,46.420172
16.578308,46.420658
16.578438,46.420628
16.579038,46.420603
16.579846,46.420428
16.575628,46.419152
16.576626,46.4197
16.57689,46.419914
16.577497,46.420759
16.577239,46.420561
16.576949,46.420426
16.576803,46.42025
16.57669,46.420141
16.576387,46.419921
16.576228,46.419841
16.576006,46.419778
16.575972,46.419638
16.57543,46.419453
16.575412,46.419323
16.575237,46.419259
16.575064,46.419155
16.574631,46.418905
16.574011,46.418487
16.573741,46.416714
16.574141,46.416957
16.574347,46.41698
16.574672,46.417264
16.576993,46.418168
16.576929,46.418141
16.576779,46.418055
16.57907,46.419552
16.578073,46.418816
16.57815,46.41895
16.578284,46.418866
16.576689,46.418005
16.576506,46.417933
16.576353,46.417852
16.576206,46.417792
16.575377,46.417267
16.575243,46.417211
16.575309,46.417164
16.575014,46.417075
16.574386,46.416758
16.574268,46.416666
16.574046,46.416493
16.573503,46.416517
16.593858,46.424123
16.593458,46.42416
16.503237,46.319481
16.502879,46.320846
16.50189,46.32058
16.501708,46.320653
16.501229,46.320178
16.50233,46.322338
16.50215,46.32182
16.502681,46.321959
16.501745,46.322318
16.503185,46.325114
16.504601,46.321094
16.505084,46.32071
16.503128,46.323444
16.503656,46.323492
16.503046,46.322851
16.502613,46.323307
16.502133,46.323496
16.501875,46.322889
16.501839,46.322781
16.503099,46.324924
16.508594,46.329805
16.592853,46.436122
16.396819,46.523884
16.541462,46.469977
16.541826,46.469746
16.541741,46.469879
16.541405,46.47014
16.541699,46.46998
16.54182,46.470254
16.541924,46.470163
16.526807,46.379745
16.528079,46.465832
16.574551,46.417989
16.509946,46.326142
16.533216,46.376204
16.533384,46.376329
16.605327,46.419607
16.515583,46.399821
16.515502,46.39971
16.507914,46.400471
16.506258,46.33043
16.547365,46.462113
16.547336,46.462209
16.512833,46.401318
16.501588,46.320976
16.580836,46.44847
16.588816,46.447499
16.583463,46.43206
16.589852,46.448183
16.564693,46.455929
16.525328,46.367706
16.522431,46.40812
16.522345,46.408101
16.551435,46.384761
16.551302,46.384633
16.54148,46.380313
16.547356,46.468977
16.499522,46.334157
16.52785,46.378974
16.59036,46.448535
16.531607,46.377097
16.531731,46.377139
16.510285,46.397595
16.501953,46.333356
16.529073,46.379359
16.52942,46.378714
16.502624,46.323433
16.503131,46.323332
16.498441,46.445847
16.512502,46.401213
16.550155,46.383655
16.528791,46.379829
16.526709,46.378514
16.58142,46.446016
16.554316,46.422234
16.510257,46.399349
16.501989,46.321189
16.510731,46.399324
16.510775,46.399193
16.567536,46.45579
16.512298,46.393613
16.512484,46.394174
16.534668,46.378393
16.510954,46.46052
16.536824,46.376716
16.597375,46.430744
16.541698,46.46505
16.594634,46.41374
16.505843,46.329094
16.530469,46.32593
16.542385,46.325762
16.540767,46.340516
16.540604,46.339815
16.537521,46.345734
16.539788,46.324662
16.542341,46.331078
16.540842,46.343609
16.548373,46.331136
16.545592,46.330644
16.550417,46.329436
16.543064,46.330622
16.54724,46.332012
16.542634,46.326677
16.548141,46.332747
16.539944,46.341409
16.54767,46.329384
16.546591,46.330897
16.547896,46.33093
16.54838,46.328701
16.54717,46.331895
16.549018,46.329289
16.555292,46.331363
16.546044,46.328632
16.542541,46.34219
16.539438,46.324661
16.53978,46.339404
16.539755,46.338122
16.547877,46.333721
16.538034,46.344739
16.543131,46.32818
16.550639,46.329455
16.538457,46.344695
16.540291,46.33704
16.540286,46.338628
16.529895,46.325976
16.537378,46.345233
16.539383,46.344592
16.538361,46.344119
16.539613,46.344562
16.537974,46.337603
16.546773,46.331021
16.556043,46.332073
16.554869,46.331539
16.528642,46.326234
16.538589,46.344082
16.551702,46.330062
16.552147,46.330129
16.547435,46.329739
16.552991,46.330752
16.538328,46.324543
16.55006,46.328527
16.547114,46.330098
16.55401,46.330873
16.540539,46.342415
16.537937,46.337249
16.545173,46.330526
16.54703,46.329952
16.539521,46.34397
16.542987,46.327585
16.538209,46.342891
16.539485,46.337709
16.541204,46.337117
16.547474,46.32929
16.539609,46.337569
16.54081,46.341393
16.547636,46.332945
16.540529,46.338978
16.540036,46.337454
16.540794,46.340992
16.538115,46.344117
16.553351,46.330844
16.539446,46.34151
16.538121,46.324505
16.549105,46.32891
16.547844,46.333646
16.543145,46.32846
16.536448,46.324522
16.547917,46.329723
16.549317,46.329535
16.545927,46.330265
16.537344,46.344772
16.548026,46.33101
16.547478,46.330518
16.540178,46.345234
16.545036,46.33027
16.543826,46.329358
16.52983,46.325661
16.551902,46.330033
16.545674,46.330238
16.542767,46.329624
16.520348,46.352194
16.554593,46.331427
16.540651,46.343859
16.539255,46.343997
16.548938,46.329576
16.537925,46.342353
16.529439,46.326208
16.545835,46.328014
16.538946,46.344644
16.54097,46.337093
16.540521,46.339338
16.547005,46.331759
16.547904,46.329414
16.545879,46.33088
16.538318,46.342217
16.546417,46.330748
16.547897,46.333815
16.540252,46.338404
16.52981,46.350089
16.54789,46.331809
16.542946,46.331175
16.542358,46.325621
16.544178,46.329549
16.547373,46.330185
16.542995,46.32895
16.540853,46.324642
16.541244,46.343574
16.551053,46.330158
16.540993,46.342451
16.542715,46.334799
16.55405,46.331297
16.545152,46.330703
16.538791,46.334456
16.548113,46.334107
16.548449,46.333637
16.538636,46.337226
16.539118,46.341506
16.554301,46.33136
16.548094,46.329296
16.540207,46.343918
16.540684,46.340631
16.545821,46.328584
16.547873,46.332039
16.538588,46.324557
16.552222,46.329848
16.543666,46.329275
16.529233,46.327485
16.542478,46.342383
16.553222,46.330863
16.540588,46.340159
16.5412,46.342807
16.554192,46.330967
16.542856,46.327012
16.543197,46.327888
16.540197,46.32466
16.54438,46.329652
16.540207,46.340891
16.540015,46.324696
16.547021,46.329585
16.540451,46.341407
16.543106,46.32716
16.541834,46.342573
16.547503,46.332583
16.537608,46.324469
16.540565,46.339923
16.549917,46.329273
16.554696,46.331141
16.537762,46.343166
16.537316,46.345104
16.551179,46.329952
16.537135,46.324529
16.545778,46.328711
16.54078,46.344464
16.540485,46.338867
16.542369,46.325898
16.539697,46.338002
16.529151,46.32605
16.551456,46.329417
16.52725,46.327163
16.547702,46.333477
16.547762,46.329757
16.550815,46.329508
16.546941,46.328317
16.54182,46.324901
16.537405,46.324438
16.543277,46.329446
16.543045,46.330757
16.540325,46.344472
16.546853,46.329058
16.54868,46.333778
16.549075,46.329541
16.546238,46.328185
16.543088,46.327749
16.543146,46.327342
16.552526,46.330028
16.542677,46.330486
16.539863,46.338896
16.542764,46.326506
16.540065,46.33701
16.550172,46.329626
16.548215,46.329686
16.546556,46.328473
16.538239,46.342738
16.527436,46.327081
16.541022,46.344443
16.543833,46.328967
16.539787,46.341428
16.540389,46.324649
16.540429,46.343891
16.538787,46.344056
16.554397,46.33104
16.541685,46.337119
16.548042,46.333928
16.547639,46.332708
16.54743,46.332473
16.528119,46.326513
16.547259,46.329565
16.539854,46.338615
16.537344,46.344935
16.540239,46.340587
16.556152,46.331637
16.540737,46.337074
16.549989,46.329582
16.541658,46.324861
16.546659,46.331464
16.553066,46.330323
16.546252,46.330599
16.53032,46.325408
16.540952,46.342239
16.5471,46.331317
16.547797,46.331597
16.553583,46.330247
16.537905,46.342628
16.547684,46.333302
16.540612,46.342722
16.540632,46.340276
16.539263,46.33714
16.540485,46.337415
16.548765,46.329226
16.541451,46.337117
16.553677,46.330381
16.547304,46.331465
16.540353,46.338516
16.540544,46.344458
16.537931,46.344363
16.540154,46.340328
16.546986,46.328511
16.555766,46.331889
16.542767,46.329419
16.54894,46.333915
16.537795,46.337375
16.549684,46.32761
16.540168,46.340707
16.538241,46.344731
16.547745,46.33075
16.54006,46.339799
16.550842,46.329868
16.539606,46.337811
16.540441,46.338739
16.551786,46.329765
16.547653,46.333393
16.538106,46.337232
16.538238,46.337333
16.539571,46.337943
16.556034,46.331498
16.526688,46.327314
16.548365,46.333441
16.543192,46.328315
16.542627,46.330316
16.543036,46.328815
16.547659,46.333201
16.547348,46.330353
16.540327,46.338269
16.529629,46.326115
16.540647,46.343017
16.547946,46.33227
16.545493,46.328353
16.553971,46.330689
16.540501,46.339676
16.544666,46.329826
16.544894,46.330044
16.54683,46.328893
16.552045,46.329551
16.538693,46.344671
16.538448,46.337315
16.542572,46.330041
16.530134,46.325636
16.547481,46.332309
16.547374,46.33219
16.539597,46.337425
16.551417,46.328037
16.540713,46.340758
16.548295,46.333199
16.548503,46.334016
16.542835,46.331936
16.538923,46.324628
16.54968,46.329543
16.53972,46.338415
16.539565,46.341475
16.529373,46.32586
16.54856,46.329331
16.543098,46.328038
16.537659,46.343871
16.551622,46.329707
16.548335,46.329365
16.539715,46.343975
16.555284,46.331767
16.54273,46.334683
16.540121,46.341175
16.52769,46.326996
16.540713,46.324687
16.529603,46.32589
16.539968,46.339088
16.54268,46.335685
16.539562,46.337111
16.550554,46.329767
16.540011,46.340212
16.54304,46.331589
16.548176,46.333948
16.541162,46.34148
16.555521,46.331842
16.540377,46.33791
16.539973,46.343944
16.541156,46.341326
16.542897,46.333694
16.553322,46.330373
16.547513,46.3336
16.540012,46.339952
16.555541,46.331435
16.540511,46.339205
16.539005,46.337166
16.550929,46.327975
16.548422,46.329676
16.540051,46.340089
16.551447,46.330013
16.54679,46.328017
16.549488,46.32953
16.530322,46.326078
16.555755,46.331506
16.536896,46.324528
16.540153,46.340482
16.539847,46.344527
16.542069,46.325298
16.547743,46.33419
16.546252,46.32995
16.539815,46.338753
16.540528,46.337058
16.539247,46.324669
16.538254,46.341271
16.527065,46.32723
16.540347,46.338141
16.540622,46.340399
16.538815,46.337249
16.540097,46.337803
16.553834,46.330599
16.553728,46.331267
16.542413,46.32607
16.540961,46.340852
16.543059,46.328669
16.551045,46.329562
16.546421,46.327833
16.541067,46.324676
16.541744,46.342354
16.539975,46.339268
16.550183,46.327926
16.548676,46.329571
16.539681,46.33829
16.548859,46.328164
16.545629,46.330719
16.542868,46.329198
16.528727,46.32649
16.540548,46.340041
16.548228,46.332979
16.539034,46.34404
16.546942,46.328689
16.555073,46.331719
16.553513,46.330949
16.540556,46.33801
16.53057,46.325458
16.535283,46.32435
16.546943,46.331176
16.542806,46.326849
16.540427,46.339445
16.540906,46.344119
16.540076,46.344543
16.539628,46.338525
16.539765,46.336042
16.551191,46.328023
16.513008,46.405804
16.596286,46.430892
16.542287,46.342516
16.542359,46.342492
16.610101,46.419694
16.511311,46.475649
16.511172,46.475786
16.511273,46.475917
16.542359,46.325488
16.544643,46.387724
16.520126,46.40458
16.574384,46.418667
16.59617,46.416955
16.596481,46.416823
16.599048,46.425948
16.548879,46.328337
16.533155,46.373248
16.58601,46.432331
16.567554,46.458141
16.527301,46.408642
16.499626,46.445695
16.476989,46.318859
16.512283,46.401506
16.59837,46.421698
16.505788,46.332454
16.533072,46.37246
16.529589,46.378412
16.575994,46.419352
16.511502,46.397117
16.604294,46.419453
16.509746,46.326602
16.396393,46.520277
16.50388,46.330912
16.502706,46.321598
16.54186,46.463856
16.527846,46.326537
16.550834,46.463629
16.542743,46.4653
16.601764,46.418962
16.581964,46.447721
16.596863,46.42502
16.527668,46.378474
16.393512,46.520667
16.546916,46.467684
16.526489,46.371013
16.541164,46.4674
16.530811,46.376487
16.51374,46.395768
16.538983,46.343771
16.53243,46.37656
16.531145,46.378106
16.609873,46.435919
16.510265,46.45886
16.537803,46.324468
16.524335,46.349964
16.57844,46.419043
16.529667,46.378191
16.529642,46.378239
16.479516,46.326289
16.529238,46.375431
16.593225,46.413271
16.529394,46.447694
16.540578,46.468175
16.521947,46.406621
16.52047,46.403966
16.581631,46.445326
16.606504,46.431285
16.595044,46.434771
16.594678,46.434814
16.551182,46.384505
16.49841,46.443012
16.54315,46.376961
16.502017,46.319574
16.433606,46.383212
16.427095,46.395001
16.394647,46.492889
16.393017,46.478985
16.806747,46.319527
16.43731,46.503987
16.434902,46.378104
16.542534,46.469426
16.754099,46.329565
16.359332,46.443433
16.457761,46.475248
16.4699,46.460713
16.461122,46.480388
16.457949,46.473094
16.454296,46.473626
16.489682,46.453183
16.454214,46.48289
16.450362,46.483298
16.472048,46.465541
16.456199,46.479694
16.440792,46.483061
16.45923,46.484094
16.471266,46.464439
16.471651,46.46414
16.451117,46.483249
16.460528,46.485032
16.446326,46.483022
16.469259,46.460022
16.451757,46.482985
16.457385,46.476213
16.470772,46.463164
16.456326,46.476962
16.455209,46.476235
16.455485,46.482925
16.455491,46.479022
16.472063,46.455806
16.458744,46.482266
16.459486,46.484488
16.455781,46.476634
16.47148,46.459999
16.438623,46.483153
16.472196,46.465373
16.454366,46.475876
16.458562,46.481866
16.456869,46.474898
16.455531,46.479262
16.455337,46.478025
16.488681,46.453026
16.471763,46.464652
16.471676,46.459176
16.471339,46.454544
16.460039,46.48443
16.472673,46.466218
16.470676,46.462769
16.471531,46.455509
16.457758,46.481806
16.473136,46.461912
16.459317,46.483071
16.439794,46.48311
16.455771,46.477194
16.459042,46.482753
16.450115,46.48331
16.453936,46.482899
16.439172,46.484113
16.455309,46.472972
16.471464,46.46471
16.470622,46.460943
16.440689,46.483728
16.457048,46.481133
16.443008,46.483316
16.473004,46.457156
16.438793,46.482999
16.489254,46.45329
16.471235,46.460562
16.454066,46.475201
16.473261,46.466118
16.471112,46.464197
16.489533,46.453685
16.454716,46.475466
16.457953,46.474883
16.488453,46.453103
16.458651,46.473652
16.460275,46.485684
16.471784,46.458697
16.446504,46.483349
16.460625,46.485159
16.459074,46.475502
16.455359,46.477583
16.450795,46.469013
16.443253,46.482991
16.456303,46.479779
16.469018,46.459276
16.455936,46.481851
16.45941,46.4757
16.471672,46.464497
16.45839,46.474202
16.460327,46.480613
16.471799,46.465212
16.457027,46.476189
16.457411,46.481452
16.469968,46.460808
16.449521,46.482907
16.459522,46.480842
16.456115,46.480818
16.472507,46.456855
16.470303,46.46309
16.470529,46.462091
16.441323,46.484153
16.457544,46.474633
16.449285,46.48297
16.457924,46.473984
16.470554,46.463538
16.473273,46.461192
16.475017,46.457089
16.447997,46.483266
16.461028,46.485679
16.471184,46.464327
16.458243,46.476112
16.470401,46.463371
16.45698,46.480897
16.45572,46.479502
16.441764,46.483369
16.473415,46.466927
16.455223,46.475974
16.470159,46.462701
16.441049,46.483065
16.490158,46.453975
16.457748,46.474289
16.45612,46.478312
16.460863,46.485536
16.459206,46.481273
16.471767,46.458805
16.47187,46.45856
16.452638,46.482821
16.455403,46.477456
16.45581,46.478129
16.440575,46.483421
16.473096,46.465936
16.45579,46.47785
16.474317,46.466347
16.446013,46.483326
16.452444,46.471791
16.469364,46.460288
16.453739,46.473435
16.442009,46.48416
16.439542,46.483064
16.44583,46.483018
16.472248,46.456196
16.471576,46.459577
16.454619,46.476159
16.458499,46.482821
16.455798,46.479812
16.473751,46.457522
16.490435,46.454493
16.470067,46.461084
16.454453,46.482784
16.458279,46.474373
16.455371,46.478841
16.471923,46.462328
16.449051,46.483015
16.455301,46.477684
16.459953,46.480709
16.458081,46.474701
16.451513,46.482956
16.443301,46.484147
16.456845,46.48166
16.456825,46.476359
16.450754,46.482922
16.460528,46.480536
16.456875,46.475971
16.454815,46.476379
16.453454,46.48263
16.454548,46.475276
16.472454,46.456724
16.457394,46.481269
16.458113,46.482244
16.469208,46.47527
16.471879,46.458431
16.437263,46.483417
16.442018,46.483065
16.458809,46.4834
16.446272,46.483314
16.455522,46.47288
16.450032,46.482988
16.441528,46.482983
16.455546,46.482436
16.47058,46.463633
16.456015,46.479136
16.458553,46.474017
16.458536,46.475671
16.490067,46.454581
16.443287,46.483327
16.456807,46.480273
16.471921,46.461489
16.458838,46.475394
16.472678,46.457244
16.443018,46.48302
16.442521,46.483038
16.455847,46.477573
16.471702,46.459301
16.471571,46.458362
16.440796,46.485463
16.455511,46.476564
16.454704,46.473469
16.442027,46.483386
16.471933,46.455551
16.456693,46.476455
16.458857,46.483544
16.470729,46.463742
16.455104,46.473074
16.473824,46.46668
16.469184,46.459789
16.470027,46.460915
16.470284,46.462886
16.460408,46.485807
16.440548,46.483102
16.470339,46.463199
16.439704,46.483733
16.457214,46.480596
16.453413,46.48302
16.471335,46.464544
16.458279,46.481567
16.471648,46.465082
16.47431,46.457369
16.47024,46.461681
16.472899,46.46147
16.471713,46.455024
16.472294,46.465969
16.489023,46.45506
16.489472,46.452776
16.454786,46.482358
16.472136,46.465744
16.489981,46.453794
16.459343,46.484371
16.457533,46.472814
16.450519,46.482979
16.437365,46.483128
16.472259,46.459136
16.454543,46.482223
16.472714,46.465797
16.470136,46.462285
16.455312,46.478641
16.471908,46.458181
16.469085,46.45959
16.459035,46.483782
16.443634,46.483026
16.45803,46.476166
16.457113,46.475835
16.441087,46.48418
16.442534,46.484449
16.470456,46.463463
16.446759,46.483352
16.47306,46.466571
16.469787,46.460585
16.45802,46.475867
16.448589,46.483262
16.47018,46.462012
16.457583,46.474473
16.489806,46.453502
16.458553,46.483079
16.471841,46.464793
16.454888,46.475819
16.488243,46.453808
16.459131,46.472622
16.450265,46.482875
16.456257,46.476355
16.457331,46.47577
16.457806,46.475643
16.443036,46.484428
16.441282,46.482991
16.458256,46.482597
16.455718,46.476766
16.454575,46.475035
16.459549,46.484788
16.47278,46.456572
16.459671,46.48116
16.443084,46.483852
16.458917,46.473154
16.472272,46.458962
16.454333,46.473229
16.440813,46.486554
16.472652,46.458261
16.45161,46.483293
16.456057,46.480421
16.442037,46.484453
16.471817,46.455282
16.449627,46.483324
16.454578,46.476003
16.470894,46.463309
16.47447,46.457604
16.440679,46.48356
16.45545,46.476302
16.45383,46.474958
16.456512,46.476511
16.470611,46.46242
16.45292,46.48312
16.472901,46.466286
16.439185,46.483603
16.454964,46.476433
16.454937,46.475923
16.472754,46.457901
16.443985,46.482993
16.454092,46.475387
16.47232,46.458799
16.459992,46.485333
16.45574,46.477698
16.444162,46.483064
16.445569,46.482982
16.454165,46.474007
16.488411,46.454108
16.45574,46.472981
16.452546,46.482848
16.473588,46.457621
16.458092,46.473312
16.457505,46.480794
16.470923,46.463968
16.47065,46.463698
16.439037,46.483103
16.442278,46.483396
16.471867,46.465375
16.470607,46.461519
16.442611,46.484139
16.454688,46.47838
16.439688,46.484098
16.472223,46.459289
16.455424,46.47337
16.441046,46.483394
16.458907,46.472831
16.472071,46.461101
16.446974,46.482991
16.490227,46.454188
16.489807,46.453394
16.469069,46.459428
16.458538,46.47381
16.461415,46.477511
16.45359,46.473216
16.458738,46.475877
16.489412,46.453476
16.455762,46.477367
16.472278,46.46552
16.443274,46.484493
16.453561,46.482965
16.474006,46.466861
16.488673,46.454425
16.474581,46.457254
16.456459,46.476758
16.472056,46.46519
16.460271,46.485451
16.461213,46.485796
16.471053,46.463657
16.440585,46.484099
16.458419,46.476095
16.44128,46.483362
16.453687,46.474068
16.446619,46.483022
16.455614,46.47939
16.45686,46.480476
16.458186,46.473433
16.458931,46.473359
16.454243,46.475769
16.454891,46.482915
16.459742,46.484867
16.456403,46.472939
16.472831,46.457672
16.472324,46.458631
16.440687,46.483906
16.453248,46.483045
16.45786,46.472151
16.489647,46.453857
16.442763,46.483369
16.439265,46.483393
16.472817,46.457793
16.448277,46.48299
16.472479,46.456994
16.446095,46.48295
16.457763,46.475465
16.459675,46.480828
16.453621,46.474256
16.471685,46.461074
16.459906,46.484202
16.455045,46.476504
16.456248,46.476674
16.473005,46.461199
16.442782,46.484503
16.471963,46.464977
16.458976,46.482497
16.472117,46.45953
16.489119,46.455239
16.473828,46.45782
16.459685,46.483903
16.454165,46.475509
16.471594,46.46487
16.470702,46.462967
16.46956,46.460553
16.471506,46.464283
16.470188,46.461849
16.448258,46.483293
16.454928,46.47342
16.459244,46.483011
16.441278,46.484475
16.45442,46.482388
16.452939,46.482483
16.440675,46.485129
16.455316,46.476943
16.456526,46.481371
16.459137,46.482861
16.454181,46.474513
16.470624,46.46174
16.455886,46.478868
16.448517,46.482858
16.458102,46.48246
16.457772,46.472869
16.471753,46.45515
16.44913,46.48331
16.470149,46.462171
16.455884,46.478513
16.456206,46.480236
16.456975,46.475907
16.470109,46.462398
16.448878,46.483322
16.455364,46.478725
16.471565,46.459724
16.456107,46.480103
16.472467,46.455716
16.455374,46.477869
16.459637,46.483572
16.455906,46.482878
16.474141,46.457409
16.472473,46.461146
16.472139,46.456074
16.454281,46.482467
16.441318,46.485557
16.468906,46.459081
16.473938,46.46716
16.45816,46.47451
16.472793,46.461175
16.473497,46.461207
16.472443,46.46622
16.47401,46.461182
16.472007,46.455672
16.45663,46.480179
16.455892,46.477967
16.453229,46.482698
16.439226,46.484282
16.458979,46.48364
16.442769,46.483027
16.456053,46.479476
16.472314,46.456461
16.472383,46.461431
16.447267,46.483313
16.473377,46.457972
16.441552,46.484167
16.470581,46.462231
16.439278,46.483055
16.47039,46.463284
16.445119,46.482928
16.441787,46.484163
16.45531,46.483059
16.452306,46.48286
16.45944,46.48124
16.448901,46.483874
16.44579,46.483292
16.489779,46.454072
16.452834,46.482819
16.441514,46.484461
16.447751,46.483471
16.456007,46.476468
16.458565,46.475987
16.458488,46.473124
16.440712,46.484247
16.454829,46.473073
16.44936,46.483404
16.440282,46.483025
16.472819,46.457551
16.455407,46.476432
16.457871,46.474134
16.45657,46.480041
16.470065,46.46252
16.447522,46.483387
16.456085,46.479307
16.47264,46.461445
16.450565,46.483332
16.457279,46.481175
16.489865,46.453601
16.457838,46.476123
16.459863,46.485114
16.438017,46.483003
16.455982,46.479932
16.471927,46.464886
16.440803,46.485679
16.470216,46.461481
16.460909,46.480447
16.448045,46.483022
16.443521,46.484147
16.445532,46.483376
16.454219,46.474143
16.471672,46.454887
16.453945,46.482508
16.43759,46.483117
16.44987,46.483247
16.458644,46.473517
16.458764,46.483212
16.455662,46.473318
16.456407,46.481255
16.447304,46.482994
16.440716,46.484414
16.472143,46.46528
16.44845,46.48382
16.471842,46.461093
16.471375,46.464036
16.449766,46.482975
16.453505,46.473898
16.472589,46.457122
16.472151,46.458104
16.458932,46.475836
16.459164,46.483888
16.454784,46.475709
16.452482,46.483177
16.470177,46.461343
16.451852,46.483247
16.437778,46.483104
16.440763,46.485275
16.472116,46.465642
16.473372,46.46149
16.455139,46.476651
16.45791,46.481922
16.472376,46.465624
16.470144,46.461207
16.456074,46.4815
16.47178,46.460481
16.46032,46.484525
16.457197,46.476127
16.455524,46.479155
16.457794,46.471972
16.458149,46.473708
16.455838,46.478665
16.447019,46.483285
16.457536,46.47592
16.456388,46.479895
16.445289,46.483288
16.474136,46.457691
16.459328,46.484201
16.488831,46.454745
16.454118,46.47427
16.454779,46.476289
16.439607,46.483343
16.442292,46.484149
16.453743,46.482894
16.471979,46.465078
16.458819,46.482389
16.45605,46.472912
16.455468,46.477222
16.456367,46.476181
16.472382,46.456597
16.469234,46.45991
16.472099,46.459677
16.45101,46.482977
16.441789,46.483081
16.454039,46.475101
16.455413,46.477093
16.438321,46.482896
16.473219,46.466669
16.470644,46.461932
16.45312,46.483632
16.472201,46.465876
16.459867,46.484026
16.470819,46.46388
16.454573,46.473168
16.469303,46.460147
16.458696,46.482152
16.460089,46.480993
16.471292,46.454402
16.457537,46.476171
16.441774,46.484465
16.459348,46.480929
16.469161,46.459685
16.460454,46.486033
16.453683,46.482646
16.457361,46.472864
16.454253,46.475616
16.453987,46.473893
16.488906,46.452971
16.473146,46.461475
16.44252,46.483388
16.447796,46.483005
16.487685,46.453319
16.45196,46.482905
16.453856,46.474733
16.447554,46.482972
16.453081,46.483081
16.455978,46.479233
16.460373,46.480909
16.453701,46.482443
16.442285,46.482965
16.490204,46.454774
16.455262,46.473462
16.471954,46.465464
16.48818,46.453645
16.470967,46.463514
16.488012,46.453215
16.460149,46.480681
16.451389,46.483259
16.439209,46.48393
16.471783,46.458926
16.456111,46.479587
16.472348,46.458471
16.459609,46.484573
16.452228,46.48325
16.440651,46.484774
16.487072,46.453511
16.471213,46.454166
16.455827,46.478977
16.457151,46.472873
16.459082,46.475856
16.472194,46.461127
16.471324,46.463873
16.458108,46.482035
16.439618,46.483928
16.472278,46.456325
16.458465,46.480643
16.469918,46.460424
16.460891,46.480796
16.46893,46.458765
16.458509,46.481714
16.445546,46.482807
16.450901,46.483299
16.455177,46.481892
16.459313,46.483286
16.461132,46.480696
16.439654,46.484251
16.458826,46.479154
16.458033,46.473584
16.455824,46.473274
16.451291,46.482922
16.487284,46.453443
16.470165,46.460553
16.439235,46.48375
16.459364,46.472897
16.459556,46.472718
16.469541,46.459792
16.46041,46.484868
16.45893,46.479298
16.459249,46.480115
16.459107,46.479988
16.459089,46.479839
16.459033,46.479712
16.45898,46.479569
16.458921,46.479426
16.459506,46.479393
16.459555,46.479535
16.459585,46.479672
16.459664,46.479822
16.459711,46.47996
16.438328,46.483164
16.457858,46.480888
16.469494,46.460404
16.452693,46.472747
16.452399,46.472387
16.458609,46.482024
16.489855,46.454297
16.456893,46.482382
16.469767,46.460253
16.458736,46.478895
16.459901,46.481056
16.443955,46.483328
16.443545,46.483319
16.443756,46.483329
16.444154,46.483318
16.459787,46.480108
16.325755,46.395966
16.440352,46.393754
16.440698,46.393818
16.440986,46.393799
16.440562,46.393564
16.440586,46.393833
16.376645,46.440583
16.440818,46.486229
16.436255,46.388261
16.436497,46.388184
16.436203,46.388067
16.666926,46.381023
16.439625,46.408161
16.425514,46.387982
16.425973,46.388308
16.426438,46.38863
16.426354,46.367607
16.359993,46.523213
16.430751,46.391944
16.430946,46.391744
16.431289,46.391826
16.431226,46.392105
16.62235,46.325016
16.397917,46.379117
16.514789,46.40621
16.514617,46.406226
16.320121,46.482678
16.303629,46.441507
16.36902,46.486921
16.440467,46.391972
16.440665,46.391948
16.806676,46.354832
16.806851,46.354871
16.806863,46.355131
16.807179,46.354734
16.807426,46.354908
16.807636,46.35493
16.808176,46.354932
16.807207,46.355144
16.807396,46.355181
16.807516,46.355252
16.807699,46.355208
16.807862,46.355191
16.808338,46.355278
16.80854,46.355256
16.80888,46.355294
16.809065,46.355334
16.809392,46.355305
16.80953,46.355324
16.809655,46.355338
16.808041,46.354911
16.808899,46.354988
16.808977,46.354814
16.809082,46.355019
16.809426,46.355008
16.809661,46.354983
16.809823,46.355032
16.809958,46.355021
16.810107,46.355054
16.810262,46.355073
16.810412,46.355036
16.810534,46.355039
16.810892,46.355083
16.811101,46.355072
16.811319,46.355096
16.811561,46.355149
16.811746,46.355132
16.811868,46.355155
16.812156,46.355106
16.81231,46.355548
16.812094,46.35555
16.811879,46.355492
16.811541,46.355497
16.811244,46.35545
16.811093,46.355479
16.810947,46.355452
16.810725,46.355427
16.810499,46.355401
16.810327,46.355397
16.810129,46.355452
16.809877,46.355363
16.812708,46.355557
16.812934,46.355583
16.813186,46.355579
16.813426,46.355584
16.813553,46.355589
16.813672,46.355684
16.813921,46.355611
16.814102,46.355834
16.813569,46.355226
16.81336,46.354971
16.812833,46.355194
16.812605,46.355177
16.812487,46.355185
16.812375,46.35517
16.302143,46.498754
16.334494,46.520701
16.42584,46.367565
16.384082,46.526362
16.335891,46.496926
16.433295,46.379264
16.434508,46.378901
16.434484,46.379559
16.32052,46.436052
16.297726,46.494164
16.637803,46.386334
16.445657,46.511413
16.389631,46.373592
16.349577,46.50479
16.58122,46.331972
16.580883,46.331716
16.581117,46.331591
16.581142,46.331478
16.581183,46.33135
16.581215,46.331218
16.580614,46.330854
16.581446,46.331091
16.581299,46.330872
16.580873,46.330731
16.58157,46.330791
16.581454,46.330656
16.581551,46.330541
16.581489,46.330409
16.581586,46.330216
16.581706,46.330054
16.5819,46.329952
16.581978,46.329567
16.581676,46.331744
16.581612,46.331565
16.581644,46.331451
16.581696,46.331329
16.581818,46.331093
16.58187,46.330978
16.581957,46.330864
16.581977,46.330746
16.582101,46.330637
16.58215,46.330506
16.582209,46.330385
16.58233,46.330156
16.582411,46.330024
16.582265,46.330273
16.58248,46.329885
16.582593,46.329728
16.582823,46.329521
16.582269,46.329446
16.58223,46.329232
16.582371,46.329136
16.582258,46.328955
16.582502,46.328888
16.582162,46.32876
16.582559,46.32875
16.582516,46.32858
16.582794,46.328498
16.583173,46.328685
16.583073,46.328846
16.583021,46.328966
16.582948,46.329112
16.582874,46.329256
16.582801,46.329394
16.581174,46.328948
16.580858,46.328337
16.581079,46.328373
16.581357,46.32844
16.58159,46.328548
16.58368,46.328425
16.582831,46.32817
16.583193,46.328035
16.583542,46.328175
16.583533,46.32786
16.582954,46.327798
16.583186,46.327574
16.583414,46.327511
16.583739,46.327755
16.584006,46.327672
16.583933,46.32707
16.584409,46.327385
16.584246,46.327317
16.584917,46.327363
16.584465,46.326935
16.584664,46.326828
16.584955,46.326809
16.585164,46.326743
16.585452,46.326695
16.585687,46.326616
16.585843,46.326442
16.586172,46.326487
16.5864,46.326431
16.586681,46.326402
16.586796,46.326141
16.587014,46.326066
16.587406,46.326187
16.587822,46.326025
16.58867,46.326533
16.587912,46.326473
16.587709,46.326533
16.587474,46.32649
16.587266,46.326548
16.58706,46.326611
16.586803,46.326627
16.586631,46.326702
16.586399,46.326748
16.5862,46.32688
16.585906,46.32687
16.585711,46.326941
16.585353,46.327102
16.585403,46.327309
16.585227,46.327316
16.587925,46.325632
16.587921,46.325451
16.600271,46.342269
16.59984,46.34106
16.59915,46.340712
16.600147,46.34099
16.600394,46.340938
16.601015,46.341464
16.601145,46.341813
16.601265,46.341446
16.60156,46.341405
16.601791,46.341353
16.60202,46.341338
16.602305,46.341272
16.602525,46.341199
16.60269,46.34105
16.602906,46.340947
16.601336,46.341003
16.60157,46.340927
16.601778,46.340908
16.60198,46.340859
16.602154,46.340784
16.60241,46.340689
16.602779,46.340558
16.60298,46.340458
16.603159,46.340355
16.603435,46.340173
16.603298,46.340804
16.603468,46.340684
16.603567,46.340546
16.603717,46.340426
16.603884,46.340338
16.603723,46.340032
16.603922,46.339918
16.604076,46.339814
16.604314,46.339673
16.604577,46.339981
16.604199,46.340133
16.604044,46.340235
16.391374,46.337639
16.484282,46.389483
16.649256,46.372366
16.649484,46.372373
16.649702,46.372375
16.64991,46.372377
16.650122,46.372391
16.650337,46.372399
16.650575,46.372414
16.65078,46.372434
16.651039,46.372425
16.651253,46.372429
16.651466,46.372422
16.651668,46.372414
16.65189,46.372445
16.652102,46.372463
16.652318,46.37247
16.652547,46.372486
16.652816,46.37249
16.649289,46.372054
16.649502,46.372068
16.649718,46.372078
16.649929,46.372088
16.650134,46.372089
16.650337,46.372095
16.650572,46.372108
16.650823,46.371916
16.651034,46.372119
16.65127,46.372125
16.651483,46.372139
16.6517,46.372144
16.65213,46.37216
16.652344,46.372154
16.652565,46.372137
16.65285,46.372191
16.652813,46.371719
16.652834,46.371352
16.653504,46.371853
16.6535,46.371679
16.653596,46.371489
16.653598,46.371314
16.653521,46.37096
16.654128,46.371148
16.653658,46.37076
16.653681,46.37014
16.653244,46.370053
16.652816,46.369975
16.65243,46.369866
16.651889,46.369585
16.651799,46.369442
16.65183,46.369297
16.651958,46.368866
16.651962,46.368718
16.651984,46.368546
16.652044,46.368364
16.652054,46.368189
16.652126,46.367987
16.652588,46.368013
16.65294,46.368033
16.653271,46.368062
16.653521,46.368065
16.653957,46.368099
16.654258,46.368122
16.654546,46.368127
16.654719,46.368134
16.655008,46.368151
16.655373,46.368175
16.655884,46.368251
16.656242,46.368308
16.656343,46.367953
16.655891,46.367914
16.655628,46.367911
16.655374,46.367883
16.655097,46.367889
16.654825,46.367878
16.654636,46.367861
16.654401,46.367855
16.654186,46.367838
16.653962,46.367823
16.653735,46.367823
16.653444,46.367822
16.653009,46.367717
16.651546,46.367728
16.651308,46.367719
16.651106,46.367721
16.650634,46.36773
16.649298,46.367966
16.649485,46.367981
16.649689,46.367992
16.649906,46.367988
16.650127,46.367987
16.65041,46.368004
16.650691,46.368009
16.651013,46.368012
16.651315,46.368033
16.648728,46.370048
16.649706,46.369933
16.64992,46.369957
16.650192,46.369989
16.650438,46.369915
16.650663,46.369909
16.651311,46.369933
16.651299,46.369678
16.651337,46.369513
16.651369,46.369287
16.651394,46.369054
16.651429,46.368873
16.651476,46.36859
16.651444,46.368702
16.651489,46.368495
16.649048,46.368551
16.648945,46.368813
16.648888,46.369046
16.648788,46.369267
16.648727,46.369483
16.648625,46.369792
16.65189,46.369139
16.652799,46.371539
16.652466,46.367734
16.652154,46.367763
16.652817,46.370678
16.65263,46.370614
16.652363,46.370592
16.652128,46.3705
16.651868,46.370466
16.651639,46.370449
16.651441,46.370428
16.651206,46.370404
16.650916,46.370405
16.6506,46.370423
16.650332,46.370439
16.650103,46.37043
16.649908,46.370429
16.649719,46.370426
16.649517,46.370428
16.649329,46.370423
16.649104,46.370427
16.648634,46.370504
16.648458,46.370576
16.648299,46.370598
16.648147,46.370719
16.647848,46.370836
16.647543,46.37123
16.647573,46.370449
16.647313,46.370816
16.647152,46.371049
16.646989,46.371286
16.646892,46.371406
16.646818,46.371537
16.647377,46.371517
16.64726,46.371725
16.647217,46.371811
16.647139,46.371919
16.647035,46.37216
16.646891,46.372373
16.646697,46.372682
16.646684,46.371744
16.646551,46.371965
16.646455,46.372127
16.646279,46.372375
16.646152,46.372514
16.646,46.372828
16.646565,46.372892
16.379621,46.368511
16.615386,46.409662
16.615657,46.409789
16.615786,46.40989
16.61608,46.409985
16.616228,46.410038
16.616487,46.410144
16.616786,46.410291
16.617035,46.410393
16.6173,46.410556
16.617446,46.410713
16.618112,46.410939
16.61855,46.411142
16.618809,46.411227
16.618988,46.411356
16.619209,46.411424
16.619617,46.411681
16.619835,46.411743
16.619437,46.411536
16.620076,46.411857
16.620277,46.411923
16.62049,46.412054
16.620708,46.411782
16.620453,46.411697
16.619952,46.411474
16.619691,46.411346
16.619474,46.411194
16.619193,46.41111
16.618905,46.41098
16.618642,46.410897
16.618392,46.410746
16.618141,46.410579
16.617808,46.410525
16.617524,46.410394
16.617334,46.410208
16.617044,46.410115
16.616532,46.409859
16.616257,46.409748
16.615966,46.409624
16.615672,46.409437
16.616811,46.409039
16.616827,46.409279
16.617332,46.409307
16.618205,46.409636
16.618463,46.409772
16.618721,46.409908
16.61924,46.410153
16.619609,46.41042
16.617176,46.40881
16.617581,46.408764
16.617984,46.408713
16.618931,46.408661
16.619261,46.408539
16.618479,46.40937
16.618948,46.409613
16.619231,46.409748
16.61958,46.409891
16.619928,46.410039
16.620804,46.410403
16.621019,46.410603
16.620079,46.408387
16.62027,46.40851
16.620581,46.408662
16.620919,46.408942
16.621056,46.409043
16.62147,46.409478
16.622122,46.409377
16.622489,46.409387
16.622693,46.409438
16.623533,46.409333
16.623753,46.409499
16.623885,46.40961
16.624087,46.409709
16.624183,46.40989
16.624276,46.410027
16.624377,46.410163
16.624472,46.410325
16.624723,46.410432
16.624829,46.410522
16.625047,46.410557
16.625183,46.410621
16.625284,46.410713
16.625667,46.410746
16.625872,46.410858
16.626121,46.410954
16.626582,46.411055
16.627147,46.411851
16.625758,46.412014
16.62594,46.411782
16.626321,46.412012
16.626628,46.410445
16.627882,46.409779
16.626344,46.410488
16.624808,46.410125
16.625017,46.409974
16.624808,46.409929
16.624601,46.409885
16.625309,46.409625
16.625354,46.409455
16.625755,46.409383
16.624513,46.409748
16.62441,46.409657
16.624037,46.409218
16.623983,46.408987
16.623516,46.408874
16.623124,46.408819
16.623071,46.40893
16.623271,46.409065
16.623217,46.409151
16.621558,46.408927
16.620894,46.408448
16.620559,46.408148
16.619882,46.407886
16.618134,46.407876
16.623567,46.408803
16.623697,46.408683
16.623722,46.408575
16.623719,46.408454
16.623836,46.408301
16.62361,46.40823
16.623807,46.408102
16.623796,46.407942
16.623512,46.407749
16.623835,46.407582
16.62404,46.407838
16.624094,46.40811
16.62424,46.408205
16.623969,46.408836
16.624248,46.408541
16.624517,46.408411
16.624635,46.408326
16.624821,46.408277
16.624549,46.408007
16.624732,46.407916
16.624956,46.407881
16.625206,46.407706
16.624958,46.408204
16.625131,46.408138
16.625408,46.408041
16.625545,46.407924
16.62563,46.407815
16.625737,46.407734
16.625924,46.407616
16.625421,46.407332
16.62568,46.407225
16.62588,46.407101
16.626045,46.406976
16.62622,46.406844
16.626375,46.406696
16.626572,46.406567
16.626745,46.406415
16.626913,46.406293
16.627145,46.406051
16.627588,46.4063
16.62743,46.406393
16.627282,46.406509
16.627139,46.406638
16.627031,46.406779
16.626858,46.406863
16.626718,46.406993
16.626573,46.407094
16.626415,46.407216
16.626262,46.40736
16.611611,46.409072
16.47645,46.390127
16.62552,46.410405
16.627713,46.405606
16.623451,46.408165
16.621303,46.409186
16.620329,46.408055
16.626079,46.407624
16.37193,46.393264
16.623839,46.406973
16.587478,46.376905
16.587687,46.376881
16.587897,46.376861
16.588118,46.376849
16.58843,46.376835
16.588791,46.376697
16.588966,46.376679
16.589206,46.376663
16.589467,46.376638
16.589716,46.376614
16.587492,46.376424
16.587894,46.376364
16.588429,46.376311
16.588819,46.376272
16.589253,46.376251
16.58958,46.376183
16.590989,46.376496
16.590471,46.37654
16.59027,46.376594
16.590746,46.376517
16.591182,46.376473
16.591535,46.376454
16.591647,46.376464
16.591757,46.376455
16.590786,46.37624
16.590613,46.375864
16.590915,46.376246
16.591193,46.376211
16.59159,46.376163
16.591826,46.376144
16.59205,46.375936
16.592137,46.376407
16.592003,46.377105
16.592272,46.377533
16.592284,46.377274
16.592311,46.377141
16.592338,46.377
16.592388,46.376686
16.592956,46.376235
16.593279,46.376148
16.593454,46.376082
16.593631,46.376044
16.593307,46.375595
16.594206,46.375138
16.594195,46.375399
16.594481,46.375863
16.594984,46.375772
16.595247,46.375829
16.595397,46.375902
16.595678,46.375874
16.595885,46.375881
16.596178,46.3759
16.596123,46.375661
16.596189,46.375563
16.595863,46.375629
16.595639,46.375615
16.595478,46.375558
16.595293,46.375539
16.595123,46.375525
16.59465,46.375381
16.594511,46.375296
16.594566,46.375176
16.594235,46.374915
16.594547,46.374796
16.59442,46.374609
16.595022,46.373917
16.594855,46.373865
16.595249,46.373577
16.59537,46.373415
16.595456,46.373292
16.596047,46.375661
16.596572,46.37558
16.596851,46.374976
16.596576,46.37594
16.596822,46.375894
16.597015,46.375908
16.59722,46.375911
16.597414,46.375909
16.597077,46.375668
16.596917,46.375567
16.597674,46.375154
16.597459,46.375627
16.597921,46.375939
16.59812,46.375949
16.598382,46.375953
16.597714,46.375606
16.598119,46.375598
16.598329,46.375617
16.598595,46.375582
16.598626,46.375988
16.598861,46.376024
16.599559,46.376028
16.600492,46.375995
16.600996,46.375979
16.601448,46.375965
16.601727,46.375969
16.602022,46.37601
16.602307,46.376044
16.599156,46.375579
16.599459,46.375552
16.599763,46.375606
16.6001,46.375524
16.600368,46.375528
16.600952,46.375488
16.601205,46.375488
16.601457,46.375487
16.601923,46.37549
16.602183,46.375475
16.602407,46.375522
16.602897,46.376003
16.603192,46.37549
16.603414,46.375919
16.603696,46.375919
16.603484,46.375508
16.603762,46.375481
16.603986,46.375912
16.604348,46.375873
16.604645,46.375319
16.605853,46.37641
16.605897,46.37573
16.606239,46.375655
16.606521,46.375668
16.605428,46.375158
16.605476,46.375028
16.605557,46.374846
16.605654,46.374612
16.605832,46.374309
16.606361,46.373499
16.60666,46.373541
16.60694,46.373657
16.607327,46.373682
16.60625,46.373147
16.606541,46.37321
16.606804,46.373252
16.607007,46.373307
16.6073,46.373366
16.607541,46.373416
16.607797,46.373422
16.608019,46.373504
16.608495,46.373594
16.608326,46.373882
16.607952,46.374515
16.60784,46.374698
16.607757,46.374886
16.607707,46.374993
16.607532,46.375212
16.607622,46.375708
16.608253,46.374993
16.607982,46.375418
16.608184,46.375504
16.60839,46.375585
16.608574,46.375692
16.608787,46.375794
16.608553,46.376082
16.608942,46.375907
16.6091,46.375973
16.609226,46.376063
16.609356,46.376109
16.609452,46.376158
16.609523,46.376248
16.609785,46.376363
16.609906,46.376477
16.610263,46.376524
16.608789,46.376385
16.609013,46.376671
16.608869,46.376748
16.608655,46.376833
16.608503,46.37697
16.608319,46.377202
16.608022,46.377716
16.608612,46.37753
16.608647,46.377231
16.608762,46.37711
16.608901,46.376967
16.609111,46.37692
16.60929,46.376856
16.60944,46.376796
16.60959,46.376732
16.610064,46.376581
16.610053,46.376889
16.610243,46.376969
16.610373,46.377067
16.610465,46.376821
16.610657,46.376908
16.610794,46.376976
16.610588,46.377254
16.61094,46.377398
16.611073,46.377054
16.611358,46.376763
16.611468,46.377158
16.611278,46.377481
16.611427,46.377511
16.611685,46.377349
16.611575,46.377619
16.611318,46.377725
16.611866,46.377734
16.612062,46.377793
16.613044,46.377898
16.612542,46.377701
16.612358,46.377641
16.61185,46.377363
16.591058,46.374957
16.375729,46.436661
16.607376,46.375321
16.341134,46.43871
16.585183,46.393157
16.585365,46.393192
16.585803,46.393305
16.586152,46.393412
16.586338,46.393463
16.586511,46.393499
16.586703,46.393545
16.587062,46.393639
16.587248,46.393666
16.587408,46.393737
16.58763,46.393797
16.587808,46.393829
16.587978,46.393888
16.588276,46.394041
16.588453,46.394151
16.588617,46.394198
16.58878,46.394262
16.588928,46.394325
16.58539,46.39289
16.585595,46.392942
16.585766,46.393018
16.586013,46.393103
16.58655,46.393262
16.586759,46.393294
16.586996,46.393348
16.58717,46.393432
16.587339,46.393485
16.587566,46.393424
16.587673,46.39355
16.587993,46.393645
16.588196,46.393698
16.58842,46.393799
16.588608,46.393877
16.588793,46.393985
16.588934,46.394035
16.589382,46.393986
16.589446,46.394258
16.589594,46.394354
16.589708,46.394394
16.589827,46.394446
16.590047,46.394501
16.59017,46.394562
16.59034,46.394597
16.590487,46.394632
16.59069,46.39467
16.589434,46.394596
16.589322,46.394455
16.589608,46.394627
16.589838,46.394713
16.589954,46.394805
16.590176,46.394877
16.590598,46.394962
16.590843,46.394985
16.591112,46.394995
16.591369,46.395027
16.591878,46.395045
16.592236,46.395024
16.592547,46.395052
16.591043,46.394715
16.591228,46.394704
16.591413,46.394722
16.591577,46.394733
16.591746,46.394767
16.591908,46.394769
16.59201,46.39478
16.592258,46.394791
16.592443,46.394785
16.592582,46.394824
16.592821,46.394805
16.592983,46.394784
16.593069,46.395013
16.593413,46.394983
16.593748,46.395037
16.593609,46.395001
16.594114,46.395091
16.594313,46.395167
16.594604,46.395216
16.594811,46.395252
16.595177,46.395278
16.595437,46.395289
16.595618,46.395287
16.595878,46.395275
16.595874,46.395565
16.596095,46.395687
16.596275,46.395694
16.596438,46.3958
16.596477,46.3956
16.5935,46.394699
16.593377,46.394773
16.593123,46.394718
16.593747,46.394741
16.593889,46.394833
16.594089,46.394698
16.59422,46.394846
16.594376,46.394909
16.594617,46.394951
16.594755,46.394992
16.594896,46.395007
16.595037,46.395023
16.595189,46.395039
16.595364,46.394993
16.595558,46.395007
16.595756,46.395017
16.595925,46.395033
16.596116,46.394994
16.596472,46.394886
16.596269,46.394978
16.596645,46.394949
16.597015,46.394824
16.596427,46.395282
16.596641,46.395248
16.596979,46.395266
16.597334,46.395283
16.597293,46.395056
16.597157,46.394711
16.597973,46.393748
16.597666,46.395335
16.5981,46.395485
16.598578,46.395618
16.599213,46.395776
16.599352,46.395919
16.599581,46.395847
16.599899,46.395931
16.600672,46.396065
16.601065,46.396091
16.601592,46.395804
16.601273,46.395802
16.601086,46.395784
16.60067,46.3958
16.600374,46.39578
16.600176,46.395738
16.599808,46.395647
16.599587,46.395626
16.599173,46.39557
16.598893,46.395454
16.598712,46.395415
16.59855,46.395323
16.597808,46.395193
16.597547,46.395122
16.597573,46.394383
16.597766,46.394247
16.597964,46.393999
16.597996,46.394487
16.598163,46.394521
16.598359,46.394545
16.598496,46.394568
16.598661,46.394694
16.598938,46.394646
16.59924,46.394734
16.599583,46.394704
16.599943,46.394638
16.599496,46.394542
16.599663,46.394422
16.599518,46.394176
16.599515,46.394047
16.598429,46.394222
16.598409,46.393834
16.598136,46.39324
16.597476,46.393087
16.597306,46.393047
16.5971,46.393098
16.596924,46.39307
16.596715,46.393059
16.596445,46.393095
16.595819,46.392838
16.595564,46.39281
16.595083,46.392689
16.594696,46.392611
16.594495,46.392575
16.597234,46.392843
16.597393,46.392584
16.597965,46.392544
16.598434,46.393667
16.598498,46.393484
16.59856,46.393321
16.598597,46.393071
16.598611,46.392981
16.598646,46.392807
16.598765,46.392668
16.598741,46.392457
16.598772,46.3923
16.598825,46.392131
16.598857,46.391967
16.600472,46.392109
16.600425,46.392289
16.600378,46.392454
16.600367,46.392628
16.600346,46.392803
16.600262,46.392969
16.60024,46.393138
16.600185,46.393308
16.600152,46.393471
16.600131,46.39366
16.600498,46.391955
16.600593,46.391635
16.600566,46.391774
16.600602,46.391492
16.60064,46.391343
16.600702,46.391205
16.600712,46.391059
16.600865,46.390933
16.600819,46.390727
16.600951,46.390194
16.600908,46.390384
16.601011,46.390013
16.601045,46.389843
16.601097,46.389662
16.601178,46.38935
16.601221,46.389174
16.599766,46.388751
16.597619,46.388783
16.599584,46.388978
16.599549,46.389134
16.599476,46.389306
16.59944,46.389484
16.599394,46.389646
16.599398,46.389837
16.599307,46.389994
16.599248,46.390148
16.59922,46.390324
16.599189,46.390483
16.599156,46.390683
16.599118,46.390845
16.599082,46.391016
16.599043,46.391185
16.59903,46.391348
16.598889,46.3918
16.597263,46.392475
16.597437,46.392382
16.597508,46.392301
16.597585,46.392131
16.597657,46.391974
16.597701,46.39186
16.597762,46.391716
16.597781,46.391569
16.597882,46.391433
16.598006,46.391273
16.596,46.391581
16.598081,46.391074
16.598124,46.390825
16.598149,46.390555
16.59821,46.390411
16.598214,46.390182
16.597759,46.389938
16.591819,46.375786
16.612034,46.377434
16.612411,46.377987
16.612559,46.378112
16.612734,46.378187
16.594883,46.37406
16.594335,46.374767
16.594355,46.374708
16.379717,46.392276
16.377069,46.392536
16.377445,46.392513
16.37931,46.392345
16.377826,46.391872
16.608306,46.380102
16.49588,46.494074
16.370901,46.373951
16.437373,46.382556
16.405642,46.478843
16.599887,46.392788
16.594894,46.392675
16.806808,46.354362
16.600848,46.390565
16.384777,46.423885
16.28429,46.500398
16.540952,46.377035
16.592643,46.39472
16.592891,46.394667
16.709921,46.346531
16.709115,46.345522
16.70921,46.3451
16.70937,46.345433
16.70942,46.346903
16.709528,46.346737
16.709296,46.347059
16.709186,46.347225
16.709158,46.34666
16.710988,46.348717
16.712382,46.340837
16.71226,46.340139
16.712186,46.340331
16.711828,46.3404
16.71155,46.34095
16.706978,46.345716
16.706933,46.345572
16.706854,46.346497
16.706798,46.347254
16.70693,46.347171
16.706939,46.346401
16.707034,46.346318
16.706988,46.347014
16.706719,46.34736
16.70671,46.346612
16.706652,46.346683
16.706678,46.347489
16.706585,46.347643
16.706458,46.347722
16.706483,46.346823
16.706582,46.345832
16.706481,46.345604
16.706353,46.345632
16.706341,46.347654
16.706209,46.346867
16.70601,46.346812
16.706033,46.347626
16.70584,46.347632
16.705908,46.347233
16.707568,46.345939
16.707496,46.346381
16.707585,46.346284
16.707835,46.34847
16.707915,46.348387
16.707673,46.345859
16.708058,46.34564
16.708016,46.34816
16.708016,46.346493
16.70808,46.346382
16.708117,46.348076
16.708206,46.347974
16.708247,46.346187
16.70834,46.347836
16.708348,46.348496
16.708433,46.347697
16.708584,46.347496
16.708535,46.347627
16.708534,46.34819
16.708655,46.348038
16.708667,46.347346
16.708672,46.345728
16.708611,46.345402
16.708872,46.345625
16.70876,46.347265
16.708743,46.347874
16.708863,46.347708
16.708869,46.347036
16.708852,46.346692
16.708895,46.346272
16.708972,46.346951
16.708979,46.347537
16.709064,46.347381
16.709083,46.346502
16.70891,46.345213
16.703408,46.3455
16.703643,46.348314
16.703684,46.345667
16.703569,46.345332
16.703798,46.345751
16.703759,46.347501
16.70372,46.347921
16.704029,46.347499
16.704116,46.347277
16.704105,46.347386
16.704165,46.346056
16.704006,46.345599
16.704016,46.344974
16.704072,46.344892
16.705761,46.346844
16.705568,46.347662
16.705563,46.346836
16.705428,46.347676
16.70516,46.346475
16.705049,46.34772
16.70484,46.347791
16.704626,46.346111
16.704827,46.346242
16.704209,46.346193
16.704177,46.345239
16.704313,46.3451
16.704451,46.345945
16.704402,46.34578
16.704391,46.346927
16.704475,46.346745
16.704306,46.347965
16.70435,46.346746
16.70428,46.347051
16.704253,46.347167
16.704177,46.347766
16.70416,46.348097
16.701204,46.347399
16.701521,46.34804
16.708238,46.348803
16.708117,46.34899
16.708082,46.349167
16.70798,46.349336
16.707843,46.34949
16.707845,46.348631
16.707753,46.349669
16.707762,46.348718
16.707721,46.348802
16.707781,46.349817
16.707615,46.348958
16.7074,46.34942
16.707406,46.346484
16.707069,46.346891
16.707172,46.346733
16.707117,46.34613
16.707093,46.345707
16.707331,46.346054
16.706715,46.345702
16.706693,46.345391
16.706959,46.345485
16.510821,46.397026
16.621051,46.337593
16.644809,46.359451
16.398327,46.412273
16.669278,46.351554
16.669312,46.352056
16.66938,46.352385
16.669343,46.351658
16.669504,46.352105
16.669545,46.352504
16.66974,46.35043
16.669974,46.350419
16.67001,46.351868
16.669813,46.352018
16.66973,46.352491
16.670871,46.35407
16.670832,46.353923
16.670736,46.353695
16.67046,46.353332
16.670422,46.351436
16.67036,46.351066
16.670293,46.351581
16.670293,46.352578
16.670352,46.35226
16.670342,46.352737
16.670167,46.352452
16.670068,46.352865
16.670156,46.351691
16.670256,46.35015
16.670099,46.350383
16.670269,46.350419
16.670616,46.350174
16.670668,46.350197
16.670544,46.350431
16.670524,46.35135
16.670542,46.351806
16.670522,46.352111
16.670542,46.352865
16.670591,46.351947
16.670587,46.351236
16.670734,46.351055
16.670722,46.351558
16.671052,46.351272
16.671458,46.350078
16.671622,46.349919
16.671565,46.351865
16.671421,46.353708
16.671274,46.353563
16.672124,46.352003
16.671845,46.351927
16.671874,46.351611
16.671871,46.350158
16.671812,46.349775
16.671828,46.348828
16.672008,46.34965
16.671996,46.35007
16.672259,46.349499
16.672262,46.349883
16.672331,46.352109
16.672449,46.351828
16.672433,46.349803
16.671595,46.348041
16.672542,46.349372
16.672578,46.349732
16.672647,46.351904
16.67294,46.351985
16.672923,46.348684
16.673163,46.349472
16.673309,46.349348
16.673467,46.349265
16.673499,46.34964
16.673924,46.349133
16.673973,46.349033
16.674088,46.348981
16.674179,46.348906
16.674407,46.348823
16.674519,46.348763
16.674762,46.348652
16.675612,46.34975
16.67586,46.34766
16.67561,46.34788
16.675586,46.348058
16.675406,46.347578
16.675365,46.348208
16.675292,46.347623
16.675263,46.348406
16.67522,46.348517
16.675154,46.347887
16.675065,46.347968
16.675104,46.348377
16.674987,46.348116
16.674964,46.348564
16.674826,46.348261
16.674622,46.348341
16.674494,46.348461
16.679263,46.347902
16.677739,46.35021
16.677675,46.350444
16.677626,46.350631
16.677628,46.348926
16.67764,46.349349
16.677882,46.349969
16.677892,46.349397
16.677966,46.349077
16.678089,46.350436
16.678182,46.350233
16.678173,46.349181
16.678457,46.349858
16.67857,46.349673
16.678706,46.34951
16.678995,46.348712
16.679036,46.349122
16.679087,46.348323
16.678945,46.347565
16.678779,46.348026
16.678807,46.348188
16.678014,46.348373
16.677442,46.34805
16.676695,46.348448
16.676429,46.348593
16.676405,46.348191
16.676328,46.348037
16.676229,46.348381
16.676077,46.347829
16.676157,46.347952
16.676607,46.348725
16.676784,46.348852
16.676975,46.348968
16.677013,46.34868
16.677104,46.349135
16.677382,46.349224
16.670157,46.346337
16.67251,46.346115
16.672043,46.346081
16.671863,46.346807
16.671844,46.346992
16.67182,46.347173
16.673452,46.342944
16.674137,46.342978
16.674184,46.343545
16.674147,46.343756
16.674064,46.343915
16.674076,46.343318
16.673906,46.342952
16.673874,46.345069
16.673823,46.345191
16.67394,46.344761
16.673886,46.34493
16.6739,46.344629
16.67395,46.344429
16.674041,46.344261
16.674037,46.344101
16.674117,46.345656
16.674187,46.34525
16.673658,46.345588
16.675819,46.346309
16.675718,46.346546
16.67572,46.34644
16.675676,46.346647
16.675545,46.347307
16.675476,46.347046
16.675552,46.347168
16.675624,46.346916
16.675651,46.346753
16.675535,46.345863
16.675757,46.345875
16.675856,46.34617
16.675787,46.345077
16.675135,46.343851
16.675206,46.344106
16.675442,46.347316
16.67543,46.347426
16.674669,46.34566
16.674397,46.345738
16.674191,46.346051
16.674255,46.344926
16.674208,46.345129
16.674301,46.344619
16.674301,46.344745
16.674384,46.344481
16.67437,46.344312
16.67441,46.344161
16.674451,46.343995
16.674507,46.346066
16.674503,46.343789
16.674533,46.343568
16.67454,46.343409
16.674589,46.343245
16.674356,46.34301
16.674634,46.34304
16.679392,46.341805
16.679354,46.345835
16.679214,46.346088
16.679205,46.346719
16.679401,46.346621
16.679579,46.346585
16.67954,46.345837
16.67974,46.345823
16.67963,46.346333
16.67985,46.346307
16.67999,46.34582
16.680133,46.345696
16.680146,46.346341
16.680353,46.346363
16.680294,46.345768
16.680545,46.34585
16.680444,46.345654
16.680435,46.345782
16.680698,46.34635
16.680817,46.345759
16.682276,46.343709
16.682211,46.343861
16.682125,46.344241
16.68218,46.344451
16.682127,46.344663
16.682219,46.344864
16.682466,46.345902
16.682356,46.34551
16.682482,46.346768
16.682462,46.346642
16.682502,46.347432
16.681999,46.346007
16.681708,46.345664
16.681454,46.345726
16.680956,46.345812
16.681248,46.345663
16.681261,46.346433
16.680978,46.346367
16.679152,46.347302
16.679159,46.345836
16.679005,46.346097
16.67893,46.345837
16.678855,46.345584
16.678696,46.347011
16.678413,46.347081
16.678496,46.346802
16.678484,46.345848
16.678453,46.346115
16.678407,46.344585
16.678353,46.343989
16.678571,46.344772
16.678682,46.345518
16.67875,46.34615
16.67857,46.343522
16.678485,46.343746
16.678144,46.343285
16.678131,46.343526
16.678094,46.343687
16.678026,46.343848
16.677964,46.345827
16.678066,46.346234
16.67812,46.345905
16.678055,46.344533
16.678294,46.345886
16.678218,46.346127
16.678249,46.347138
16.678226,46.346891
16.678093,46.347146
16.677951,46.347189
16.677772,46.347201
16.677844,46.346315
16.677893,46.344038
16.677785,46.344228
16.677749,46.345845
16.677518,46.344594
16.677595,46.34618
16.677526,46.345932
16.677561,46.34685
16.677607,46.34712
16.677396,46.347135
16.677346,46.346542
16.677504,46.344662
16.677391,46.344853
16.677337,46.345896
16.677319,46.34621
16.677294,46.345717
16.677166,46.345367
16.677227,46.346895
16.67706,46.347207
16.677092,46.346313
16.676698,46.347128
16.676857,46.34719
16.676852,46.34736
16.676886,46.345699
16.676822,46.345273
16.676844,46.346246
16.676956,46.344299
16.676981,46.345983
16.676982,46.345856
16.67704,46.345262
16.677028,46.345489
16.677012,46.344021
16.676792,46.342155
16.677144,46.342011
16.67636,46.345375
16.676516,46.344224
16.676603,46.345293
16.676537,46.346278
16.676493,46.347174
16.676618,46.347198
16.676358,46.346314
16.676172,46.346325
16.676229,46.345354
16.676022,46.34419
16.675936,46.347258
16.669158,46.352424
16.669031,46.352241
16.669044,46.351605
16.669168,46.351024
16.669129,46.351441
16.669113,46.350745
16.668821,46.351971
16.668866,46.351856
16.66886,46.35104
16.668903,46.352515
16.668774,46.352995
16.66877,46.352091
16.668729,46.35272
16.66861,46.35296
16.668626,46.352225
16.668736,46.351202
16.66859,46.352343
16.668462,46.352442
16.668451,46.352535
16.668428,46.352903
16.668327,46.352622
16.668202,46.352729
16.668373,46.351125
16.668025,46.352874
16.667823,46.353074
16.667779,46.351186
16.667854,46.350925
16.667648,46.350811
16.667581,46.353001
16.665978,46.351804
16.665998,46.350668
16.665914,46.350346
16.666174,46.350371
16.666289,46.350715
16.666377,46.35044
16.66654,46.350759
16.666818,46.350525
16.667425,46.351057
16.667236,46.350647
16.667437,46.350739
16.665723,46.350606
16.683638,46.345388
16.683258,46.3454
16.682727,46.346422
16.682567,46.347223
16.682516,46.346892
16.682561,46.347084
16.682633,46.34545
16.682596,46.344798
16.682584,46.34435
16.682595,46.344471
16.682818,46.343418
16.682873,46.343288
16.682581,46.343865
16.682957,46.343049
16.682928,46.343552
16.682975,46.34291
16.685466,46.345048
16.61357,46.337381
16.61965,46.334416
16.619625,46.333086
16.619578,46.33281
16.619389,46.33315
16.619403,46.332888
16.619413,46.332016
16.619431,46.33217
16.619341,46.331859
16.619678,46.33165
16.619799,46.331932
16.619886,46.332083
16.619719,46.331802
16.619725,46.331496
16.619758,46.332834
16.619867,46.333016
16.619916,46.332794
16.620085,46.332761
16.620157,46.333018
16.620661,46.33191
16.62149,46.333073
16.621442,46.335003
16.621667,46.334879
16.622103,46.334902
16.622165,46.334478
16.622058,46.334567
16.621954,46.334679
16.622413,46.334259
16.616082,46.334836
16.616152,46.334532
16.616159,46.334684
16.616164,46.333705
16.616733,46.332891
16.616598,46.334695
16.61648,46.334473
16.616519,46.334875
16.616532,46.335033
16.616106,46.335462
16.616064,46.335146
16.616084,46.334965
16.61751,46.335137
16.617329,46.334882
16.617276,46.335161
16.617117,46.332674
16.617022,46.333596
16.617068,46.33487
16.617164,46.331963
16.617408,46.332329
16.617431,46.332682
16.617605,46.332334
16.617503,46.332331
16.617637,46.331886
16.617767,46.332337
16.617767,46.332171
16.617985,46.330551
16.6179,46.332316
16.617856,46.333649
16.618005,46.334538
16.617715,46.334827
16.617742,46.3351
16.617967,46.335058
16.618206,46.335046
16.618286,46.333694
16.618135,46.331167
16.618024,46.330879
16.618191,46.331329
16.618297,46.331835
16.618535,46.331274
16.618512,46.332185
16.618555,46.334239
16.618606,46.334393
16.618632,46.334543
16.618575,46.332581
16.618706,46.33466
16.618815,46.333863
16.61883,46.332954
16.618805,46.331615
16.619016,46.330961
16.619036,46.331122
16.619044,46.331269
16.61924,46.331552
16.619263,46.331704
16.619087,46.333192
16.619216,46.332897
16.61917,46.33485
16.619085,46.334581
16.61901,46.334384
16.619021,46.332924
16.618891,46.334024
16.618941,46.334209
16.618888,46.335232
16.618901,46.335421
16.618944,46.335594
16.619241,46.335051
16.619144,46.336121
16.618836,46.335087
16.618765,46.334922
16.62265,46.334039
16.609225,46.335365
16.608931,46.332863
16.608917,46.333032
16.60897,46.332743
16.608995,46.332615
16.609682,46.33284
16.609689,46.334809
16.60944,46.332884
16.609721,46.335231
16.61029,46.333124
16.610437,46.333021
16.609236,46.331681
16.608728,46.331985
16.609451,46.331052
16.609842,46.33154
16.611323,46.332163
16.611316,46.331286
16.611592,46.331676
16.613412,46.332062
16.623073,46.335689
16.623294,46.336182
16.615813,46.340422
16.615637,46.340446
16.615436,46.340483
16.615256,46.340486
16.614482,46.341951
16.614382,46.341702
16.614321,46.341444
16.614579,46.340798
16.614674,46.341051
16.614764,46.340565
16.614843,46.341617
16.614737,46.34133
16.614949,46.341855
16.61507,46.34052
16.614847,46.339012
16.614507,46.339113
16.615261,46.33881
16.615807,46.338943
16.616099,46.338621
16.616033,46.338915
16.616005,46.340402
16.616217,46.340378
16.616533,46.340306
16.616759,46.3403
16.616997,46.340257
16.617117,46.340575
16.617235,46.33948
16.617175,46.340709
16.617226,46.340882
16.617333,46.34133
16.617296,46.341515
16.617248,46.34102
16.6173,46.341162
16.617264,46.339634
16.617363,46.339782
16.617379,46.339931
16.617399,46.340075
16.617454,46.340265
16.617495,46.340455
16.617594,46.338732
16.617551,46.337143
16.617285,46.337184
16.617422,46.337159
16.617365,46.338783
16.617148,46.339194
16.617185,46.339327
16.617054,46.338908
16.617,46.338722
16.616931,46.338509
16.616877,46.338288
16.61687,46.337187
16.617668,46.339043
16.617861,46.338734
16.618048,46.33904
16.617913,46.33711
16.618128,46.337147
16.618077,46.338716
16.618297,46.339039
16.618359,46.338695
16.618417,46.337154
16.619093,46.338666
16.619078,46.339013
16.618838,46.338676
16.618805,46.339009
16.618682,46.337254
16.618801,46.337167
16.618595,46.338681
16.618512,46.339033
16.617844,46.341456
16.617803,46.341311
16.617596,46.340614
16.617649,46.340785
16.617733,46.341105
16.617696,46.340956
16.608721,46.339993
16.608738,46.341153
16.608915,46.341138
16.609298,46.341402
16.609252,46.338363
16.609118,46.338475
16.60896,46.338507
16.609002,46.338665
16.622868,46.335855
16.619844,46.338956
16.619818,46.338638
16.619681,46.337309
16.619584,46.338646
16.619605,46.338979
16.619339,46.338983
16.619322,46.338667
16.619304,46.335197
16.619546,46.336285
16.620977,46.336075
16.621483,46.336238
16.621507,46.335377
16.62159,46.335312
16.621685,46.336511
16.621341,46.335229
16.621272,46.336812
16.621167,46.335335
16.621163,46.335506
16.621059,46.335722
16.622269,46.336728
16.621814,46.33647
16.622128,46.336823
16.622088,46.335245
16.616455,46.335195
16.616438,46.335479
16.616504,46.335325
16.616598,46.337177
16.616644,46.337522
16.616745,46.337857
16.616171,46.335296
16.617708,46.337123
16.61511,46.337263
16.614653,46.337297
16.614335,46.337329
16.614406,46.335632
16.614333,46.335733
16.614406,46.332974
16.615177,46.333965
16.615314,46.337296
16.615766,46.335631
16.615697,46.330919
16.614813,46.33016
16.608789,46.338561
16.608561,46.338723
16.608153,46.338766
16.607872,46.338785
16.607695,46.338861
16.60751,46.338596
16.607547,46.338901
16.607395,46.338947
16.607235,46.338995
16.606919,46.339033
16.60677,46.339123
16.606592,46.33915
16.609432,46.338355
16.609568,46.338326
16.609723,46.338226
16.609688,46.336636
16.60984,46.336794
16.609919,46.338209
16.610692,46.33664
16.610842,46.33671
16.610922,46.337871
16.610764,46.33872
16.610569,46.337919
16.6105,46.338138
16.610475,46.336644
16.610287,46.336832
16.610248,46.338081
16.61082,46.339682
16.610881,46.339819
16.609784,46.339822
16.612527,46.339725
16.612205,46.339472
16.611976,46.339516
16.611922,46.339824
16.611252,46.339609
16.611514,46.339578
16.611738,46.339529
16.611723,46.337249
16.611754,46.337805
16.611445,46.337294
16.611415,46.337733
16.611565,46.337772
16.61145,46.338951
16.611244,46.337217
16.611232,46.337782
16.611233,46.338793
16.611107,46.3381
16.611169,46.337108
16.610987,46.336873
16.611991,46.337163
16.611973,46.337655
16.612083,46.337621
16.612183,46.337134
16.612398,46.337129
16.612248,46.337557
16.612428,46.339441
16.612422,46.337552
16.612576,46.337506
16.61273,46.337487
16.612669,46.339407
16.612886,46.339352
16.613006,46.337425
16.613114,46.339335
16.613219,46.337432
16.613341,46.339303
16.614246,46.338195
16.614245,46.33915
16.614104,46.339171
16.614032,46.339184
16.614002,46.337345
16.613987,46.337677
16.613805,46.33862
16.6138,46.339231
16.613569,46.339261
16.610342,46.341228
16.610221,46.340937
16.610474,46.3409
16.610603,46.341179
16.610727,46.340858
16.610959,46.340828
16.610882,46.34114
16.610949,46.34194
16.610098,46.341258
16.609888,46.341286
16.60969,46.341344
16.609486,46.341369
16.609358,46.340566
16.609342,46.341066
16.612497,46.340946
16.61223,46.340943
16.611357,46.342207
16.611175,46.341085
16.611161,46.340833
16.611804,46.341516
16.611681,46.341114
16.613499,46.340757
16.613766,46.340718
16.614232,46.341158
16.614208,46.340988
16.614133,46.340707
16.613067,46.335434
16.601777,46.342184
16.609528,46.344569
16.610372,46.343693
16.606089,46.347575
16.606471,46.347616
16.606814,46.347526
16.607525,46.348201
16.608179,46.348729
16.605848,46.348587
16.606471,46.348734
16.607883,46.349185
16.607771,46.349636
16.607305,46.351517
16.608071,46.350861
16.609734,46.349062
16.610108,46.34807
16.606169,46.352748
16.606358,46.349973
16.606815,46.350541
16.608998,46.346866
16.610788,46.345419
16.622773,46.33391
16.62293,46.333771
16.623039,46.333676
16.624076,46.339174
16.625767,46.339318
16.625937,46.339281
16.62546,46.339422
16.626062,46.339163
16.626434,46.339174
16.627943,46.338471
16.629872,46.338762
16.629972,46.339839
16.630914,46.339967
16.631747,46.338913
16.630557,46.338868
16.629209,46.338265
16.628677,46.338699
16.62753,46.339471
16.628517,46.339717
16.631406,46.338216
16.63242,46.336962
16.631353,46.336989
16.630396,46.336912
16.629988,46.336552
16.630627,46.33722
16.628496,46.335673
16.629445,46.34011
16.603085,46.340852
16.602585,46.34062
16.604811,46.339758
16.605053,46.339548
16.605236,46.339432
16.605423,46.339457
16.605644,46.339378
16.605841,46.33936
16.605966,46.339315
16.606136,46.339203
16.606426,46.339357
16.617122,46.337166
16.439767,46.389984
16.423282,46.370342
16.423172,46.370315
16.423019,46.370317
16.418592,46.381374
16.418635,46.381315
16.418723,46.381317
16.690005,46.390223
16.455477,46.443366
16.455435,46.443339
16.455364,46.443306
16.348989,46.505715
16.445698,46.401257
16.376332,46.371884
16.625131,46.33983
16.625105,46.339953
16.423059,46.367344
16.423457,46.367552
16.423827,46.367839
16.423873,46.36764
16.423482,46.367365
16.424145,46.367383
16.42408,46.367378
16.423974,46.367377
16.425009,46.367439
16.424942,46.367433
16.42485,46.367419
16.424601,46.367418
16.424536,46.367413
16.424407,46.367399
16.411774,46.375185
16.411781,46.375149
16.411776,46.375105
16.466917,46.366721
16.367897,46.429134
16.508734,46.4594
16.645425,46.365074
16.735069,46.329423
16.735078,46.329594
16.735113,46.329769
16.735133,46.329944
16.735159,46.330142
16.735188,46.330319
16.735237,46.330505
16.735352,46.330915
16.735349,46.331009
16.735303,46.331274
16.735124,46.331495
16.735164,46.331642
16.735125,46.331752
16.735713,46.332088
16.735591,46.331793
16.735529,46.33166
16.735579,46.331472
16.735562,46.33128
16.735667,46.331091
16.736006,46.330976
16.736131,46.330955
16.735706,46.330736
16.735678,46.330362
16.735997,46.330147
16.736262,46.330548
16.737294,46.329711
16.736836,46.330456
16.737174,46.33031
16.737541,46.330696
16.737224,46.331162
16.737434,46.331046
16.737834,46.331087
16.738217,46.331286
16.738364,46.331586
16.738074,46.331631
16.737657,46.331732
16.737805,46.331938
16.737912,46.332026
16.737917,46.332114
16.737892,46.332209
16.738023,46.332256
16.738155,46.332407
16.738642,46.332279
16.738711,46.332385
16.738854,46.332608
16.738901,46.332763
16.736616,46.333231
16.738475,46.33205
16.270595,46.506486
16.377964,46.488397
16.414315,46.457024
16.434523,46.505258
16.369666,46.495578
16.685403,46.387564
16.685634,46.38764
16.685843,46.387727
16.686067,46.387829
16.68631,46.387918
16.686525,46.388006
16.686758,46.388093
16.687251,46.388289
16.687438,46.388336
16.688371,46.388217
16.688688,46.387849
16.688816,46.387689
16.688938,46.387529
16.689072,46.387375
16.689208,46.387217
16.689032,46.386713
16.688897,46.386896
16.688762,46.387046
16.688644,46.387205
16.688521,46.387359
16.688377,46.38752
16.688268,46.387665
16.688141,46.387825
16.688007,46.38799
16.687677,46.388056
16.686878,46.387755
16.68701,46.387606
16.687161,46.387419
16.687273,46.387287
16.687443,46.387144
16.687568,46.38699
16.687703,46.386835
16.687844,46.386661
16.688103,46.386348
16.688286,46.38603
16.68815,46.386192
16.688612,46.386341
16.688804,46.386227
16.68889,46.386064
16.688404,46.385879
16.689135,46.38575
16.68928,46.385594
16.688955,46.385333
16.688672,46.385302
16.688339,46.385274
16.688039,46.385242
16.687746,46.385159
16.687372,46.384977
16.686938,46.38551
16.686806,46.385659
16.68716,46.386033
16.686538,46.385988
16.686454,46.386135
16.6863,46.38629
16.686202,46.386439
16.686138,46.386614
16.68594,46.386744
16.439333,46.407165
16.439428,46.40719
16.439482,46.407269
16.687955,46.386512
16.289318,46.448643
16.358946,46.422658
16.306338,46.510372
16.419828,46.376613
16.439207,46.386066
16.653138,46.364747
16.388629,46.381136
16.485814,46.370329
16.485348,46.370904
16.608653,46.334296
16.445737,46.401322
16.445814,46.40137
16.445885,46.401305
16.378564,46.389682
16.37851,46.38956
16.378501,46.389526
16.313795,46.374124
16.312613,46.376256
16.313707,46.376529
16.31041,46.377681
16.310024,46.378205
16.311491,46.377171
16.310611,46.377524
16.313798,46.374241
16.308874,46.378216
16.311874,46.376351
16.313483,46.376146
16.311921,46.376175
16.313505,46.374895
16.310201,46.378144
16.312205,46.376343
16.312589,46.377657
16.313858,46.374549
16.314028,46.375308
16.314254,46.374894
16.313126,46.376173
16.31032,46.378134
16.313931,46.374624
16.313098,46.374978
16.315352,46.376425
16.314656,46.375921
16.313281,46.374987
16.31086,46.37769
16.313858,46.374389
16.310438,46.377937
16.312533,46.37672
16.31105,46.37801
16.314196,46.375916
16.310089,46.377843
16.312102,46.376831
16.315114,46.37649
16.310912,46.378023
16.310876,46.377836
16.315339,46.376622
16.313405,46.376005
16.313985,46.374131
16.313855,46.374719
16.312536,46.375816
16.313053,46.377806
16.309262,46.37817
16.313793,46.374996
16.310028,46.377994
16.312914,46.376656
16.314517,46.375099
16.312854,46.375099
16.310671,46.378019
16.313896,46.375859
16.313847,46.374112
16.311748,46.376345
16.31386,46.376513
16.313398,46.374973
16.310621,46.377696
16.314369,46.375035
16.314011,46.374279
16.314971,46.375854
16.313232,46.375578
16.314065,46.375781
16.313707,46.376095
16.314434,46.375291
16.310822,46.377478
16.314462,46.374512
16.313131,46.376669
16.312873,46.375671
16.313882,46.376123
16.309902,46.377974
16.311935,46.37716
16.313535,46.37659
16.312796,46.376274
16.309525,46.377859
16.314669,46.376426
16.310427,46.377789
16.313424,46.376762
16.309917,46.378194
16.311144,46.377455
16.314033,46.376153
16.314182,46.374516
16.314129,46.374698
16.314124,46.374613
16.31454,46.374584
16.311769,46.377166
16.314484,46.375785
16.313796,46.374534
16.311184,46.377828
16.310487,46.378084
16.314581,46.376207
16.309706,46.377746
16.313962,46.373999
16.314296,46.37522
16.314651,46.376196
16.31413,46.374831
16.314799,46.375317
16.309342,46.378086
16.313933,46.374743
16.314573,46.374802
16.314024,46.374537
16.315006,46.376378
16.312346,46.376315
16.313267,46.376174
16.314475,46.376411
16.313793,46.374056
16.314733,46.376092
16.313062,46.37623
16.314353,46.376128
16.308663,46.378268
16.30904,46.378189
16.31425,46.374689
16.314911,46.375516
16.314494,46.375454
16.313759,46.374453
16.309664,46.378266
16.312061,46.377192
16.312681,46.376698
16.314372,46.374856
16.314172,46.374428
16.311552,46.377952
16.310137,46.377956
16.31408,46.376515
16.312047,46.377102
16.311899,46.376779
16.311999,46.37789
16.312006,46.376846
16.316106,46.376789
16.308708,46.379357
16.309146,46.37964
16.309857,46.379302
16.309328,46.379774
16.309656,46.378529
16.309767,46.379523
16.308418,46.378716
16.309526,46.378401
16.309523,46.378914
16.309251,46.378771
16.310322,46.378845
16.30969,46.378871
16.308476,46.379875
16.30876,46.379007
16.309895,46.378332
16.308953,46.378621
16.309414,46.37842
16.30923,46.378589
16.309127,46.378963
16.309615,46.378725
16.308905,46.379594
16.309524,46.378852
16.308285,46.379286
16.309686,46.378654
16.309682,46.379156
16.309243,46.379025
16.308242,46.378962
16.30834,46.380005
16.309377,46.379409
16.309293,46.37967
16.309813,46.378968
16.309428,46.378863
16.309216,46.379786
16.309711,46.379287
16.309473,46.378653
16.309225,46.379426
16.308983,46.378673
16.310084,46.37911
16.309302,46.3799
16.309757,46.379387
16.309739,46.37898
16.309032,46.378549
16.309495,46.379918
16.309495,46.378723
16.30944,46.379235
16.310262,46.378329
16.309082,46.379341
16.308664,46.379656
16.309371,46.379555
16.309911,46.379518
16.31011,46.37947
16.308384,46.378624
16.309618,46.378448
16.309004,46.378716
16.308662,46.379755
16.309663,46.379038
16.310447,46.378384
16.310093,46.379346
16.309415,46.379105
16.309793,46.379189
16.309565,46.378528
16.309421,46.378459
16.310105,46.378305
16.308826,46.379321
16.30961,46.379304
16.309744,46.378922
16.309174,46.379504
16.309172,46.379083
16.30936,46.379241
16.30936,46.379865
16.308683,46.379832
16.30917,46.379442
16.309678,46.378357
16.309753,46.379725
16.309254,46.379503
16.3095,46.379095
16.308508,46.379993
16.31068,46.37865
16.309032,46.378979
16.309568,46.378569
16.309141,46.379012
16.309525,46.37917
16.30837,46.378919
16.309788,46.379028
16.309539,46.378447
16.309645,46.378595
16.30952,46.379466
16.30899,46.379991
16.309006,46.379494
16.309214,46.378693
16.309611,46.379881
16.309059,46.379191
16.30966,46.379434
16.309784,46.378865
16.310191,46.378989
16.309475,46.37934
16.309425,46.37955
16.309093,46.379966
16.309752,46.37947
16.309323,46.37911
16.309404,46.378373
16.310091,46.37925
16.309457,46.378934
16.308809,46.378643
16.308675,46.378778
16.310552,46.378869
16.309022,46.379085
16.30851,46.378941
16.308936,46.378833
16.309783,46.378775
16.30974,46.378696
16.310615,46.378333
16.308877,46.378919
16.30944,46.378522
16.309347,46.378724
16.30987,46.378444
16.309592,46.378641
16.310204,46.378393
16.309773,46.378348
16.30951,46.378354
16.309946,46.378704
16.309409,46.379175
16.310274,46.378386
16.30911,46.378832
16.309791,46.378518
16.309679,46.379535
16.30995,46.379086
16.310108,46.378477
16.308448,46.379754
16.309595,46.379687
16.309805,46.378622
16.309696,46.378603
16.311344,46.378255
16.311597,46.378196
16.314813,46.377235
16.3116,46.377007
16.312125,46.377408
16.314839,46.37606
16.31366,46.375455
16.313816,46.375523
16.313461,46.375533
16.313779,46.375444
16.312986,46.375445
16.313739,46.375334
16.311824,46.377471
16.314937,46.376667
16.308823,46.380264
16.308532,46.378714
16.308859,46.378315
16.312604,46.377089
16.311616,46.377145
16.313005,46.376066
16.314036,46.375445
16.314158,46.375758
16.314574,46.375687
16.3127,46.375107
16.313575,46.374961
16.308973,46.378041
16.309164,46.378004
16.313676,46.374179
16.314315,46.373985
16.314226,46.374133
16.314383,46.374339
16.315329,46.375468
16.315672,46.375771
16.313956,46.376914
16.314737,46.376802
16.314496,46.376898
16.311187,46.378388
16.310338,46.3786
16.309324,46.378475
16.310153,46.378871
16.312079,46.378166
16.312899,46.378121
16.313188,46.378267
16.31144,46.378237
16.311804,46.378177
16.312334,46.378229
16.31579,46.376349
16.312293,46.377784
16.309667,46.380153
16.312188,46.377659
16.314817,46.375824
16.314833,46.376189
16.315048,46.376097
16.315323,46.375882
16.315279,46.375773
16.315274,46.376105
16.31539,46.376114
16.31469,46.375485
16.314708,46.375292
16.314754,46.375333
16.314775,46.375412
16.313675,46.377311
16.314407,46.377295
16.314543,46.377154
16.309919,46.379708
16.311934,46.377414
16.314955,46.376856
16.313514,46.375266
16.3144,46.375188
16.308318,46.379224
16.441747,46.427291
16.650252,46.340773
16.529852,46.409113
16.530961,46.40906
16.364201,46.332301
16.813717,46.347197
16.813558,46.347291
16.813414,46.347383
16.813034,46.347609
16.81258,46.347867
16.812296,46.348053
16.811916,46.348253
16.811398,46.348563
16.811222,46.348677
16.810923,46.349118
16.811226,46.349114
16.811519,46.349093
16.811841,46.349075
16.812056,46.349067
16.812253,46.349054
16.812582,46.349037
16.812935,46.349027
16.812886,46.348667
16.812864,46.348492
16.814771,46.348307
16.814887,46.349503
16.814773,46.34964
16.814904,46.349757
16.814302,46.349911
16.813983,46.350003
16.81361,46.350075
16.813394,46.35015
16.813194,46.350182
16.812922,46.350139
16.81272,46.350206
16.812372,46.350299
16.812034,46.3505
16.811307,46.350689
16.811064,46.350398
16.811031,46.350269
16.811027,46.350122
16.810983,46.349999
16.81099,46.349863
16.810968,46.349722
16.810912,46.349588
16.810904,46.349455
16.811937,46.349307
16.812185,46.349288
16.812448,46.349289
16.812699,46.349293
16.812945,46.349319
16.813144,46.349285
16.813356,46.349235
16.813536,46.349222
16.814019,46.349195
16.814476,46.349185
16.814773,46.349203
16.613961,46.335426
16.614049,46.335452
16.614146,46.335491
16.320646,46.434533
16.414727,46.368713
16.414673,46.368661
16.618361,46.326028
16.372133,46.453097
16.448435,46.441064
16.49128,46.491871
16.374272,46.507873
16.738733,46.329963
16.739026,46.329676
16.369145,46.349558
16.369442,46.349536
16.369696,46.349468
16.369913,46.349428
16.370158,46.34939
16.370532,46.349687
16.290021,46.500624
16.37314,46.408581
16.413021,46.433476
16.414682,46.433437
16.412997,46.438818
16.413011,46.435807
16.412836,46.438606
16.413473,46.43296
16.413319,46.439541
16.413078,46.433091
16.43029,46.44088
16.413456,46.440677
16.413875,46.430893
16.43035,46.441265
16.413116,46.435517
16.416121,46.432597
16.431068,46.442999
16.414382,46.433239
16.413067,46.432817
16.413704,46.431551
16.413104,46.432498
16.43091,46.442669
16.415058,46.429172
16.412177,46.437005
16.412577,46.436917
16.413198,46.431826
16.414201,46.43329
16.412227,46.439126
16.413078,46.439153
16.413244,46.435149
16.430813,46.442511
16.414231,46.435285
16.414481,46.435268
16.415915,46.435025
16.415893,46.432762
16.412732,46.436663
16.413297,46.431347
16.413486,46.433583
16.431138,46.443589
16.413444,46.44025
16.413084,46.435606
16.413027,46.433851
16.413236,46.431594
16.413321,46.439922
16.415665,46.435257
16.431061,46.4433
16.411984,46.437531
16.41326,46.434827
16.412499,46.436127
16.412576,46.438992
16.413477,46.434321
16.415737,46.432882
16.413102,46.436361
16.414043,46.435099
16.428829,46.440724
16.413346,46.434639
16.415397,46.43284
16.412826,46.434074
16.412431,46.438012
16.412757,46.437105
16.429085,46.440711
16.429965,46.435891
16.43033,46.441127
16.415296,46.435249
16.412935,46.434688
16.413115,46.432187
16.413976,46.435318
16.413853,46.431253
16.412936,46.439863
16.414526,46.433702
16.415304,46.433157
16.430738,46.442196
16.412317,46.431754
16.413098,46.431152
16.430021,46.440922
16.413598,46.431908
16.430325,46.440628
16.412357,46.436522
16.41506,46.433021
16.414015,46.440652
16.410904,46.438183
16.416067,46.435249
16.41396,46.433356
16.431133,46.443444
16.4149,46.435087
16.430424,46.439857
16.412927,46.436111
16.416156,46.432198
16.412704,46.436574
16.412793,46.435062
16.411535,46.43936
16.41616,46.435091
16.413615,46.432042
16.413367,46.431108
16.412978,46.435944
16.411291,46.43911
16.427065,46.440928
16.430495,46.439067
16.413,46.43895
16.413159,46.439433
16.414743,46.43528
16.41384,46.433825
16.430595,46.441858
16.414787,46.44111
16.41491,46.432857
16.415168,46.433177
16.414254,46.433619
16.427449,46.440833
16.43039,46.440121
16.412763,46.435404
16.413308,46.439726
16.412544,46.438291
16.41087,46.437947
16.413099,46.432377
16.413147,46.432008
16.413445,46.432551
16.413783,46.431438
16.430362,46.440248
16.413276,46.435357
16.411892,46.437774
16.414127,46.440758
16.430533,46.43924
16.412221,46.43842
16.413037,46.43419
16.414699,46.433147
16.415864,46.432393
16.41343,46.440072
16.430336,46.439999
16.413123,46.440281
16.414578,46.433179
16.413036,46.440138
16.411834,46.439248
16.412993,46.433291
16.41041,46.437872
16.414687,46.437172
16.412799,46.43487
16.431078,46.443147
16.413179,46.434996
16.415305,46.435044
16.413101,46.432665
16.412635,46.43846
16.414577,46.44106
16.413139,46.43932
16.431121,46.443908
16.412497,46.438141
16.412974,46.434384
16.413888,46.431104
16.431118,46.443741
16.412636,46.431984
16.413236,46.431139
16.414607,46.440883
16.430384,46.441411
16.415631,46.433057
16.415567,46.432998
16.412266,46.431975
16.414989,46.435256
16.413791,46.434002
16.41627,46.436221
16.412583,46.435947
16.410906,46.432457
16.413007,46.433647
16.414044,46.441118
16.412228,46.436855
16.430808,46.442337
16.412769,46.439294
16.412438,46.437259
16.430442,46.439732
16.413397,46.434465
16.431004,46.442817
16.430363,46.437703
16.412565,46.431783
16.412054,46.437942
16.413892,46.435144
16.414411,46.435059
16.411326,46.439455
16.412977,46.439685
16.43032,46.440512
16.410292,46.437528
16.413629,46.433404
16.413646,46.431763
16.416418,46.435006
16.414832,46.433393
16.415477,46.435259
16.430499,46.44168
16.412729,46.435701
16.389028,46.451058
16.377229,46.440118
16.376727,46.439839
16.377352,46.439976
16.376551,46.440006
16.345211,46.504625
16.663695,46.388898
16.664049,46.388738
16.664224,46.388666
16.664389,46.38858
16.664827,46.388857
16.664719,46.388414
16.664811,46.388288
16.665066,46.388193
16.665275,46.388078
16.665448,46.387924
16.665619,46.387824
16.665803,46.387759
16.665977,46.387645
16.666163,46.387548
16.66632,46.387465
16.666519,46.387372
16.666668,46.387279
16.666873,46.387177
16.667056,46.387094
16.667258,46.387048
16.667666,46.386948
16.667664,46.386783
16.667855,46.386672
16.667729,46.386468
16.667532,46.386573
16.667345,46.386666
16.667142,46.386747
16.666946,46.386833
16.666899,46.386864
16.666746,46.386911
16.666625,46.387041
16.666454,46.387126
16.6663,46.387206
16.666062,46.38733
16.665896,46.387414
16.665739,46.387486
16.665579,46.387589
16.665165,46.387802
16.665387,46.38768
16.664848,46.387944
16.664505,46.388138
16.664066,46.38837
16.663494,46.388646
16.663324,46.388734
16.663125,46.388866
16.588132,46.376371
16.415538,46.41189
16.415446,46.412142
16.415622,46.412515
16.416165,46.412964
16.414582,46.412306
16.416287,46.412996
16.415465,46.412849
16.415328,46.41285
16.378508,46.435347
16.593828,46.376003
16.271222,46.472177
16.690128,46.387322
16.376693,46.492572
16.685514,46.387251
16.685657,46.387087
16.685779,46.386922
16.685299,46.387039
16.685512,46.386754
16.685631,46.38662
16.685766,46.386478
16.685798,46.386315
16.685982,46.386186
16.686089,46.38605
16.686197,46.385903
16.686324,46.385739
16.686449,46.385627
16.686577,46.385483
16.686657,46.385345
16.686915,46.384818
16.686699,46.384759
16.68642,46.384698
16.685741,46.384566
16.685406,46.384466
16.684876,46.384832
16.684763,46.384973
16.684658,46.385108
16.684539,46.38525
16.684401,46.385394
16.684312,46.385535
16.6842,46.385682
16.684071,46.385819
16.683981,46.385949
16.683824,46.386094
16.683743,46.386239
16.683472,46.386571
16.682923,46.386663
16.683089,46.386456
16.683263,46.386213
16.68352,46.385949
16.683693,46.38575
16.683866,46.385563
16.684038,46.385356
16.684189,46.385151
16.684367,46.384958
16.68453,46.384755
16.684711,46.384545
16.68406,46.384338
16.683358,46.384435
16.683101,46.384535
16.682877,46.384662
16.682687,46.3848
16.682576,46.38496
16.682399,46.385286
16.682229,46.385444
16.682088,46.385604
16.681966,46.385747
16.681829,46.385893
16.681722,46.386039
16.681628,46.386155
16.678339,46.391685
16.678269,46.391537
16.678199,46.391412
16.678177,46.391293
16.678122,46.391163
16.678047,46.391026
16.678005,46.3909
16.677953,46.390769
16.677867,46.39063
16.677799,46.390511
16.677753,46.390376
16.67771,46.390248
16.677676,46.390116
16.677585,46.389988
16.677556,46.389857
16.67747,46.38972
16.677441,46.389549
16.677328,46.389409
16.677143,46.389267
16.676985,46.389093
16.676794,46.388952
16.679919,46.391837
16.67873,46.391417
16.679746,46.391596
16.679639,46.391498
16.679434,46.391363
16.680662,46.39213
16.68039,46.391872
16.680265,46.391772
16.68015,46.391649
16.680027,46.391559
16.679916,46.391445
16.679814,46.391331
16.679675,46.391224
16.679583,46.391102
16.679442,46.391013
16.679342,46.390883
16.679201,46.390777
16.679087,46.390672
16.67898,46.390561
16.678859,46.390444
16.678722,46.39035
16.678605,46.390239
16.678499,46.390125
16.678338,46.389834
16.678079,46.389655
16.678077,46.389509
16.678595,46.389241
16.678339,46.389004
16.678347,46.38886
16.678118,46.389377
16.67707,46.388733
16.677299,46.388866
16.677517,46.389015
16.677702,46.389183
16.362912,46.333509
16.471321,46.363484
16.471442,46.363557
16.722018,46.335949
16.81122,46.35979
16.681824,46.392118
16.682221,46.391715
16.682184,46.391335
16.68201,46.391175
16.681693,46.390998
16.681434,46.390831
16.681203,46.390634
16.680992,46.390476
16.68071,46.390276
16.68048,46.390106
16.680341,46.389918
16.680268,46.389694
16.680226,46.389508
16.680795,46.389564
16.680935,46.38973
16.681087,46.389983
16.681553,46.3899
16.681822,46.389903
16.68208,46.389917
16.682411,46.390167
16.68234,46.390378
16.682483,46.390536
16.682333,46.390729
16.682407,46.390912
16.682707,46.3911
16.682954,46.391112
16.682796,46.392134
16.685034,46.392136
16.68532,46.391836
16.684256,46.391821
16.68497,46.391438
16.684466,46.391467
16.683719,46.391455
16.683993,46.391092
16.684349,46.390752
16.683551,46.390378
16.682793,46.38972
16.68254,46.389546
16.682286,46.389313
16.681872,46.389102
16.6816,46.389074
16.681368,46.389046
16.681086,46.389033
16.680839,46.389036
16.680341,46.389024
16.680039,46.389018
16.679769,46.388997
16.680315,46.388646
16.680598,46.388661
16.681137,46.38868
16.681384,46.388683
16.681682,46.388683
16.68189,46.388687
16.684383,46.388357
16.683943,46.389657
16.680865,46.388665
16.611276,46.347001
16.683061,46.389894
16.444066,46.392916
16.444029,46.392966
16.598968,46.391502
16.598935,46.391631
16.360185,46.496702
16.398055,46.413324
16.397262,46.413732
16.397499,46.413625
16.397598,46.413463
16.397828,46.413385
16.710113,46.338364
16.665594,46.385097
16.665793,46.385204
16.666134,46.385311
16.66663,46.385709
16.666727,46.385865
16.667024,46.386006
16.667973,46.386335
16.6682,46.386492
16.668861,46.387248
16.669029,46.387385
16.66915,46.387523
16.669312,46.387643
16.669434,46.38779
16.669028,46.387934
16.668608,46.38779
16.668272,46.386446
16.668518,46.386323
16.668724,46.386231
16.668912,46.386114
16.669398,46.385883
16.669604,46.385852
16.669963,46.385952
16.670327,46.386089
16.670589,46.38619
16.670847,46.386102
16.671105,46.386102
16.671333,46.386051
16.671529,46.386004
16.671686,46.386036
16.671846,46.386051
16.672093,46.386227
16.67244,46.38636
16.672636,46.386485
16.673078,46.386706
16.673273,46.386823
16.673429,46.386968
16.673616,46.387079
16.673835,46.387216
16.674021,46.387293
16.674205,46.387368
16.674254,46.387736
16.674512,46.388021
16.674326,46.388198
16.674839,46.387384
16.674984,46.387392
16.675577,46.387694
16.675701,46.387767
16.675799,46.387917
16.675876,46.388026
16.676076,46.388205
16.675909,46.388341
16.67581,46.388423
16.675614,46.38848
16.67569,46.388726
16.675982,46.388603
16.676247,46.388427
16.675431,46.388923
16.676452,46.388604
16.676683,46.388824
16.667405,46.38692
16.669881,46.385705
16.646457,46.398209
16.717907,46.334644
16.643467,46.365348
16.643311,46.365449
16.420931,46.405064
16.420701,46.405057
16.550935,46.384461
16.675827,46.388754
16.423283,46.369341
16.291606,46.512779
16.494748,46.366174
16.652936,46.364575
16.379007,46.400849
16.378024,46.400887
16.381781,46.378364
16.381882,46.37834
16.382013,46.378317
16.428468,46.441025
16.428351,46.441043
16.818807,46.350896
16.818844,46.350731
16.818852,46.350552
16.81887,46.350368
16.818866,46.350215
16.818965,46.350038
16.819572,46.350047
16.819821,46.35002
16.8201,46.350034
16.82057,46.35
16.820811,46.350004
16.8211,46.349976
16.821375,46.350092
16.821621,46.349994
16.821866,46.349981
16.822126,46.349976
16.822315,46.349963
16.822583,46.350248
16.822713,46.350457
16.822847,46.350615
16.822977,46.35076
16.823145,46.350941
16.82327,46.351112
16.818325,46.354665
16.818901,46.354402
16.819483,46.354237
16.43184,46.418404
16.431207,46.417875
16.429341,46.428558
16.427571,46.423626
16.4292,46.426858
16.43333,46.42375
16.428855,46.424744
16.431031,46.439954
16.430027,46.429607
16.430865,46.424979
16.435304,46.420793
16.432278,46.41987
16.431427,46.424755
16.43165,46.427015
16.431703,46.422032
16.428192,46.424663
16.430888,46.416652
16.428915,46.426176
16.432837,46.420089
16.428891,46.424881
16.433812,46.421929
16.432199,46.430601
16.428702,46.424145
16.436665,46.419046
16.425824,46.413728
16.429886,46.428823
16.433419,46.440222
16.432531,46.440639
16.431787,46.413355
16.433266,46.418932
16.43533,46.419674
16.433634,46.418895
16.431368,46.414541
16.432922,46.418957
16.431114,46.426524
16.429645,46.426526
16.427425,46.414633
16.435289,46.424089
16.430617,46.42957
16.432383,46.421695
16.432173,46.421979
16.432577,46.420293
16.430917,46.417381
16.432187,46.427005
16.43259,46.420726
16.432396,46.440672
16.428938,46.426293
16.433431,46.423501
16.433936,46.420614
16.429351,46.416072
16.429148,46.422758
16.431084,46.415964
16.431119,46.411981
16.431444,46.430351
16.431515,46.412135
16.431504,46.41192
16.43321,46.439674
16.429261,46.427486
16.431108,46.430059
16.431074,46.412492
16.43292,46.422249
16.42934,46.427125
16.435391,46.420436
16.430967,46.431048
16.429545,46.429014
16.431822,46.421782
16.43036,46.430031
16.432934,46.42344
16.427061,46.414406
16.427717,46.425006
16.431219,46.422947
16.432093,46.421436
16.43039,46.429364
16.432598,46.420869
16.431456,46.411573
16.428529,46.423778
16.430237,46.416645
16.431751,46.413651
16.432936,46.421063
16.431382,46.414269
16.429062,46.425191
16.431474,46.42532
16.432236,46.440699
16.431392,46.424969
16.431524,46.423327
16.43105,46.423429
16.432073,46.422092
16.43465,46.421007
16.431761,46.412926
16.428596,46.415652
16.428532,46.415247
16.433214,46.439337
16.428356,46.415167
16.430387,46.426417
16.431506,46.418802
16.426517,46.414144
16.431241,46.413152
16.436144,46.419278
16.426035,46.42364
16.431209,46.423115
16.431457,46.422368
16.431597,46.418916
16.430688,46.41707
16.426856,46.414727
16.425418,46.413531
16.431613,46.412682
16.431462,46.411728
16.435424,46.420262
16.436226,46.419692
16.431191,46.440873
16.42848,46.423571
16.433005,46.420369
16.431988,46.418933
16.4267,46.414239
16.429351,46.428736
16.431012,46.411331
16.432995,46.420668
16.424988,46.429861
16.432346,46.42772
16.430851,46.424831
16.432602,46.427845
16.425237,46.413376
16.430922,46.430788
16.430826,46.417264
16.432946,46.420887
16.431601,46.427205
16.433621,46.424284
16.435444,46.420072
16.43124,46.430194
16.435799,46.419268
16.429093,46.425393
16.432082,46.426844
16.431427,46.418364
16.429356,46.427829
16.430632,46.426286
16.431681,46.417944
16.432835,46.423979
16.431617,46.430996
16.436342,46.419553
16.431687,46.413093
16.431072,46.423259
16.43012,46.429065
16.428943,46.425002
16.432568,46.420479
16.431009,46.41752
16.429694,46.429293
16.431627,46.417808
16.43035,46.416764
16.432567,46.42421
16.432038,46.443134
16.427161,46.414935
16.432645,46.419836
16.427247,46.424821
16.431369,46.415563
16.424599,46.413568
16.429788,46.426848
16.4296,46.415905
16.430983,46.429944
16.431833,46.443062
16.431457,46.423862
16.433009,46.422053
16.425183,46.412174
16.431581,46.412564
16.431371,46.414767
16.43135,46.426248
16.432038,46.430907
16.43101,46.425713
16.428434,46.423272
16.432961,46.420738
16.432146,46.427629
16.42873,46.424312
16.430739,46.429707
16.42712,46.425193
16.432237,46.430869
16.429707,46.428403
16.431819,46.42191
16.429558,46.426336
16.431533,46.430579
16.431375,46.424394
16.431318,46.41799
16.432751,46.44059
16.431243,46.413773
16.432341,46.421856
16.430055,46.429742
16.431744,46.415372
16.432998,46.440541
16.431175,46.417747
16.431131,46.439586
16.43083,46.430666
16.43135,46.422594
16.429627,46.429169
16.42991,46.42778
16.430762,46.430534
16.431751,46.415534
16.430977,46.430917
16.433552,46.440443
16.431366,46.44174
16.430282,46.429222
16.430899,46.440906
16.429472,46.415799
16.432855,46.421472
16.430849,46.42462
16.431384,46.415172
16.43112,46.423042
16.428798,46.424601
16.434681,46.424098
16.43346,46.423098
16.429776,46.427955
16.431499,46.423697
16.429861,46.427275
16.432213,46.43121
16.433458,46.418919
16.431467,46.440857
16.428464,46.422481
16.433452,46.424137
16.431789,46.418216
16.428008,46.415345
16.430965,46.425336
16.428581,46.425461
16.425588,46.414012
16.426826,46.424919
16.426358,46.414464
16.435396,46.419876
16.43161,46.415914
16.431985,46.422181
16.428992,46.426415
16.431663,46.442539
16.431768,46.41808
16.425842,46.414179
16.428813,46.415447
16.432141,46.419744
16.428967,46.415548
16.431368,46.413595
16.431823,46.440827
16.431743,46.415212
16.432376,46.421228
16.431428,46.422722
16.43224,46.419346
16.431321,46.413521
16.431565,46.412303
16.428086,46.414771
16.431922,46.431258
16.429142,46.415619
16.43241,46.427216
16.429509,46.416178
16.428066,46.422451
16.4318,46.422683
16.42946,46.428886
16.431482,46.410928
16.43337,46.440067
16.432345,46.419485
16.427698,46.415186
16.430495,46.430119
16.431014,46.426073
16.431382,46.41401
16.430985,46.41116
16.431541,46.425515
16.431694,46.41906
16.428218,46.415063
16.428621,46.425576
16.431162,46.41697
16.431345,46.418129
16.431307,46.415063
16.431764,46.413809
16.429235,46.428126
16.432921,46.420217
16.430827,46.416473
16.431769,46.414307
16.427409,46.424771
16.430965,46.410957
16.434913,46.420979
16.431469,46.41141
16.430297,46.429915
16.429147,46.42672
16.436488,46.419109
16.427807,46.424685
16.432518,46.421015
16.428329,46.423034
16.432442,46.421135
16.425625,46.413572
16.430445,46.426759
16.428756,46.424476
16.427258,46.41444
16.431901,46.426509
16.434516,46.421723
16.431938,46.418796
16.432827,46.439646
16.431051,46.431435
16.431631,46.442342
16.429835,46.428562
16.431229,46.412983
16.431646,46.417684
16.432876,46.439819
16.434009,46.424216
16.431049,46.44014
16.431406,46.422475
16.426365,46.414045
16.431057,46.439756
16.42815,46.415426
16.429399,46.425979
16.428337,46.424883
16.428837,46.425982
16.43284,46.424242
16.434284,46.440376
16.431682,46.419281
16.431773,46.414632
16.431998,46.421694
16.431302,46.417237
16.433219,46.439921
16.426531,46.414572
16.430923,46.425161
16.426192,46.427948
16.431663,46.43129
16.433003,46.420508
16.430795,46.417162
16.434522,46.421839
16.43178,46.414466
16.431816,46.442954
16.429322,46.427643
16.431417,46.424185
16.42884,46.415761
16.430993,46.431165
16.429811,46.429433
16.427339,46.415044
16.431434,46.416096
16.427812,46.41482
16.430904,46.440642
16.43129,46.422849
16.433123,46.421743
16.426975,46.414789
16.429574,46.426105
16.434591,46.421949
16.431332,46.41531
16.43162,46.419146
16.434224,46.424144
16.428401,46.423151
16.429798,46.416342
16.431197,46.439119
16.428366,46.42261
16.427608,46.414761
16.431221,46.41221
16.432693,46.418969
16.426208,46.413813
16.431784,46.41415
16.432791,46.427934
16.432826,46.421258
16.431474,46.441923
16.428441,46.425071
16.431812,46.42634
16.431935,46.422569
16.431975,46.419088
16.431377,46.414406
16.429306,46.427309
16.431903,46.42236
16.434345,46.42116
16.431595,46.442129
16.431614,46.422113
16.43034,46.416389
16.431812,46.419439
16.426035,46.41386
16.430495,46.42947
16.430079,46.416527
16.431578,46.422298
16.431826,46.430948
16.431657,46.412428
16.433846,46.424204
16.43311,46.421903
16.431462,46.418525
16.426112,46.414313
16.43003,46.429887
16.429927,46.427101
16.43203,46.421599
16.432542,46.420617
16.428328,46.415575
16.428674,46.425746
16.43111,46.417629
16.431508,46.418665
16.431715,46.415613
16.431042,46.416834
16.431435,46.425135
16.431688,46.440817
16.43116,46.426364
16.429682,46.415939
16.431489,46.417531
16.430167,46.416048
16.431273,46.415771
16.431424,46.41824
16.431263,46.413349
16.433002,46.44011
16.431941,46.443394
16.431011,46.411508
16.432375,46.420045
16.431552,46.411217
16.433465,46.4239
16.429172,46.415985
16.431747,46.41479
16.42755,46.425208
16.429705,46.426708
16.425784,46.414149
16.429348,46.427921
16.432247,46.421381
16.430875,46.429817
16.435299,46.419486
16.433348,46.440484
16.43548,46.424067
16.425323,46.413906
16.430972,46.440299
16.430996,46.431299
16.429903,46.428942
16.43384,46.420803
16.431744,46.442742
16.429242,46.427006
16.429151,46.42552
16.426863,46.414312
16.431084,46.416314
16.432516,46.420183
16.430556,46.430221
16.429338,46.428283
16.431005,46.424118
16.43165,46.42311
16.433024,46.424274
16.431221,46.412802
16.430565,46.416985
16.427932,46.423793
16.431578,46.42219
16.431489,46.423596
16.436707,46.419299
16.431073,46.411721
16.430941,46.424309
16.431791,46.414953
16.428983,46.426535
16.430766,46.426709
16.428789,46.425873
16.433833,46.44042
16.43173,46.415739
16.429194,46.425643
16.429855,46.428129
16.429284,46.425806
16.432474,46.440378
16.431285,46.438739
16.431226,46.412277
16.427733,46.423415
16.434971,46.424119
16.431461,46.42405
16.431772,46.413982
16.429984,46.427421
16.432936,46.427563
16.431104,46.423642
16.43069,46.430339
16.43534,46.420626
16.430824,46.426115
16.428568,46.423893
16.431382,46.417381
16.429819,46.428717
16.4314,46.424555
16.431254,46.417097
16.432492,46.420377
16.431897,46.418552
16.390436,46.376707
16.405554,46.499929
16.308413,46.378814
16.611335,46.339903
16.611458,46.340273
16.611526,46.340518
16.611598,46.340779
16.611882,46.340729
16.612139,46.340691
16.612399,46.340653
16.612659,46.340618
16.61292,46.34058
16.613186,46.340561
16.613428,46.340495
16.613709,46.340487
16.614038,46.340385
16.614422,46.340357
16.614759,46.340253
16.614984,46.340207
16.615229,46.340254
16.615433,46.340222
16.615639,46.340184
16.615818,46.340097
16.616059,46.340069
16.616329,46.34009
16.616866,46.339702
16.616794,46.339546
16.616674,46.339405
16.616657,46.339241
16.616158,46.339246
16.615618,46.339293
16.615383,46.339328
16.615163,46.339351
16.614837,46.339399
16.614526,46.339433
16.61418,46.339485
16.614341,46.339857
16.614366,46.340118
16.613989,46.34016
16.613915,46.339914
16.61379,46.339535
16.613415,46.339597
16.613044,46.339659
16.612794,46.339701
16.612278,46.339769
16.612261,46.340061
16.611643,46.339899
16.61102,46.340389
16.610992,46.340208
16.613986,46.336903
16.613882,46.336587
16.613844,46.336448
16.613712,46.336147
16.61369,46.335975
16.613651,46.335841
16.613889,46.335739
16.614055,46.335935
16.614067,46.3361
16.614214,46.336421
16.614326,46.336681
16.614506,46.336909
16.614256,46.336583
16.614794,46.336367
16.615216,46.336137
16.61529,46.33662
16.615636,46.336431
16.615792,46.33679
16.616049,46.337703
16.615681,46.337215
16.615995,46.3372
16.616203,46.336933
16.616405,46.336929
16.61656,46.336906
16.616812,46.336912
16.617047,46.336903
16.617235,46.336879
16.617374,46.336814
16.617516,46.336843
16.617589,46.336819
16.617714,46.336844
16.617842,46.336759
16.618024,46.336845
16.61835,46.336915
16.618571,46.336906
16.618755,46.336948
16.618938,46.336954
16.619388,46.33694
16.281189,46.498468
16.584737,46.327169
16.584677,46.327423
16.423235,46.413372
16.440112,46.407684
16.308326,46.421484
16.616919,46.339969
16.616899,46.339914
16.616877,46.339833
16.435085,46.379691
16.818569,46.349739
16.643658,46.33983
16.628603,46.336715
16.426276,46.471519
16.36693,46.487384
16.403653,46.481808
16.403501,46.481857
16.362131,46.339923
16.409496,46.377478
16.409585,46.377552
16.409397,46.377552
16.409648,46.377263
16.409966,46.376899
16.410129,46.377445
16.410109,46.377486
16.41006,46.377563
16.410682,46.377479
16.411374,46.377012
16.411465,46.377084
16.41136,46.377096
16.409324,46.378096
16.410447,46.376512
16.409539,46.376377
16.409807,46.376559
16.410133,46.37626
16.351383,46.414803
16.459934,46.496019
16.434399,46.393964
16.463592,46.443704
16.470021,46.393669
16.389378,46.373802
16.527126,46.380817
16.371163,46.350597
16.675306,46.347688
16.366232,46.327782
16.699291,46.354101
16.813627,46.354569
16.813671,46.354613
16.474427,46.39069
16.410658,46.376567
16.785647,46.331348
16.626146,46.332569
16.281322,46.465278
16.34816,46.440043
16.412462,46.371249
16.24809,46.489732
16.621462,46.325731
16.621454,46.32581
16.621445,46.325881
16.464769,46.364722
16.482161,46.369528
16.380579,46.376374
16.522793,46.373955