17.864581,45.251605
17.864837,45.25186
17.864628,45.251285
17.865262,45.252412
17.642441,45.355802
17.638627,45.296841
17.638944,45.296936
17.638742,45.297052
17.638424,45.297043
17.638614,45.297263
17.638453,45.297871
17.637986,45.29863
17.637908,45.298743
17.638245,45.2999
17.637935,45.299823
17.638247,45.299977
17.638251,45.300139
17.63794,45.30016
17.639043,45.300789
17.638773,45.300929
17.639012,45.300971
17.63919,45.301717
17.638245,45.300433
17.639713,45.301601
17.639293,45.301576
17.879966,45.304738
17.87851,45.304117
17.883063,45.305435
17.882622,45.305372
17.885593,45.30382
17.881125,45.304929
17.881641,45.305443
17.881028,45.304799
17.881505,45.30504
17.886058,45.303618
17.880682,45.304755
17.881223,45.304968
17.882794,45.305346
17.886765,45.303522
17.882845,45.30584
17.883161,45.305388
17.883746,45.304644
17.880885,45.305122
17.882549,45.305641
17.880452,45.304676
17.880776,45.304783
17.882276,45.305382
17.882998,45.305872
17.881796,45.305233
17.883265,45.304998
17.877992,45.302461
17.877464,45.300973
17.879889,45.304482
17.880275,45.304569
17.81488,45.340337
17.814148,45.342124
17.813882,45.339972
17.815074,45.340086
17.812949,45.341657
17.815229,45.340128
17.813174,45.341005
17.813699,45.340743
17.706822,45.28586
17.700269,45.28583
17.813507,45.340311
17.702177,45.2856
17.813246,45.339939
17.700417,45.285841
17.615549,45.36064
17.813812,45.341952
17.813524,45.339562
17.704147,45.285566
17.614159,45.360859
17.813707,45.340997
17.81321,45.340837
17.817511,45.340235
17.614792,45.360757
17.785719,45.330114
17.785323,45.330788
17.785605,45.331072
17.786735,45.33399
17.787367,45.333255
17.813297,45.340688
17.814838,45.34011
17.700963,45.286004
17.617211,45.361146
17.61621,45.36055
17.616793,45.360217
17.78562,45.331258
17.787787,45.333046
17.788332,45.333069
17.790725,45.333113
17.813798,45.340628
17.81417,45.340244
17.855594,45.427682
17.61331,45.360277
17.785941,45.332995
17.813497,45.341237
17.814212,45.340011
17.814589,45.340103
17.613459,45.360512
17.78657,45.333371
17.789859,45.333358
17.813658,45.341729
17.813079,45.341226
17.81313,45.341123
17.814013,45.340971
17.814314,45.340017
17.700705,45.285848
17.704391,45.285548
17.616419,45.360931
17.785802,45.331705
17.786674,45.333699
17.787427,45.335207
17.787357,45.334592
17.81307,45.341465
17.813439,45.341514
17.813095,45.341343
17.814775,45.341213
17.813651,45.340208
17.813788,45.339959
17.616825,45.360469
17.614619,45.360772
17.613931,45.36102
17.785623,45.329691
17.785555,45.330957
17.786567,45.333563
17.786948,45.334567
17.786972,45.333245
17.70062,45.285848
17.787283,45.332984
17.787512,45.333428
17.788162,45.333265
17.789702,45.333354
17.785105,45.329829
17.785705,45.331501
17.787057,45.333618
17.785359,45.328869
17.786281,45.332691
17.615898,45.360559
17.615915,45.36034
17.785847,45.330283
17.786259,45.332808
17.787552,45.333
17.787316,45.33496
17.787169,45.334092
17.801782,45.288548
17.615472,45.360407
17.614893,45.360511
17.614036,45.360609
17.785291,45.328796
17.785087,45.329614
17.787473,45.333036
17.789186,45.33289
17.787108,45.333903
17.788917,45.333305
17.786165,45.332245
17.785648,45.332909
17.788104,45.333069
17.786908,45.334415
17.787302,45.334358
17.614097,45.361242
17.786278,45.332572
17.787075,45.333044
17.871987,45.316221
17.872299,45.318474
17.785222,45.330051
17.786904,45.332983
17.789551,45.332915
17.788742,45.333347
17.786332,45.328633
17.785318,45.329316
17.789016,45.3331
17.786868,45.334269
17.789108,45.333295
17.874188,45.316787
17.786461,45.333099
17.788591,45.333091
17.787174,45.334843
17.790485,45.333441
17.873471,45.316675
17.872428,45.317917
17.872724,45.318419
17.872707,45.318922
17.874225,45.316547
17.874031,45.316601
17.871853,45.316194
17.872043,45.317307
17.873192,45.319081
17.872724,45.315664
17.872341,45.319155
17.87195,45.317485
17.873815,45.316969
17.874175,45.317116
17.871546,45.317255
17.871997,45.317752
17.872084,45.318164
17.872397,45.317696
17.872539,45.318134
17.87365,45.320023
17.873258,45.318794
17.643535,45.338167
17.643099,45.338133
17.644861,45.338043
17.643719,45.338126
17.641256,45.337955
17.650296,45.330012
17.674079,45.308356
17.674297,45.307479
17.67706,45.306211
17.67687,45.304327
17.67673,45.306427
17.677158,45.305135
17.680081,45.307244
17.676616,45.306715
17.678795,45.306109
17.678741,45.306327
17.676426,45.306452
17.676612,45.304319
17.674531,45.308197
17.676212,45.306592
17.679331,45.305131
17.674749,45.306832
17.674841,45.307203
17.679032,45.305783
17.761633,45.324373
17.761765,45.324297
17.758614,45.323831
17.757615,45.324774
17.764169,45.322998
17.759734,45.324751
17.616371,45.345667
17.61617,45.34577
17.611826,45.346367
17.612927,45.346533
17.61353,45.349203
17.631545,45.272485
17.675361,45.316738
17.674673,45.307702
17.758464,45.323932
17.758493,45.325875
17.764696,45.323312
17.756898,45.326536
17.613266,45.346663
17.613398,45.346978
17.613324,45.347854
17.61385,45.348997
17.630318,45.273925
17.624877,45.277105
17.674504,45.307954
17.674648,45.307389
17.677164,45.305067
17.761471,45.32443
17.758524,45.323593
17.757969,45.324408
17.75599,45.325727
17.762013,45.323674
17.617674,45.345287
17.616595,45.345556
17.613696,45.348124
17.613659,45.348318
17.613443,45.349301
17.677057,45.305804
17.67859,45.306058
17.678974,45.305195
17.678935,45.305943
17.757797,45.325008
17.761036,45.324629
17.757771,45.324628
17.763433,45.323717
17.761687,45.323832
17.758463,45.325321
17.756715,45.325955
17.617577,45.345545
17.615335,45.346406
17.632555,45.272249
17.62345,45.278592
17.674931,45.306718
17.677134,45.303972
17.678706,45.305553
17.757021,45.325567
17.761398,45.322987
17.760167,45.323063
17.759314,45.323494
17.758945,45.323705
17.760902,45.324765
17.758088,45.324171
17.758702,45.325668
17.762564,45.32398
17.763826,45.323008
17.761888,45.32372
17.618274,45.345519
17.613084,45.346194
17.61309,45.346977
17.613595,45.347604
17.613447,45.348314
17.613263,45.349451
17.676237,45.315823
17.674626,45.307472
17.677506,45.304873
17.678698,45.305851
17.678771,45.305386
17.757835,45.324554
17.757123,45.32598
17.614997,45.346344
17.613059,45.34682
17.61368,45.349162
17.612604,45.349575
17.675013,45.316347
17.677324,45.305318
17.761136,45.32308
17.757878,45.324214
17.763224,45.323176
17.761267,45.32402
17.612009,45.346399
17.613374,45.34824
17.622951,45.277936
17.622808,45.279752
17.675514,45.306336
17.675107,45.306975
17.676614,45.306437
17.678796,45.305288
17.761984,45.324197
17.761324,45.324494
17.764792,45.323772
17.757256,45.326331
17.619426,45.34524
17.616692,45.345431
17.615379,45.346225
17.614508,45.34649
17.613643,45.347883
17.613095,45.347242
17.613394,45.348683
17.678066,45.306357
17.76487,45.323887
17.756268,45.325597
17.763171,45.323742
17.758667,45.325226
17.757601,45.325825
17.618994,45.345176
17.617384,45.345588
17.615515,45.346121
17.613371,45.348001
17.613049,45.349222
17.631948,45.272583
17.62481,45.276926
17.623967,45.27749
17.622959,45.279457
17.796317,45.334147
17.795793,45.336742
17.795531,45.337744
17.795392,45.339551
17.674468,45.308733
17.675174,45.307122
17.675624,45.306046
17.675616,45.306656
17.677405,45.30576
17.6775,45.306089
17.759702,45.324071
17.759476,45.32531
17.765101,45.324636
17.764655,45.323187
17.764285,45.323315
17.762866,45.323815
17.762178,45.323551
17.758826,45.325129
17.619866,45.345342
17.616751,45.345774
17.616188,45.346033
17.795861,45.337696
17.795893,45.339127
17.675847,45.306204
17.758322,45.324163
17.76463,45.323517
17.756485,45.325172
17.621693,45.345352
17.615709,45.346291
17.613218,45.347522
17.613452,45.348928
17.612613,45.350045
17.631886,45.272779
17.624681,45.277316
17.624019,45.278071
17.623713,45.278761
17.623128,45.279153
17.796341,45.333839
17.795982,45.337206
17.795948,45.337276
17.795967,45.338524
17.793999,45.340218
17.795069,45.339901
17.720338,45.306787
17.756278,45.325956
17.760917,45.323124
17.7598,45.323548
17.758975,45.325527
17.757436,45.325008
17.75578,45.32586
17.762728,45.323875
17.764429,45.322809
17.757622,45.326283
17.757164,45.326477
17.759108,45.325115
17.756534,45.32623
17.616514,45.345947
17.613539,45.3474
17.61315,45.347085
17.631134,45.273097
17.624026,45.27733
17.796249,45.334788
17.79579,45.336315
17.795764,45.33682
17.795756,45.338185
17.795168,45.340231
17.760241,45.323408
17.757956,45.323668
17.757565,45.324868
17.757484,45.326352
17.75837,45.325404
17.612248,45.34638
17.613142,45.349189
17.631773,45.272759
17.62284,45.280138
17.799494,45.328642
17.796293,45.33648
17.796116,45.335663
17.796091,45.335789
17.79595,45.337958
17.795515,45.339188
17.893654,45.324135
17.756301,45.325646
17.762638,45.323243
17.759972,45.324506
17.618522,45.345186
17.618132,45.345189
17.613367,45.346785
17.612715,45.34628
17.613213,45.34737
17.613321,45.347788
17.63267,45.27276
17.797686,45.329428
17.796928,45.33004
17.795945,45.33762
17.892931,45.317355
17.893626,45.323569
17.714221,45.305592
17.721938,45.306296
17.759358,45.325473
17.757159,45.325158
17.756751,45.325442
17.759487,45.324952
17.757911,45.325686
17.756962,45.326125
17.615682,45.346059
17.615223,45.346479
17.61494,45.346567
17.613223,45.346569
17.613557,45.347492
17.63164,45.27252
17.629782,45.274173
17.623538,45.27846
17.796991,45.330575
17.795527,45.337872
17.894047,45.324247
17.713616,45.30646
17.715819,45.305175
17.760626,45.323241
17.760663,45.324806
17.75835,45.325544
17.76155,45.322946
17.618131,45.345013
17.615489,45.346372
17.612551,45.346351
17.613661,45.348058
17.613299,45.347625
17.613722,45.348668
17.631522,45.272659
17.62447,45.277018
17.799161,45.329172
17.796804,45.33257
17.796628,45.332792
17.796204,45.335383
17.795352,45.339694
17.890653,45.318809
17.891396,45.322091
17.893703,45.324427
17.796932,45.330395
17.796143,45.335508
17.796186,45.337055
17.794798,45.340013
17.892647,45.317816
17.892121,45.321161
17.891154,45.318905
17.892972,45.324745
17.893148,45.324465
17.71472,45.30529
17.716708,45.305132
17.795396,45.339365
17.891464,45.318924
17.89498,45.323494
17.72103,45.306704
17.623677,45.278227
17.795685,45.33721
17.79581,45.338063
17.795221,45.339838
17.720681,45.306736
17.717271,45.30504
17.623816,45.278435
17.796154,45.336776
17.795571,45.337557
17.79587,45.33883
17.890234,45.319071
17.890318,45.318812
17.717047,45.305444
17.795501,45.33828
17.793052,45.340214
17.891514,45.31981
17.713578,45.305929
17.714434,45.305135
17.796597,45.332421
17.795687,45.337016
17.79593,45.338648
17.794415,45.339995
17.892914,45.317585
17.891553,45.31994
17.891703,45.321529
17.79793,45.329418
17.796187,45.335036
17.796291,45.336143
17.795829,45.339835
17.720161,45.306414
17.796324,45.336701
17.795529,45.337961
17.795895,45.339545
17.796102,45.332421
17.892402,45.318028
17.89045,45.318796
17.889198,45.31918
17.719079,45.306443
17.889619,45.319131
17.7685,45.321306
17.769409,45.321232
17.767681,45.321201
17.767021,45.322783
17.887315,45.325374
17.722415,45.306223
17.76926,45.320981
17.767218,45.321238
17.764866,45.322128
17.767649,45.322132
17.767776,45.322652
17.764625,45.322303
17.764408,45.322463
17.769815,45.321142
17.768129,45.320919
17.765347,45.322217
17.771215,45.319825
17.769075,45.321549
17.767406,45.320825
17.767747,45.32115
17.767989,45.32083
17.76573,45.322121
17.768218,45.321938
17.767805,45.320182
17.766256,45.321963
17.763177,45.322652
17.770952,45.320027
17.767266,45.322675
17.767283,45.321021
17.766841,45.322842
17.766858,45.321724
17.766477,45.32179
17.771089,45.319931
17.771472,45.319638
17.762828,45.322677
17.767232,45.322268
17.766641,45.322925
17.765136,45.32331
17.763958,45.322539
17.768179,45.321509
17.767852,45.321664
17.766408,45.322958
17.767773,45.320907
17.76635,45.321907
17.766107,45.322015
17.770793,45.320119
17.765761,45.323166
17.76179,45.322922
17.770198,45.320949
17.767169,45.321395
17.767356,45.321664
17.767399,45.322218
17.767486,45.322154
17.767483,45.321331
17.766281,45.322955
17.769382,45.320873
17.768726,45.321734
17.76624,45.323168
17.765392,45.323287
17.762449,45.322783
17.771372,45.319748
17.769215,45.32143
17.764938,45.323403
17.765924,45.321995
17.764511,45.322399
17.873279,45.272678
17.150173,45.459201
17.150673,45.459962
17.149996,45.459459
17.150776,45.460232
17.150912,45.461094
17.150531,45.460889
17.15096,45.461283
17.151166,45.461726
17.150658,45.462468
17.150945,45.462752
17.150619,45.462665
17.1504,45.463038
17.150349,45.463177
17.150288,45.463353
17.150256,45.463544
17.150676,45.46391
17.150257,45.46367
17.150656,45.464141
17.150333,45.463971
17.150708,45.464311
17.150298,45.464183
17.150636,45.464441
17.150648,45.464731
17.150517,45.465207
17.150263,45.464559
17.150471,45.465667
17.150241,45.464739
17.150408,45.466
17.15019,45.464943
17.150626,45.467289
17.150036,45.465829
17.15061,45.46759
17.149872,45.466147
17.150061,45.466721
17.150063,45.466461
17.150821,45.467988
17.150045,45.466861
17.150968,45.468143
17.150084,45.467024
17.150552,45.468247
17.151517,45.469563
17.152045,45.470922
17.149713,45.47036
17.148906,45.470475
17.152133,45.471216
17.151616,45.470946
17.151355,45.470976
17.147118,45.470346
17.15099,45.471365
17.14849,45.470621
17.144762,45.471942
17.150665,45.471237
17.144374,45.472065
17.148923,45.470727
17.148645,45.470817
17.156823,45.474577
17.155532,45.474323
17.153122,45.473158
17.15269,45.472921
17.153182,45.473577
17.152143,45.472982
17.143811,45.472231
17.151886,45.472926
17.140559,45.471819
17.141094,45.471565
17.139928,45.47157
17.138865,45.471555
17.141698,45.473515
17.141402,45.473695
17.1483,45.472236
17.140997,45.473903
17.147549,45.472303
17.140348,45.474342
17.147142,45.472345
17.139424,45.474909
17.333892,45.470416
17.334342,45.470247
17.335611,45.469808
17.336378,45.469411
17.33684,45.469278
17.336448,45.468716
17.337182,45.469059
17.337415,45.469099
17.33787,45.468899
17.337566,45.468865
17.338383,45.468697
17.338638,45.468846
17.338088,45.468413
17.339137,45.467544
17.341727,45.468216
17.34224,45.468678
17.342567,45.468914
17.342818,45.4696
17.343036,45.470747
17.343356,45.470647
17.343193,45.471004
17.343787,45.471091
17.343537,45.471525
17.344001,45.476439
17.343786,45.476805
17.341578,45.47625
17.342736,45.481124
17.342867,45.481265
17.342704,45.482311
17.342203,45.4826
17.342151,45.482862
17.34199,45.483261
17.341993,45.483382
17.341578,45.483879
17.346993,45.480836
17.347327,45.481041
17.346155,45.482851
17.34552,45.483073
17.345438,45.483325
17.345396,45.483516
17.345728,45.483506
17.345802,45.483324
17.345772,45.483708
17.3458,45.483828
17.345855,45.483954
17.345342,45.48409
17.345738,45.484215
17.345906,45.484776
17.345632,45.485051
17.346009,45.485063
17.345701,45.485349
17.345719,45.485668
17.345671,45.486192
17.345659,45.486729
17.345996,45.48732
17.34552,45.487573
17.346052,45.488706
17.345625,45.488713
17.345964,45.489054
17.345628,45.488832
17.34562,45.489164
17.345694,45.489524
17.345692,45.490077
17.34816,45.482235
17.34835,45.482425
17.350905,45.481762
17.353584,45.479822
17.354144,45.479521
17.354169,45.479094
17.354822,45.478771
17.258294,45.444948
17.258336,45.44422
17.25901,45.444751
17.259333,45.444748
17.259732,45.44475
17.260614,45.444579
17.259208,45.445648
17.258651,45.446154
17.258352,45.446218
17.26499,45.446156
17.256856,45.445944
17.262009,45.441589
17.255595,45.442387
17.255256,45.442487
17.255158,45.442287
17.255477,45.442177
17.255155,45.441983
17.255143,45.441901
17.255529,45.441963
17.255485,45.441738
17.255509,45.441639
17.255493,45.441195
17.250984,45.438907
17.250618,45.439107
17.250366,45.438893
17.250013,45.438828
17.248897,45.440092
17.248604,45.440227
17.243795,45.438175
17.242999,45.438829
17.243259,45.438189
17.242945,45.438457
17.24261,45.438079
17.254775,45.44257
17.2542,45.442898
17.254617,45.44281
17.253836,45.442989
17.253551,45.443012
17.253399,45.44308
17.252659,45.442966
17.251725,45.443525
17.389473,45.467727
17.389041,45.467805
17.390954,45.467153
17.391619,45.467335
17.392744,45.467416
17.39305,45.466986
17.393597,45.466788
17.39412,45.466641
17.399756,45.465925
17.40152,45.465599
17.402317,45.464897
17.402435,45.46458
17.401996,45.463851
17.402239,45.462975
17.407296,45.462938
17.408343,45.463263
17.410724,45.46394
17.409144,45.463202
17.303357,45.465149
17.303927,45.469345
17.305218,45.470217
17.300841,45.468272
17.305372,45.463858
17.306549,45.463821
17.306507,45.464055
17.306744,45.463803
17.308372,45.462142
17.308625,45.462152
17.307936,45.461875
17.311671,45.4631
17.258452,45.491214
17.255675,45.492629
17.255459,45.493002
17.254927,45.493193
17.254498,45.49306
17.24767,45.494207
17.249174,45.494232
17.249815,45.495584
17.256538,45.509707
17.257342,45.51067
17.25675,45.497314
17.256835,45.49741
17.259877,45.501729
17.264374,45.504394
17.268569,45.505889
17.269125,45.500254
17.266562,45.498526
17.264478,45.496781
17.259094,45.494243
17.259367,45.493972
17.256302,45.494088
17.269331,45.496874
17.285463,45.512285
17.285722,45.512488
17.284354,45.513683
17.284061,45.513532
17.28367,45.514204
17.266767,45.470053
17.267676,45.470164
17.266501,45.469997
17.268052,45.470214
17.268861,45.46901
17.269512,45.469978
17.26454,45.478752
17.26455,45.479714
17.263559,45.479809
17.263686,45.480043
17.269555,45.470351
17.269726,45.470026
17.270603,45.470156
17.269783,45.470391
17.270307,45.470472
17.270499,45.470981
17.270659,45.471442
17.270312,45.47174
17.270675,45.472033
17.271212,45.47199
17.270925,45.47191
17.270805,45.471792
17.270911,45.47028
17.271334,45.470331
17.271275,45.47066
17.271991,45.471005
17.272151,45.470565
17.272063,45.470268
17.27246,45.470516
17.272417,45.470152
17.273134,45.470428
17.272853,45.470442
17.273343,45.470323
17.274182,45.470133
17.273893,45.469635
17.274098,45.46971
17.275013,45.471224
17.275747,45.471267
17.274961,45.469985
17.274669,45.469721
17.274921,45.469596
17.276287,45.471408
17.2753,45.469921
17.276025,45.470018
17.275964,45.469514
17.276853,45.469748
17.276967,45.470362
17.277169,45.470585
17.277375,45.471026
17.27738,45.469615
17.276989,45.469364
17.277973,45.469543
17.279498,45.469546
17.279615,45.469544
17.280108,45.469429
17.279917,45.469035
17.280243,45.469415
17.280577,45.469365
17.280604,45.468909
17.280832,45.469633
17.281252,45.469508
17.281204,45.469293
17.281159,45.468764
17.281935,45.46926
17.281486,45.469247
17.283353,45.46917
17.283069,45.468609
17.283337,45.468743
17.28357,45.468779
17.283855,45.468809
17.283867,45.469226
17.284581,45.469224
17.285118,45.468036
17.28157,45.465422
17.283308,45.465383
17.285121,45.4653
17.284846,45.465287
17.283523,45.465286
17.284699,45.469944
17.28613,45.466248
17.285582,45.465211
17.287586,45.464857
17.284487,45.46892
17.285671,45.469442
17.285288,45.469051
17.285869,45.469096
17.413446,45.460979
17.416115,45.460599
17.41624,45.459893
17.416332,45.459738
17.420011,45.457304
17.422421,45.45595
17.423664,45.454876
17.422546,45.454033
17.424522,45.454902
17.424937,45.454289
17.425113,45.454285
17.425387,45.454589
17.426113,45.454381
17.427321,45.454244
17.428914,45.453306
17.42804,45.451628
17.42959,45.452499
17.320679,45.448061
17.31987,45.445865
17.318835,45.445249
17.319183,45.44459
17.319097,45.443673
17.319051,45.444109
17.319139,45.443457
17.319852,45.443983
17.319864,45.443673
17.318861,45.442685
17.318593,45.442674
17.318788,45.442517
17.318951,45.442873
17.319764,45.441927
17.31982,45.44173
17.319972,45.44183
17.319792,45.44161
17.319593,45.44089
17.318686,45.441137
17.318819,45.440997
17.318538,45.440808
17.318626,45.440574
17.318521,45.440365
17.318449,45.440236
17.318063,45.439289
17.3179,45.439656
17.317589,45.439715
17.317467,45.439721
17.317016,45.439959
17.316678,45.43988
17.316404,45.439888
17.315683,45.440093
17.315367,45.439527
17.317777,45.438536
17.31828,45.437866
17.317358,45.438061
17.316287,45.438667
17.315735,45.438882
17.315685,45.438973
17.316366,45.438281
17.31634,45.438096
17.316289,45.437864
17.314645,45.437724
17.317278,45.437641
17.316633,45.437234
17.317115,45.437453
17.316371,45.437115
17.316238,45.436471
17.316285,45.436253
17.314222,45.435867
17.313891,45.435641
17.316034,45.435869
17.313353,45.435406
17.312521,45.436216
17.317142,45.435451
17.332495,45.385638
17.298388,45.368701
17.283265,45.374702
17.28043,45.375115
17.307934,45.484742
17.307573,45.485325
17.307468,45.485128
17.307774,45.485725
17.307876,45.485795
17.308927,45.486651
17.308965,45.487732
17.308744,45.494396
17.309159,45.486071
17.309611,45.485539
17.310572,45.486327
17.312103,45.485824
17.313076,45.484212
17.313242,45.483386
17.31369,45.483334
17.31394,45.483252
17.315538,45.479376
17.316553,45.482125
17.31707,45.482727
17.317088,45.48368
17.317607,45.484237
17.318115,45.484878
17.318799,45.485699
17.319031,45.48593
17.319236,45.48577
17.319535,45.486091
17.325303,45.487794
17.196445,45.424457
17.196452,45.425793
17.196497,45.424252
17.196245,45.424041
17.196356,45.425529
17.196018,45.423728
17.196127,45.423533
17.195969,45.423423
17.196304,45.425402
17.196267,45.425264
17.195927,45.423243
17.196195,45.42512
17.195941,45.422936
17.196112,45.424845
17.195839,45.422587
17.195858,45.422341
17.195928,45.424335
17.195956,45.422152
17.195766,45.423975
17.195885,45.422021
17.195683,45.42388
17.19579,45.421864
17.19567,45.4237
17.195672,45.42099
17.195971,45.421595
17.195559,45.423495
17.195932,45.420275
17.195529,45.423293
17.195387,45.42003
17.195463,45.423108
17.195334,45.419904
17.195448,45.422934
17.195266,45.419611
17.19542,45.422633
17.193911,45.418604
17.195347,45.42252
17.193681,45.418268
17.195158,45.422273
17.193431,45.418115
17.19542,45.422044
17.195398,45.421896
17.195312,45.421764
17.194807,45.421521
17.195327,45.421457
17.195317,45.421286
17.195283,45.421131
17.195182,45.420977
17.194878,45.420688
17.194836,45.420542
17.194674,45.420286
17.194705,45.420049
17.194572,45.419667
17.194359,45.419507
17.194279,45.419326
17.193773,45.419004
17.193611,45.418839
17.190791,45.418722
17.195163,45.41933
17.194737,45.418648
17.195133,45.419115
17.194935,45.418555
17.196226,45.418004
17.195158,45.418542
17.195204,45.418408
17.195694,45.418001
17.19634,45.417368
17.195516,45.417727
17.195326,45.417719
17.195513,45.417197
17.195392,45.41702
17.195075,45.417122
17.195347,45.416812
17.194976,45.416835
17.195313,45.416628
17.194838,45.416648
17.195228,45.416128
17.1947,45.41589
17.195071,45.415151
17.197021,45.413802
17.195677,45.415125
17.195921,45.414932
17.196194,45.414777
17.196704,45.414491
17.197603,45.413857
17.196117,45.418572
17.196895,45.418158
17.196375,45.418645
17.196571,45.418528
17.195712,45.419307
17.197533,45.419662
17.197125,45.419563
17.198051,45.42027
17.197323,45.419809
17.198108,45.420421
17.198213,45.420565
17.197691,45.420551
17.199441,45.421645
17.199809,45.421334
17.199786,45.42167
17.151558,45.432492
17.151528,45.433033
17.152092,45.433257
17.1519,45.433663
17.152471,45.434454
17.152734,45.434235
17.15283,45.434342
17.153235,45.434859
17.15287,45.435047
17.15307,45.435198
17.153119,45.435285
17.153314,45.435607
17.153827,45.435714
17.153703,45.436152
17.153843,45.436311
17.153812,45.436511
17.154003,45.436802
17.147966,45.436552
17.149447,45.437046
17.148235,45.436623
17.151232,45.437611
17.151675,45.437554
17.151997,45.437574
17.152333,45.437519
17.15279,45.437514
17.153128,45.437525
17.154735,45.436974
17.154871,45.437028
17.154392,45.437315
17.154916,45.437118
17.155035,45.437271
17.15466,45.437558
17.155029,45.437402
17.154754,45.437847
17.154896,45.437958
17.155363,45.438092
17.155158,45.43829
17.15549,45.438213
17.155805,45.43897
17.155629,45.438387
17.156541,45.439653
17.157024,45.439654
17.156951,45.440006
17.157063,45.442194
17.219723,45.435258
17.220147,45.435198
17.220488,45.434166
17.222484,45.434406
17.22199,45.43453
17.221098,45.434672
17.220376,45.43356
17.222893,45.434324
17.220971,45.432786
17.223265,45.43419
17.221121,45.433677
17.223901,45.434195
17.221109,45.434213
17.224305,45.434128
17.224843,45.434166
17.222216,45.434118
17.225644,45.434213
17.222571,45.434043
17.226895,45.43427
17.223273,45.433942
17.22723,45.434389
17.223969,45.433899
17.227349,45.434399
17.225009,45.433939
17.227643,45.434481
17.225953,45.433957
17.227907,45.434594
17.226353,45.43395
17.229763,45.435184
17.229368,45.433599
17.232359,45.43615
17.232979,45.435383
17.233178,45.43567
17.232934,45.435975
17.233634,45.434685
17.234285,45.434787
17.234207,45.434949
17.233695,45.434556
17.234018,45.435557
17.234006,45.434284
17.234025,45.43574
17.233975,45.434179
17.233861,45.435948
17.234242,45.434039
17.233873,45.436239
17.23425,45.433805
17.233668,45.436755
17.235031,45.433267
17.233259,45.43646
17.232812,45.436627
17.234301,45.435302
17.233345,45.437721
17.234373,45.435855
17.233957,45.437968
17.233407,45.437953
17.232942,45.438143
17.230927,45.439124
17.230962,45.439489
17.231322,45.439241
17.230785,45.439492
17.231025,45.439556
17.231094,45.439639
17.231154,45.439862
17.231261,45.440429
17.2485,45.417405
17.353124,45.45222
17.353697,45.451688
17.354194,45.451956
17.354084,45.451914
17.355014,45.451945
17.353016,45.447704
17.345647,45.447172
17.344006,45.447098
17.343586,45.44698
17.341347,45.446459
17.340892,45.446378
17.340393,45.446305
17.340495,45.445841
17.34005,45.446367
17.339661,45.446162
17.339271,45.446104
17.339478,45.445762
17.339614,45.445447
17.33932,45.444953
17.338686,45.446127
17.338602,45.445797
17.339416,45.447141
17.339292,45.447022
17.338792,45.447028
17.338191,45.446587
17.337936,45.446949
17.337831,45.446163
17.338325,45.444673
17.338479,45.444443
17.338416,45.444205
17.33866,45.444001
17.338127,45.444039
17.337715,45.445979
17.33682,45.445976
17.336882,45.444799
17.33609,45.445536
17.336315,45.446512
17.334196,45.448117
17.334195,45.44733
17.333699,45.447267
17.33296,45.447466
17.333004,45.447877
17.33265,45.447575
17.227598,45.460046
17.227445,45.460083
17.228092,45.46031
17.227213,45.460065
17.227887,45.460243
17.227078,45.460137
17.227733,45.460329
17.226855,45.460176
17.227566,45.460323
17.226685,45.460242
17.227342,45.460298
17.227165,45.462652
17.226833,45.460696
17.226173,45.46099
17.225244,45.460898
17.224733,45.46092
17.224908,45.460583
17.223598,45.460898
17.224151,45.461004
17.224601,45.460662
17.223282,45.461107
17.223208,45.460827
17.224263,45.460695
17.222872,45.460813
17.224008,45.460658
17.222236,45.46059
17.223539,45.460653
17.223717,45.460684
17.222008,45.460891
17.223363,45.460685
17.22178,45.460273
17.223116,45.460676
17.221929,45.460091
17.221737,45.460012
17.221647,45.460221
17.221253,45.460074
17.220204,45.461174
17.219919,45.461112
17.219919,45.460177
17.220081,45.460497
17.219982,45.460372
17.219829,45.46079
17.219655,45.459988
17.219773,45.46055
17.219396,45.459776
17.219535,45.459914
17.219438,45.460203
17.219263,45.459796
17.219259,45.460088
17.219149,45.458563
17.219539,45.458468
17.218632,45.459767
17.219649,45.458803
17.218045,45.460188
17.21842,45.46018
17.217882,45.460335
17.217525,45.461436
17.218769,45.461898
17.217278,45.461437
17.218513,45.462809
17.217026,45.461672
17.218845,45.463589
17.217586,45.46191
17.218664,45.463978
17.219062,45.464329
17.227453,45.458672
17.22773,45.459589
17.227322,45.458563
17.227579,45.459382
17.226911,45.458132
17.226619,45.457886
17.226122,45.456672
17.226865,45.458699
17.22558,45.456053
17.226587,45.458591
17.225229,45.455699
17.22653,45.45842
17.225106,45.456082
17.225247,45.456553
17.224769,45.456393
17.222148,45.455341
17.221208,45.454901
17.220897,45.454793
17.220422,45.454404
17.223226,45.455905
17.219897,45.454339
17.219702,45.454272
17.219326,45.454182
17.220906,45.455246
17.218886,45.454107
17.220834,45.455139
17.218737,45.454091
17.220631,45.455103
17.218556,45.454045
17.220474,45.455015
17.218374,45.454007
17.220089,45.454893
17.218199,45.453818
17.219822,45.454797
17.217963,45.453915
17.219679,45.454742
17.219476,45.454726
17.217566,45.453789
17.219312,45.454695
17.219144,45.454648
17.217101,45.45371
17.218818,45.454556
17.216942,45.453674
17.218617,45.454496
17.216763,45.453622
17.218078,45.454272
17.216408,45.453538
17.217717,45.454227
17.216242,45.453503
17.216905,45.453952
17.216069,45.453471
17.2164,45.453869
17.216227,45.453052
17.216289,45.453842
17.216165,45.453811
17.215529,45.453293
17.216032,45.453776
17.215318,45.453264
17.215802,45.453706
17.215082,45.453185
17.215393,45.453626
17.214674,45.453074
17.215311,45.453602
17.214834,45.453519
17.214453,45.4533
17.214019,45.45318
17.213367,45.452974
17.213164,45.452909
17.213008,45.452852
17.212944,45.452412
17.212671,45.452761
17.212497,45.452735
17.212338,45.452663
17.211952,45.452593
17.207504,45.458116
17.208235,45.45744
17.207803,45.458188
17.208407,45.457218
17.208521,45.457415
17.208254,45.45844
17.20863,45.457218
17.208771,45.457248
17.208362,45.458632
17.210819,45.45721
17.208436,45.458847
17.21094,45.457225
17.20867,45.457567
17.21121,45.457258
17.211344,45.457301
17.208829,45.457464
17.211558,45.457371
17.208957,45.457386
17.212513,45.457647
17.209094,45.457353
17.212689,45.457659
17.209218,45.457322
17.212901,45.457771
17.209321,45.457139
17.213023,45.457782
17.209529,45.457154
17.213207,45.457833
17.209825,45.457227
17.213735,45.457965
17.210095,45.457297
17.213936,45.457993
17.21031,45.45731
17.215014,45.458267
17.210623,45.457358
17.210811,45.457449
17.211213,45.457498
17.211391,45.457558
17.211604,45.457563
17.211883,45.457659
17.212315,45.457789
17.212115,45.45773
17.212419,45.457851
17.212699,45.458226
17.211418,45.458644
17.211766,45.458541
17.213896,45.45827
17.214256,45.458321
17.219389,45.453923
17.219105,45.453691
17.219447,45.453623
17.219137,45.453458
17.219465,45.453466
17.219162,45.45316
17.219485,45.453273
17.219181,45.453064
17.219563,45.453132
17.219203,45.452926
17.219511,45.453018
17.219216,45.452793
17.219554,45.452749
17.219235,45.452655
17.219568,45.452471
17.219588,45.452328
17.220715,45.452026
17.239832,45.464657
17.236948,45.466979
17.236991,45.467656
17.225285,45.458683
17.222582,45.458433
17.221809,45.458426
17.221631,45.458427
17.220893,45.458421
17.220157,45.458129
17.218251,45.458061
17.218229,45.457416
17.218078,45.457366
17.216931,45.457345
17.216734,45.457254
17.21655,45.457188
17.216289,45.457107
17.216052,45.457037
17.215825,45.456992
17.215611,45.456945
17.214651,45.456876
17.214511,45.45706
17.214241,45.456822
17.214042,45.456798
17.213851,45.456782
17.213523,45.456743
17.213357,45.456714
17.213047,45.456684
17.212904,45.456713
17.211868,45.45676
17.21169,45.45672
17.211487,45.456745
17.211304,45.456763
17.211116,45.456746
17.210886,45.456771
17.210129,45.45685
17.209932,45.45682
17.230011,45.463367
17.232141,45.464841
17.23058,45.464124
17.232594,45.468124
17.232003,45.465138
17.231675,45.464864
17.232159,45.468366
17.231499,45.46675
17.232544,45.466818
17.23252,45.467085
17.232144,45.467565
17.227787,45.459682
17.228481,45.459701
17.228693,45.45989
17.224716,45.461203
17.225387,45.461714
17.225081,45.462057
17.223545,45.462553
17.224551,45.462326
17.223837,45.462677
17.223784,45.463005
17.223839,45.462858
17.223719,45.463475
17.22344,45.463527
17.223568,45.466343
17.229354,45.460633
17.230077,45.460412
17.229836,45.46069
17.229634,45.460563
17.230409,45.460481
17.23061,45.460471
17.229948,45.460921
17.230199,45.460799
17.231163,45.460664
17.230412,45.460815
17.232654,45.460915
17.231349,45.460785
17.230612,45.460861
17.232814,45.461152
17.233308,45.461126
17.233838,45.461485
17.231265,45.461066
17.23409,45.461547
17.231484,45.461132
17.234615,45.4617
17.231813,45.461225
17.234813,45.461686
17.232101,45.461307
17.235528,45.461969
17.231414,45.462171
17.231696,45.462195
17.236658,45.462182
17.232536,45.461647
17.237134,45.462179
17.232803,45.461479
17.237371,45.462386
17.23277,45.46199
17.237715,45.462469
17.238874,45.462856
17.233264,45.462427
17.239051,45.46302
17.240254,45.463928
17.240494,45.464117
17.24174,45.46573
17.24187,45.465954
17.242557,45.466536
17.242689,45.466748
17.243016,45.46689
17.243097,45.467047
17.244366,45.467383
17.245838,45.467246
17.236414,45.46261
17.246491,45.466889
17.236938,45.462661
17.236646,45.462509
17.237203,45.462679
17.239796,45.464108
17.237309,45.462711
17.240841,45.465245
17.240402,45.464527
17.241333,45.465805
17.241472,45.465954
17.241696,45.466363
17.241839,45.466516
17.241903,45.466623
17.269133,45.433398
17.269467,45.433011
17.269856,45.432339
17.270667,45.43188
17.270122,45.430252
17.269901,45.430133
17.27298,45.429506
17.272134,45.430773
17.271581,45.430686
17.272312,45.431215
17.139558,45.475429
17.139859,45.475136
17.140009,45.475046
17.140872,45.474544
17.14036,45.474756
17.141461,45.474339
17.141851,45.473886
17.142384,45.473425
17.142674,45.473237
17.142913,45.473069
17.143182,45.472929
17.143445,45.47276
17.144029,45.472565
17.144784,45.472381
17.145882,45.472326
17.180206,45.461497
17.180519,45.462562
17.175828,45.461926
17.179429,45.462318
17.173832,45.461702
17.177554,45.46197
17.179162,45.462264
17.178178,45.462012
17.17357,45.46167
17.177302,45.461911
17.173293,45.461658
17.177036,45.461878
17.173059,45.461593
17.176004,45.461667
17.164716,45.45839
17.377514,45.468399
17.377708,45.468259
17.383769,45.467944
17.38544,45.468142
17.385972,45.467813
17.387045,45.467715
17.387375,45.467654
17.387911,45.467664
17.392977,45.468313
17.392758,45.468735
17.392741,45.468969
17.392982,45.469353
17.393243,45.470756
17.393446,45.471463
17.39384,45.471442
17.394534,45.472
17.395528,45.471413
17.385934,45.468796
17.385092,45.46975
17.385784,45.46971
17.385715,45.471322
17.386005,45.472681
17.386418,45.472694
17.386047,45.47329
17.385586,45.4731
17.38535,45.47284
17.384006,45.473406
17.384091,45.473616
17.386391,45.472832
17.386917,45.473203
17.387056,45.473547
17.3865,45.474022
17.387148,45.473921
17.387276,45.474529
17.386429,45.475014
17.387487,45.475351
17.388182,45.47649
17.388738,45.476453
17.388613,45.476658
17.388628,45.476915
17.386437,45.476133
17.385267,45.476485
17.385595,45.477143
17.384933,45.477473
17.380875,45.475694
17.381035,45.475774
17.381185,45.475895
17.38281,45.476719
17.381172,45.473132
17.381925,45.473009
17.380337,45.472863
17.379871,45.473074
17.380382,45.47355
17.382764,45.472457
17.380674,45.471927
17.381403,45.472651
17.379876,45.469838
17.381768,45.470734
17.382702,45.471355
17.382353,45.469707
17.383782,45.47016
17.384237,45.469585
17.195083,45.447408
17.19311,45.44417
17.192987,45.444572
17.193013,45.444665
17.193075,45.444736
17.195965,45.447649
17.193155,45.44484
17.19319,45.44496
17.197912,45.448582
17.193347,45.445156
17.196902,45.449939
17.193413,45.445495
17.196934,45.450126
17.19358,45.44552
17.193717,45.445893
17.193691,45.445821
17.193858,45.446057
17.193926,45.446164
17.193873,45.446455
17.194464,45.44786
17.194378,45.448276
17.194828,45.448271
17.194882,45.448417
17.194998,45.448532
17.195103,45.448654
17.195189,45.448783
17.195231,45.448931
17.195324,45.44906
17.195354,45.449166
17.19546,45.449301
17.195581,45.449459
17.195701,45.449575
17.195783,45.449707
17.195876,45.449836
17.195971,45.449964
17.196073,45.450091
17.196145,45.45022
17.196218,45.450323
17.191729,45.439446
17.19187,45.439785
17.191973,45.439333
17.192184,45.439351
17.191923,45.439965
17.19212,45.439468
17.191714,45.440197
17.19211,45.439645
17.192154,45.439798
17.192011,45.440484
17.192178,45.439918
17.192288,45.440116
17.192405,45.440256
17.192074,45.440982
17.19244,45.440351
17.192491,45.440436
17.192368,45.440546
17.192689,45.440631
17.19276,45.440853
17.192981,45.44097
17.19418,45.439665
17.193905,45.439704
17.194035,45.43989
17.193906,45.439883
17.193707,45.439742
17.193739,45.439912
17.193512,45.439769
17.193528,45.439951
17.193171,45.439829
17.193211,45.440008
17.193879,45.450813
17.19378,45.450642
17.193662,45.450472
17.193561,45.450316
17.192316,45.437045
17.192482,45.437098
17.192128,45.437221
17.192022,45.437204
17.191915,45.43717
17.191606,45.437151
17.191739,45.436782
17.191661,45.437063
17.191556,45.43671
17.191481,45.436661
17.191524,45.437006
17.191221,45.436846
17.191351,45.436602
17.190913,45.436758
17.1912,45.436566
17.190881,45.43663
17.191065,45.436461
17.190761,45.436604
17.190964,45.43638
17.19067,45.436489
17.190823,45.436324
17.190441,45.43621
17.190758,45.436182
17.190727,45.43606
17.190033,45.435906
17.190222,45.4358
17.190594,45.43556
17.190554,45.435433
17.190558,45.435299
17.190266,45.434792
17.190564,45.435042
17.190252,45.434681
17.190561,45.434849
17.190265,45.434523
17.190587,45.434412
17.190553,45.434757
17.190155,45.434409
17.190691,45.433741
17.19024,45.434242
17.191058,45.433089
17.190154,45.434095
17.191223,45.432362
17.190221,45.433958
17.191406,45.431223
17.190213,45.433247
17.190213,45.433125
17.189792,45.432611
17.189805,45.432296
17.189014,45.430547
17.187564,45.430602
17.186899,45.42982
17.192998,45.438271
17.192782,45.4381
17.192817,45.438017
17.193175,45.438227
17.193267,45.437976
17.192878,45.437958
17.193342,45.43786
17.192902,45.437864
17.193515,45.437726
17.193435,45.437743
17.193012,45.437796
17.193579,45.437639
17.193269,45.43755
17.193713,45.437584
17.194001,45.4375
17.193763,45.437323
17.193582,45.437377
17.194112,45.437247
17.192027,45.442508
17.192,45.442365
17.191937,45.442225
17.191798,45.442126
17.191727,45.441996
17.191621,45.441875
17.19146,45.441695
17.191304,45.441514
17.191169,45.441357
17.191093,45.441237
17.190981,45.441132
17.190881,45.441031
17.190751,45.440927
17.190664,45.4408
17.190565,45.440699
17.190448,45.440558
17.19032,45.440433
17.19022,45.440317
17.190094,45.44018
17.189961,45.440052
17.189797,45.439924
17.189735,45.439781
17.189633,45.439668
17.189514,45.439552
17.18941,45.439393
17.197524,45.431388
17.197429,45.430997
17.197708,45.431433
17.198216,45.431244
17.197912,45.43103
17.198041,45.43092
17.198427,45.431
17.198543,45.430874
17.198272,45.430679
17.19865,45.430759
17.198386,45.430555
17.198769,45.430637
17.198473,45.430431
17.198876,45.430512
17.198595,45.430313
17.198999,45.430378
17.198719,45.430197
17.199091,45.430246
17.198768,45.430062
17.198781,45.429892
17.199224,45.429905
17.198791,45.42974
17.198857,45.429594
17.195536,45.450597
17.195154,45.45076
17.195842,45.450792
17.195703,45.450859
17.195451,45.451215
17.195323,45.451083
17.193057,45.451556
17.195065,45.451089
17.191798,45.452098
17.200182,45.432558
17.200745,45.432392
17.20033,45.432436
17.201125,45.432106
17.200444,45.432345
17.20064,45.431855
17.200524,45.432234
17.200177,45.431753
17.200044,45.432061
17.193577,45.448175
17.193606,45.448343
17.194414,45.448779
17.19376,45.448422
17.194464,45.448923
17.193837,45.448542
17.194497,45.449057
17.193908,45.448673
17.194554,45.449193
17.193962,45.448803
17.194627,45.449303
17.193973,45.44892
17.194717,45.449426
17.194026,45.449044
17.194804,45.449551
17.194142,45.449191
17.194883,45.449666
17.194196,45.44932
17.194232,45.449461
17.194323,45.44958
17.195127,45.450027
17.194365,45.449735
17.194505,45.449816
17.19529,45.450278
17.194563,45.449944
17.195383,45.4504
17.194655,45.45006
17.195466,45.450522
17.194744,45.450182
17.194799,45.450311
17.19491,45.450428
17.194994,45.450551
17.195068,45.450682
17.199315,45.428019
17.198961,45.428213
17.199237,45.427905
17.198805,45.428087
17.199152,45.427746
17.198739,45.427952
17.199051,45.427642
17.198963,45.427519
17.197825,45.427006
17.198869,45.427408
17.197697,45.426895
17.198757,45.427296
17.197575,45.42679
17.198667,45.427207
17.196875,45.426343
17.198565,45.427096
17.198402,45.426827
17.188926,45.452396
17.189344,45.452148
17.189096,45.45258
17.189373,45.452273
17.189419,45.452638
17.189593,45.452785
17.189741,45.452868
17.189849,45.45297
17.190326,45.453253
17.190466,45.453339
17.19068,45.453462
17.190981,45.453795
17.191136,45.453901
17.19173,45.454179
17.191956,45.454249
17.192103,45.454365
17.192372,45.454221
17.192223,45.454494
17.19242,45.454572
17.192527,45.454653
17.192925,45.454923
17.193144,45.454543
17.193192,45.455118
17.193298,45.454708
17.193466,45.454862
17.193541,45.455405
17.193634,45.454954
17.193769,45.455424
17.193825,45.455175
17.194301,45.45577
17.195396,45.45608
17.194958,45.456157
17.195717,45.456174
17.195093,45.456215
17.195824,45.456321
17.19527,45.456322
17.195925,45.456457
17.195413,45.456418
17.195519,45.456504
17.196277,45.456584
17.195758,45.456623
17.196506,45.456849
17.196642,45.456933
17.196101,45.456831
17.196898,45.457098
17.196419,45.457016
17.19738,45.457285
17.196568,45.457135
17.196691,45.457224
17.197856,45.457902
17.196873,45.457368
17.197397,45.458141
17.197632,45.458287
17.197764,45.458609
17.197793,45.458755
17.198372,45.45836
17.197866,45.459227
17.193965,45.436059
17.194039,45.436404
17.194046,45.436877
17.193864,45.436157
17.193755,45.436608
17.193628,45.436736
17.193609,45.436892
17.193392,45.436982
17.193573,45.436465
17.193346,45.437092
17.193381,45.436615
17.193181,45.437174
17.193219,45.436777
17.193034,45.437274
17.192839,45.436763
17.193111,45.436877
17.193041,45.436975
17.192559,45.436896
17.19282,45.437066
17.19027,45.441644
17.190172,45.44152
17.19004,45.441377
17.188597,45.439679
17.188376,45.439501
17.187585,45.438817
17.187483,45.438668
17.187203,45.438894
17.187075,45.438761
17.197167,45.444782
17.198365,45.444973
17.197591,45.443088
17.19866,45.445048
17.197664,45.443185
17.198792,45.445199
17.197694,45.44331
17.198903,45.445311
17.197829,45.443428
17.199001,45.445432
17.19792,45.443533
17.199109,45.445533
17.197957,45.443639
17.199223,45.445639
17.198042,45.443748
17.199338,45.445742
17.199429,45.445844
17.19814,45.44386
17.199565,45.445984
17.198243,45.44398
17.199653,45.446094
17.199766,45.446197
17.198373,45.444174
17.199871,45.446304
17.198437,45.444261
17.199977,45.446405
17.200119,45.44652
17.198581,45.444436
17.198649,45.444528
17.199828,45.447221
17.200481,45.44691
17.20031,45.446685
17.200627,45.446997
17.198898,45.444832
17.200751,45.447098
17.198972,45.444924
17.199042,45.444956
17.200875,45.447186
17.199203,45.445148
17.20099,45.447284
17.199309,45.445251
17.201107,45.447382
17.199426,45.445367
17.201232,45.447472
17.199608,45.445445
17.201366,45.44756
17.199703,45.44556
17.201414,45.447716
17.199764,45.445685
17.201585,45.447753
17.199889,45.445808
17.201719,45.447833
17.200111,45.445997
17.201796,45.447929
17.200216,45.446105
17.201971,45.448018
17.200371,45.446213
17.202083,45.448115
17.200427,45.446315
17.200521,45.446414
17.202362,45.448347
17.200656,45.446499
17.202523,45.44841
17.200795,45.446505
17.202594,45.448554
17.200944,45.446713
17.202664,45.448665
17.201027,45.446818
17.202907,45.448685
17.201177,45.446959
17.201382,45.447149
17.201561,45.447297
17.201722,45.447369
17.20203,45.447557
17.201843,45.447474
17.205574,45.450137
17.202084,45.447663
17.206201,45.450383
17.202213,45.447768
17.202365,45.44783
17.202442,45.447945
17.206847,45.450786
17.205141,45.449365
17.207173,45.450916
17.205297,45.449443
17.207448,45.451588
17.205454,45.449508
17.207691,45.451194
17.207848,45.451268
17.208002,45.451312
17.208146,45.451399
17.2083,45.451429
17.208629,45.451548
17.208992,45.452018
17.208785,45.451601
17.209297,45.45179
17.209491,45.451845
17.207655,45.450504
17.209728,45.451942
17.207886,45.450954
17.20995,45.452015
17.210204,45.452079
17.208391,45.451104
17.210433,45.45211
17.208585,45.451236
17.210667,45.452177
17.208783,45.451225
17.210918,45.452284
17.208981,45.451362
17.211151,45.4523
17.209174,45.451465
17.211437,45.45239
17.211377,45.4525
17.20965,45.451594
17.210051,45.451593
17.210231,45.451749
17.210496,45.451847
17.210962,45.451986
17.211138,45.452006
17.211544,45.452065
17.211367,45.452084
17.211699,45.452164
17.211956,45.45224
17.212178,45.451885
17.212318,45.452328
17.212653,45.452434
17.192747,45.453889
17.19249,45.452699
17.192567,45.452875
17.194296,45.454615
17.192798,45.453187
17.195041,45.4546
17.192913,45.453494
17.195764,45.454699
17.193043,45.453668
17.196078,45.454621
17.193156,45.453838
17.196241,45.454711
17.19335,45.454099
17.193227,45.453969
17.196396,45.454782
17.196023,45.454352
17.196491,45.454881
17.19618,45.454419
17.196641,45.455099
17.196788,45.455363
17.196605,45.454453
17.196912,45.455621
17.19705,45.455772
17.196704,45.454598
17.197133,45.455937
17.196778,45.454722
17.197246,45.456111
17.196836,45.454842
17.196958,45.455065
17.19717,45.455306
17.197225,45.455491
17.197326,45.455694
17.206102,45.458109
17.206702,45.446711
17.206579,45.446575
17.206509,45.446412
17.206091,45.446372
17.20627,45.446703
17.206428,45.446221
17.206383,45.44609
17.206356,45.445829
17.206344,45.44578
17.198514,45.429329
17.198843,45.429077
17.198941,45.429325
17.199248,45.429347
17.199512,45.429359
17.19967,45.429081
17.199721,45.429369
17.199934,45.429136
17.200031,45.429391
17.200163,45.429071
17.200236,45.429376
17.200402,45.429036
17.200421,45.429369
17.200648,45.429
17.20059,45.429375
17.200808,45.428935
17.200786,45.429359
17.200979,45.428827
17.201175,45.428806
17.201329,45.429067
17.201841,45.429039
17.20147,45.429196
17.201551,45.42932
17.201863,45.429206
17.201618,45.429449
17.202003,45.429332
17.201813,45.429566
17.202075,45.429432
17.201857,45.429647
17.202177,45.429528
17.201889,45.429726
17.202046,45.43003
17.202031,45.429886
17.20221,45.430363
17.202505,45.430044
17.202348,45.430451
17.202657,45.430886
17.202817,45.430417
17.202845,45.43137
17.203046,45.430412
17.2029,45.43154
17.203073,45.431696
17.203165,45.430777
17.20314,45.43192
17.203246,45.430925
17.203181,45.432085
17.203277,45.431104
17.203234,45.432223
17.203604,45.431233
17.20333,45.432374
17.205121,45.432457
17.203485,45.43254
17.20526,45.432609
17.203677,45.432655
17.205245,45.432772
17.203842,45.432761
17.204112,45.432831
17.205835,45.432578
17.204337,45.432912
17.205202,45.433086
17.204564,45.433049
17.204676,45.433125
17.204843,45.433207
17.20496,45.433324
17.205106,45.433382
17.19526,45.438213
17.195738,45.438472
17.196006,45.438405
17.195342,45.438452
17.19537,45.438598
17.195734,45.43871
17.195425,45.438697
17.195789,45.43879
17.195503,45.438816
17.195768,45.438859
17.195532,45.438933
17.195826,45.438965
17.195508,45.439014
17.195927,45.43904
17.195919,45.439149
17.195585,45.439338
17.195962,45.439272
17.195692,45.439404
17.196104,45.439365
17.19575,45.439518
17.196171,45.439687
17.195807,45.439652
17.196204,45.439818
17.196259,45.439902
17.195872,45.439839
17.196334,45.44001
17.195911,45.439966
17.196307,45.440169
17.195975,45.440132
17.196013,45.440242
17.196038,45.440325
17.19607,45.440423
17.196113,45.440503
17.196117,45.440693
17.196205,45.44095
17.196258,45.441087
17.196311,45.441206
17.196788,45.441345
17.196317,45.441292
17.196836,45.441485
17.196371,45.441404
17.19693,45.441625
17.196327,45.441528
17.196925,45.441749
17.196439,45.441616
17.196473,45.441713
17.19705,45.442008
17.196485,45.441819
17.197074,45.44214
17.196516,45.441934
17.197182,45.442285
17.196553,45.442142
17.197163,45.442406
17.196605,45.442174
17.197273,45.44254
17.196693,45.442311
17.197313,45.442674
17.196775,45.44239
17.197443,45.442788
17.196818,45.442489
17.197499,45.442953
17.196754,45.442683
17.197027,45.442847
17.196159,45.433972
17.195757,45.434038
17.196188,45.433815
17.195869,45.433842
17.196231,45.433649
17.195904,45.433673
17.195923,45.433547
17.19626,45.433414
17.196313,45.433323
17.195941,45.433399
17.196287,45.433233
17.196316,45.433122
17.196009,45.433131
17.195819,45.433063
17.196379,45.432979
17.196019,45.433013
17.195861,45.432811
17.196096,45.432663
17.196434,45.432571
17.196138,45.432476
17.196482,45.43251
17.196162,45.43235
17.196228,45.432191
17.196509,45.432307
17.196244,45.432049
17.196524,45.432225
17.196254,45.431949
17.196576,45.432033
17.196247,45.431874
17.196642,45.431746
17.196302,45.431738
17.196649,45.431675
17.196264,45.431558
17.196663,45.43153
17.196354,45.431386
17.197011,45.431438
17.196359,45.431269
17.197055,45.431318
17.196699,45.430662
17.196454,45.430873
17.19717,45.431363
17.196866,45.430466
17.197241,45.431237
17.196949,45.430332
17.197074,45.43088
17.197095,45.430169
17.197183,45.430091
17.197281,45.429978
17.197405,45.42984
17.197498,45.42973
17.198011,45.429298
17.198146,45.429163
17.198271,45.429072
17.198393,45.42896
17.198531,45.428858
17.19859,45.428652
17.198654,45.42877
17.19878,45.428665
17.198983,45.428933
17.198866,45.428545
17.199103,45.428832
17.199435,45.428279
17.199225,45.428729
17.199365,45.428617
17.199996,45.428026
17.19954,45.428529
17.200392,45.427798
17.199666,45.428437
17.20136,45.427782
17.19983,45.428365
17.199981,45.428301
17.20013,45.428352
17.20017,45.428223
17.200449,45.428215
17.200385,45.428234
17.200607,45.428252
17.200834,45.428291
17.201015,45.42822
17.201197,45.428206
17.201389,45.428234
17.201569,45.428269
17.201743,45.428348
17.201917,45.428467
17.192021,45.442653
17.192323,45.442918
17.191513,45.442627
17.191574,45.442944
17.191336,45.442481
17.191247,45.442544
17.19137,45.442891
17.191096,45.442441
17.191178,45.44281
17.190925,45.442355
17.190972,45.442732
17.19083,45.442231
17.190771,45.442625
17.190686,45.442111
17.190639,45.442531
17.190574,45.441989
17.190523,45.442387
17.190364,45.441759
17.190455,45.44187
17.190259,45.442163
17.190101,45.442105
17.189522,45.442321
17.189374,45.442411
17.189224,45.442482
17.188942,45.442603
17.203303,45.429267
17.202867,45.428447
17.203065,45.428523
17.205006,45.429966
17.203252,45.428545
17.205175,45.430043
17.203363,45.428843
17.204069,45.429137
17.203808,45.429054
17.205727,45.43026
17.205061,45.429633
17.204815,45.429539
17.205382,45.429686
17.205564,45.429872
17.206136,45.430441
17.205723,45.429946
17.206504,45.430663
17.205822,45.429972
17.206687,45.430814
17.206125,45.430009
17.206915,45.43103
17.206559,45.430313
17.210668,45.434197
17.206862,45.430573
17.211568,45.434282
17.206928,45.430628
17.212319,45.434554
17.207178,45.430824
17.215473,45.435161
17.213954,45.436594
17.193616,45.438616
17.19336,45.438023
17.193541,45.438179
17.193443,45.438104
17.193779,45.438237
17.193665,45.438291
17.193609,45.438243
17.193982,45.439076
17.193813,45.438436
17.193732,45.438348
17.193907,45.438533
17.194294,45.439541
17.19425,45.438918
17.1943,45.439638
17.194319,45.439837
17.194493,45.439285
17.194461,45.439948
17.19485,45.439564
17.194508,45.440063
17.194588,45.440132
17.194886,45.439873
17.194269,45.440422
17.194451,45.440395
17.194726,45.44055
17.194708,45.440424
17.195015,45.4401
17.194771,45.440688
17.195095,45.440265
17.19487,45.440816
17.195171,45.440381
17.195022,45.440912
17.195207,45.440648
17.195128,45.441139
17.195307,45.440745
17.19516,45.441197
17.195326,45.440865
17.195245,45.441367
17.195272,45.441422
17.195435,45.441028
17.195317,45.441509
17.195504,45.441178
17.195391,45.441623
17.195592,45.441303
17.1954,45.441717
17.195477,45.441779
17.195718,45.441589
17.195551,45.441881
17.195804,45.441674
17.195614,45.44204
17.195874,45.441791
17.195715,45.442295
17.19568,45.442223
17.196021,45.442059
17.195966,45.441955
17.195816,45.442383
17.1961,45.442167
17.1959,45.442468
17.196115,45.442316
17.195997,45.442601
17.196227,45.442461
17.196075,45.442716
17.196321,45.442581
17.196251,45.442873
17.19641,45.442708
17.19643,45.442989
17.196522,45.442773
17.196613,45.44307
17.196801,45.442931
17.19684,45.443176
17.197192,45.443049
17.197062,45.443322
17.197189,45.44343
17.197251,45.443484
17.201587,45.45344
17.201483,45.453547
17.201389,45.453882
17.201036,45.454188
17.196509,45.450602
17.197104,45.450685
17.196569,45.450868
17.196668,45.451007
17.197288,45.451052
17.196812,45.451186
17.197312,45.451164
17.196861,45.451399
17.197381,45.45126
17.196983,45.451576
17.197457,45.451379
17.197082,45.45175
17.197605,45.45154
17.197378,45.4519
17.197517,45.452079
17.197748,45.451837
17.19785,45.451967
17.19773,45.452434
17.198055,45.452035
17.197932,45.452085
17.197847,45.45253
17.198016,45.45222
17.197927,45.452687
17.198143,45.452298
17.19806,45.45278
17.197335,45.453156
17.198075,45.452927
17.198324,45.452613
17.198138,45.453099
17.19856,45.452738
17.198426,45.45281
17.198176,45.453285
17.198465,45.452997
17.198245,45.453471
17.198553,45.453155
17.198646,45.453326
17.198359,45.453913
17.198666,45.453508
17.198249,45.454085
17.198743,45.453657
17.198327,45.45432
17.198695,45.453818
17.198655,45.454633
17.198548,45.454512
17.198733,45.453938
17.198714,45.454772
17.198708,45.45512
17.198787,45.454956
17.198873,45.45519
17.198925,45.455432
17.199006,45.454356
17.199139,45.454601
17.199293,45.45489
17.199185,45.45476
17.198929,45.456076
17.199309,45.455124
17.199327,45.45527
17.198944,45.456403
17.199354,45.455398
17.199379,45.455502
17.198686,45.456722
17.198847,45.456826
17.19935,45.455651
17.198933,45.456922
17.199581,45.45584
17.199068,45.457041
17.199576,45.455995
17.199139,45.457173
17.199389,45.456252
17.19914,45.457374
17.199431,45.456611
17.199047,45.457555
17.199278,45.457516
17.199475,45.456735
17.199363,45.457744
17.199545,45.456853
17.19954,45.45702
17.199489,45.458123
17.199592,45.45716
17.19938,45.458371
17.199644,45.457303
17.199751,45.457518
17.199516,45.458554
17.199803,45.457657
17.199549,45.45869
17.199863,45.457808
17.199885,45.457943
17.199654,45.459122
17.199924,45.458079
17.199515,45.459293
17.199934,45.458221
17.200164,45.461219
17.20001,45.458362
17.200173,45.461335
17.199718,45.4623
17.200013,45.458656
17.200114,45.459078
17.200131,45.459218
17.200163,45.459355
17.200184,45.459505
17.203109,45.455305
17.203615,45.455439
17.202719,45.455116
17.203213,45.455673
17.203315,45.455644
17.202818,45.455715
17.202608,45.455887
17.202709,45.455365
17.203873,45.455576
17.202495,45.455465
17.204115,45.455633
17.202482,45.455558
17.204276,45.455755
17.202244,45.455861
17.202317,45.455617
17.204326,45.456069
17.202161,45.456093
17.204222,45.456245
17.195315,45.439192
17.195134,45.439229
17.194886,45.43924
17.199732,45.461456
17.199545,45.461228
17.198938,45.460957
17.198464,45.460629
17.198323,45.460541
17.198284,45.460819
17.198185,45.460458
17.19797,45.460744
17.198008,45.460285
17.197663,45.460114
17.197367,45.459921
17.197603,45.460404
17.197429,45.460296
17.192098,45.453731
17.192373,45.453579
17.192612,45.453482
17.192469,45.453222
17.193829,45.434027
17.19375,45.434737
17.193548,45.434017
17.193047,45.435098
17.192391,45.434555
17.191775,45.434452
17.191755,45.434624
17.192712,45.434113
17.191129,45.434425
17.192467,45.434078
17.190868,45.434408
17.192479,45.432832
17.192523,45.433695
17.192568,45.433328
17.191978,45.433661
17.191762,45.434036
17.191391,45.434013
17.1911,45.438644
17.190108,45.438841
17.191028,45.438593
17.190192,45.438324
17.189601,45.438347
17.190019,45.438102
17.190101,45.438214
17.19078,45.438348
17.18983,45.437819
17.190697,45.43826
17.190864,45.438164
17.189417,45.437609
17.190576,45.438181
17.188947,45.437106
17.189141,45.437083
17.189124,45.436734
17.190387,45.437983
17.189222,45.436578
17.190292,45.437871
17.189185,45.43645
17.190153,45.437736
17.190331,45.437598
17.189065,45.436326
17.189901,45.437287
17.189817,45.437055
17.188921,45.435968
17.189678,45.436817
17.189739,45.436954
17.188873,45.435846
17.189601,45.436652
17.188803,45.435735
17.189444,45.436295
17.189373,45.436155
17.189505,45.436432
17.189301,45.436019
17.18869,45.435622
17.189229,45.4359
17.188642,45.435516
17.189149,45.435756
17.188425,45.43542
17.188593,45.4354
17.189156,45.435629
17.188522,45.435278
17.189041,45.435514
17.188457,45.435121
17.188986,45.435406
17.188409,45.435005
17.188909,45.435244
17.188321,45.43487
17.188778,45.435022
17.188702,45.434875
17.188648,45.434731
17.188586,45.434338
17.188373,45.434163
17.188325,45.434034
17.188222,45.433914
17.188157,45.433787
17.188055,45.433658
17.188582,45.433298
17.187895,45.433395
17.18797,45.433155
17.187819,45.433265
17.187599,45.432951
17.187513,45.432833
17.187465,45.432717
17.187339,45.432584
17.187257,45.432468
17.187221,45.432408
17.187214,45.432305
17.187084,45.432225
17.187024,45.432054
17.186923,45.431951
17.186812,45.43183
17.186775,45.43172
17.186612,45.431483
17.186379,45.431238
17.186293,45.431148
17.186469,45.431035
17.186224,45.430981
17.186091,45.430842
17.186012,45.430743
17.185145,45.42965
17.185101,45.42953
17.184982,45.429416
17.184934,45.429281
17.184921,45.429076
17.184648,45.428877
17.184567,45.428735
17.184495,45.428588
17.184383,45.428466
17.18431,45.428364
17.184429,45.428234
17.184234,45.428191
17.184135,45.428067
17.183991,45.427745
17.197907,45.428153
17.198328,45.428226
17.197777,45.428253
17.198184,45.428325
17.197618,45.42835
17.198058,45.428442
17.197908,45.428535
17.197772,45.428642
17.192199,45.447948
17.19212,45.447798
17.192004,45.44766
17.191851,45.447559
17.192039,45.447127
17.191752,45.447387
17.191975,45.446993
17.191618,45.447119
17.192956,45.439454
17.193077,45.439652
17.193136,45.439753
17.193268,45.440123
17.193363,45.440274
17.193451,45.440434
17.193532,45.440599
17.193739,45.440968
17.193641,45.440778
17.193983,45.441424
17.194031,45.441513
17.19425,45.441868
17.194403,45.44186
17.194321,45.442036
17.194505,45.441975
17.194439,45.442191
17.19463,45.442186
17.194536,45.442349
17.194752,45.442297
17.194996,45.442392
17.195015,45.442515
17.195074,45.442643
17.195123,45.442781
17.19518,45.442905
17.195408,45.44314
17.194869,45.443363
17.194263,45.442792
17.207159,45.446051
17.206986,45.445938
17.207039,45.44579
17.191398,45.43715
17.191023,45.437176
17.191206,45.437518
17.19135,45.43735
17.191494,45.43781
17.191636,45.437636
17.197316,45.45075
17.19713,45.450567
17.197116,45.450298
17.197708,45.450926
17.197917,45.451054
17.198094,45.451181
17.197786,45.450642
17.198261,45.451276
17.197945,45.450577
17.198063,45.450809
17.19859,45.451499
17.198211,45.45089
17.19873,45.451538
17.198331,45.450985
17.198828,45.45165
17.198463,45.451066
17.198946,45.451705
17.198678,45.451091
17.199076,45.451787
17.198756,45.451233
17.199227,45.451822
17.198859,45.451305
17.199326,45.451912
17.199014,45.45138
17.199526,45.452015
17.199176,45.451433
17.199704,45.452133
17.199317,45.451549
17.199935,45.452189
17.199359,45.451599
17.200129,45.452254
17.199573,45.45172
17.200359,45.452311
17.199659,45.45181
17.20054,45.452399
17.199843,45.45189
17.200717,45.452458
17.200019,45.451989
17.20091,45.452539
17.20023,45.452007
17.201075,45.452646
17.20041,45.45206
17.201199,45.452801
17.200644,45.452142
17.201371,45.45289
17.200832,45.452227
17.201495,45.45299
17.201693,45.45308
17.201191,45.452448
17.201986,45.453243
17.202127,45.453312
17.201521,45.452648
17.201667,45.452761
17.201832,45.452872
17.202224,45.452949
17.203492,45.431784
17.203551,45.431545
17.203861,45.431765
17.203764,45.431503
17.204369,45.431648
17.206346,45.431983
17.205876,45.43187
17.207304,45.43294
17.206086,45.432019
17.209152,45.434355
17.206651,45.43262
17.20949,45.434618
17.208158,45.433719
17.210685,45.435496
17.208404,45.434069
17.211105,45.435233
17.211032,45.436019
17.216062,45.438068
17.217377,45.437585
17.216894,45.438106
17.216222,45.439359
17.19095,45.436858
17.191107,45.436923
17.19073,45.436907
17.19083,45.437042
17.190544,45.436871
17.190287,45.43675
17.190534,45.436784
17.190175,45.436472
17.190567,45.436612
17.19345,45.436188
17.191783,45.435546
17.191665,45.435573
17.192863,45.435994
17.192535,45.435734
17.191502,45.436282
17.192449,45.435679
17.192564,45.435624
17.192166,45.435505
17.192354,45.435608
17.191319,45.435715
17.191312,45.435629
17.191377,45.435281
17.191215,45.435134
17.191527,45.435014
17.190911,45.434942
17.191075,45.43504
17.191368,45.434902
17.190869,45.434843
17.190742,45.434763
17.191062,45.434688
17.191711,45.436165
17.191795,45.43633
17.191858,45.436473
17.191624,45.43666
17.204178,45.447815
17.203999,45.447838
17.205379,45.447758
17.203212,45.44761
17.202795,45.447652
17.205743,45.448066
17.204234,45.44741
17.206093,45.448014
17.204426,45.447393
17.205722,45.447756
17.204828,45.447352
17.204628,45.447362
17.205025,45.447328
17.206635,45.447537
17.205297,45.447456
17.206771,45.447504
17.206998,45.44731
17.206098,45.447382
17.208063,45.446796
17.207154,45.44721
17.206274,45.447336
17.210025,45.446889
17.209674,45.446946
17.210075,45.447028
17.210921,45.445753
17.206967,45.447045
17.207116,45.446969
17.207366,45.446812
17.207519,45.446732
17.208206,45.446241
17.209379,45.445324
17.210183,45.445503
17.200524,45.451441
17.200738,45.451237
17.20087,45.451223
17.200876,45.451137
17.20094,45.451076
17.201071,45.451015
17.201162,45.450955
17.200962,45.451406
17.20232,45.453447
17.20319,45.454252
17.20348,45.45448
17.203772,45.454707
17.203992,45.454876
17.203636,45.454625
17.204203,45.455006
17.204315,45.455197
17.20478,45.455487
17.205382,45.456573
17.205579,45.456658
17.205636,45.457006
17.205642,45.457258
17.206063,45.457265
17.206119,45.457406
17.20617,45.457522
17.206192,45.457614
17.206228,45.457696
17.206392,45.458213
17.206331,45.4581
17.206549,45.458843
17.206513,45.459009
17.206183,45.460467
17.197503,45.454606
17.197281,45.454669
17.197309,45.454948
17.209521,45.423092
17.209192,45.422874
17.209901,45.423388
17.208494,45.423882
17.208197,45.424109
17.212417,45.424813
17.208713,45.424999
17.212852,45.425283
17.209064,45.424936
17.209406,45.4249
17.209506,45.424824
17.208583,45.424147
17.208758,45.423937
17.210497,45.42426
17.211068,45.424681
17.21137,45.424876
17.195635,45.433786
17.195458,45.433819
17.195472,45.433718
17.195284,45.433686
17.195192,45.43363
17.195168,45.433404
17.195086,45.433554
17.200579,45.445525
17.200379,45.445581
17.20052,45.445783
17.200883,45.445434
17.200681,45.445735
17.201329,45.445291
17.201106,45.445368
17.201968,45.445235
17.200891,45.445677
17.204005,45.445093
17.201124,45.445633
17.204247,45.445024
17.201308,45.445563
17.204477,45.444911
17.201611,45.445729
17.204853,45.444483
17.204718,45.444837
17.204891,45.444794
17.201765,45.445807
17.202257,45.445688
17.205279,45.444829
17.204202,45.445445
17.204041,45.445369
17.206933,45.444171
17.204367,45.445279
17.207497,45.444134
17.20844,45.443748
17.204692,45.445166
17.204856,45.445127
17.209854,45.443978
17.205136,45.444992
17.210414,45.444103
17.205367,45.445037
17.209328,45.444104
17.205791,45.445087
17.212646,45.444226
17.212183,45.44395
17.213287,45.44427
17.21471,45.444157
17.213839,45.443856
17.215972,45.444133
17.214194,45.443906
17.214521,45.443852
17.202968,45.427698
17.202506,45.428171
17.202685,45.427918
17.202827,45.427803
17.203097,45.427597
17.202362,45.428299
17.201928,45.427738
17.203508,45.426508
17.202083,45.42783
17.203257,45.427551
17.20331,45.426264
17.203422,45.427531
17.202825,45.425647
17.203547,45.427433
17.202828,45.425463
17.203739,45.427321
17.20301,45.424932
17.203858,45.427349
17.203254,45.424816
17.203064,45.424863
17.203971,45.427182
17.203401,45.424765
17.204008,45.426633
17.203538,45.42468
17.203975,45.426473
17.203754,45.424538
17.203889,45.426255
17.20393,45.424422
17.203793,45.426142
17.204094,45.42427
17.203646,45.426059
17.204317,45.424187
17.203519,45.425958
17.204513,45.424073
17.203442,45.425842
17.20486,45.424024
17.203387,45.425363
17.205968,45.423984
17.206141,45.42394
17.203469,45.425175
17.206932,45.423772
17.203682,45.425031
17.204276,45.424641
17.204518,45.424689
17.204606,45.424489
17.204727,45.424326
17.20489,45.424359
17.205129,45.424266
17.205348,45.424261
17.193448,45.447613
17.19342,45.447938
17.193254,45.447686
17.192688,45.448232
17.192723,45.447746
17.192076,45.448157
17.191723,45.448556
17.191666,45.448266
17.191146,45.44844
17.19071,45.448937
17.190549,45.449016
17.190357,45.449023
17.191479,45.448199
17.191087,45.448304
17.191333,45.448061
17.191019,45.448172
17.191237,45.447924
17.190927,45.448048
17.194431,45.436421
17.195029,45.436608
17.194972,45.436458
17.195017,45.436319
17.195107,45.436056
17.194964,45.435912
17.195301,45.435904
17.195019,45.435848
17.195006,45.435752
17.195033,45.435603
17.195311,45.435199
17.195836,45.434728
17.194709,45.434743
17.193897,45.43547
17.193864,45.435759
17.193504,45.435633
17.192495,45.435433
17.192649,45.435564
17.193072,45.435822
17.193192,45.435925
17.193621,45.436063
17.194048,45.436014
17.192873,45.438376
17.192803,45.438496
17.192883,45.438582
17.192824,45.439167
17.191982,45.438387
17.195005,45.441459
17.194733,45.44132
17.194828,45.441494
17.19459,45.441366
17.194593,45.441565
17.194377,45.441415
17.194434,45.44161
17.194141,45.441692
17.204239,45.427419
17.2044,45.427074
17.204558,45.427444
17.204902,45.427466
17.204997,45.42715
17.205164,45.427434
17.205169,45.42712
17.205304,45.427385
17.206337,45.427722
17.205596,45.427445
17.205882,45.427319
17.206101,45.427037
17.206483,45.42695
17.206223,45.427248
17.206881,45.426884
17.206639,45.427206
17.207099,45.426725
17.206831,45.42715
17.207828,45.426536
17.208023,45.426493
17.207439,45.427076
17.209445,45.425952
17.207542,45.427024
17.208574,45.426823
17.208357,45.426834
17.208908,45.427398
17.20925,45.427053
17.208815,45.426766
17.20951,45.427038
17.210007,45.426483
17.187228,45.437124
17.186994,45.43716
17.188187,45.437564
17.186853,45.437164
17.188031,45.437753
17.187968,45.437553
17.187769,45.437566
17.187519,45.437535
17.187296,45.437644
17.197685,45.429137
17.197657,45.429516
17.197498,45.42902
17.197396,45.429362
17.197355,45.428937
17.197301,45.429281
17.197278,45.428765
17.197017,45.428741
17.196995,45.429134
17.196938,45.428691
17.196868,45.429035
17.196771,45.428595
17.196739,45.428938
17.196611,45.428522
17.196593,45.428854
17.196484,45.428422
17.196322,45.428322
17.196352,45.428684
17.196252,45.428268
17.196234,45.428597
17.194582,45.427748
17.194218,45.427616
17.194019,45.427588
17.193407,45.427655
17.193028,45.42772
17.192766,45.427726
17.19261,45.427777
17.192418,45.427807
17.192239,45.427832
17.192051,45.427861
17.191859,45.427878
17.191669,45.427902
17.191476,45.427934
17.190841,45.428019
17.191452,45.448849
17.19176,45.448738
17.191457,45.44898
17.191603,45.449069
17.191719,45.44923
17.192003,45.449079
17.192129,45.449238
17.191883,45.449509
17.192237,45.449405
17.192341,45.449558
17.19243,45.449728
17.192176,45.449988
17.192547,45.449867
17.19228,45.450159
17.192645,45.450052
17.192747,45.450196
17.192847,45.450371
17.192916,45.450487
17.192717,45.450807
17.192949,45.450539
17.192758,45.4509
17.193065,45.450702
17.192818,45.450967
17.193251,45.450759
17.192859,45.451077
17.19325,45.451017
17.192937,45.45113
17.193368,45.451206
17.192907,45.451282
17.192997,45.451417
17.192263,45.448592
17.192487,45.448701
17.192725,45.448354
17.192607,45.448845
17.192865,45.44859
17.192808,45.448458
17.192716,45.449014
17.192954,45.448711
17.192721,45.449214
17.19303,45.448834
17.192821,45.449383
17.193111,45.44896
17.193185,45.44908
17.193271,45.449201
17.207153,45.434109
17.205741,45.433104
17.206579,45.433958
17.207245,45.434262
17.206706,45.434039
17.207901,45.434874
17.206845,45.434279
17.208436,45.435664
17.208148,45.435447
17.206894,45.434624
17.206973,45.43439
17.207356,45.434863
17.212147,45.438058
17.20782,45.435414
17.212877,45.438334
17.214151,45.438746
17.21441,45.439003
17.214116,45.439215
17.213717,45.438895
17.214843,45.439258
17.214464,45.439667
17.215411,45.439444
17.215035,45.439388
17.215329,45.439833
17.215836,45.44072
17.215105,45.440769
17.215482,45.440904
17.214965,45.441189
17.21208,45.44089
17.21004,45.442984
17.195523,45.435539
17.195704,45.435626
17.195715,45.435782
17.19609,45.435715
17.195723,45.435898
17.19614,45.435906
17.195735,45.436022
17.196158,45.436115
17.195754,45.436146
17.196181,45.436323
17.195754,45.436268
17.196199,45.436556
17.195747,45.436389
17.195757,45.436534
17.192812,45.437521
17.192748,45.437615
17.19274,45.437722
17.192686,45.437813
17.19182,45.438032
17.191869,45.437854
17.192037,45.438085
17.19234,45.437917
17.192668,45.437918
17.192257,45.438105
17.19263,45.438042
17.192254,45.438204
17.191345,45.43904
17.191637,45.438732
17.191384,45.438736
17.190837,45.439193
17.191139,45.438908
17.207973,45.430118
17.208085,45.429959
17.208569,45.430285
17.208829,45.430073
17.208976,45.430365
17.209896,45.430067
17.209771,45.430315
17.210817,45.430755
17.207968,45.456663
17.208895,45.455303
17.209333,45.454307
17.209458,45.455808
17.194745,45.436941
17.194843,45.437277
17.194975,45.437503
17.195069,45.437589
17.195104,45.437711
17.195147,45.437832
17.195146,45.437897
17.195489,45.438001
17.195975,45.438087
17.19613,45.437098
17.19517,45.436818
17.423804,45.474503
17.423867,45.4755
17.423883,45.475696
17.424007,45.475906
17.423955,45.476125
17.424019,45.47638
17.42366,45.476558
17.423999,45.476886
17.423642,45.476935
17.424119,45.477798
17.423871,45.477984
17.424171,45.478644
17.424528,45.478513
17.424265,45.478767
17.424343,45.478908
17.424788,45.478964
17.424797,45.479182
17.424504,45.479178
17.286728,45.492629
17.167276,45.465313
17.16731,45.465599
17.167512,45.46587
17.167735,45.466222
17.169532,45.46892
17.16975,45.469416
17.169936,45.469765
17.170136,45.469424
17.170492,45.469729
17.1701,45.469283
17.168569,45.469984
17.170851,45.469649
17.171332,45.469457
17.172057,45.469509
17.171714,45.469538
17.172548,45.469436
17.17292,45.469652
17.173084,45.469401
17.174004,45.469245
17.174741,45.469059
17.174914,45.469031
17.175339,45.46886
17.175457,45.46885
17.175807,45.468766
17.176704,45.468487
17.176811,45.468404
17.17737,45.468246
17.206866,45.421891
17.205429,45.421576
17.206611,45.421861
17.206446,45.421874
17.206068,45.421865
17.205832,45.421865
17.205587,45.421861
17.205403,45.42185
17.205061,45.421787
17.21481,45.410447
17.21568,45.410686
17.214451,45.410993
17.214602,45.411668
17.215768,45.413818
17.217347,45.412878
17.214739,45.412066
17.217131,45.413946
17.215304,45.413743
17.214886,45.412808
17.217199,45.414436
17.2155,45.414166
17.215894,45.414161
17.215714,45.414687
17.216129,45.414953
17.216075,45.417662
17.217069,45.415371
17.216793,45.418906
17.2166,45.418457
17.22366,45.419954
17.22769,45.415688
17.221753,45.414266
17.221392,45.414858
17.207667,45.422145
17.210673,45.421644
17.210978,45.421625
17.208113,45.421904
17.212017,45.421579
17.208464,45.421872
17.213054,45.421532
17.21149,45.421321
17.213537,45.421261
17.212733,45.421298
17.213764,45.421254
17.213452,45.42083
17.21324,45.420065
17.213962,45.421203
17.212883,45.419841
17.21508,45.421291
17.212648,45.418603
17.215159,45.421606
17.215759,45.422444
17.215639,45.422031
17.215407,45.421117
17.215187,45.421843
17.216727,45.420686
17.192507,45.407856
17.192586,45.405987
17.191706,45.411039
17.193304,45.404706
17.191695,45.410853
17.191748,45.410557
17.191653,45.410134
17.191868,45.409604
17.192037,45.408404
17.191967,45.408022
17.19212,45.407632
17.192152,45.407123
17.192163,45.406511
17.192187,45.406226
17.192231,45.405877
17.192291,45.405549
17.191474,45.416248
17.191312,45.416097
17.190608,45.416069
17.191171,45.415962
17.190627,45.415942
17.191106,45.415818
17.190593,45.415676
17.190439,45.415434
17.191157,45.415338
17.190576,45.415244
17.191245,45.415168
17.191391,45.415014
17.190648,45.414656
17.191261,45.414717
17.190638,45.414472
17.19126,45.414553
17.190592,45.414329
17.191251,45.414398
17.190569,45.414156
17.190557,45.413869
17.191347,45.414088
17.190485,45.413647
17.191169,45.413923
17.190523,45.41354
17.191314,45.413777
17.190323,45.413181
17.191209,45.413621
17.190867,45.413426
17.191249,45.413469
17.191318,45.413322
17.191007,45.413075
17.19144,45.413199
17.190983,45.412915
17.19142,45.413013
17.191086,45.412562
17.191598,45.412854
17.191567,45.412617
17.191281,45.412009
17.191786,45.41212
17.191516,45.411818
17.19202,45.411855
17.191565,45.411435
17.192206,45.411554
17.192399,45.411449
17.192693,45.411019
17.19245,45.411001
17.192589,45.411345
17.192797,45.41094
17.192804,45.411278
17.193132,45.410778
17.193289,45.411063
17.193546,45.410652
17.194687,45.410647
17.193823,45.410512
17.195716,45.410518
17.19606,45.410455
17.195364,45.410208
17.198018,45.410045
17.202291,45.410449
17.196907,45.409796
17.202176,45.408878
17.197301,45.409724
17.202697,45.408801
17.19783,45.409535
17.203901,45.408718
17.197963,45.409612
17.204022,45.408754
17.199591,45.409624
17.205507,45.409139
17.200069,45.409731
17.206234,45.409438
17.200466,45.409631
17.200821,45.409474
17.213128,45.409105
17.202083,45.408612
17.202784,45.408201
17.203279,45.40831
17.214889,45.409387
17.204859,45.408638
17.205245,45.408755
17.217583,45.410497
17.20651,45.407358
17.217139,45.4108
17.207112,45.407009
17.220067,45.41087
17.208228,45.406912
17.219932,45.410217
17.210319,45.408208
17.220237,45.409898
17.210655,45.408015
17.222186,45.410312
17.213012,45.408618
17.213883,45.408906
17.218236,45.409113
17.214413,45.408979
17.219357,45.408793
17.214933,45.409024
17.219883,45.407433
17.217103,45.408827
17.220317,45.407285
17.217432,45.408818
17.218999,45.407687
17.219945,45.406973
17.22025,45.406594
17.221929,45.406536
17.286737,45.469662
17.286884,45.469718
17.287849,45.469882
17.28822,45.469933
17.288611,45.470048
17.288417,45.470017
17.288983,45.470093
17.289469,45.470196
17.289725,45.470313
17.289975,45.470282
17.290572,45.470468
17.292251,45.470362
17.293034,45.470847
17.294162,45.471077
17.294618,45.471207
17.298044,45.47145
17.298424,45.471479
17.298372,45.471792
17.298625,45.471875
17.298896,45.471969
17.299001,45.471612
17.299775,45.472189
17.300088,45.471761
17.300544,45.471866
17.300668,45.472252
17.30108,45.471892
17.300966,45.472283
17.301321,45.47196
17.301588,45.471972
17.301499,45.472323
17.301869,45.472088
17.30224,45.472119
17.302029,45.472434
17.302517,45.472145
17.302782,45.4721
17.30303,45.472147
17.303789,45.472517
17.303873,45.47224
17.304614,45.472302
17.305065,45.472649
17.306158,45.472707
17.306364,45.472394
17.306862,45.472277
17.306913,45.472732
17.307566,45.47283
17.129575,45.481618
17.130069,45.48152
17.129612,45.481748
17.129973,45.481722
17.129233,45.482095
17.129358,45.48251
17.12571,45.484419
17.127624,45.484206
17.12521,45.484582
17.127112,45.484382
17.124418,45.484682
17.126333,45.484546
17.124272,45.484722
17.12566,45.484832
17.12368,45.484682
17.125407,45.484852
17.123386,45.48466
17.125083,45.484914
17.123213,45.484686
17.124752,45.484971
17.122758,45.484641
17.122023,45.484592
17.121667,45.484598
17.12364,45.484954
17.121433,45.484607
17.12264,45.484887
17.12197,45.484852
17.120203,45.484466
17.121662,45.484863
17.119593,45.484512
17.120227,45.484819
17.118352,45.484382
17.117287,45.484241
17.118477,45.484686
17.117112,45.484169
17.118178,45.484624
17.117087,45.484521
17.11667,45.484005
17.116278,45.484087
17.116831,45.484457
17.116167,45.484439
17.11612,45.484088
17.115546,45.48426
17.115771,45.483626
17.11401,45.484122
17.113119,45.484228
17.110911,45.483792
17.112809,45.484151
17.110475,45.483723
17.112666,45.484128
17.112273,45.484166
17.111825,45.484136
17.109252,45.483702
17.111454,45.484146
17.109022,45.483771
17.111311,45.484115
17.108793,45.483786
17.109727,45.484002
17.108654,45.483838
17.109602,45.483982
17.107702,45.483916
17.108734,45.484123
17.109282,45.484016
17.107291,45.483991
17.108613,45.484123
17.107004,45.484105
17.107848,45.484448
17.107445,45.484483
17.10688,45.484144
17.107039,45.484446
17.106947,45.484651
17.106691,45.484191
17.106676,45.484578
17.106392,45.484387
17.106119,45.484498
17.106038,45.485127
17.105923,45.48463
17.104996,45.485461
17.105709,45.484683
17.104364,45.485248
17.105009,45.484919
17.104292,45.484927
17.103614,45.485071
17.103904,45.484824
17.103295,45.484958
17.103717,45.484814
17.103135,45.484921
17.103252,45.484554
17.102787,45.484871
17.102462,45.484788
17.102624,45.484503
17.101826,45.484694
17.102355,45.484421
17.100966,45.484757
17.101994,45.484415
17.100373,45.484678
17.099877,45.484402
17.100248,45.484697
17.098165,45.48426
17.099829,45.484657
17.099322,45.484616
17.09166,45.483214
17.192004,45.443466
17.250005,45.445565
17.20308,45.453958
17.848803,45.239204
17.791892,45.333544
17.792305,45.333242
17.840645,45.240577
17.849437,45.239527
17.639978,45.301119
17.849758,45.239536
17.849152,45.239458
17.850421,45.239658
17.189714,45.433273
17.19645,45.426195
17.840453,45.238714
17.840099,45.240924
17.839901,45.238352
17.839544,45.236165
17.849342,45.239007
17.846008,45.238258
17.846318,45.238312
17.879061,45.256222
17.879282,45.256549
17.879514,45.256907
17.879459,45.257316
17.879631,45.256482
17.879713,45.256612
17.879779,45.257057
17.771542,45.315634
17.643994,45.352681
17.652679,45.288893
17.644813,45.34087
17.640932,45.356123
17.84018,45.236247
17.643348,45.353627
17.773402,45.318024
17.891758,45.321337
17.774375,45.317584
17.651648,45.288377
17.777693,45.314362
17.644288,45.341215
17.773439,45.315017
17.64259,45.355011
17.772581,45.316386
17.840177,45.237747
17.87702,45.254408
17.765521,45.323242
17.643873,45.342207
17.696778,45.300646
17.777043,45.314419
17.774224,45.317865
17.640277,45.356634
17.777153,45.314797
17.639437,45.358472
17.878743,45.255552
17.658025,45.291154
17.638269,45.299503
17.652983,45.288891
17.844956,45.237903
17.640636,45.342317
17.64303,45.353529
17.773223,45.315914
17.878512,45.255689
17.69641,45.300638
17.637642,45.300887
17.876703,45.254592
17.695222,45.300156
17.63902,45.357137
17.650818,45.28813
17.774753,45.317235
17.774594,45.316761
17.643608,45.339187
17.654894,45.28901
17.879067,45.255858
17.644503,45.341564
17.654523,45.288771
17.776336,45.315802
17.641876,45.357113
17.641744,45.355634
17.772199,45.316021
17.77072,45.315345
17.851427,45.239729
17.840619,45.2377
17.651125,45.287991
17.773867,45.317529
17.844438,45.237859
17.845043,45.237625
17.642055,45.356683
17.772867,45.31552
17.694613,45.300046
17.652934,45.288757
17.771913,45.317025
17.640588,45.35626
17.642809,45.354262
17.877876,45.255339
17.638469,45.296962
17.641928,45.357475
17.841154,45.23657
17.642533,45.342611
17.643098,45.354308
17.840679,45.240047
17.695731,45.300268
17.777311,45.314202
17.772238,45.315555
17.776674,45.315198
17.643272,45.353162
17.656228,45.289846
17.641159,45.342578
17.878263,45.255519
17.63791,45.299965
17.642771,45.355198
17.842022,45.234801
17.642331,45.356069
17.774227,45.315421
17.644464,45.339119
17.637853,45.299658
17.778268,45.313965
17.65718,45.291806
17.642058,45.356153
17.641109,45.355937
17.642107,45.356635
17.840959,45.237209
17.641345,45.342889
17.771918,45.316613
17.840468,45.23835
17.639268,45.300991
17.773562,45.316515
17.773938,45.315106
17.841984,45.235047
17.641436,45.339614
17.776119,45.315321
17.773055,45.318218
17.657575,45.291852
17.651982,45.28897
17.69732,45.301221
17.638521,45.358088
17.641606,45.356257
17.644101,45.342067
17.638273,45.297478
17.777523,45.314473
17.642909,45.354939
17.642716,45.355579
17.772052,45.316871
17.840882,45.236502
17.891569,45.321846
17.772663,45.316204
17.644325,45.341027
17.842243,45.23689
17.774481,45.317449
17.696991,45.300846
17.773029,45.315127
17.642953,45.343375
17.84032,45.237505
17.777165,45.314254
17.877582,45.254737
17.641977,45.357569
17.641529,45.342681
17.64227,45.356257
17.637912,45.299126
17.644359,45.340811
17.641097,45.356057
17.777469,45.314555
17.842143,45.234651
17.639243,45.357431
17.64457,45.33871
17.657921,45.291558
17.773864,45.318149
17.651663,45.288131
17.644232,45.341941
17.842497,45.237072
17.841041,45.236928
17.772234,45.316626
17.638267,45.300795
17.642033,45.356787
17.773112,45.315842
17.637748,45.300687
17.641649,45.358108
17.695116,45.299993
17.643059,45.342675
17.642909,45.35488
17.774119,45.317364
17.642775,45.34254
17.639564,45.356665
17.841359,45.236225
17.775638,45.316339
17.654743,45.288865
17.841685,45.235518
17.643886,45.339304
17.638902,45.356975
17.65069,45.288592
17.772785,45.315839
17.845779,45.238124
17.771707,45.315755
17.842823,45.237486
17.773987,45.316222
17.876873,45.254882
17.840786,45.237314
17.642147,45.356531
17.651955,45.288457
17.644597,45.341303
17.771657,45.316898
17.877219,45.255168
17.840545,45.238088
17.650296,45.287424
17.695357,45.300236
17.655749,45.289746
17.641901,45.357375
17.774137,45.316887
17.641564,45.357243
17.777812,45.314244
17.651258,45.288243
17.657259,45.291892
17.841875,45.235128
17.772399,45.318803
17.642833,45.355066
17.70004,45.301445
17.775779,45.315591
17.877792,45.255017
17.654372,45.288651
17.639867,45.301793
17.775219,45.316809
17.840142,45.237866
17.653085,45.288727
17.850537,45.239339
17.644911,45.340633
17.642639,45.354634
17.640798,45.356233
17.695774,45.300499
17.773095,45.315304
17.656872,45.289969
17.876369,45.253761
17.642867,45.339067
17.644285,45.341851
17.642995,45.354805
17.638552,45.297465
17.776899,45.31505
17.772484,45.315812
17.651474,45.289055
17.638684,45.357889
17.840885,45.239937
17.695993,45.300274
17.695673,45.30046
17.63793,45.300362
17.87845,45.255624
17.639194,45.357522
17.643395,45.342623
17.771434,45.317064
17.643053,45.353655
17.841261,45.236398
17.643308,45.353872
17.773564,45.314881
17.643207,45.354103
17.840489,45.236404
17.84058,45.236921
17.639824,45.35653
17.64323,45.343395
17.642242,45.356456
17.876816,45.25415
17.777061,45.314887
17.697177,45.301044
17.877377,45.254739
17.641846,45.342728
17.638308,45.299415
17.657105,45.290038
17.640568,45.356515
17.769644,45.321209
17.642428,45.355977
17.774372,45.315571
17.69648,45.30071
17.640245,45.342769
17.654828,45.288947
17.640529,45.342702
17.639469,45.357397
17.639828,45.301025
17.642958,45.342467
17.772379,45.316082
17.644418,45.341711
17.773958,45.317473
17.643024,45.354574
17.841432,45.236031
17.843438,45.237641
17.642657,45.33905
17.639165,45.357005
17.643285,45.33913
17.651357,45.288498
17.641668,45.355913
17.891273,45.322506
17.643484,45.342069
17.775362,45.3167
17.773787,45.315027
17.642499,45.355659
17.641892,45.357222
17.695086,45.300125
17.773102,45.316409
17.776402,45.314916
17.642425,45.356208
17.641444,45.356253
17.638337,45.297269
17.651224,45.288087
17.77335,45.31813
17.771338,45.315477
17.642063,45.342708
17.840302,45.239716
17.722312,45.306609
17.651126,45.287654
17.652103,45.288499
17.639883,45.343745
17.699409,45.302489
17.774665,45.317381
17.877466,45.255347
17.878144,45.255476
17.639984,45.356911
17.776644,45.31532
17.655855,45.28976
17.841969,45.234955
17.773987,45.316972
17.643027,45.339245
17.772085,45.315486
17.774529,45.316002
17.783758,45.288825
17.786684,45.287764
17.786118,45.287045
17.772036,45.305272
17.771781,45.304863
17.227392,45.459121
17.211761,45.452489
17.198925,45.455834
17.197744,45.454537
17.198042,45.454682
17.78725,45.333472
17.196153,45.423877
17.215376,45.419254
17.215848,45.419503
17.192683,45.405734
17.147139,45.473331
17.154721,45.474498
17.14737,45.472281
17.15196,45.469866
17.18561,45.427645
17.108043,45.484216
17.845811,45.436107
17.703832,45.285557
17.639016,45.357857
17.617339,45.345267
17.612836,45.349876
17.613739,45.348782
17.618479,45.345454
17.19427,45.436842
17.676955,45.305584
17.677206,45.304095
17.679087,45.305437
17.674507,45.307864
17.194663,45.440261
17.797093,45.330271
17.207874,45.456039
17.770646,45.320224
17.198311,45.444073
17.843035,45.237629
17.208397,45.425264
17.320431,45.446743
17.3802,45.469677
17.395455,45.471316
17.38725,45.47412
17.18907,45.442566
17.19603,45.417778
17.196069,45.417541
17.196432,45.428737
17.206913,45.457322
17.346017,45.487425
17.401446,45.465817
17.337993,45.446386
17.837491,45.249615
17.84089,45.238971
17.840248,45.237626
17.878112,45.255124
17.767999,45.320364
17.189797,45.442333
17.220261,45.433397
17.34333,45.471159
17.198164,45.43083
17.315642,45.437703
17.192964,45.437588
17.767009,45.320891
17.18826,45.430745
17.189171,45.429894
17.188351,45.429861
17.188135,45.429719
17.187683,45.429812
17.1877,45.430192
17.841537,45.236103
17.192845,45.44473
17.761145,45.324156
17.316619,45.437566
17.639018,45.357036
17.174903,45.468933
17.231162,45.440578
17.234332,45.433867
17.639199,45.344117
17.813097,45.34003
17.209083,45.455622
17.208167,45.455867
17.616865,45.361721
17.198001,45.454434
17.197455,45.444008
17.677774,45.306583
17.760067,45.324424
17.107548,45.48432
17.661107,45.320642
17.795451,45.338805
17.795578,45.338785
17.20265,45.448108
17.197223,45.430696
17.198285,45.429504
17.198174,45.429638
17.198104,45.429757
17.197985,45.429867
17.197908,45.429977
17.19783,45.430155
17.197731,45.430369
17.197524,45.430335
17.19741,45.430469
17.197308,45.430581
17.194224,45.438601
17.19406,45.438678
17.879405,45.257165
17.257665,45.444533
17.244231,45.443741
17.257676,45.444742
17.242198,45.444881
17.244255,45.444918
17.242644,45.445502
17.249511,45.445785
17.253182,45.446965
17.253548,45.446999
17.254675,45.447511
17.254385,45.447306
17.191827,45.436858
17.192168,45.436765
17.192087,45.436861
17.192194,45.437003
17.192093,45.436979
17.191953,45.436913
17.194529,45.441275
17.192189,45.43875
17.191256,45.414864
17.207496,45.450727
17.207294,45.450614
17.207087,45.450489
17.206956,45.450408
17.206655,45.450263
17.206429,45.450162
17.206092,45.449985
17.196386,45.427772
17.19444,45.432587
17.197353,45.427254
17.196589,45.428081
17.197199,45.427342
17.19721,45.42771
17.194492,45.432223
17.197519,45.427169
17.197088,45.427802
17.195077,45.433184
17.193658,45.433357
17.19653,45.427682
17.197513,45.427539
17.193954,45.433695
17.196926,45.42788
17.195906,45.428035
17.19433,45.431911
17.197037,45.42743
17.195161,45.43297
17.197806,45.427361
17.197656,45.427446
17.197945,45.427275
17.196868,45.427524
17.194471,45.432393
17.19622,45.427874
17.196712,45.427608
17.196736,45.427991
17.197358,45.427621
17.195376,45.416502
17.193211,45.42768
17.197609,45.442107
17.197199,45.438722
17.196904,45.439865
17.198052,45.441183
17.197638,45.441228
17.197107,45.44042
17.199527,45.444129
17.199922,45.444667
17.19749,45.438296
17.197834,45.44077
17.196633,45.435694
17.197311,45.438861
17.197006,45.440143
17.197223,45.438994
17.199059,45.444104
17.197521,45.437853
17.198345,45.443036
17.196716,45.438597
17.197206,45.440973
17.196836,45.439723
17.197071,45.44027
17.197797,45.441504
17.197498,45.438451
17.198559,45.442429
17.197511,45.438018
17.197775,45.441363
17.196657,45.438862
17.196941,45.439995
17.197278,45.440675
17.19859,45.443454
17.197321,45.437424
17.198612,45.442545
17.19933,45.443872
17.198707,45.442855
17.197237,45.43858
17.198209,45.441449
17.198403,45.443194
17.197324,45.4373
17.199446,45.443992
17.19753,45.43771
17.198807,45.44313
17.196427,45.43925
17.198759,45.443714
17.197623,45.440372
17.19721,45.439376
17.199237,45.444369
17.198885,45.443263
17.198946,45.443973
17.196832,45.437801
17.196793,45.43806
17.199063,45.443473
17.19737,45.437003
17.197423,45.441765
17.198126,45.437202
17.199337,45.444495
17.196391,45.435364
17.199805,45.444492
17.198107,45.442809
17.197533,45.441935
17.196729,45.438459
17.19868,45.442724
17.19989,45.444561
17.199509,45.444794
17.197931,45.440898
17.198005,45.441026
17.197374,45.437147
17.198512,45.442293
17.197379,45.439846
17.197447,45.441151
17.197749,45.440649
17.196626,45.439187
17.199399,45.444603
17.1983,45.441602
17.198474,45.44215
17.196754,45.438333
17.196835,45.437656
17.197687,45.4405
17.199595,45.44426
17.197332,45.437564
17.197446,45.439999
17.198177,45.442496
17.198428,45.441999
17.198759,45.443006
17.198847,45.443845
17.1983,45.442785
17.198354,45.441713
17.198653,45.434879
17.196813,45.43573
17.196657,45.439012
17.199149,45.444235
17.19768,45.442272
17.197549,45.440228
17.196755,45.437034
17.19682,45.437928
17.196695,45.438736
17.196736,45.435411
17.197498,45.438163
17.196761,45.438218
17.198677,45.443584
17.199685,45.444399
17.198504,45.443323
17.198134,45.441315
17.198401,45.441862
17.197184,45.440531
17.197831,45.442423
17.197775,45.432816
17.200712,45.433044
17.198323,45.432684
17.198331,45.433573
17.201347,45.432483
17.197591,45.432914
17.198606,45.432855
17.197435,45.432877
17.198109,45.432965
17.198768,45.432823
17.200577,45.432735
17.197088,45.433322
17.200773,45.43276
17.197247,45.433187
17.20053,45.432995
17.200028,45.432917
17.199172,45.43285
17.199643,45.432879
17.200885,45.433062
17.196722,45.433601
17.199709,45.432644
17.201984,45.433429
17.201071,45.432778
17.199483,45.432617
17.198945,45.432852
17.198128,45.432734
17.197834,45.433144
17.198514,45.43264
17.203671,45.433586
17.197469,45.433001
17.198836,45.432553
17.197404,45.433088
17.199266,45.432586
17.200962,45.432762
17.201354,45.432967
17.200403,45.432712
17.198652,45.432612
17.199464,45.432883
17.201851,45.432867
17.200339,45.43295
17.202319,45.435984
17.203952,45.436214
17.202211,45.435797
17.203456,45.436551
17.20514,45.433465
17.202879,45.436634
17.202978,45.435829
17.203931,45.436567
17.19988,45.435497
17.203732,45.435533
17.204427,45.436209
17.203163,45.4367
17.202691,45.436689
17.20057,45.435933
17.205535,45.434385
17.203604,45.436072
17.20251,45.436172
17.201669,45.4359
17.203328,45.436205
17.205521,45.433669
17.204904,45.435749
17.20633,45.434511
17.212173,45.424663
17.641604,45.342929
17.250319,45.439204
17.424521,45.479301
17.197779,45.420385
17.197572,45.420208
17.197804,45.431111
17.204575,45.445292
17.197664,45.451693
17.765013,45.321754
17.765054,45.321894
17.756062,45.326165
17.190859,45.438406
17.318813,45.485274
17.214535,45.45304
17.213735,45.452824
17.214067,45.452894
17.213888,45.452872
17.150665,45.463678
17.200041,45.458504
17.424607,45.478763
17.152766,45.43487
17.190141,45.453148
17.232647,45.43883
17.196554,45.432641
17.196406,45.432703
17.197481,45.428429
17.212087,45.430052
17.670884,45.303311
17.217324,45.453762
17.198321,45.431119
17.217725,45.45386
17.236161,45.462379
17.236024,45.462353
17.235508,45.462301
17.235423,45.462249
17.235192,45.462136
17.23495,45.46206
17.23467,45.462008
17.234486,45.461937
17.233996,45.461828
17.233621,45.461734
17.233268,45.461626
17.242267,45.466372
17.195009,45.4498
17.340852,45.488577
17.190137,45.432993
17.616555,45.361183
17.190244,45.435458
17.190283,45.435309
17.190324,45.434895
17.190248,45.435626
17.190497,45.435801
17.190545,45.43568
17.190309,45.43519
17.19011,45.435209
17.190314,45.434972
17.872871,45.318629
17.197127,45.429227
17.773239,45.315042
17.206805,45.450333
17.277159,45.469397
17.194144,45.446697
17.245431,45.444047
17.193428,45.437434
17.192372,45.438718
17.192386,45.438838
17.192407,45.438915
17.192441,45.439037
17.191194,45.427922
17.194006,45.446526
17.197231,45.457621
17.196218,45.440845
17.210573,45.427743
17.396405,45.464874
17.196182,45.452346
17.224524,45.434153
17.197937,45.445672
17.158716,45.434179
17.129781,45.480141
17.195524,45.439113
17.205774,45.458001
17.205813,45.4581
17.20585,45.45825
17.205723,45.45835
17.205915,45.458436
17.205951,45.458602
17.206131,45.458314
17.206183,45.458443
17.206246,45.458574
17.206021,45.458887
17.193879,45.441209
17.205188,45.456095
17.201379,45.452587
17.192399,45.437803
17.192414,45.437711
17.644481,45.338171
17.644295,45.338188
17.644181,45.338104
17.813217,45.341734
17.813126,45.341904
17.243796,45.443834
17.78654,45.333283
17.7588,45.325604
17.701004,45.373002
17.190534,45.435162
17.190538,45.435102
17.191337,45.448681
17.191377,45.436382
17.221249,45.45841
17.660587,45.320006
17.644485,45.328771
17.643368,45.328491
17.644305,45.328757
17.642443,45.328456
17.640827,45.327883
17.64382,45.328737
17.642215,45.328431
17.640381,45.327769
17.643094,45.328506
17.642105,45.328379
17.640104,45.3277
17.639815,45.327638
17.64395,45.328736
17.63949,45.327463
17.642655,45.328494
17.639646,45.327567
17.64367,45.328617
17.643209,45.328521
17.640001,45.327667
17.643853,45.328633
17.642912,45.328506
17.640392,45.327576
17.639226,45.327343
17.644163,45.328674
17.636892,45.324869
17.638578,45.327031
17.637907,45.326332
17.637719,45.326147
17.63658,45.325139
17.637572,45.325872
17.636706,45.325366
17.637069,45.325158
17.636678,45.324254
17.638356,45.326699
17.638198,45.32644
17.637623,45.325985
17.636766,45.325466
17.636505,45.325033
17.637317,45.325382
17.636498,45.324198
17.637482,45.325718
17.636029,45.324103
17.636912,45.325675
17.636173,45.324326
17.638458,45.326861
17.63728,45.325222
17.636346,45.324053
17.636947,45.325766
17.636295,45.324582
17.63821,45.32656
17.63743,45.324788
17.637363,45.326284
17.636625,45.325255
17.636724,45.324615
17.636326,45.324721
17.637439,45.325609
17.63685,45.325567
17.636278,45.324897
17.634972,45.32277
17.636773,45.323095
17.635613,45.32302
17.631862,45.32337
17.636099,45.323581
17.634869,45.322564
17.635733,45.323131
17.632241,45.322263
17.635233,45.322455
17.634753,45.322002
17.63747,45.322844
17.63709,45.323399
17.636557,45.323205
17.636784,45.32351
17.637357,45.323155
17.634799,45.322214
17.635298,45.322586
17.637233,45.323317
17.632921,45.321907
17.632101,45.322762
17.634962,45.323749
17.635904,45.3233
17.635492,45.322831
17.632176,45.323068
17.634853,45.322347
17.634669,45.322091
17.635054,45.322115
17.632715,45.322446
17.634938,45.322909
17.635387,45.322695
17.637841,45.322936
17.633094,45.322432
17.631798,45.322844
17.632596,45.322154
17.632367,45.321931
17.635207,45.323629
17.637462,45.32312
17.63181,45.323674
17.631461,45.318981
17.632844,45.318698
17.634439,45.317429
17.636034,45.320511
17.638172,45.320157
17.633474,45.320289
17.631515,45.318767
17.633282,45.317982
17.63075,45.319189
17.63049,45.318824
17.630271,45.318859
17.633613,45.319964
17.63302,45.319593
17.633419,45.318274
17.634733,45.320884
17.633484,45.319275
17.632812,45.319054
17.63419,45.317551
17.633349,45.320215
17.631314,45.318728
17.630167,45.318447
17.633023,45.318109
17.631677,45.319112
17.630053,45.318623
17.633588,45.317475
17.633356,45.321199
17.634399,45.320943
17.634207,45.320847
17.633097,45.319998
17.633416,45.319954
17.637039,45.320074
17.633859,45.317874
17.632075,45.319188
17.630648,45.318859
17.632801,45.318885
17.633582,45.318151
17.637899,45.320163
17.633854,45.320626
17.63199,45.318749
17.634329,45.320644
17.633925,45.31748
17.634748,45.321332
17.633971,45.320785
17.63243,45.319093
17.633194,45.317765
17.633285,45.318363
17.632769,45.319687
17.631161,45.318896
17.632777,45.319302
17.633684,45.32048
17.632492,45.318289
17.633006,45.318555
17.635575,45.321231
17.636268,45.320126
17.634878,45.321071
17.632474,45.318407
17.632659,45.318955
17.638597,45.320067
17.638635,45.319512
17.638945,45.319602
17.632547,45.317894
17.632822,45.321013
17.636308,45.320068
17.81209,45.309706
17.812526,45.309543
17.812236,45.309114
17.812609,45.309087
17.812325,45.308579
17.812407,45.30837
17.812653,45.308689
17.812727,45.308109
17.812401,45.307368
17.812739,45.307417
17.811813,45.312682
17.811872,45.313045
17.811909,45.313229
17.812062,45.313406
17.812079,45.313504
17.812162,45.313615
17.812205,45.313768
17.812323,45.314201
17.812665,45.314814
17.812647,45.314967
17.81284,45.315255
17.81304,45.315556
17.813271,45.3159
17.811715,45.311559
17.811839,45.311838
17.811871,45.311965
17.812059,45.312443
17.812244,45.312573
17.81224,45.31268
17.81277,45.314067
17.813134,45.314984
17.813468,45.315522
17.811669,45.310413
17.812191,45.309506
17.812507,45.309653
17.812517,45.309385
17.812358,45.308897
17.812683,45.308938
17.81239,45.308
17.812643,45.308512
17.812711,45.308284
17.812391,45.307639
17.812704,45.307784
17.812316,45.31445
17.812774,45.31507
17.811635,45.311382
17.812007,45.312169
17.812496,45.313568
17.81278,45.313816
17.813014,45.314334
17.81301,45.314755
17.811831,45.312878
17.812598,45.314679
17.811675,45.312397
17.811634,45.312607
17.811567,45.311239
17.812322,45.31316
17.812442,45.313437
17.812864,45.314474
17.813258,45.315168
17.812419,45.308182
17.812738,45.307915
17.812746,45.307277
17.811681,45.311076
17.811917,45.312068
17.812135,45.312267
17.812043,45.309159
17.810165,45.310245
17.809804,45.310486
17.809645,45.310587
17.809416,45.31093
17.809376,45.3111
17.809296,45.311197
17.806817,45.312914
17.806146,45.313688
17.809852,45.310077
17.809955,45.309968
17.809451,45.310363
17.809445,45.310463
17.808621,45.310092
17.809093,45.31052
17.80779,45.310701
17.807909,45.310706
17.808982,45.311031
17.809026,45.310949
17.807762,45.311284
17.808418,45.311596
17.807195,45.312234
17.806912,45.312418
17.806428,45.312858
17.806043,45.313109
17.805674,45.313654
17.805512,45.313703
17.805263,45.313818
17.804022,45.313656
17.804175,45.313776
17.810627,45.308633
17.810711,45.308303
17.811351,45.308642
17.811068,45.308424
17.81095,45.315645
17.811029,45.317274
17.806302,45.313472
17.80739,45.310476
17.808304,45.31076
17.810737,45.309985
17.811042,45.310828
17.811151,45.311081
17.81105,45.311188
17.811404,45.312127
17.809326,45.308453
17.810065,45.30899
17.811445,45.310764
17.810184,45.308738
17.810315,45.308822
17.810948,45.309627
17.811007,45.309816
17.811109,45.310061
17.805312,45.314234
17.809629,45.310224
17.808865,45.310605
17.807723,45.31181
17.806201,45.31294
17.811426,45.311758
17.809467,45.308155
17.809902,45.308514
17.810495,45.308852
17.809912,45.310392
17.806714,45.312964
17.806704,45.313097
17.806605,45.313155
17.806439,45.31325
17.806293,45.313613
17.805859,45.313834
17.805598,45.314053
17.810381,45.309721
17.810141,45.309921
17.808344,45.309964
17.808927,45.311141
17.807781,45.31156
17.808297,45.311859
17.807033,45.312333
17.806784,45.312519
17.806666,45.312617
17.806506,45.312771
17.805967,45.313338
17.810955,45.310602
17.80576,45.313478
17.804909,45.313904
17.804587,45.314001
17.803865,45.313512
17.803833,45.314221
17.810865,45.30892
17.810795,45.307988
17.810965,45.307163
17.811001,45.317121
17.811331,45.311513
17.809362,45.308594
17.809571,45.308633
17.810535,45.309477
17.806915,45.312773
17.808821,45.31129
17.807804,45.312113
17.810896,45.316233
17.811417,45.311964
17.809259,45.307863
17.810825,45.30924
17.811224,45.310291
17.811035,45.311323
17.810441,45.309211
17.808015,45.313663
17.810926,45.316449
17.803322,45.31494
17.806493,45.313426
17.810789,45.302466
17.81105,45.302518
17.810934,45.302568
17.8092,45.305167
17.806192,45.308386
17.810304,45.304212
17.807659,45.30797
17.806434,45.308274
17.810113,45.305004
17.810511,45.304757
17.810134,45.303377
17.81017,45.303232
17.810467,45.303022
17.809822,45.302942
17.810306,45.302491
17.811053,45.302087
17.809767,45.303903
17.808779,45.304227
17.809196,45.304439
17.808777,45.305023
17.809227,45.305498
17.80879,45.305155
17.8088,45.305328
17.808801,45.305648
17.809113,45.302991
17.809217,45.302861
17.80944,45.302618
17.809728,45.302242
17.809934,45.301986
17.807743,45.298365
17.807766,45.298957
17.807757,45.299905
17.807655,45.300295
17.807654,45.300839
17.807634,45.301425
17.8076,45.301543
17.807616,45.302561
17.807508,45.303068
17.807568,45.303341
17.807551,45.303948
17.807611,45.304043
17.807605,45.304151
17.807591,45.304414
17.807559,45.305101
17.807469,45.305252
17.807566,45.306249
17.807581,45.306448
17.808325,45.29831
17.808286,45.298433
17.808251,45.298557
17.808295,45.298876
17.808256,45.299368
17.80823,45.299535
17.808373,45.299814
17.808271,45.300065
17.808211,45.300312
17.808238,45.300453
17.808195,45.300963
17.808405,45.30164
17.808179,45.301847
17.808136,45.302168
17.808117,45.302614
17.808144,45.302754
17.808083,45.303404
17.808067,45.3043
17.808069,45.304722
17.808065,45.304846
17.808066,45.304988
17.808226,45.305966
17.808055,45.306075
17.80816,45.306525
17.808311,45.306162
17.809052,45.303898
17.809326,45.30579
17.807711,45.300155
17.808246,45.301217
17.808229,45.301521
17.807744,45.307511
17.80706,45.307741
17.809837,45.303099
17.810046,45.302858
17.810243,45.30261
17.810942,45.302205
17.809182,45.304841
17.808787,45.304593
17.809228,45.305332
17.80915,45.305832
17.808288,45.303913
17.808675,45.303464
17.809292,45.302732
17.807801,45.298466
17.807732,45.299433
17.807735,45.299576
17.807756,45.299806
17.807729,45.30044
17.807708,45.300958
17.8077,45.301088
17.807682,45.301791
17.807644,45.301961
17.807649,45.302374
17.807526,45.303758
17.807578,45.304703
17.807488,45.304874
17.807555,45.304998
17.808133,45.307327
17.808284,45.298193
17.808269,45.298659
17.808341,45.298758
17.808297,45.298969
17.80834,45.299206
17.808251,45.299892
17.80832,45.300553
17.808194,45.300673
17.8082,45.300811
17.808184,45.301081
17.806954,45.307817
17.80976,45.304201
17.808564,45.30359
17.807661,45.299319
17.80771,45.29971
17.807736,45.30003
17.807601,45.302281
17.807656,45.302715
17.808132,45.303028
17.808186,45.303233
17.808063,45.304442
17.808056,45.305616
17.808053,45.305867
17.808063,45.306243
17.808053,45.306401
17.808263,45.306861
17.810054,45.303491
17.808775,45.304871
17.807742,45.298597
17.807779,45.298777
17.807574,45.305749
17.808581,45.307135
17.808492,45.303725
17.809858,45.302111
17.80616,45.308206
17.810107,45.304201
17.80759,45.302888
17.810537,45.304877
17.808486,45.297516
17.808322,45.29781
17.808322,45.297898
17.808795,45.297418
17.80838,45.297654
17.810284,45.303918
17.807334,45.302917
17.204312,45.455149
17.778053,45.232597
17.776915,45.23197
17.776309,45.232055
17.776027,45.232042
17.776641,45.232027
17.776429,45.232023
17.776746,45.232007
17.777065,45.231989
17.777324,45.231945
17.777816,45.231857
17.778021,45.231799
17.778161,45.231782
17.778479,45.231721
17.778684,45.231688
17.778875,45.231667
17.779629,45.23151
17.779945,45.2314
17.780319,45.231244
17.78056,45.231192
17.780841,45.231051
17.781114,45.230989
17.781525,45.23087
17.781285,45.230956
17.782018,45.230733
17.781766,45.230833
17.782342,45.230597
17.782525,45.230513
17.782774,45.230418
17.783034,45.230316
17.78351,45.230171
17.783868,45.230044
17.783945,45.229998
17.784096,45.229962
17.784193,45.229958
17.784316,45.22992
17.78452,45.229862
17.784805,45.229795
17.784859,45.229777
17.785093,45.229709
17.785304,45.229613
17.779996,45.230587
17.78543,45.229592
17.781043,45.228482
17.781096,45.228204
17.785659,45.229489
17.780959,45.22777
17.785838,45.229441
17.780825,45.227627
17.785949,45.229379
17.780609,45.227518
17.786058,45.229361
17.780481,45.227481
17.780268,45.227342
17.78636,45.229231
17.786694,45.229098
17.780015,45.227234
17.786846,45.229035
17.779829,45.22722
17.787037,45.228945
17.779592,45.227183
17.778433,45.22679
17.787419,45.228825
17.778306,45.226702
17.777879,45.226456
17.777677,45.226322
17.779563,45.230794
17.779573,45.230718
17.779604,45.230538
17.77958,45.230442
17.779717,45.230286
17.780601,45.228517
17.778957,45.227224
17.778705,45.227182
17.77843,45.227009
17.778173,45.226862
17.777941,45.226717
17.777589,45.226525
17.77466,45.232502
17.774779,45.232537
17.775044,45.232481
17.775789,45.232364
17.776175,45.232315
17.776931,45.232279
17.776394,45.232301
17.77737,45.232194
17.77764,45.232164
17.777891,45.232137
17.77892,45.231944
17.779053,45.231925
17.779207,45.231905
17.779691,45.232171
17.780569,45.231627
17.7809,45.231429
17.781055,45.231343
17.781367,45.231217
17.781699,45.23111
17.78228,45.23098
17.782443,45.230873
17.782687,45.230794
17.782888,45.230713
17.783204,45.230613
17.783396,45.230714
17.783476,45.230541
17.783799,45.230431
17.783908,45.230399
17.784174,45.230354
17.784403,45.230289
17.784597,45.230176
17.784864,45.230122
17.785306,45.229969
17.785576,45.229863
17.786217,45.229653
17.786344,45.229569
17.786503,45.229527
17.786838,45.229373
17.775314,45.232449
17.78196,45.231057
17.764385,45.238955
17.764851,45.227909
17.764505,45.227766
17.76494,45.228084
17.765175,45.228194
17.191222,45.434794
17.193932,45.450991
17.210323,45.456876
17.193152,45.434085
17.193894,45.432472
17.191041,45.434021
17.190668,45.434002
17.193962,45.432871
17.191951,45.439277
17.19205,45.439105
17.189025,45.436204
17.195851,45.439762
17.205527,45.430208
17.195714,45.438594
17.196909,45.442626
17.192212,45.440024
17.195137,45.439384
17.195241,45.439401
17.196985,45.441887
17.205863,45.430357
17.205689,45.434079
17.203323,45.436603
17.633225,45.319805
17.722807,45.33064
17.719003,45.335367
17.708585,45.333015
17.712896,45.333241
17.712791,45.333541
17.711295,45.330983
17.723237,45.331754
17.713546,45.329555
17.723365,45.331662
17.713648,45.332039
17.713579,45.332327
17.71389,45.331973
17.720742,45.334395
17.711119,45.329766
17.713223,45.332136
17.718469,45.331011
17.712717,45.329113
17.706397,45.332114
17.721739,45.331306
17.711998,45.33331
17.711489,45.33492
17.720414,45.331713
17.72055,45.330536
17.711859,45.333441
17.719342,45.33124
17.719831,45.33337
17.712642,45.332575
17.712548,45.332604
17.720757,45.330823
17.713358,45.329289
17.721916,45.331759
17.716297,45.330186
17.715951,45.328795
17.711374,45.334485
17.711636,45.334078
17.711793,45.333619
17.712981,45.333362
17.715337,45.334652
17.714154,45.331911
17.713465,45.333663
17.719087,45.331272
17.710664,45.329875
17.71428,45.331883
17.714246,45.330104
17.714239,45.333068
17.711521,45.333508
17.721632,45.332563
17.711711,45.330719
17.721565,45.330625
17.718523,45.332504
17.715392,45.32853
17.711018,45.333106
17.711056,45.33082
17.711815,45.332587
17.710837,45.33015
17.722113,45.330517
17.718182,45.332241
17.720263,45.330967
17.716508,45.328413
17.708924,45.332501
17.715053,45.331664
17.713076,45.332195
17.710489,45.329321
17.71395,45.334776
17.715947,45.329188
17.713085,45.332838
17.718961,45.333199
17.720123,45.330692
17.71921,45.33297
17.716609,45.33526
17.719478,45.333355
17.716554,45.329962
17.721852,45.331505
17.720603,45.330891
17.706879,45.332601
17.716984,45.331262
17.713086,45.329247
17.71365,45.329351
17.713984,45.334867
17.714176,45.335507
17.713957,45.333058
17.705709,45.329975
17.715221,45.33167
17.713772,45.332716
17.710174,45.32917
17.722891,45.331329
17.711424,45.330673
17.720613,45.331982
17.722302,45.330098
17.715113,45.331112
17.712373,45.331634
17.70971,45.333048
17.718498,45.332871
17.716374,45.329548
17.71632,45.331823
17.712279,45.331515
17.7154,45.332438
17.721435,45.331251
17.716556,45.328561
17.71298,45.329127
17.716256,45.33544
17.722615,45.331461
17.716783,45.330942
17.722324,45.332284
17.714253,45.335133
17.721466,45.329903
17.712915,45.32892
17.718106,45.331414
17.713897,45.329633
17.716078,45.331792
17.714779,45.33207
17.715243,45.334594
17.71125,45.330528
17.719501,45.331202
17.710855,45.330543
17.719436,45.330894
17.720056,45.333755
17.711111,45.334182
17.714563,45.334021
17.715204,45.33123
17.712186,45.330022
17.71304,45.334076
17.717584,45.330638
17.712853,45.333111
17.719989,45.333205
17.717987,45.331106
17.711987,45.330255
17.70961,45.333325
17.720019,45.33424
17.711201,45.330118
17.708478,45.33311
17.71337,45.334009
17.71002,45.328964
17.714788,45.330742
17.720424,45.333499
17.707278,45.331821
17.714266,45.333751
17.720168,45.334468
17.72066,45.330427
17.711333,45.33271
17.718147,45.332818
17.720557,45.331654
17.711076,45.334895
17.710735,45.333135
17.717804,45.331478
17.708946,45.333162
17.714878,45.332063
17.720943,45.330744
17.7109,45.332787
17.710892,45.330594
17.71916,45.330927
17.720134,45.333121
17.710211,45.332934
17.716508,45.335163
17.715613,45.334892
17.712123,45.330425
17.714977,45.331328
17.711396,45.33296
17.712895,45.333691
17.706974,45.332259
17.715461,45.334764
17.715647,45.332732
17.718824,45.335211
17.719946,45.331076
17.721684,45.329866
17.708561,45.332558
17.719058,45.33295
17.721102,45.331776
17.716416,45.331707
17.722167,45.329805
17.713586,45.334285
17.717971,45.331966
17.71063,45.330079
17.712435,45.331732
17.70874,45.332541
17.71313,45.334238
17.709104,45.333148
17.71878,45.330941
17.711168,45.333017
17.712299,45.329531
17.708288,45.33351
17.720364,45.330518
17.714723,45.331783
17.712013,45.331788
17.713795,45.333387
17.715228,45.33006
17.713619,45.328839
17.715854,45.335077
17.708441,45.332862
17.712571,45.329157
17.716613,45.330078
17.719586,45.33348
17.714687,45.331117
17.712685,45.329609
17.707985,45.333509
17.712364,45.332384
17.721398,45.330946
17.718995,45.330883
17.715901,45.335736
17.716782,45.330357
17.717136,45.335696
17.720858,45.331516
17.717346,45.336368
17.712295,45.329902
17.710654,45.333262
17.712203,45.332475
17.707237,45.332772
17.706639,45.332403
17.711368,45.33374
17.711157,45.330935
17.722545,45.330475
17.713723,45.329778
17.711376,45.331199
17.710939,45.32943
17.710342,45.332924
17.717883,45.328664
17.714152,45.333701
17.706173,45.331967
17.71245,45.329236
17.722747,45.331382
17.719843,45.330711
17.710958,45.329283
17.707237,45.330779
17.708573,45.333467
17.714141,45.335014
17.721081,45.330451
17.71251,45.329957
17.709281,45.333122
17.718659,45.332608
17.713645,45.333207
17.720788,45.332692
17.71374,45.328778
17.709021,45.332792
17.710562,45.332874
17.709857,45.333023
17.719422,45.333172
17.714754,45.334173
17.714167,45.330347
17.719234,45.333395
17.720129,45.333689
17.7145,45.330412
17.711967,45.332561
17.710003,45.333283
17.712932,45.332235
17.71884,45.33276
17.712199,45.332121
17.712201,45.331427
17.716645,45.330744
17.712097,45.331272
17.716296,45.334972
17.710814,45.330459
17.715973,45.33528
17.714515,45.328699
17.717517,45.331203
17.714805,45.331746
17.714051,45.333588
17.717308,45.335798
17.718852,45.331295
17.711574,45.333385
17.715914,45.328673
17.721022,45.331462
17.715794,45.334592
17.708179,45.332622
17.712533,45.333138
17.707396,45.33284
17.713834,45.32941
17.707753,45.333146
17.71373,45.334551
17.709793,45.333317
17.711695,45.331388
17.716702,45.33535
17.70541,45.331598
17.712991,45.328853
17.72091,45.332599
17.710195,45.333398
17.709455,45.333086
17.711895,45.330319
17.717756,45.328785
17.720655,45.332762
17.711594,45.331322
17.716329,45.331419
17.713927,45.335223
17.714992,45.332024
17.716123,45.33626
17.721773,45.3306
17.719333,45.330931
17.716203,45.33485
17.714554,45.332114
17.718423,45.332386
17.720279,45.330708
17.708633,45.332833
17.716203,45.335579
17.707631,45.331978
17.71663,45.331366
17.713355,45.334575
17.716998,45.331645
17.721427,45.332314
17.715522,45.332555
17.716968,45.330671
17.712093,45.330542
17.7138,45.329869
17.717015,45.328737
17.715938,45.328952
17.708761,45.333155
17.716049,45.329573
17.712476,45.329365
17.717136,45.330032
17.713808,45.334692
17.718391,45.334609
17.714647,45.330904
17.718581,45.330981
17.71679,45.32837
17.716458,45.329353
17.714047,45.332228
17.716603,45.335746
17.718352,45.331037
17.710595,45.329421
17.71046,45.333328
17.721946,45.330536
17.720844,45.330783
17.708266,45.332884
17.712135,45.332021
17.714857,45.331159
17.715568,45.331942
17.713215,45.328996
17.714371,45.330257
17.720116,45.331884
17.717904,45.328797
17.71945,45.333647
17.719808,45.333749
17.722723,45.330505
17.711862,45.33165
17.709059,45.328486
17.721448,45.331017
17.714051,45.334917
17.716297,45.328476
17.715022,45.334443
17.707116,45.332013
17.716558,45.330496
17.713701,45.334991
17.710142,45.32963
17.714477,45.331775
17.719255,45.333148
17.708826,45.33282
17.714001,45.335322
17.716567,45.33631
17.722305,45.3318
17.712563,45.329875
17.711775,45.332908
17.714592,45.330832
17.721448,45.331643
17.711618,45.332627
17.721547,45.33138
17.713491,45.332061
17.710275,45.32973
17.717138,45.336236
17.720226,45.333647
17.710006,45.329488
17.713228,45.329395
17.722633,45.330168
17.708281,45.333187
17.714864,45.329675
17.71102,45.329666
17.721408,45.330317
17.707675,45.333557
17.716167,45.335347
17.721909,45.330265
17.718756,45.332962
17.720943,45.33182
17.715421,45.33161
17.713783,45.332301
17.713491,45.33475
17.713486,45.328882
17.720443,45.330946
17.713453,45.334162
17.714754,45.328719
17.709578,45.333074
17.713944,45.330018
17.71024,45.329287
17.70578,45.331803
17.70647,45.331305
17.713563,45.332465
17.705655,45.331761
17.717464,45.336482
17.711813,45.330624
17.71605,45.331504
17.720096,45.331046
17.716614,45.334131
17.709096,45.332483
17.720707,45.331579
17.720781,45.33052
17.712286,45.329704
17.711445,45.330451
17.714568,45.333561
17.721995,45.332505
17.716609,45.328401
17.713963,45.331947
17.71404,45.330186
17.71113,45.329534
17.716141,45.329835
17.708105,45.333227
17.715249,45.328524
17.712655,45.332027
17.712521,45.330149
17.716468,45.329711
17.721269,45.330381
17.721988,45.331598
17.717658,45.331504
17.706253,45.332044
17.719575,45.330888
17.708364,45.33259
17.714933,45.330941
17.711572,45.332926
17.714607,45.330482
17.717655,45.328851
17.711128,45.329919
17.718948,45.335125
17.717409,45.331266
17.72211,45.330162
17.716199,45.331499
17.716523,45.329818
17.718061,45.332651
17.714636,45.330575
17.720923,45.330435
17.712399,45.330202
17.716586,45.331671
17.716287,45.328765
17.715091,45.328543
17.712084,45.330126
17.710317,45.32982
17.715815,45.328586
17.708092,45.332969
17.710011,45.33298
17.713172,45.332429
17.713589,45.334863
17.705941,45.331848
17.720271,45.334219
17.718433,45.331379
17.710435,45.330483
17.715709,45.331866
17.721116,45.330718
17.706507,45.332325
17.711217,45.330316
17.707663,45.332936
17.713041,45.333461
17.719647,45.331457
17.718909,45.33307
17.714705,45.331005
17.710514,45.328839
17.713447,45.333087
17.721164,45.331386
17.7088,45.333447
17.715323,45.331948
17.710717,45.32865
17.715617,45.331574
17.717614,45.331117
17.713193,45.33435
17.719715,45.33084
17.715958,45.33464
17.721294,45.331118
17.718577,45.331348
17.712086,45.33189
17.711107,45.33275
17.713111,45.329048
17.716248,45.329091
17.719115,45.333303
17.718158,45.331063
17.719219,45.333076
17.716161,45.328467
17.712568,45.331886
17.721059,45.333065
17.715977,45.331808
17.71684,45.330494
17.720597,45.333396
17.71441,45.330703
17.716888,45.328884
17.711542,45.331245
17.715805,45.331534
17.706805,45.332435
17.706939,45.331935
17.721808,45.33138
17.720043,45.330773
17.717365,45.330279
17.712995,45.33387
17.717815,45.332356
17.709433,45.333354
17.710934,45.330656
17.71414,45.329947
17.717024,45.328927
17.71637,45.330292
17.721378,45.330662
17.713339,45.328933
17.715895,45.327809
17.716106,45.327698
17.722159,45.328658
17.716565,45.326197
17.716422,45.32691
17.722203,45.327785
17.716564,45.326472
17.716321,45.327139
17.716328,45.32702
17.722149,45.328541
17.716165,45.327946
17.722162,45.328084
17.716482,45.32672
17.721942,45.328786
17.716202,45.327797
17.722142,45.328784
17.716476,45.326617
17.716583,45.326079
17.722212,45.32792
17.71656,45.32627
17.716229,45.328152
17.716112,45.328038
17.716511,45.326358
17.716367,45.327378
17.722134,45.328441
17.722177,45.328194
17.722126,45.327464
17.722121,45.327507
17.722315,45.328786
17.722268,45.328345
17.768359,45.321823
17.219069,45.459739
17.719857,45.306841
17.718178,45.30626
17.719437,45.306509
17.619076,45.345582
17.715821,45.332313
17.19645,45.440261
17.196615,45.441007
17.196579,45.440862
17.196522,45.440755
17.196462,45.440639
17.196428,45.440559
17.196416,45.440445
17.196683,45.441131
17.787006,45.308071
17.787002,45.30746
17.7857,45.308391
17.786098,45.308285
17.787281,45.307791
17.788119,45.307076
17.786535,45.307768
17.78651,45.308461
17.787182,45.307265
17.787413,45.307007
17.785951,45.308387
17.787899,45.307206
17.787393,45.307687
17.785707,45.308534
17.787497,45.307577
17.786617,45.308336
17.787719,45.30742
17.78749,45.306896
17.789047,45.305572
17.79055,45.303733
17.788766,45.305867
17.790772,45.302366
17.791059,45.302014
17.791225,45.30263
17.790885,45.302256
17.78801,45.306253
17.788322,45.306708
17.787999,45.306106
17.789643,45.30473
17.788384,45.306514
17.788363,45.305577
17.79113,45.301769
17.790659,45.302498
17.789559,45.303839
17.788087,45.306008
17.791513,45.301417
17.789538,45.304902
17.791444,45.302355
17.789632,45.303551
17.789646,45.303718
17.787685,45.306665
17.791426,45.301549
17.790505,45.30267
17.789252,45.30419
17.791261,45.301661
17.791336,45.302513
17.791594,45.302172
17.78862,45.306072
17.790978,45.30214
17.788183,45.305778
17.787781,45.306392
17.789833,45.304309
17.79011,45.303096
17.842577,45.237373
17.772281,45.298028
17.771411,45.299654
17.77238,45.298717
17.79918,45.290441
17.801616,45.289268
17.79846,45.29335
17.80189,45.288983
17.801599,45.289411
17.800502,45.290649
17.799638,45.292194
17.798293,45.293006
17.797533,45.293848
17.797622,45.294181
17.79609,45.295315
17.798534,45.289803
17.800171,45.291206
17.801068,45.290458
17.800171,45.291683
17.799077,45.292295
17.798556,45.293245
17.797411,45.293931
17.797043,45.294745
17.792409,45.300151
17.795015,45.297717
17.799889,45.291551
17.799255,45.292114
17.798848,45.292507
17.796864,45.29446
17.795567,45.296033
17.793849,45.298594
17.793342,45.299249
17.795675,45.29667
17.801212,45.289244
17.801197,45.289614
17.800887,45.290123
17.800416,45.290808
17.80093,45.29077
17.79937,45.29245
17.797893,45.29341
17.797724,45.294029
17.797039,45.294024
17.797179,45.294626
17.796425,45.294958
17.796347,45.295682
17.795431,45.29704
17.795268,45.297302
17.800208,45.289876
17.799742,45.292057
17.798594,45.292412
17.797166,45.294184
17.795881,45.295383
17.796071,45.295948
17.793979,45.298345
17.795079,45.297579
17.799787,45.29164
17.798052,45.293297
17.794933,45.29784
17.793745,45.295392
17.791023,45.289545
17.78902,45.290588
17.801538,45.289688
17.800701,45.291017
17.798245,45.293538
17.795482,45.296128
17.795234,45.296295
17.795111,45.296742
17.793667,45.298921
17.793228,45.299379
17.793023,45.299609
17.795613,45.296926
17.795333,45.297159
17.793412,45.298498
17.800552,45.289968
17.798163,45.29023
17.801575,45.289535
17.799481,45.291947
17.798962,45.292405
17.797608,45.29377
17.796833,45.29501
17.798809,45.290196
17.8015,45.289883
17.800427,45.290918
17.799518,45.291756
17.798615,45.292618
17.798098,45.293194
17.797411,45.294368
17.79595,45.296221
17.793364,45.289048
17.788214,45.29087
17.801482,45.288595
17.799101,45.292705
17.799,45.292803
17.797086,45.294306
17.79414,45.298222
17.793375,45.299945
17.800029,45.28983
17.799807,45.289642
17.79272,45.289044
17.801656,45.289122
17.801355,45.290175
17.800762,45.290899
17.800521,45.291326
17.799889,45.291927
17.797966,45.2938
17.797831,45.293924
17.796971,45.294893
17.796561,45.295308
17.796436,45.295569
17.795234,45.296519
17.794319,45.2978
17.795843,45.296428
17.794926,45.297973
17.800876,45.289754
17.792439,45.289051
17.801453,45.288709
17.800642,45.29059
17.799589,45.292383
17.79922,45.292584
17.798433,45.293474
17.798157,45.293644
17.797541,45.294284
17.796349,45.295096
17.796274,45.295822
17.793935,45.298488
17.795733,45.296814
17.794455,45.298643
17.792713,45.300715
17.79856,45.290514
17.794308,45.295087
17.791925,45.289167
17.788828,45.290774
17.801577,45.289776
17.80005,45.291311
17.799647,45.29173
17.797675,45.293673
17.796589,45.294807
17.799802,45.289848
17.789567,45.290346
17.800012,45.291445
17.798542,45.292759
17.797822,45.293552
17.79621,45.295206
17.795889,45.296325
17.794535,45.298533
17.801897,45.28866
17.801078,45.289841
17.801602,45.289609
17.800803,45.290337
17.801168,45.290301
17.800983,45.29063
17.800098,45.29182
17.799111,45.29219
17.798946,45.292977
17.79607,45.296079
17.795757,45.296516
17.794754,45.298333
17.795032,45.294972
17.794196,45.295374
17.801735,45.288789
17.801353,45.289988
17.800637,45.290466
17.800301,45.291565
17.798409,45.292878
17.798739,45.293052
17.796694,45.29463
17.795666,45.295922
17.794091,45.295644
17.793533,45.295698
17.793527,45.288963
17.800354,45.289062
17.800447,45.289268
17.79215,45.289136
17.789273,45.290269
17.79458,45.295009
17.793873,45.295621
17.790799,45.289623
17.789651,45.290145
17.78776,45.291265
17.787467,45.291533
17.787039,45.291611
17.793213,45.300195
17.786522,45.291137
17.790213,45.289866
17.787629,45.29138
17.797006,45.29387
17.79803,45.290944
17.77531,45.29893
17.775394,45.299499
17.771921,45.29908
17.77265,45.299288
17.772745,45.299374
17.773204,45.299444
17.773543,45.29832
17.774063,45.298479
17.773236,45.301374
17.771919,45.300034
17.775026,45.301689
17.775135,45.301776
17.774393,45.301489
17.77086,45.30281
17.770319,45.303118
17.77065,45.303232
17.795085,45.295536
17.791997,45.295433
17.792822,45.295592
17.785905,45.29865
17.785519,45.298488
17.778864,45.301003
17.77779,45.298046
17.777997,45.298025
17.77855,45.301585
17.784913,45.294008
17.81936,45.296305
17.807087,45.29061
17.80704,45.290538
17.806156,45.28541
17.807035,45.291929
17.806013,45.286465
17.812743,45.290909
17.813111,45.290322
17.812733,45.290319
17.8127,45.287377
17.807402,45.284224
17.815791,45.292362
17.820952,45.293301
17.818009,45.29291
17.822542,45.294006
17.81146,45.291021
17.815324,45.291968
17.81932,45.296807
17.807516,45.286084
17.807411,45.284455
17.822493,45.293263
17.823872,45.294009
17.824162,45.294047
17.824878,45.294198
17.811992,45.291037
17.815842,45.292111
17.816817,45.292304
17.819129,45.292896
17.811537,45.29132
17.811618,45.291444
17.813154,45.28904
17.807312,45.284975
17.807777,45.284844
17.807375,45.284655
17.821696,45.29352
17.819442,45.293275
17.811657,45.291101
17.814687,45.291816
17.818722,45.292783
17.818548,45.292689
17.80942,45.290806
17.812025,45.289225
17.807555,45.285662
17.817136,45.293176
17.820842,45.293603
17.822318,45.293978
17.806928,45.289849
17.812467,45.29123
17.813294,45.291454
17.814081,45.291694
17.814285,45.291725
17.807623,45.290381
17.820195,45.296686
17.821152,45.295824
17.80646,45.283951
17.807115,45.284189
17.808384,45.296231
17.807867,45.295823
17.805964,45.287802
17.807208,45.291364
17.806753,45.290953
17.807534,45.294177
17.807911,45.283433
17.808736,45.283781
17.813085,45.290583
17.813083,45.290913
17.807617,45.285349
17.807354,45.284738
17.807713,45.284632
17.807824,45.283866
17.815286,45.292245
17.821862,45.293554
17.823661,45.293965
17.81909,45.293152
17.809556,45.290847
17.809763,45.290997
17.810871,45.291163
17.81437,45.292018
17.820269,45.294423
17.820791,45.296162
17.808364,45.295841
17.806075,45.28659
17.805839,45.287348
17.805924,45.288298
17.806208,45.289116
17.80713,45.292634
17.819778,45.295185
17.819446,45.296094
17.813137,45.290066
17.813139,45.289279
17.807231,45.285339
17.816875,45.292625
17.823362,45.293908
17.824732,45.294664
17.813084,45.291427
17.8151,45.291936
17.809152,45.290741
17.820194,45.294096
17.806065,45.288461
17.806138,45.28854
17.807111,45.291049
17.807159,45.29114
17.806679,45.29058
17.808335,45.295549
17.80689,45.29138
17.807548,45.294305
17.807722,45.295084
17.806115,45.284436
17.805873,45.285921
17.819022,45.295393
17.817717,45.296737
17.817604,45.296813
17.807533,45.285829
17.807788,45.284051
17.81593,45.292462
17.817064,45.292682
17.824023,45.294011
17.811311,45.290997
17.811838,45.291131
17.813508,45.291501
17.817188,45.292429
17.813177,45.291733
17.814722,45.29212
17.821077,45.295608
17.807293,45.283995
17.808338,45.296093
17.806343,45.287558
17.807115,45.288362
17.806341,45.289317
17.806395,45.289715
17.807294,45.293206
17.80765,45.294688
17.807764,45.28342
17.806055,45.283715
17.809569,45.285753
17.807755,45.286439
17.819783,45.295825
17.813092,45.290701
17.812204,45.288336
17.822187,45.293558
17.807175,45.290258
17.808609,45.290611
17.812972,45.2917
17.819557,45.296457
17.818615,45.296925
17.821268,45.296175
17.820402,45.294733
17.820848,45.296306
17.807857,45.295957
17.805816,45.287505
17.806372,45.289452
17.806417,45.289815
17.807277,45.291602
17.808363,45.29567
17.806753,45.283339
17.807072,45.283361
17.80609,45.284962
17.818612,45.29598
17.808996,45.286857
17.808335,45.286471
17.819625,45.295358
17.813162,45.288544
17.807939,45.284497
17.80773,45.28453
17.817656,45.292839
17.815493,45.29201
17.819822,45.296738
17.820935,45.295125
17.820348,45.294576
17.820468,45.295045
17.821526,45.297023
17.805866,45.287714
17.805948,45.287911
17.807099,45.290794
17.808039,45.294195
17.807768,45.293285
17.80694,45.291686
17.807246,45.283359
17.808843,45.283506
17.806021,45.283973
17.805929,45.286188
17.807911,45.286473
17.81282,45.290096
17.812709,45.290015
17.807196,45.285819
17.807594,45.28555
17.807782,45.284248
17.816156,45.29247
17.816313,45.292502
17.817403,45.292756
17.818557,45.293022
17.8221,45.29389
17.810423,45.290667
17.812242,45.291204
17.808792,45.290685
17.811909,45.291588
17.81243,45.291542
17.812644,45.291601
17.813295,45.291786
17.819035,45.296528
17.818672,45.296601
17.807861,45.2957
17.80632,45.287817
17.806004,45.288378
17.806173,45.288744
17.808109,45.294446
17.806442,45.290163
17.806485,45.290441
17.806673,45.290671
17.807623,45.294566
17.806095,45.283367
17.807136,45.286353
17.813139,45.289447
17.822756,45.29376
17.818171,45.292944
17.818882,45.292835
17.808072,45.290484
17.811284,45.291283
17.81222,45.291489
17.819061,45.296848
17.821455,45.296764
17.820486,45.295221
17.806981,45.283879
17.806377,45.289614
17.808004,45.293886
17.808056,45.293995
17.808378,45.295423
17.806851,45.291268
17.807086,45.292456
17.807704,45.294956
17.819122,45.29524
17.818499,45.29609
17.807159,45.285995
17.807095,45.285673
17.807293,45.285101
17.814807,45.292152
17.820415,45.293481
17.821278,45.293713
17.813679,45.291494
17.818332,45.292676
17.820004,45.292389
17.808445,45.290599
17.819951,45.296418
17.818557,45.296682
17.821007,45.295364
17.80655,45.284201
17.807892,45.296441
17.805786,45.287156
17.807328,45.291779
17.808245,45.295167
17.806787,45.291495
17.807755,45.295211
17.808781,45.283604
17.808736,45.283723
17.808741,45.283947
17.806659,45.286283
17.808024,45.286466
17.809049,45.286537
17.819864,45.296143
17.812807,45.289783
17.807231,45.285469
17.80772,45.28436
17.817825,45.292875
17.819273,45.293205
17.821106,45.293645
17.822856,45.294062
17.812654,45.291298
17.813828,45.2916
17.816428,45.292263
17.817952,45.29261
17.806931,45.290202
17.811056,45.291225
17.820004,45.296702
17.821562,45.297139
17.820587,45.295531
17.807846,45.296681
17.807892,45.296568
17.806129,45.286969
17.806466,45.289922
17.807585,45.292078
17.807627,45.292502
17.808211,45.294921
17.806781,45.291098
17.807296,45.293344
17.81939,45.295946
17.813154,45.290193
17.816495,45.292545
17.816697,45.292589
17.818752,45.293056
17.818899,45.293123
17.81098,45.290873
17.814457,45.291781
17.816623,45.292286
17.817019,45.292407
17.817404,45.292453
17.817841,45.29257
17.807774,45.290411
17.811865,45.291399
17.813514,45.291817
17.821136,45.29721
17.807825,45.29558
17.806332,45.287463
17.806094,45.288653
17.80623,45.288988
17.80767,45.292631
17.808088,45.294317
17.806992,45.292124
17.806612,45.283333
17.806023,45.2839
17.808609,45.286561
17.819717,45.295637
17.807644,45.285177
17.807732,45.285029
17.807602,45.283908
17.821403,45.293449
17.822512,45.293707
17.81836,45.292985
17.824184,45.294491
17.816129,45.292135
17.817624,45.292516
17.817799,45.297044
17.821343,45.296537
17.820935,45.296603
17.806741,45.283875
17.807835,45.296779
17.807588,45.29723
17.805967,45.288172
17.806271,45.287731
17.806562,45.28805
17.80716,45.293038
17.807657,45.294823
17.808079,45.286734
17.815166,45.292223
17.822547,45.293118
17.817072,45.293311
17.81724,45.29275
17.822918,45.293795
17.820637,45.293543
17.82189,45.293859
17.8149,45.29188
17.814088,45.291965
17.814543,45.292068
17.819506,45.296772
17.806816,45.284219
17.806115,45.286852
17.805923,45.287622
17.805971,45.287976
17.807174,45.291262
17.808152,45.294808
17.808284,45.29528
17.808183,45.283444
17.806269,45.286227
17.808167,45.286506
17.812799,45.291666
17.820201,45.296258
17.820457,45.294888
17.806219,45.286729
17.806321,45.289219
17.806491,45.290291
17.807044,45.292299
17.807157,45.292831
17.807507,45.294432
17.806229,45.286475
17.806818,45.286606
17.809628,45.286754
17.81949,45.296263
17.820524,45.295354
17.807895,45.296297
17.807581,45.297087
17.806278,45.287261
17.80721,45.291493
17.808138,45.294561
17.807808,45.295454
17.807343,45.283549
17.818915,45.295538
17.810037,45.285789
17.807502,45.286349
17.808855,45.286577
17.81882,45.296885
17.820253,45.294292
17.821222,45.296069
17.820638,45.295686
17.820702,45.295845
17.805603,45.287142
17.805686,45.287632
17.806129,45.287109
17.806325,45.287923
17.806196,45.288861
17.807156,45.29098
17.807659,45.292354
17.807876,45.293754
17.807443,45.293831
17.807511,45.294028
17.806918,45.283342
17.808419,45.28353
17.822758,45.294228
17.819331,45.295803
17.818188,45.296364
17.8175,45.293381
17.811936,45.285737
17.812692,45.286815
17.811303,45.286649
17.81839,45.296968
17.806523,45.290032
17.807828,45.296861
17.807818,45.296941
17.817848,45.296611
17.818835,45.294342
17.824664,45.306658
17.823871,45.306994
17.82487,45.307682
17.824295,45.308233
17.82605,45.305151
17.808801,45.297256
17.808601,45.297228
17.318708,45.441312
17.794145,45.286492
17.801791,45.288031
17.801323,45.28548
17.801179,45.284384
17.798812,45.287732
17.793966,45.28506
17.801793,45.288207
17.801802,45.288464
17.801453,45.288246
17.798557,45.287478
17.795067,45.284165
17.793562,45.285091
17.798364,45.287455
17.795061,45.284484
17.792839,45.284664
17.80168,45.285549
17.801463,45.283948
17.800268,45.288361
17.794901,45.285572
17.793691,45.286385
17.794363,45.285302
17.80175,45.286133
17.801272,45.286218
17.801199,45.285129
17.793492,45.28674
17.793134,45.287077
17.797398,45.286102
17.803941,45.285165
17.803424,45.285509
17.803351,45.285698
17.803231,45.285887
17.803126,45.285992
17.798688,45.285859
17.798153,45.285877
17.798413,45.286182
17.798806,45.284146
17.798422,45.283958
17.79515,45.283723
17.79465,45.283505
17.791733,45.282208
17.791335,45.28206
17.791101,45.28195
17.790067,45.281592
17.796376,45.287058
17.793592,45.285429
17.801577,45.284339
17.801307,45.285025
17.794009,45.287951
17.795274,45.285477
17.797308,45.285769
17.797338,45.285913
17.799083,45.285641
17.798756,45.286072
17.797713,45.285043
17.8004,45.283786
17.800146,45.283792
17.800687,45.283533
17.795246,45.283759
17.794854,45.28357
17.794926,45.284337
17.794717,45.285183
17.793124,45.285433
17.791387,45.285307
17.801334,45.285731
17.795778,45.286445
17.796579,45.286489
17.795467,45.285438
17.794514,45.285663
17.793231,45.287487
17.803604,45.286124
17.798907,45.2862
17.797907,45.285148
17.798782,45.287227
17.790378,45.282167
17.7901,45.282011
17.801131,45.283531
17.800561,45.283548
17.800263,45.283526
17.795491,45.28386
17.797946,45.286681
17.795932,45.287192
17.801546,45.284253
17.801471,45.283822
17.794918,45.285998
17.795011,45.286498
17.800248,45.288023
17.795964,45.285628
17.79422,45.286363
17.798881,45.288057
17.799174,45.283998
17.795436,45.284166
17.792196,45.282884
17.791112,45.282371
17.789024,45.281668
17.799268,45.283657
17.798813,45.283815
17.794457,45.283434
17.792888,45.282742
17.794561,45.28836
17.801396,45.288447
17.792009,45.284942
17.801689,45.285773
17.801241,45.2849
17.794502,45.287504
17.793835,45.28835
17.796359,45.285093
17.795769,45.285734
17.799719,45.285294
17.798026,45.286088
17.799414,45.28392
17.798987,45.284033
17.791589,45.282547
17.79136,45.282438
17.790917,45.282291
17.799,45.283726
17.796684,45.284099
17.803027,45.286273
17.798076,45.286728
17.795327,45.287654
17.795317,45.284687
17.792607,45.285499
17.791973,45.285592
17.801609,45.284847
17.793909,45.288046
17.792948,45.288381
17.800351,45.288548
17.792702,45.287639
17.802511,45.283792
17.80381,45.284665
17.799463,45.286952
17.79987,45.283841
17.794015,45.283519
17.788569,45.281566
17.799576,45.283588
17.798026,45.284087
17.797847,45.284129
17.794139,45.283287
17.790223,45.281661
17.801267,45.287692
17.798425,45.286673
17.796744,45.287023
17.795684,45.287257
17.794326,45.288645
17.799997,45.285914
17.801776,45.2883
17.79505,45.284076
17.794942,45.285125
17.79331,45.285179
17.793271,45.28544
17.792834,45.285471
17.791736,45.285618
17.801773,45.286201
17.801371,45.285872
17.79696,45.28519
17.795882,45.285311
17.794312,45.286236
17.792249,45.2877
17.804076,45.284861
17.79793,45.285356
17.798383,45.286076
17.799187,45.28731
17.798717,45.286755
17.798649,45.286637
17.795533,45.284222
17.794553,45.283797
17.79245,45.282986
17.790622,45.282195
17.801018,45.283529
17.799398,45.283628
17.79741,45.284187
17.796359,45.284009
17.795848,45.283971
17.793545,45.28302
17.793107,45.28285
17.790546,45.281757
17.78966,45.281504
17.800683,45.286159
17.800151,45.286304
17.796151,45.287122
17.792519,45.285321
17.790724,45.285895
17.797106,45.286304
17.796675,45.285332
17.792494,45.287688
17.803733,45.284941
17.798487,45.285427
17.797464,45.284823
17.797799,45.285544
17.79874,45.286891
17.800047,45.283797
17.793411,45.283289
17.791231,45.282399
17.78967,45.281864
17.800865,45.283551
17.800411,45.283471
17.789834,45.281502
17.801419,45.288019
17.794474,45.28528
17.793858,45.28539
17.793201,45.284605
17.791478,45.285617
17.790726,45.285547
17.796946,45.286396
17.79564,45.286573
17.793577,45.2873
17.798035,45.285766
17.799719,45.283825
17.798642,45.284174
17.795678,45.284214
17.794339,45.283702
17.790256,45.282043
17.793887,45.283176
17.793718,45.28308
17.78844,45.281114
17.800351,45.286614
17.798223,45.287703
17.794501,45.28501
17.790801,45.285697
17.791093,45.285595
17.801113,45.283808
17.795421,45.286616
17.803697,45.285073
17.803914,45.285766
17.798021,45.285583
17.796837,45.284437
17.794094,45.283664
17.792912,45.283119
17.789185,45.281922
17.789213,45.281706
17.798921,45.283772
17.798272,45.28393
17.796107,45.283961
17.795315,45.283778
17.793985,45.28321
17.793419,45.282975
17.804006,45.286829
17.799405,45.286105
17.798429,45.287711
17.791599,45.285603
17.801147,45.284129
17.793172,45.288302
17.796463,45.285411
17.796974,45.285955
17.796897,45.285743
17.796798,45.285542
17.796546,45.284412
17.793013,45.283155
17.79147,45.2825
17.799115,45.283674
17.797697,45.284193
17.797204,45.284258
17.790929,45.281899
17.79656,45.28704
17.795118,45.287784
17.798641,45.287761
17.798002,45.287667
17.791829,45.28523
17.801806,45.285944
17.801223,45.285624
17.801174,45.284263
17.796057,45.286252
17.794921,45.287139
17.795343,45.286092
17.795161,45.286366
17.796209,45.28557
17.792925,45.287582
17.803802,45.28407
17.803591,45.285178
17.803561,45.285283
17.798355,45.284256
17.798152,45.284317
17.790797,45.282263
17.798628,45.28381
17.795725,45.283884
17.795062,45.283647
17.792153,45.282349
17.792084,45.282205
17.790344,45.281717
17.787948,45.280889
17.798117,45.286597
17.797337,45.286753
17.795039,45.28455
17.801268,45.285225
17.795569,45.285824
17.793507,45.288249
17.794799,45.286833
17.794282,45.287699
17.800241,45.288725
17.793951,45.285729
17.804119,45.284462
17.797953,45.284635
17.798013,45.284767
17.798532,45.284244
17.797921,45.284417
17.794704,45.283902
17.791864,45.282745
17.788335,45.281484
17.7998,45.283563
17.798149,45.283992
17.79651,45.28411
17.788918,45.281259
17.788225,45.280935
17.801438,45.28784
17.796992,45.286947
17.792271,45.285521
17.796408,45.284352
17.790342,45.285492
17.80131,45.285397
17.801278,45.285309
17.801242,45.284752
17.794879,45.286662
17.800315,45.288155
17.799016,45.288665
17.794634,45.285634
17.797412,45.286203
17.79726,45.285591
17.803791,45.284149
17.80311,45.28613
17.799597,45.283894
17.799481,45.284144
17.796112,45.284291
17.797067,45.284194
17.795596,45.283878
17.792703,45.282666
17.792509,45.282514
17.789435,45.281358
17.801087,45.287379
17.79768,45.286804
17.794466,45.28857
17.801689,45.285298
17.801213,45.284512
17.79518,45.286861
17.800372,45.288469
17.794292,45.286967
17.793945,45.285969
17.804181,45.284234
17.803796,45.284364
17.804062,45.2847
17.803973,45.285004
17.803755,45.284785
17.798269,45.285164
17.799457,45.285501
17.798788,45.287012
17.792718,45.283025
17.7895,45.281867
17.789378,45.281759
17.79266,45.282555
17.802731,45.286289
17.797827,45.286784
17.797474,45.286724
17.797023,45.286077
17.80413,45.285382
17.798017,45.285665
17.798795,45.287498
17.797012,45.284491
17.791022,45.282336
17.789854,45.281916
17.799998,45.283557
17.796885,45.28422
17.795421,45.283832
17.794745,45.283552
17.794327,45.283338
17.788602,45.281134
17.804416,45.28573
17.80109,45.286309
17.798252,45.286606
17.792262,45.282394
17.794977,45.287884
17.795003,45.288152
17.790855,45.281763
17.803475,45.285439
17.791166,45.285308
17.795074,45.283975
17.792669,45.287232
17.802042,45.286348
17.794147,45.287849
17.800506,45.287549
17.795336,45.28488
17.793896,45.288178
17.793784,45.28702
17.793729,45.286004
17.799015,45.284184
17.80172,45.285871
17.318796,45.441553
17.318512,45.442002
17.619476,45.345579
17.619286,45.345584
17.619741,45.34562
17.207448,45.435226
17.207357,45.435438
17.813613,45.285578
17.19622,45.428892
17.195883,45.450135
17.198162,45.453671
17.198299,45.453597
17.192069,45.440851
17.192048,45.440767
17.192043,45.440604
17.194712,45.428471
17.193615,45.427617
17.191779,45.440355
17.193235,45.449823
17.191964,45.440332
17.188686,45.439537
17.191819,45.442353
17.192167,45.447367
17.194483,45.450978
17.194348,45.45079
17.194248,45.450676
17.194186,45.450541
17.194097,45.450414
17.192373,45.4476
17.192281,45.447498
17.194011,45.450272
17.19486,45.441192
17.194886,45.441275
17.746825,45.25202
17.739225,45.25515
17.738639,45.255712
17.737487,45.256204
17.738787,45.255704
17.738893,45.25533
17.75788,45.250873
17.741571,45.254179
17.740309,45.254706
17.74167,45.254138
17.745038,45.252303
17.757699,45.250429
17.740098,45.254774
17.75923,45.253061
17.746609,45.251274
17.743081,45.253279
17.745673,45.251929
17.757355,45.249844
17.741503,45.254557
17.743924,45.252709
17.738509,45.255776
17.757995,45.251152
17.755764,45.252662
17.742757,45.254023
17.758223,45.25238
17.739919,45.254879
17.739362,45.256508
17.744041,45.25264
17.755168,45.24824
17.739797,45.255319
17.739238,45.256308
17.756388,45.252862
17.741353,45.254606
17.755677,45.248017
17.755987,45.247499
17.7581,45.252175
17.742479,45.253794
17.757092,45.253012
17.733357,45.256594
17.759641,45.253524
17.739383,45.255112
17.757712,45.250619
17.734634,45.255961
17.737826,45.256081
17.754467,45.25215
17.740501,45.255023
17.744418,45.252658
17.75794,45.251711
17.744827,45.252426
17.740853,45.254823
17.735288,45.256085
17.743491,45.253297
17.745476,45.251752
17.738662,45.255448
17.758077,45.251311
17.737721,45.255565
17.737834,45.255473
17.739646,45.255018
17.744866,45.252147
17.742278,45.253878
17.738098,45.255922
17.758454,45.251915
17.738523,45.255483
17.738057,45.256053
17.735603,45.256048
17.748676,45.252002
17.7418,45.254441
17.737563,45.255588
17.742969,45.253351
17.743781,45.252801
17.739673,45.255366
17.736555,45.256356
17.740541,45.254613
17.756637,45.252917
17.757887,45.251602
17.743624,45.253606
17.743286,45.253096
17.757667,45.251341
17.737983,45.255553
17.742794,45.253539
17.740096,45.255195
17.756891,45.248829
17.740689,45.254546
17.739424,45.255451
17.736544,45.255384
17.741643,45.254489
17.739233,45.255515
17.734199,45.256134
17.738267,45.255828
17.744994,45.252056
17.740422,45.255109
17.747623,45.250956
17.743472,45.252969
17.741126,45.254722
17.754929,45.246808
17.758501,45.251989
17.740441,45.254678
17.758161,45.2514
17.742009,45.253998
17.758383,45.252675
17.758307,45.252531
17.741807,45.254099
17.737249,45.255556
17.741234,45.254663
17.740981,45.254771
17.740856,45.255002
17.7406,45.254935
17.754936,45.252264
17.740043,45.254844
17.740266,45.255119
17.73676,45.255406
17.754309,45.252103
17.757041,45.249061
17.745202,45.251893
17.73895,45.255655
17.738114,45.255506
17.744212,45.252844
17.736767,45.256262
17.758307,45.251641
17.737539,45.255787
17.74021,45.254758
17.737128,45.256231
17.744308,45.25244
17.742148,45.253932
17.738401,45.255511
17.744673,45.25223
17.757928,45.251006
17.758483,45.252845
17.754729,45.248774
17.741255,45.254325
17.739095,45.255254
17.744003,45.252906
17.732876,45.257033
17.733895,45.256279
17.73947,45.255071
17.738281,45.255531
17.744941,45.252357
17.757915,45.253163
17.743769,45.253086
17.754721,45.252215
17.739758,45.25496
17.757735,45.24717
17.737051,45.25555
17.743624,45.253154
17.733826,45.256785
17.754989,45.248552
17.758217,45.251521
17.74339,45.253036
17.761074,45.26227
17.761063,45.262353
17.760852,45.262161
17.760892,45.262509
17.760765,45.262221
17.760785,45.262567
17.760557,45.262415
17.76075,45.262725
17.760378,45.262621
17.760587,45.262834
17.760225,45.262773
17.7604,45.263071
17.760473,45.263259
17.760051,45.263003
17.759925,45.263523
17.759965,45.263071
17.759697,45.263792
17.759866,45.263182
17.759551,45.264052
17.7595,45.263467
17.759289,45.264148
17.759507,45.263621
17.759422,45.263706
17.75917,45.264326
17.7593,45.263767
17.75913,45.264405
17.75905,45.264012
17.759033,45.264482
17.758992,45.264115
17.758966,45.264566
17.75886,45.264225
17.758877,45.264635
17.758765,45.264341
17.758664,45.265008
17.75821,45.265505
17.758455,45.264684
17.758166,45.265874
17.758305,45.264836
17.758114,45.264997
17.757939,45.265311
17.757724,45.265742
17.759799,45.263252
17.75879,45.264698
17.753333,45.265535
17.762036,45.258852
17.761965,45.258462
17.203787,45.449089
17.205687,45.44678
17.206484,45.447336
17.206568,45.447276
17.206694,45.447198
17.784302,45.278536
17.783775,45.277861
17.786692,45.280097
17.785254,45.27944
17.784121,45.277688
17.785169,45.278744
17.786881,45.280731
17.784828,45.279082
17.785793,45.279867
17.78621,45.280229
17.784099,45.278183
17.786876,45.280225
17.783999,45.278032
17.784381,45.278607
17.785549,45.27969
17.785452,45.279112
17.786618,45.280505
17.784571,45.278177
17.787414,45.280652
17.784761,45.278973
17.785158,45.279339
17.784209,45.278368
17.784393,45.277875
17.784918,45.279193
17.785403,45.278916
17.786762,45.280645
17.784708,45.27841
17.786482,45.279907
17.785328,45.279519
17.785697,45.279256
17.785779,45.280092
17.786016,45.279458
17.780221,45.278661
17.787196,45.280405
17.785691,45.279786
17.784614,45.278807
17.787581,45.280639
17.786437,45.280361
17.783938,45.277473
17.783858,45.277389
17.783755,45.27733
17.78355,45.277093
17.783851,45.277128
17.783447,45.277052
17.783433,45.276968
17.783318,45.276933
17.783177,45.276834
17.783105,45.276708
17.783604,45.277672
17.7835,45.27757
17.783305,45.277496
17.783148,45.277291
17.782167,45.277748
17.782853,45.277497
17.783018,45.277137
17.782857,45.276944
17.782769,45.276864
17.782677,45.276775
17.782512,45.276717
17.782444,45.276617
17.782297,45.276452
17.781754,45.275109
17.781495,45.274317
17.782091,45.27452
17.781157,45.273867
17.782191,45.275344
17.78179,45.2752
17.781365,45.273652
17.782278,45.275056
17.781762,45.274126
17.781211,45.274084
17.781063,45.273746
17.78216,45.274856
17.781841,45.275342
17.782667,45.276418
17.782608,45.276261
17.782491,45.276142
17.782141,45.275474
17.782023,45.276255
17.781854,45.275759
17.781867,45.275623
17.781378,45.27418
17.781236,45.273963
17.781662,45.27461
17.780904,45.273708
17.781896,45.274376
17.78147,45.273785
17.782105,45.274639
17.782206,45.276392
17.780624,45.27265
17.77959,45.273098
17.780277,45.272375
17.779737,45.272492
17.779792,45.272337
17.780591,45.273136
17.780081,45.272118
17.778672,45.270379
17.779171,45.273618
17.779023,45.270818
17.781146,45.273347
17.779932,45.272539
17.77839,45.270563
17.779038,45.271502
17.780161,45.272182
17.779246,45.271802
17.779098,45.271024
17.781081,45.273248
17.780732,45.272773
17.778527,45.270836
17.779105,45.270911
17.780192,45.272288
17.779427,45.274312
17.780475,45.272522
17.780786,45.273324
17.779566,45.272189
17.779394,45.274119
17.780936,45.273008
17.779297,45.273385
17.779549,45.271539
17.778921,45.271246
17.780702,45.273268
17.780013,45.27265
17.779464,45.271924
17.779819,45.271732
17.77879,45.270618
17.778451,45.27068
17.780078,45.273496
17.778714,45.270532
17.778281,45.270483
17.779126,45.271675
17.779438,45.271414
17.779183,45.271121
17.778924,45.273906
17.779017,45.271353
17.780398,45.272449
17.778708,45.271019
17.779953,45.272014
17.780375,45.273081
17.778292,45.269638
17.778122,45.269402
17.776957,45.267677
17.77738,45.268643
17.77652,45.267746
17.77832,45.269946
17.77667,45.267488
17.777346,45.26881
17.777161,45.268339
17.777416,45.269112
17.777933,45.268882
17.777171,45.267869
17.778075,45.270081
17.777706,45.269506
17.776247,45.267499
17.778161,45.270324
17.77802,45.269156
17.777776,45.26965
17.777592,45.269187
17.777217,45.268544
17.776013,45.26738
17.775694,45.267116
17.777435,45.268042
17.776202,45.267074
17.777844,45.269798
17.777929,45.269867
17.777687,45.269334
17.777513,45.269664
17.776597,45.267797
17.777778,45.268621
17.775557,45.267089
17.778597,45.270188
17.778147,45.269516
17.777065,45.267775
17.776374,45.267639
17.778378,45.270082
17.778264,45.269837
17.769501,45.264038
17.771496,45.26404
17.768617,45.263302
17.770058,45.263986
17.769102,45.26389
17.771264,45.264913
17.769949,45.263872
17.771455,45.265734
17.768511,45.263591
17.770261,45.264568
17.7701,45.264355
17.769204,45.263921
17.768972,45.263775
17.770921,45.265225
17.771514,45.265397
17.771211,45.265542
17.768074,45.263444
17.768324,45.263552
17.768455,45.263288
17.770792,45.265083
17.77105,45.264671
17.768749,45.263381
17.770449,45.264198
17.770262,45.264088
17.769581,45.263764
17.769868,45.265197
17.771114,45.264751
17.771489,45.265284
17.77103,45.265327
17.770503,45.265049
17.770349,45.264626
17.768769,45.263745
17.772131,45.263336
17.774812,45.266509
17.774604,45.266455
17.772836,45.266497
17.772409,45.266353
17.772543,45.266486
17.772126,45.265803
17.772213,45.266295
17.77299,45.266498
17.773679,45.266195
17.77327,45.266223
17.771945,45.266278
17.771297,45.265902
17.772424,45.266104
17.773398,45.266469
17.775302,45.266638
17.771619,45.266343
17.774176,45.266226
17.774183,45.266671
17.771833,45.265599
17.773422,45.266244
17.774824,45.266914
17.772672,45.266091
17.77522,45.266884
17.775058,45.266915
17.77503,45.266555
17.77365,45.266574
17.771131,45.266001
17.766906,45.262612
17.764168,45.261211
17.763265,45.259766
17.76711,45.263454
17.766372,45.262386
17.764347,45.261802
17.766273,45.262653
17.766661,45.262792
17.765175,45.262152
17.765725,45.262362
17.764469,45.261546
17.767835,45.263271
17.767555,45.263159
17.767344,45.263061
17.766569,45.262754
17.767913,45.263022
17.763869,45.260731
17.76548,45.262018
17.765365,45.262272
17.764977,45.26178
17.766585,45.263977
17.766591,45.263548
17.765919,45.262533
17.764765,45.261982
17.764507,45.261912
17.767198,45.262714
17.768057,45.263098
17.766976,45.262993
17.766845,45.262845
17.764248,45.26179
17.767769,45.262977
17.763661,45.260511
17.767034,45.26353
17.765357,45.262177
17.766209,45.262597
17.766169,45.262319
17.765793,45.262099
17.763691,45.261607
17.766599,45.262396
17.7648,45.261711
17.767173,45.262983
17.766383,45.262721
17.767578,45.262836
17.766036,45.262231
17.765285,45.261912
17.763703,45.261286
17.767338,45.262757
17.763902,45.261691
17.775968,45.259086
17.77606,45.260342
17.714648,45.331693
17.662569,45.321527
17.71844,45.305989
17.888021,45.415297
17.896299,45.410987
17.901081,45.409241
17.884211,45.415759
17.885806,45.415362
17.886347,45.415605
17.885726,45.416209
17.887391,45.415649
17.887011,45.413487
17.883477,45.416298
17.885467,45.415822
17.885762,45.41577
17.888045,45.414604
17.89141,45.413637
17.89856,45.40982
17.895839,45.411891
17.896358,45.411597
17.884453,45.415713
17.886882,45.414576
17.884664,45.415961
17.884799,45.415943
17.88667,45.41604
17.891244,45.414217
17.89418,45.412839
17.896018,45.411782
17.897066,45.411029
17.898926,45.41007
17.88478,45.415621
17.883588,45.416307
17.883967,45.416196
17.886287,45.415849
17.90087,45.408837
17.901525,45.408817
17.891643,45.414045
17.89505,45.413002
17.884624,45.41567
17.891286,45.413719
17.892122,45.413058
17.892946,45.413523
17.893471,45.413103
17.893277,45.41306
17.899193,45.409977
17.88495,45.415597
17.885544,45.415447
17.883757,45.416236
17.899827,45.409341
17.900552,45.408995
17.891055,45.41433
17.890231,45.414691
17.886967,45.415426
17.885772,45.415951
17.894669,45.412271
17.895259,45.413126
17.89944,45.409861
17.886513,45.416088
17.89458,45.412378
17.888618,45.415072
17.892293,45.413914
17.884284,45.416095
17.887838,45.415345
17.891424,45.414143
17.889971,45.414797
17.898576,45.41027
17.884046,45.415811
17.887678,45.415455
17.890759,45.413976
17.894438,45.412423
17.898373,45.409882
17.889766,45.414844
17.895671,45.411999
17.901256,45.409175
17.902894,45.409344
17.886418,45.415311
17.885055,45.41588
17.887287,45.415344
17.891901,45.413259
17.890945,45.414385
17.889583,45.414907
17.897993,45.410384
17.88606,45.414373
17.892943,45.412656
17.894985,45.411992
17.898706,45.409761
17.901477,45.40915
17.888201,45.415181
17.889227,45.415029
17.888813,45.415049
17.894469,45.412795
17.89643,45.411481
17.899632,45.409801
17.896838,45.411197
17.886586,45.415507
17.891587,45.413457
17.89533,45.411792
17.895656,45.412712
17.8949,45.412069
17.898074,45.409942
17.900023,45.409305
17.895568,45.412086
17.898775,45.410147
17.903032,45.409565
17.890982,45.41389
17.894782,45.412134
17.895188,45.411511
17.894644,45.412689
17.89484,45.412538
17.892565,45.412794
17.899518,45.409485
17.889365,45.415017
17.892829,45.413594
17.90328,45.40977
17.898394,45.410289
17.899843,45.409765
17.890406,45.414648
17.889021,45.415014
17.891854,45.413976
17.895519,45.412575
17.890772,45.414509
17.884116,45.418102
17.883939,45.418095
17.881772,45.417696
17.881847,45.417805
17.885499,45.41649
17.882291,45.421226
17.882722,45.421043
17.880845,45.417659
17.882365,45.416927
17.881692,45.421275
17.881477,45.417361
17.878592,45.419353
17.878485,45.419108
17.8833,45.42053
17.884955,45.417659
17.886039,45.416546
17.881172,45.418451
17.880029,45.419041
17.883434,45.421429
17.883164,45.420295
17.883443,45.418204
17.884202,45.418031
17.885186,45.4175
17.881833,45.418862
17.882732,45.420769
17.880272,45.418298
17.878392,45.418756
17.883322,45.418837
17.885833,45.416914
17.8798,45.419739
17.874776,45.418776
17.874914,45.419236
17.874464,45.41984
17.882621,45.420595
17.882545,45.419857
17.88273,45.41679
17.883537,45.418021
17.884417,45.417955
17.88478,45.417488
17.886587,45.416416
17.879567,45.419359
17.874931,45.419817
17.882625,45.421174
17.882016,45.419152
17.885491,45.416602
17.880445,45.419367
17.880066,45.420684
17.874465,45.420162
17.882693,45.419108
17.88161,45.418753
17.880071,45.418506
17.881569,45.417129
17.883636,45.422271
17.88345,45.421611
17.883285,45.4196
17.88051,45.420947
17.882707,45.41933
17.878861,45.419707
17.878719,45.418725
17.882882,45.41853
17.88331,45.418353
17.885973,45.416675
17.880621,45.420353
17.879428,45.418929
17.881344,45.421796
17.880441,45.420812
17.880868,45.421947
17.88051,45.421619
17.874909,45.419081
17.874851,45.420289
17.88243,45.421428
17.882513,45.420245
17.881859,45.419143
17.880098,45.418756
17.880999,45.41754
17.882541,45.41688
17.883352,45.421088
17.883899,45.417821
17.881142,45.421486
17.874053,45.418787
17.882782,45.421509
17.881469,45.417508
17.883533,45.421781
17.883442,45.421255
17.883385,45.421191
17.883278,45.420676
17.885331,45.416827
17.880475,45.421083
17.880997,45.421193
17.882096,45.421462
17.881663,45.417612
17.883605,45.421934
17.883147,45.418489
17.879471,45.419074
17.881231,45.42114
17.882717,45.420906
17.882678,45.419511
17.883633,45.422063
17.883205,45.419334
17.885231,45.417857
17.885626,45.417213
17.885691,45.417105
17.880934,45.421124
17.879371,45.418801
17.874936,45.419673
17.882507,45.419056
17.882649,45.419797
17.880666,45.417794
17.883326,45.418609
17.883865,45.418211
17.884374,45.417639
17.885234,45.417049
17.885442,45.417352
17.879664,45.41945
17.880214,45.420482
17.882555,45.419604
17.880457,45.417977
17.88145,45.417222
17.883311,45.419786
17.883716,45.417919
17.884078,45.417688
17.8846,45.417814
17.880616,45.420206
17.880702,45.420648
17.879261,45.418562
17.880852,45.4209
17.881651,45.421883
17.880597,45.421418
17.881545,45.421475
17.882647,45.419986
17.881743,45.416973
17.883316,45.42085
17.883277,45.420778
17.883223,45.420399
17.883369,45.419464
17.883292,45.419188
17.88325,45.419036
17.879306,45.418686
17.880029,45.420049
17.88013,45.420245
17.883263,45.420999
17.883335,45.420191
17.88342,45.420055
17.883269,45.418928
17.883506,45.41843
17.884578,45.417511
17.886126,45.416406
17.879612,45.419226
17.874908,45.418938
17.881274,45.421665
17.874922,45.419539
17.879721,45.419647
17.879956,45.419863
17.880763,45.421707
17.874916,45.419382
17.874168,45.419713
17.874816,45.420599
17.874058,45.418934
17.874124,45.419403
17.882396,45.428137
17.875924,45.423185
17.881804,45.422629
17.881909,45.422576
17.883245,45.427261
17.882774,45.427335
17.884537,45.424636
17.884378,45.424258
17.884132,45.423891
17.884108,45.423694
17.881369,45.42865
17.882054,45.424687
17.885043,45.425375
17.884412,45.424393
17.883601,45.429565
17.88297,45.427281
17.884066,45.423555
17.883663,45.422469
17.881622,45.429524
17.882603,45.427477
17.880773,45.424941
17.884229,45.42389
17.884547,45.423877
17.880044,45.423487
17.885434,45.425536
17.884032,45.423407
17.883032,45.425781
17.882388,45.4287
17.880143,45.425015
17.88015,45.424251
17.880787,45.425977
17.881661,45.426352
17.889015,45.429014
17.889619,45.429148
17.890749,45.429733
17.886632,45.428198
17.884856,45.426696
17.8808,45.427756
17.880391,45.430072
17.881115,45.4296
17.877892,45.423098
17.882153,45.426645
17.879852,45.423685
17.883492,45.423977
17.88379,45.424531
17.883982,45.42445
17.882751,45.425316
17.883798,45.427427
17.88257,45.424
17.879538,45.423956
17.879599,45.424047
17.87973,45.424505
17.880256,45.42513
17.881094,45.426812
17.882094,45.428106
17.876792,45.422461
17.885009,45.428815
17.881133,45.428911
17.878587,45.423623
17.882765,45.426745
17.880456,45.423048
17.884217,45.425869
17.881408,45.423047
17.881954,45.424031
17.883138,45.426091
17.882755,45.429569
17.882814,45.42979
17.882454,45.42902
17.879194,45.423737
17.881287,45.426664
17.876829,45.423048
17.888425,45.429014
17.889689,45.429043
17.88787,45.428878
17.882387,45.427599
17.878459,45.423536
17.884612,45.425272
17.884121,45.423167
17.881857,45.423835
17.88243,45.424766
17.882516,45.424935
17.88329,45.42621
17.883417,45.426712
17.883902,45.427957
17.88296,45.422757
17.881437,45.430194
17.886299,45.428666
17.88697,45.428495
17.878552,45.429324
17.875597,45.423075
17.881657,45.428985
17.878927,45.423667
17.881547,45.424971
17.885009,45.423995
17.880238,45.423236
17.884467,45.425227
17.88453,45.425145
17.884452,45.424491
17.884302,45.425452
17.884289,45.42596
17.882924,45.429431
17.879099,45.423535
17.880381,45.425794
17.880442,45.426097
17.880522,45.426326
17.88106,45.427093
17.881276,45.4276
17.880684,45.425108
17.88133,45.426709
17.882737,45.422711
17.881453,45.430125
17.885007,45.427109
17.881095,45.422725
17.881151,45.424671
17.884767,45.423756
17.879946,45.423608
17.884514,45.424711
17.884121,45.423793
17.884351,45.426377
17.881746,45.423753
17.881961,45.424121
17.882826,45.42544
17.883745,45.427696
17.882384,45.423639
17.883373,45.427996
17.882524,45.429473
17.880106,45.424854
17.880421,45.425963
17.882012,45.428271
17.880668,45.425185
17.880775,45.425809
17.880883,45.426169
17.888823,45.429021
17.878195,45.423276
17.880983,45.424735
17.883603,45.429209
17.883718,45.429888
17.881846,45.422777
17.881997,45.42299
17.882178,45.423198
17.882371,45.423524
17.882637,45.42411
17.882886,45.429994
17.877785,45.422886
17.881125,45.426972
17.880549,45.424813
17.882112,45.429992
17.879848,45.428237
17.878708,45.429226
17.878304,45.423451
17.881764,45.424575
17.882459,45.426727
17.883991,45.422984
17.883853,45.422795
17.883563,45.429052
17.883725,45.429715
17.883545,45.424843
17.883998,45.424695
17.882437,45.423747
17.88317,45.424594
17.882426,45.428924
17.882318,45.429383
17.880322,45.425334
17.880911,45.426961
17.881618,45.430005
17.881523,45.42981
17.88509,45.429173
17.885718,45.42766
17.887372,45.428592
17.875187,45.423905
17.881086,45.429159
17.884601,45.424929
17.884542,45.424833
17.883335,45.423791
17.883437,45.428907
17.884406,45.426199
17.882962,45.425689
17.882547,45.423882
17.883661,45.425369
17.882339,45.430149
17.876149,45.42204
17.880499,45.424749
17.881504,45.426926
17.882179,45.427747
17.881035,45.429781
17.886608,45.429898
17.886595,45.428745
17.884866,45.426836
17.880093,45.427878
17.880153,45.423342
17.883203,45.426399
17.882264,45.423377
17.87727,45.423145
17.877076,45.423071
17.881877,45.424551
17.88445,45.424082
17.883713,45.430112
17.884073,45.425598
17.884444,45.425645
17.881774,45.423628
17.881917,45.423908
17.882516,45.430055
17.879348,45.42378
17.880022,45.424679
17.880042,45.424054
17.880262,45.424493
17.880965,45.425543
17.88101,45.426259
17.884829,45.426531
17.884854,45.426613
17.8808,45.424798
17.883738,45.42263
17.884343,45.426072
17.881608,45.423429
17.88286,45.424508
17.88355,45.425067
17.882444,45.429129
17.880436,45.426531
17.883081,45.422942
17.886233,45.429104
17.886849,45.429876
17.889228,45.429015
17.886027,45.428059
17.88537,45.427469
17.885117,45.425761
17.883796,45.428288
17.883597,45.424547
17.882948,45.425565
17.883142,45.425979
17.88322,45.424996
17.882791,45.429707
17.882459,45.42962
17.878782,45.423327
17.877046,45.422552
17.8794,45.423914
17.879947,45.423771
17.880745,45.425678
17.881284,45.426536
17.881707,45.427202
17.886735,45.429637
17.888589,45.429023
17.890785,45.429404
17.881531,45.423217
17.881709,45.423531
17.882019,45.424203
17.882159,45.424303
17.883007,45.424757
17.879799,45.424341
17.880371,45.425475
17.881057,45.426715
17.880237,45.424371
17.880814,45.425434
17.886666,45.429492
17.886585,45.429302
17.886992,45.429584
17.88583,45.427779
17.886448,45.427787
17.886065,45.428267
17.88516,45.426247
17.876476,45.423042
17.883291,45.424674
17.88129,45.422879
17.882646,45.425109
17.882478,45.429247
17.8804,45.42564
17.881063,45.426417
17.882643,45.422523
17.885116,45.426121
17.885288,45.427353
17.885542,45.427537
17.879724,45.428445
17.883973,45.425502
17.883746,45.427109
17.883766,45.425129
17.879754,45.424214
17.879999,45.423919
17.880237,45.424141
17.88032,45.424608
17.881307,45.42994
17.886135,45.428425
17.884949,45.426977
17.878904,45.429181
17.881055,45.422304
17.887109,45.428918
17.877289,45.422531
17.882801,45.428818
17.881381,45.429586
17.880778,45.42534
17.882841,45.429002
17.875501,45.42415
17.872181,45.425176
17.882977,45.431893
17.881925,45.43174
17.883164,45.432906
17.883606,45.433863
17.884219,45.43384
17.884314,45.432987
17.882308,45.431796
17.883279,45.430805
17.885403,45.431271
17.885216,45.431542
17.884068,45.4306
17.884245,45.432719
17.881277,45.431515
17.88532,45.432529
17.885011,45.430532
17.88379,45.431631
17.884304,45.431953
17.883071,45.430258
17.883326,45.43342
17.884192,45.432625
17.884472,45.433606
17.883297,45.430653
17.8851,45.431724
17.885001,45.431827
17.88347,45.433802
17.883821,45.430943
17.88423,45.435338
17.884314,45.435851
17.884446,45.436847
17.882499,45.430542
17.881493,45.431529
17.883044,45.430378
17.885119,45.430492
17.884841,45.434965
17.882568,45.431818
17.883688,45.431389
17.881475,45.431742
17.884894,45.431
17.884869,45.431347
17.885319,45.432324
17.882983,45.432456
17.883264,45.43304
17.88379,45.430432
17.88424,45.431034
17.881807,45.431591
17.885607,45.431021
17.885185,45.432149
17.885337,45.432737
17.884765,45.434424
17.883342,45.431967
17.882849,45.432127
17.884265,45.431722
17.884239,45.43232
17.8844,45.433383
17.88169,45.430548
17.881793,45.431041
17.884923,45.430906
17.884579,45.430523
17.883517,45.431822
17.884086,45.433092
17.884407,45.433154
17.881634,45.431318
17.881912,45.431489
17.885804,45.430811
17.885296,45.431407
17.884814,45.434641
17.8846,45.435647
17.883135,45.433533
17.883224,45.431465
17.883575,45.432245
17.884192,45.433702
17.884121,45.430819
17.884497,45.434121
17.884311,45.436046
17.881812,45.430784
17.883455,45.431603
17.88403,45.432359
17.884293,45.432845
17.884936,45.435172
17.882491,45.43204
17.883665,45.432509
17.883724,45.434011
17.88408,45.431043
17.884065,45.431131
17.884097,45.431546
17.884509,45.43246
17.88228,45.430814
17.884834,45.430501
17.883723,45.430561
17.88355,45.431108
17.884525,45.433793
17.882209,45.430434
17.884912,45.435038
17.883869,45.432812
17.884093,45.433364
17.883925,45.431895
17.885046,45.430733
17.885349,45.431866
17.883988,45.432914
17.884382,45.43621
17.881839,45.430411
17.884868,45.431142
17.885454,45.431124
17.885175,45.432033
17.884835,45.434864
17.884691,45.435389
17.882734,45.430365
17.88283,45.430852
17.886009,45.430916
17.884742,45.434269
17.885006,45.434181
17.873328,45.432835
17.861959,45.41763
17.861133,45.417526
17.861008,45.419272
17.860668,45.415179
17.863215,45.416275
17.862154,45.415129
17.86044,45.415131
17.861236,45.417658
17.861113,45.418708
17.862237,45.41481
17.862374,45.415141
17.861223,45.418072
17.861201,45.418179
17.861944,45.417786
17.861156,45.41739
17.861953,45.418097
17.861242,45.415301
17.861317,45.416118
17.86197,45.41727
17.860776,45.419034
17.856489,45.413493
17.861951,45.417466
17.86185,45.415173
17.861185,45.417786
17.861182,45.418326
17.860161,45.415133
17.861121,45.418458
17.861224,45.418873
17.860851,45.415613
17.861968,45.416979
17.869069,45.411882
17.866353,45.413053
17.866628,45.413874
17.86835,45.414555
17.861977,45.418244
17.865425,45.411945
17.86196,45.41863
17.868679,45.414604
17.867825,45.41469
17.866756,45.414669
17.869102,45.414024
17.854963,45.385626
17.859078,45.382231
17.859167,45.384487
17.860244,45.384251
17.859871,45.384376
17.860707,45.384169
17.860267,45.384531
17.860709,45.384432
17.860007,45.384613
17.859701,45.384736
17.858516,45.384642
17.858918,45.384908
17.858029,45.384788
17.858454,45.385055
17.857601,45.384996
17.857714,45.38519
17.856784,45.385476
17.857137,45.385338
17.85665,45.385227
17.856998,45.385124
17.856489,45.385532
17.856363,45.385296
17.855962,45.385779
17.856188,45.385334
17.85539,45.385836
17.855766,45.385463
17.854665,45.386042
17.855609,45.385486
17.854551,45.386022
17.854532,45.385799
17.85439,45.385806
17.854147,45.385899
17.853872,45.385953
17.852858,45.386383
17.859924,45.383049
17.864204,45.384613
17.861959,45.385569
17.864212,45.38405
17.859794,45.382844
17.862155,45.385866
17.862025,45.385682
17.862306,45.386026
17.862364,45.386289
17.86255,45.386533
17.86257,45.386584
17.862318,45.38619
17.862623,45.38675
17.859129,45.384563
17.91399,45.406824
17.825608,45.391105
17.83365,45.385685
17.834165,45.385083
17.826045,45.389686
17.844675,45.380889
17.843069,45.378905
17.842809,45.379859
17.842912,45.380043
17.84412,45.381067
17.842897,45.378376
17.842899,45.377773
17.842918,45.37758
17.844537,45.380999
17.842779,45.378668
17.844952,45.380984
17.842552,45.379104
17.845161,45.380935
17.842426,45.379773
17.845684,45.380854
17.846071,45.381348
17.845823,45.381025
17.846146,45.381867
17.846255,45.382073
17.842596,45.380261
17.846274,45.382221
17.842623,45.380442
17.842821,45.380897
17.846211,45.383126
17.846306,45.382905
17.844317,45.381258
17.846167,45.383507
17.844577,45.381318
17.849772,45.382745
17.845558,45.381204
17.845817,45.38181
17.844839,45.381253
17.847228,45.379262
17.845863,45.381965
17.845944,45.382272
17.845912,45.38277
17.845702,45.383007
17.834268,45.384845
17.826863,45.388225
17.829676,45.38594
17.824972,45.389094
17.828494,45.387827
17.834104,45.382837
17.834093,45.382979
17.829226,45.385943
17.829032,45.386635
17.834314,45.384611
17.829713,45.38615
17.830028,45.387961
17.8347,45.380984
17.834619,45.380381
17.83431,45.381538
17.834193,45.38263
17.834273,45.384482
17.825064,45.389953
17.826267,45.389009
17.834156,45.384946
17.828314,45.387427
17.829198,45.386842
17.828225,45.387991
17.833762,45.3838
17.830811,45.384772
17.83497,45.383763
17.828515,45.386209
17.832753,45.376278
17.834593,45.380111
17.834208,45.384169
17.834131,45.385163
17.825867,45.388777
17.829041,45.387273
17.833891,45.384446
17.827709,45.387611
17.834161,45.386063
17.834113,45.386348
17.823347,45.389791
17.833851,45.38404
17.831907,45.384545
17.834199,45.383681
17.824779,45.389225
17.828001,45.38805
17.826117,45.389404
17.834356,45.38189
17.834125,45.38398
17.83417,45.385662
17.834154,45.385845
17.8292,45.387136
17.827692,45.388073
17.833739,45.385837
17.832124,45.384475
17.833808,45.38252
17.834277,45.381708
17.833668,45.385125
17.834296,45.382144
17.834206,45.383557
17.831367,45.384583
17.829308,45.385661
17.826142,45.388563
17.834593,45.379924
17.833839,45.382034
17.83375,45.385318
17.83415,45.383289
17.828392,45.387371
17.82654,45.38845
17.824407,45.389415
17.825193,45.389548
17.826635,45.388703
17.833826,45.383012
17.834359,45.382069
17.829074,45.386362
17.829355,45.386702
17.824585,45.389337
17.826035,45.389071
17.834078,45.379852
17.834324,45.381406
17.834143,45.382417
17.834249,45.38434
17.828782,45.387007
17.829496,45.386439
17.82742,45.387859
17.845924,45.382467
17.845743,45.383241
17.826385,45.388544
17.196835,45.439578
17.159858,45.432168
17.161569,45.432818
17.866186,45.431398
17.86472,45.434977
17.864813,45.434465
17.864394,45.434681
17.857814,45.432818
17.857153,45.433951
17.85725,45.435011
17.864953,45.433102
17.864928,45.433538
17.860184,45.434628
17.858341,45.432607
17.857481,45.434353
17.856804,45.435349
17.866765,45.4316
17.865475,45.432109
17.865154,45.432807
17.858101,45.434279
17.857044,45.435176
17.859953,45.434287
17.859215,45.433416
17.85832,45.431745
17.85797,45.43193
17.857519,45.435863
17.865285,45.43202
17.865204,45.43355
17.85924,45.434322
17.859113,45.43283
17.858145,45.434105
17.864952,45.433289
17.86012,45.434393
17.857969,45.432443
17.857877,45.434372
17.86557,45.431875
17.860548,45.433399
17.85878,45.432455
17.865005,45.432434
17.858671,45.432847
17.856485,45.435788
17.858818,45.433585
17.857396,45.434074
17.857715,45.434695
17.85764,45.435462
17.865191,45.432313
17.861217,45.43319
17.857464,45.433878
17.85786,45.434575
17.857472,45.435614
17.865523,45.432315
17.865331,45.432778
17.864797,45.435146
17.858885,45.433253
17.858383,45.432771
17.858143,45.433375
17.857106,45.433671
17.856961,45.433941
17.856832,45.43558
17.864828,45.434324
17.864356,45.435045
17.858453,45.432227
17.864288,45.435161
17.865188,45.431881
17.865036,45.433005
17.857866,45.433058
17.865343,45.433134
17.864825,45.433682
17.859129,45.434027
17.858812,45.433033
17.857751,45.433184
17.857564,45.434918
17.864674,45.435468
17.857685,45.433258
17.843221,45.428497
17.844232,45.429589
17.84389,45.430946
17.843035,45.431665
17.841649,45.427162
17.843444,45.428747
17.843956,45.429348
17.844261,45.430134
17.843257,45.431371
17.842597,45.432421
17.843468,45.428341
17.844144,45.429861
17.84292,45.432504
17.842454,45.4328
17.84371,45.429583
17.844304,45.430384
17.844765,45.431207
17.843073,45.428786
17.843055,45.432358
17.84445,45.430774
17.843999,45.430702
17.844119,45.430504
17.843064,45.431761
17.844904,45.431346
17.844159,45.428236
17.844508,45.430353
17.843849,45.431081
17.843156,45.431156
17.843183,45.431495
17.843627,45.431351
17.84369,45.429897
17.843683,45.430845
17.843482,45.431519
17.843248,45.432011
17.843437,45.431045
17.84405,45.428708
17.843393,45.429117
17.843655,45.429006
17.844237,45.430826
17.84402,45.428982
17.843231,45.428934
17.842807,45.432027
17.844179,45.430255
17.842848,45.431939
17.845027,45.431421
17.842471,45.432976
17.843157,45.431084
17.84827,45.431717
17.865098,45.430454
17.822694,45.293666
17.191296,45.436897
17.191428,45.436946
17.647059,45.329346
17.647445,45.329403
17.644782,45.329106
17.644748,45.328936
17.649512,45.329459
17.649037,45.329464
17.647933,45.329488
17.648583,45.329478
17.645011,45.329018
17.646764,45.329297
17.649233,45.32947
17.64828,45.329247
17.648817,45.329448
17.646562,45.32926
17.646926,45.329318
17.645795,45.329286
17.646392,45.329119
17.647197,45.329363
17.648083,45.329496
17.647637,45.329439
17.195229,45.432635
17.790006,45.289965
17.813245,45.288125
17.716961,45.330371
17.193563,45.432765
17.765515,45.32216
17.843245,45.237622
17.194264,45.431644
17.20192,45.45214
17.202334,45.451753
17.693085,45.385094
17.225005,45.460639
17.225166,45.46064
17.225305,45.460642
17.195928,45.456734
17.245065,45.46656
17.226581,45.460279
17.186484,45.431369
17.186661,45.43131
17.803998,45.286063
17.228826,45.460046
17.196073,45.444139
17.19618,45.429901
17.721734,45.332121
17.83373,45.384923
17.796653,45.335262
17.77598,45.315878
17.775938,45.315992
17.775791,45.316136
17.785916,45.330845
17.192672,45.438695
17.192717,45.438871
17.192658,45.438575
17.19268,45.43879
17.192845,45.438797
17.192975,45.438651
17.193637,45.429743
17.193531,45.429387
17.197234,45.450941
17.18832,45.428596
17.191057,45.43558
17.190303,45.435989
17.196542,45.440337
17.194405,45.45091
17.869145,45.423975
17.801181,45.289498
17.86712,45.414585
17.867443,45.414654
17.227972,45.461219
17.193712,45.438885
17.194213,45.438459
17.193993,45.438602
17.741636,45.287635
17.766334,45.2641
17.81241,45.309818
17.799136,45.286305
17.799419,45.286273
17.401816,45.465587
17.854268,45.386214
17.853672,45.386281
17.63793,45.300559
17.204424,45.470343
17.322085,45.461571
17.869895,45.42317
17.795618,45.287548
17.2228,45.434016
17.701606,45.300935
17.772301,45.302209
17.812268,45.309979
17.867352,45.414445
17.224488,45.456357
17.224167,45.456324
17.342249,45.482226
17.208075,45.451044
17.199257,45.443738
17.776605,45.314686
17.776778,45.31458
17.777491,45.314025
17.223904,45.456065
17.676503,45.314872
17.195197,45.432422
17.797319,45.294468
17.810689,45.283862
17.716808,45.335952
17.691919,45.324136
17.691325,45.32369
17.69097,45.323534
17.692076,45.3232
17.692372,45.323299
17.692357,45.322389
17.693332,45.321545
17.6937,45.320948
17.693654,45.320845
17.692791,45.320391
17.692294,45.320252
17.691929,45.319802
17.691325,45.319691
17.690371,45.319823
17.693998,45.321069
17.694096,45.320902
17.693929,45.320322
17.694386,45.320243
17.694152,45.319261
17.693948,45.31906
17.692918,45.318566
17.692922,45.318349
17.693227,45.317693
17.693105,45.317606
17.693029,45.317554
17.692671,45.317434
17.692546,45.317041
17.692447,45.316659
17.692309,45.316055
17.694142,45.321698
17.694752,45.321736
17.694166,45.322966
17.695289,45.322615
17.69519,45.323276
17.695607,45.323169
17.696443,45.323384
17.696623,45.323216
17.696972,45.323183
17.698184,45.322106
17.698346,45.322242
17.698903,45.3229
17.699061,45.323134
17.699161,45.323247
17.699528,45.323521
17.699516,45.323716
17.700899,45.32432
17.702726,45.326922
17.81008,45.304687
17.882575,45.416097
17.883489,45.415335
17.8832,45.415744
17.883185,45.415611
17.882229,45.416255
17.883464,45.415539
17.883202,45.415492
17.881849,45.416543
17.882408,45.416186
17.882761,45.416019
17.881425,45.416265
17.883238,45.415274
17.882112,45.416371
17.874168,45.417428
17.875434,45.416527
17.875681,45.415701
17.875853,45.416179
17.875034,45.416184
17.874419,45.416514
17.877974,45.417853
17.876478,45.415711
17.874822,45.416202
17.876952,45.418428
17.880555,45.41725
17.875432,45.415726
17.875638,45.416503
17.878332,45.418442
17.875023,45.415732
17.87747,45.417952
17.876679,45.415752
17.875818,45.415738
17.874191,45.417035
17.87605,45.41649
17.874115,45.416584
17.878043,45.41558
17.875309,45.417678
17.874866,45.41785
17.874864,45.418142
17.877577,45.418265
17.877089,45.416751
17.875039,45.417052
17.876883,45.416506
17.87831,45.415877
17.876492,45.415279
17.877858,45.417568
17.878091,45.417349
17.875865,45.41706
17.875219,45.417023
17.878128,45.416508
17.878316,45.416879
17.874838,45.417394
17.874845,45.417576
17.874863,45.418002
17.876699,45.417695
17.879112,45.418384
17.875871,45.418423
17.878673,45.417507
17.876289,45.415294
17.878126,45.418299
17.877903,45.417705
17.875439,45.417055
17.876474,45.416201
17.87769,45.415726
17.878024,45.415326
17.876303,45.417813
17.876673,45.417057
17.875634,45.417034
17.874825,45.417051
17.876051,45.416212
17.876532,45.418415
17.875167,45.415299
17.875018,45.415419
17.876326,45.417673
17.876691,45.417982
17.876295,45.417953
17.876261,45.415741
17.874659,45.41572
17.876486,45.417018
17.874613,45.417057
17.875637,45.416203
17.8753,45.41753
17.875312,45.417996
17.874871,45.418285
17.8767,45.417372
17.877516,45.418086
17.877878,45.417351
17.876661,45.416525
17.876255,45.416538
17.875854,45.416533
17.875235,45.416202
17.877826,45.414983
17.878738,45.417674
17.874684,45.418413
17.877605,45.418419
17.876077,45.415716
17.876893,45.41703
17.876256,45.416179
17.876095,45.418419
17.877583,45.415517
17.878018,45.416365
17.878286,45.415997
17.878873,45.416959
17.878719,45.417852
17.875306,45.417376
17.875678,45.415305
17.878082,45.418149
17.87707,45.417044
17.87604,45.417031
17.875942,45.415354
17.876307,45.417375
17.880391,45.417125
17.878032,45.418004
17.874825,45.415699
17.876249,45.417052
17.874457,45.417379
17.876464,45.416506
17.878505,45.416324
17.875315,45.418153
17.876321,45.417517
17.876796,45.41611
17.87544,45.416185
17.87522,45.416505
17.874623,45.416187
17.877728,45.415832
17.878201,45.415782
17.87856,45.416514
17.879171,45.418343
17.875343,45.418422
17.877003,45.41528
17.877749,45.414824
17.877845,45.416018
17.878365,45.416122
17.878245,45.416726
17.8758,45.415296
17.875319,45.418302
17.877489,45.415347
17.87543,45.415305
17.87765,45.414616
17.878181,45.416621
17.878428,45.417077
17.878613,45.417393
17.874851,45.417708
17.874037,45.418161
17.876748,45.418427
17.876963,45.417387
17.874031,45.418298
17.874027,45.418429
17.87631,45.418421
17.877368,45.414134
17.875306,45.417839
17.874015,45.417865
17.877206,45.414929
17.876697,45.417841
17.8792,45.415857
17.877357,45.4162
17.806268,45.274863
17.801433,45.281419
17.8,45.281382
17.805171,45.27868
17.804797,45.278684
17.804233,45.277898
17.803981,45.278127
17.805142,45.279004
17.804561,45.278516
17.805043,45.279709
17.805463,45.279689
17.806758,45.27718
17.799875,45.282076
17.805227,45.280341
17.805547,45.279428
17.805776,45.279037
17.801674,45.28203
17.801879,45.282068
17.802914,45.282425
17.803117,45.282427
17.805003,45.278893
17.804348,45.278016
17.804915,45.281845
17.80006,45.282045
17.803102,45.282032
17.803391,45.282058
17.80488,45.278774
17.804588,45.282564
17.800671,45.282432
17.804721,45.278317
17.804484,45.278113
17.804523,45.282715
17.799872,45.282455
17.804928,45.281367
17.80631,45.27814
17.800861,45.282036
17.802163,45.282074
17.80021,45.281386
17.801629,45.281433
17.804458,45.278433
17.804456,45.282892
17.805007,45.281246
17.805255,45.280535
17.805987,45.278642
17.80026,45.282073
17.802104,45.28245
17.799794,45.281386
17.804094,45.278213
17.804724,45.282048
17.806255,45.278247
17.799677,45.282045
17.80026,45.282437
17.801268,45.282029
17.801468,45.282073
17.802578,45.282064
17.80298,45.282063
17.803523,45.282005
17.799662,45.281402
17.804632,45.278225
17.80603,45.278489
17.80045,45.282033
17.801287,45.282451
17.800418,45.281397
17.804861,45.278405
17.803709,45.277866
17.80489,45.281949
17.804954,45.28164
17.805601,45.279349
17.806863,45.276982
17.799829,45.281591
17.802509,45.282446
17.803521,45.282442
17.804113,45.277799
17.806609,45.277585
17.800877,45.282448
17.801088,45.282449
17.803328,45.282444
17.805128,45.280807
17.805912,45.278786
17.806494,45.277885
17.80047,45.282436
17.800661,45.282073
17.801019,45.281407
17.804728,45.282131
17.805719,45.27919
17.800064,45.282453
17.802708,45.282029
17.805075,45.281089
17.806428,45.27804
17.806584,45.277733
17.800612,45.281401
17.804678,45.282453
17.804716,45.282294
17.801496,45.282435
17.80231,45.282449
17.799762,45.283082
17.801064,45.282076
17.801696,45.282436
17.802297,45.282035
17.803732,45.282455
17.799688,45.282466
17.800265,45.280958
17.801848,45.281002
17.799762,45.280979
17.805018,45.278541
17.805133,45.280689
17.800818,45.281415
17.801844,45.281425
17.799358,45.280955
17.80332,45.281844
17.806521,45.283128
17.808454,45.283214
17.807395,45.283155
17.806146,45.28298
17.808299,45.283205
17.808162,45.283184
17.80605,45.282951
17.806802,45.28316
17.807497,45.283177
17.808635,45.283156
17.807683,45.283181
17.807203,45.283166
17.806269,45.28303
17.806634,45.283135
17.808803,45.283236
17.807966,45.28317
17.807013,45.28311
17.809974,45.283102
17.801643,45.283421
17.803143,45.283375
17.80408,45.283438
17.802044,45.283555
17.802834,45.283522
17.803759,45.283517
17.803914,45.283495
17.804286,45.283347
17.803037,45.283486
17.801521,45.283488
17.801771,45.283532
17.802468,45.283546
17.802185,45.283504
17.801316,45.283524
17.802288,45.283526
17.802683,45.283528
17.80332,45.283512
17.800493,45.280975
17.801789,45.283404
17.799566,45.28095
17.677214,45.317753
17.681052,45.325474
17.679859,45.319143
17.677068,45.319909
17.65527,45.32163
17.648129,45.329014
17.650188,45.329434
17.652334,45.321499
17.649678,45.328017
17.649711,45.329257
17.649339,45.328364
17.650858,45.322919
17.64856,45.328083
17.649149,45.326128
17.650074,45.322591
17.652768,45.321699
17.649578,45.322432
17.65027,45.322875
17.648363,45.328094
17.649146,45.326053
17.65003,45.322804
17.649519,45.324096
17.652471,45.321735
17.64917,45.326407
17.65001,45.329152
17.648767,45.326379
17.648958,45.328346
17.650121,45.323405
17.649747,45.328401
17.649183,45.324891
17.654206,45.321075
17.649154,45.327123
17.648622,45.32837
17.651936,45.322422
17.64955,45.32894
17.647886,45.326243
17.64929,45.328091
17.649736,45.322857
17.649087,45.326924
17.64915,45.325174
17.652268,45.321892
17.653774,45.320962
17.648224,45.326296
17.6502,45.329587
17.652792,45.322235
17.651862,45.322101
17.649203,45.327519
17.64885,45.328089
17.653288,45.320513
17.650417,45.323172
17.649547,45.32731
17.64923,45.327812
17.649665,45.323956
17.6521,45.322358
17.649486,45.328727
17.649464,45.322666
17.647623,45.325868
17.649495,45.323656
17.649268,45.327934
17.64885,45.328392
17.65163,45.32245
17.65149,45.322596
17.649267,45.323919
17.649576,45.326539
17.649057,45.322509
17.651264,45.322382
17.648239,45.328654
17.651075,45.322786
17.650696,45.323075
17.649135,45.32441
17.649487,45.325533
17.652237,45.323724
17.649678,45.329181
17.65364,45.321086
17.654329,45.321177
17.649078,45.328373
17.650894,45.322462
17.649825,45.323747
17.648715,45.328056
17.649699,45.322749
17.649125,45.325297
17.649182,45.326564
17.652598,45.32184
17.649166,45.325712
17.648485,45.326325
17.649186,45.32726
17.65441,45.321245
17.652598,45.321535
17.64948,45.326661
17.649787,45.328557
17.650013,45.323507
17.64967,45.326089
17.654483,45.321062
17.64919,45.32453
17.650216,45.329287
17.649015,45.328097
17.649756,45.329451
17.648062,45.325938
17.652672,45.322413
17.647885,45.325887
17.649621,45.326222
17.653862,45.321188
17.649427,45.324263
17.649073,45.324292
17.651786,45.322435
17.653331,45.320692
17.650929,45.322787
17.649525,45.327837
17.649639,45.329092
17.649616,45.323521
17.648222,45.328084
17.649965,45.328864
17.650355,45.322594
17.649487,45.327128
17.654169,45.321484
17.652701,45.321644
17.649429,45.324391
17.649243,45.322534
17.649502,45.327678
17.649708,45.328268
17.653402,45.320772
17.649179,45.325063
17.649517,45.325074
17.652168,45.322029
17.649149,45.326677
17.649501,45.326408
17.6495,45.326928
17.649025,45.324154
17.653243,45.321694
17.652543,45.322103
17.653698,45.321877
17.653847,45.320991
17.649724,45.328139
17.648235,45.328376
17.649175,45.32542
17.649584,45.325925
17.649195,45.327658
17.649082,45.324665
17.651391,45.322663
17.649928,45.323636
17.646847,45.328836
17.653372,45.320318
17.652482,45.321407
17.691122,45.319866
17.218271,45.457319
17.104092,45.485217
17.105572,45.484745
17.105725,45.485347
17.109669,45.483744
17.110047,45.48376
17.114459,45.48378
17.114873,45.483955
17.1143,45.484131
17.114891,45.484252
17.115807,45.484036
17.118914,45.484704
17.117991,45.484322
17.119833,45.484769
17.118935,45.484441
17.121168,45.484881
17.124455,45.484993
17.096871,45.484381
17.094914,45.484095
17.095573,45.484089
17.101516,45.4844
17.102149,45.484754
17.102872,45.484586
17.102966,45.484587
17.42361,45.475687
17.215195,45.439697
17.202573,45.436302
17.191784,45.449377
17.192487,45.450473
17.192374,45.450304
17.19198,45.449651
17.204279,45.433964
17.199046,45.432574
17.195588,45.434874
17.19202,45.448434
17.198471,45.451359
17.188941,45.435301
17.198922,45.456223
17.197661,45.452272
17.19624,45.433524
17.205576,45.432633
17.203133,45.430554
17.20151,45.42888
17.198791,45.444473
17.21213,45.452292
17.19469,45.455959
17.195208,45.450155
17.195045,45.449907
17.193521,45.44805
17.190164,45.433617
17.190149,45.433779
17.192119,45.441118
17.194463,45.445906
17.19555,45.447848
17.386266,45.468033
17.381923,45.471046
17.381761,45.469647
17.381209,45.478798
17.381487,45.478804
17.381893,45.478825
17.382126,45.478793
17.382307,45.47896
17.385205,45.475943
17.388546,45.477525
17.381715,45.468208
17.387292,45.475163
17.386299,45.472334
17.38607,45.470924
17.392632,45.47224
17.39374,45.472386
17.374528,45.469318
17.392872,45.470303
17.234305,45.461891
17.230842,45.460902
17.23074,45.460855
17.224763,45.461383
17.232309,45.465356
17.231087,45.46398
17.20833,45.458535
17.213229,45.458068
17.208229,45.458329
17.212828,45.452818
17.214123,45.45323
17.214691,45.453419
17.226955,45.458802
17.215556,45.453673
17.221363,45.455396
17.222994,45.45589
17.212085,45.452623
17.218236,45.462089
17.217203,45.461608
17.317382,45.484084
17.288338,45.469673
17.286472,45.469621
17.282555,45.469097
17.256948,45.494145
17.334328,45.447229
17.336003,45.445938
17.338621,45.446574
17.338925,45.44672
17.882742,45.424297
17.816929,45.285696
17.798305,45.280933
17.721576,45.332764
17.71712,45.331606
17.85876,45.43255
17.861964,45.418441
17.792599,45.288423
17.623876,45.32024
17.402651,45.465105
17.813419,45.341945
17.729724,45.331798
17.729669,45.331565
17.729759,45.331912
17.729096,45.330828
17.72973,45.332046
17.72918,45.331163
17.729711,45.332222
17.729332,45.33169
17.72939,45.331803
17.729372,45.332091
17.729527,45.332475
17.729489,45.33239
17.729622,45.332692
17.725498,45.330915
17.729051,45.330538
17.727622,45.330442
17.727121,45.330615
17.726906,45.33026
17.726423,45.330212
17.724556,45.330332
17.723778,45.330343
17.723751,45.330442
17.723443,45.33039
17.723241,45.330477
17.723095,45.330454
17.722881,45.330468
17.723957,45.330326
17.725926,45.331009
17.727557,45.330633
17.724801,45.330738
17.740025,45.339149
17.740209,45.338867
17.741324,45.339021
17.740702,45.339002
17.739694,45.329728
17.739576,45.326583
17.739678,45.326406
17.737667,45.330314
17.737944,45.329749
17.737972,45.329855
17.737915,45.330786
17.737956,45.330925
17.737975,45.33004
17.737996,45.331006
17.738102,45.330327
17.738057,45.330463
17.73817,45.330692
17.738464,45.331061
17.738442,45.331312
17.738029,45.332088
17.738444,45.331529
17.738464,45.331609
17.738566,45.331949
17.738607,45.332124
17.741824,45.33002
17.741889,45.329568
17.741936,45.330011
17.740904,45.330104
17.740601,45.330202
17.742149,45.329986
17.740449,45.330163
17.740426,45.330648
17.740078,45.330391
17.740033,45.330584
17.739852,45.330496
17.73969,45.330645
17.739566,45.330668
17.745051,45.329849
17.739411,45.330677
17.739184,45.330888
17.738669,45.330652
17.739074,45.330448
17.743619,45.329613
17.741084,45.329459
17.741528,45.329358
17.74095,45.329494
17.74071,45.329521
17.739886,45.329665
17.740207,45.329649
17.739633,45.329629
17.739404,45.329662
17.7392,45.329659
17.738994,45.329695
17.738898,45.329603
17.738416,45.329617
17.738223,45.329553
17.737905,45.329641
17.737434,45.329549
17.737057,45.329646
17.737322,45.329548
17.73678,45.329613
17.736655,45.329649
17.736442,45.3297
17.736365,45.329735
17.736205,45.329614
17.735886,45.329603
17.743194,45.328731
17.743024,45.32873
17.742849,45.328749
17.742642,45.328767
17.742456,45.328805
17.742234,45.32884
17.741436,45.329012
17.741568,45.328906
17.741733,45.328952
17.741348,45.329087
17.74095,45.329159
17.741224,45.329103
17.740352,45.329257
17.740591,45.32925
17.74018,45.329318
17.739965,45.329354
17.739795,45.329374
17.739591,45.329224
17.739531,45.329402
17.739354,45.329333
17.739076,45.329347
17.738711,45.329314
17.738516,45.329322
17.738302,45.329324
17.738168,45.329288
17.737837,45.329343
17.737338,45.32927
17.737081,45.329216
17.737225,45.329209
17.736976,45.329249
17.736729,45.329314
17.736404,45.329252
17.735995,45.329301
17.736244,45.329379
17.735848,45.329279
17.735666,45.329114
17.735536,45.329295
17.735416,45.329292
17.735271,45.329294
17.735103,45.329291
17.734912,45.329306
17.735474,45.329554
17.735338,45.329618
17.734962,45.329614
17.73482,45.329684
17.73455,45.329749
17.734195,45.329853
17.734467,45.329779
17.737765,45.328988
17.737484,45.329064
17.737426,45.328958
17.737693,45.328528
17.737537,45.328647
17.737721,45.328137
17.737667,45.32842
17.737424,45.328484
17.737685,45.32795
17.737506,45.328302
17.737411,45.328151
17.73747,45.327974
17.737499,45.327585
17.737515,45.327542
17.737398,45.327284
17.737551,45.327424
17.73756,45.327206
17.737568,45.327023
17.737642,45.326892
17.736612,45.330848
17.736586,45.331053
17.737318,45.331823
17.736228,45.330664
17.736308,45.33109
17.734249,45.329463
17.733964,45.329516
17.73376,45.329552
17.737077,45.328444
17.741924,45.328839
17.738865,45.330948
17.737708,45.328029
17.742949,45.329672
17.731041,45.331367
17.731005,45.331158
17.731322,45.331013
17.731206,45.331477
17.731476,45.331278
17.731248,45.331569
17.731286,45.332026
17.731106,45.331734
17.731638,45.331538
17.731107,45.332395
17.731712,45.331793
17.731991,45.332275
17.732028,45.332407
17.732173,45.332479
17.731506,45.331391
17.731861,45.332119
17.728189,45.329146
17.728098,45.329011
17.730572,45.329606
17.730453,45.329636
17.729933,45.329608
17.730109,45.329644
17.729625,45.329564
17.729498,45.329585
17.7292,45.329597
17.729044,45.329578
17.728911,45.329551
17.728772,45.329576
17.727753,45.329603
17.731573,45.330071
17.73101,45.330137
17.731101,45.330497
17.730932,45.330241
17.730521,45.330381
17.730413,45.330465
17.73022,45.330255
17.730061,45.330243
17.729879,45.330196
17.729767,45.330149
17.72948,45.330068
17.729351,45.330033
17.728855,45.329992
17.728579,45.329972
17.728738,45.329993
17.728398,45.329928
17.728243,45.329919
17.728146,45.330059
17.727972,45.330099
17.730197,45.329953
17.731987,45.329472
17.731945,45.329059
17.731581,45.329052
17.731266,45.329031
17.730238,45.328907
17.730834,45.329642
17.727649,45.328246
17.727246,45.328016
17.727878,45.328407
17.727419,45.327923
17.728121,45.328024
17.72777,45.327774
17.728348,45.327932
17.727723,45.327677
17.728272,45.327801
17.72793,45.327512
17.728332,45.327702
17.728203,45.327278
17.728459,45.327604
17.728596,45.326687
17.728716,45.327255
17.728544,45.327432
17.730012,45.326775
17.727644,45.329764
17.727474,45.329774
17.727341,45.329745
17.727257,45.329773
17.727117,45.329718
17.727012,45.329821
17.726827,45.329843
17.726713,45.329884
17.726519,45.329934
17.726255,45.329797
17.726013,45.329842
17.72582,45.329801
17.725572,45.329914
17.725407,45.329865
17.725216,45.32995
17.724941,45.329961
17.724655,45.32999
17.724472,45.330029
17.724378,45.330018
17.724127,45.330055
17.723974,45.33007
17.723822,45.330068
17.723713,45.330091
17.723537,45.330121
17.723303,45.33014
17.7231,45.330097
17.722905,45.330219
17.722872,45.329677
17.722818,45.32955
17.72277,45.329424
17.722761,45.329263
17.722777,45.329136
17.722697,45.328991
17.722682,45.328858
17.722576,45.328757
17.722548,45.328483
17.722567,45.328649
17.722522,45.328343
17.722469,45.328228
17.722527,45.327879
17.722467,45.328101
17.72524,45.330181
17.726273,45.330184
17.725912,45.330158
17.725748,45.330255
17.725473,45.330209
17.725355,45.33021
17.725106,45.330216
17.726761,45.330188
17.72668,45.330233
17.727317,45.330139
17.727722,45.329272
17.727536,45.329122
17.724308,45.330281
17.724145,45.330306
17.739422,45.326856
17.738667,45.329642
17.7359,45.330886
17.728096,45.33122
17.771909,45.316009
17.316589,45.435043
17.623005,45.345451
17.674589,45.306025
17.707061,45.332709
17.338145,45.466886
17.19895,45.456521
17.871193,45.422068
17.843047,45.237192
17.770499,45.303245
17.810755,45.291292
17.741032,45.254423
17.206609,45.454686
17.190023,45.437569
17.739273,45.330366
17.206142,45.453966
17.801295,45.286036
17.812756,45.307054
17.773087,45.231321
17.79466,45.288258
17.623928,45.27757
17.623625,45.277747
17.623368,45.277833
17.794074,45.286736
17.786599,45.332711
17.786734,45.332977
17.38423,45.468229
17.383462,45.468215
17.86251,45.412115
17.807476,45.312175
17.758476,45.265118
17.885495,45.426892
17.885688,45.426859
17.73997,45.32665
17.207101,45.44402
17.807453,45.286733
17.194427,45.440304
17.843641,45.430614
17.643904,45.343413
17.683653,45.340496
17.895155,45.412371
17.895291,45.412489
17.791573,45.282174
17.811138,45.282875
17.874427,45.415714
17.681638,45.325153
17.780101,45.280375
17.794734,45.284852
17.794676,45.284903
17.840995,45.236274
17.81614,45.291745
17.842156,45.426744
17.806293,45.284318
17.8061,45.284253
17.652285,45.343332
17.194643,45.454519
17.194822,45.454625
17.634069,45.317322
17.874732,45.421405
17.642903,45.342807
17.642885,45.342944
17.643148,45.343153
17.643355,45.343051
17.152262,45.434132
17.639569,45.344503
17.792329,45.298601
17.271617,45.47034
17.884522,45.429531
17.801229,45.281446
17.256062,45.492776
17.205003,45.445068
17.773004,45.318386
17.882134,45.431106
17.826718,45.388368
17.777754,45.300484
17.772924,45.301916
17.788816,45.28159
17.794866,45.298133
17.712003,45.332397
17.719284,45.331443
17.716443,45.33389
17.716485,45.305136
17.642475,45.355177
17.152155,45.434047
17.196517,45.409876
17.196252,45.41003
17.735695,45.329617
17.644732,45.338161
17.653648,45.320877
17.729904,45.327552
17.730324,45.327585
17.739187,45.327016
17.195336,45.415368
17.195131,45.41562
17.205073,45.432964
17.878667,45.41663
17.87874,45.416761
17.63311,45.31723
17.634481,45.32077
17.886117,45.429586
17.632506,45.31938
17.885017,45.417272
17.642272,45.321663
17.212031,45.438259
17.73511,45.328909
17.73795,45.32996
17.73806,45.329547
17.696412,45.300314
17.696475,45.300205
17.882485,45.418941
17.843623,45.430276
17.612546,45.35017
17.218712,45.45955
17.19902,45.428461
17.199044,45.428426
17.800274,45.28862
17.798977,45.280558
17.192424,45.437643
17.20664,45.437106
17.654889,45.344921
17.651994,45.34436
17.652516,45.345862
17.65293,45.346042
17.654353,45.345139
17.655504,45.345096
17.657089,45.344007
17.653754,45.345711
17.653595,45.345788
17.652207,45.3451
17.652771,45.346109
17.653418,45.345847
17.652138,45.346344
17.656399,45.344328
17.656397,45.344692
17.656092,45.344043
17.654017,45.346507
17.652373,45.344497
17.665719,45.337694
17.666161,45.336739
17.663897,45.337543
17.664822,45.337076
17.664682,45.33791
17.666493,45.337833
17.651616,45.353372
17.651437,45.347751
17.651795,45.347437
17.65143,45.348594
17.651967,45.353085
17.651592,45.353937
17.651844,45.346985
17.651458,45.350258
17.651476,45.353243
17.663183,45.348566
17.662906,45.348721
17.661312,45.349119
17.660598,45.349623
17.661471,45.349082
17.663991,45.347662
17.661114,45.3495
17.661829,45.349016
17.663874,45.347773
17.661105,45.349183
17.660574,45.3493
17.661495,45.349421
17.663427,45.349534
17.663552,45.349104
17.663803,45.348538
17.663492,45.349249
17.664073,45.352277
17.651398,45.352904
17.66474,45.352561
17.668082,45.346999
17.666765,45.346599
17.664866,45.345682
17.664912,45.345908
17.667276,45.34675
17.666346,45.346468
17.666926,45.34664
17.664565,45.346945
17.668581,45.346856
17.664822,45.34734
17.666202,45.343641
17.665781,45.34629
17.665307,45.346815
17.666178,45.343765
17.666088,45.345649
17.665383,45.346583
17.664224,45.348042
17.664121,45.34818
17.666276,45.345381
17.664333,45.342808
17.666487,45.345022
17.666532,45.34628
17.664732,45.352151
17.664408,45.341174
17.663881,45.33939
17.664209,45.339015
17.663951,45.339285
17.66384,45.338753
17.667328,45.339622
17.666955,45.33959
17.663991,45.340385
17.667361,45.338401
17.669246,45.338542
17.665765,45.33958
17.669755,45.339142
17.66532,45.341645
17.667127,45.340328
17.667634,45.338716
17.666047,45.338139
17.665453,45.338967
17.66647,45.338411
17.664486,45.342411
17.665429,45.33911
17.664461,45.342535
17.667955,45.338292
17.664749,45.341885
17.663472,45.339822
17.658406,45.343554
17.659251,45.337536
17.654056,45.341108
17.650975,45.338319
17.653756,45.340534
17.652774,45.341956
17.65444,45.337257
17.651759,45.337115
17.661767,45.341749
17.652429,45.337467
17.660985,45.337418
17.657467,45.343684
17.658539,45.343468
17.654585,45.338484
17.659635,45.338157
17.658958,45.338107
17.654726,45.337503
17.656226,45.337344
17.660124,45.33747
17.663341,45.339448
17.66114,45.341633
17.662899,45.337207
17.660656,45.342041
17.658026,45.337982
17.65377,45.337108
17.655758,45.337288
17.652121,45.338111
17.65115,45.338281
17.656131,45.338125
17.661328,45.337405
17.651603,45.338051
17.654456,45.338378
17.662878,45.337617
17.654139,45.338167
17.657586,45.343615
17.663814,45.340777
17.662301,45.340251
17.656659,45.337727
17.651772,45.338349
17.652624,45.339569
17.652106,45.341277
17.651473,45.342271
17.651314,45.342329
17.65656,45.340421
17.657106,45.339599
17.652637,45.339701
17.65176,45.342265
17.655156,45.343246
17.656608,45.341561
17.652703,45.339332
17.656985,45.339963
17.656888,45.340467
17.653155,45.34083
17.656311,45.342723
17.663299,45.341152
17.65257,45.339819
17.651838,45.341974
17.656256,45.341662
17.653318,45.342315
17.656853,45.340597
17.65262,45.342378
17.652959,45.342851
17.651586,45.342999
17.659828,45.343426
17.651393,45.339321
17.651224,45.339931
17.657214,45.338982
17.656783,45.339678
17.653287,45.342896
17.656385,45.33815
17.651583,45.359531
17.651652,45.358005
17.65194,45.35562
17.652047,45.357589
17.652006,45.357043
17.652048,45.358578
17.656199,45.358291
17.654756,45.360656
17.65626,45.35817
17.654196,45.360679
17.655102,45.360122
17.650263,45.336563
17.650363,45.347038
17.649064,45.336887
17.649107,45.347172
17.648612,45.347697
17.650694,45.338272
17.650666,45.340163
17.649826,45.346901
17.648046,45.338292
17.647779,45.338799
17.651002,45.337934
17.648611,45.336474
17.648405,45.339714
17.648688,45.339221
17.648393,45.339057
17.648696,45.339358
17.649666,45.342137
17.64841,45.34112
17.648972,45.342047
17.649069,45.335307
17.649602,45.34385
17.649805,45.343203
17.648706,45.341589
17.670007,45.340211
17.65676,45.344544
17.652278,45.344812
17.651903,45.344625
17.655054,45.34485
17.651397,45.344177
17.652227,45.343619
17.651696,45.345432
17.6555,45.343347
17.653672,45.342936
17.651985,45.342981
17.651055,45.342547
17.649906,45.344039
17.653124,45.343198
17.651101,45.340302
17.650003,45.337259
17.652561,45.33613
17.653382,45.340184
17.650915,45.337069
17.653279,45.339039
17.654504,45.338121
17.650698,45.337322
17.653448,45.337078
17.653366,45.338229
17.652299,45.338136
17.64713,45.338171
17.648631,45.335006
17.653104,45.337527
17.656681,45.337387
17.652693,45.338206
17.652975,45.338219
17.655059,45.337994
17.64932,45.338305
17.651581,45.337071
17.648692,45.337865
17.650424,45.337887
17.65085,45.338221
17.652235,45.338416
17.651927,45.338367
17.648407,45.338347
17.647905,45.339678
17.648572,45.336746
17.648581,45.33568
17.648711,45.338932
17.648524,45.337027
17.648481,45.337306
17.648806,45.342312
17.651788,45.340581
17.652299,45.340849
17.652032,45.340252
17.653419,45.340074
17.652165,45.340123
17.653142,45.342292
17.65326,45.340549
17.652838,45.338971
17.649152,45.34206
17.649044,45.340407
17.65273,45.342108
17.648891,45.341076
17.65031,45.336709
17.653895,45.340176
17.653496,45.339811
17.649128,45.334805
17.669734,45.337101
17.667282,45.338537
17.663149,45.339657
17.664086,45.338558
17.664131,45.339104
17.664467,45.338103
17.665715,45.337044
17.661564,45.337774
17.660329,45.338184
17.657674,45.337942
17.664289,45.338924
17.661913,45.337362
17.658499,45.338041
17.662225,45.33734
17.662717,45.337616
17.6636,45.337165
17.665115,45.337072
17.663729,45.339574
17.662064,45.33736
17.667143,45.339004
17.669464,45.338695
17.668855,45.338173
17.667365,45.3378
17.668739,45.337774
17.66746,45.339255
17.667196,45.337692
17.665741,45.338475
17.668765,45.338434
17.657464,45.338
17.669435,45.338373
17.651782,45.347804
17.652886,45.345664
17.651825,45.348076
17.651476,45.350524
17.649257,45.34711
17.648981,45.347563
17.650169,45.347106
17.649997,45.346822
17.651867,45.34607
17.651139,45.34674
17.653084,45.34598
17.652634,45.346162
17.651781,45.347703
17.648241,45.347394
17.651434,45.347626
17.65164,45.345657
17.651535,45.351212
17.649992,45.347192
17.649551,45.34735
17.649539,45.347009
17.649865,45.347236
17.654017,45.346254
17.654012,45.346616
17.654007,45.346756
17.664106,45.352561
17.660946,45.349558
17.661085,45.349664
17.662347,45.341776
17.665243,45.346032
17.656694,45.343188
17.662968,45.340372
17.662462,45.340873
17.658874,45.343319
17.662101,45.342012
17.663049,45.339744
17.661896,45.341193
17.659053,45.343249
17.662518,45.341896
17.664685,45.347466
17.662337,45.349213
17.66021,45.341959
17.655586,45.34465
17.662851,45.340479
17.667639,45.346858
17.664001,45.345485
17.668747,45.347191
17.666797,45.346354
17.656583,45.344265
17.66199,45.349288
17.667244,45.34648
17.666194,45.341867
17.665824,45.346001
17.663668,45.348731
17.665724,45.341063
17.663835,45.345224
17.661635,45.349056
17.666383,45.341268
17.666084,45.344599
17.662583,45.348833
17.665724,45.345274
17.664228,45.347297
17.666194,45.343116
17.666222,45.343378
17.665318,45.341121
17.663671,45.348071
17.665547,45.346495
17.666166,45.342837
17.663339,45.349824
17.66339,45.350105
17.666067,45.342039
17.66382,45.347893
17.663568,45.348913
17.660776,45.349575
17.665009,45.346352
17.663523,45.349023
17.666144,45.342502
17.667233,45.339965
17.666297,45.339889
17.659118,45.343873
17.660299,45.343155
17.663101,45.349029
17.663435,45.349964
17.664107,45.341439
17.658849,45.34406
17.667496,45.346556
17.664756,45.352273
17.664434,45.342671
17.655367,45.360547
17.65578,45.359278
17.656554,45.357448
17.651587,45.357281
17.651604,45.358935
17.651615,45.358732
17.651575,45.359306
17.651657,45.355789
17.651952,45.359334
17.651559,45.353678
17.651622,45.3569
17.651584,45.359725
17.651636,45.358436
17.656152,45.358418
17.654863,45.360516
17.656522,45.35734
17.655777,45.359415
17.652089,45.359129
17.656395,45.357713
17.658874,45.337331
17.655562,45.33759
17.655664,45.337273
17.655288,45.337251
17.657475,45.337435
17.654797,45.337229
17.663821,45.338882
17.656923,45.338021
17.662631,45.33726
17.656345,45.337784
17.654897,45.338318
17.664163,45.33713
17.660248,45.337452
17.658383,45.338038
17.656763,45.33802
17.6623,45.337666
17.664064,45.337528
17.66128,45.337833
17.661138,45.337406
17.662083,45.337692
17.65651,45.337374
17.663113,45.337201
17.660946,45.338202
17.663242,45.337198
17.662522,45.337263
17.657935,45.33753
17.659446,45.338129
17.658334,45.337551
17.660029,45.338306
17.663242,45.337581
17.657853,45.337972
17.665208,45.352042
17.663915,45.350759
17.663034,45.349787
17.663376,45.349695
17.66296,45.349917
17.663637,45.352407
17.663635,45.352849
17.651967,45.353732
17.65202,45.354211
17.651181,45.354101
17.65153,45.354379
17.651965,45.351641
17.652017,45.354372
17.651519,45.352108
17.650887,45.339474
17.649919,45.336967
17.649266,45.336965
17.650388,45.337291
17.650089,45.33697
17.651038,45.337363
17.650287,45.336441
17.648791,45.347626
17.649009,45.338051
17.650198,45.337265
17.649075,45.335202
17.649087,45.335074
17.648429,45.337693
17.646125,45.3345
17.648448,45.337568
17.64958,45.336973
17.65093,45.346809
17.650607,45.337894
17.648959,45.347228
17.649045,45.335513
17.648401,45.347774
17.649321,45.337203
17.650962,45.339186
17.646261,45.33447
17.648749,45.337623
17.648829,45.337264
17.648634,45.335853
17.649062,45.335375
17.649868,45.344243
17.649107,45.334934
17.648742,45.341331
17.648435,45.340105
17.650645,45.336704
17.648702,45.341437
17.650763,45.339885
17.648621,45.335313
17.648379,45.337942
17.664019,45.348296
17.663456,45.348231
17.662805,45.348755
17.662077,45.348926
17.663941,45.348409
17.661664,45.349373
17.662455,45.348873
17.660942,45.34922
17.662997,45.349056
17.663115,45.349376
17.664501,45.347696
17.662209,45.348944
17.664187,45.347428
17.659092,45.342813
17.661394,45.341426
17.66239,45.342176
17.65846,45.344279
17.663535,45.339218
17.664463,45.345501
17.662182,45.342054
17.658326,45.343199
17.665461,45.340601
17.664372,45.338208
17.660702,45.341391
17.656596,45.344605
17.65777,45.344001
17.658708,45.343402
17.658055,45.343815
17.662032,45.341936
17.663825,45.339478
17.666598,45.346541
17.664134,45.345587
17.664463,45.33872
17.660865,45.34181
17.657192,45.344472
17.663452,45.339322
17.662566,45.340756
17.664341,45.345676
17.665863,45.346437
17.666868,45.339971
17.664971,45.345708
17.662846,45.339944
17.661238,45.341517
17.665548,45.346331
17.666271,45.341622
17.666618,45.340643
17.664855,45.34655
17.666342,45.341386
17.665116,45.341085
17.66532,45.346923
17.666123,45.346399
17.665914,45.345876
17.664934,45.346457
17.665484,45.345801
17.663637,45.340661
17.6667,45.340405
17.666612,45.340524
17.666139,45.34234
17.66614,45.342452
17.664932,45.341051
17.666629,45.338325
17.657412,45.338213
17.656454,45.342084
17.666327,45.337951
17.656813,45.339301
17.666911,45.338083
17.665964,45.339182
17.656656,45.34143
17.666937,45.339631
17.663827,45.34029
17.665341,45.33954
17.666033,45.33905
17.665881,45.339466
17.665675,45.341711
17.666545,45.344718
17.665447,45.345641
17.656409,45.340864
17.656389,45.342361
17.656736,45.339803
17.657165,45.339222
17.657177,45.339354
17.6655,45.341685
17.665131,45.341618
17.663158,45.341484
17.666768,45.338901
17.665914,45.339319
17.65779,45.342256
17.657379,45.338352
17.665967,45.337571
17.667793,45.337398
17.665356,45.337063
17.666103,45.337492
17.666534,45.33686
17.667033,45.33705
17.664656,45.337543
17.664646,45.337084
17.665536,45.337056
17.664887,45.337618
17.668305,45.337847
17.668901,45.336687
17.667975,45.337773
17.66815,45.337609
17.666655,45.337723
17.668662,45.33712
17.668743,45.336999
17.669221,45.337433
17.665555,45.337767
17.668065,45.339972
17.670164,45.34077
17.669044,45.338378
17.669154,45.33847
17.667944,45.338185
17.667606,45.338094
17.669796,45.339217
17.668383,45.338393
17.66815,45.338166
17.668581,45.347144
17.668361,45.346797
17.660757,45.341918
17.657508,45.344165
17.663041,45.34028
17.657351,45.341927
17.663603,45.339726
17.661657,45.340936
17.657454,45.344722
17.654902,45.345268
17.661828,45.340831
17.656245,45.344394
17.655864,45.344924
17.660408,45.341706
17.65408,45.345253
17.659821,45.342381
17.65992,45.342289
17.660311,45.341843
17.656073,45.344476
17.655205,45.345187
17.663207,45.340092
17.661008,45.341717
17.657667,45.343529
17.658152,45.343724
17.663987,45.345303
17.655329,45.343274
17.657273,45.342353
17.656773,45.341033
17.656748,45.341176
17.655793,45.343505
17.656069,45.342446
17.653353,45.340291
17.656531,45.341823
17.656171,45.341912
17.663016,45.340982
17.657317,45.342204
17.656981,45.343103
17.657858,45.341982
17.655972,45.343951
17.65614,45.342179
17.656098,45.342313
17.656915,45.340345
17.651795,45.346587
17.651422,45.347373
17.651169,45.34018
17.652466,45.344324
17.65154,45.345918
17.651573,45.337401
17.651121,45.337068
17.653601,45.3371
17.652368,45.345004
17.65186,45.34725
17.654109,45.33712
17.654135,45.337601
17.652995,45.337046
17.65214,45.345978
17.652002,45.34641
17.652309,45.3459
17.651799,45.347584
17.652711,45.337
17.652081,45.337449
17.653739,45.338231
17.65326,45.345931
17.651844,45.347118
17.651889,45.341836
17.651444,45.342187
17.651997,45.341695
17.65405,45.346395
17.652494,45.340045
17.651841,45.346874
17.654369,45.336102
17.653597,45.339438
17.653269,45.341955
17.651587,45.338816
17.651629,45.342633
17.652502,45.342768
17.670311,45.339814
17.666205,45.343504
17.667493,45.340025
17.65183,45.344904
17.653097,45.339009
17.652289,45.339498
17.648647,45.341708
17.651795,45.341218
17.651594,45.341109
17.651094,45.338776
17.651445,45.339186
17.651751,45.345161
17.651791,45.347909
17.651812,45.346713
17.65144,45.348001
17.65079,45.339757
17.652692,45.345786
17.649175,45.347492
17.651955,45.338087
17.649687,45.346953
17.65072,45.346907
17.654517,45.345068
17.654777,45.345321
17.649082,45.338361
17.654675,45.338076
17.649789,45.33817
17.650006,45.338156
17.650294,45.338185
17.648079,45.338692
17.651441,45.348146
17.651632,45.34579
17.650197,45.346757
17.649395,45.34706
17.654275,45.345511
17.653931,45.345652
17.648126,45.339359
17.647738,45.338299
17.649722,45.347286
17.649367,45.347421
17.648972,45.340814
17.648326,45.338826
17.651791,45.342946
17.652395,45.340297
17.651391,45.342476
17.650771,45.342735
17.651129,45.342805
17.648364,45.33923
17.651488,45.339065
17.651999,45.34155
17.654109,45.339511
17.652588,45.338758
17.654081,45.343018
17.650133,45.343495
17.648541,45.341986
17.651071,45.346363
17.652852,45.341689
17.652922,45.341554
17.653016,45.341249
17.654412,45.343462
17.652175,45.340985
17.652759,45.343284
17.651942,45.360495
17.651647,45.355919
17.651584,45.36081
17.651981,45.354655
17.651978,45.355299
17.651628,45.357876
17.651926,45.360644
17.651547,45.360656
17.656114,45.358686
17.656568,45.35703
17.656627,45.356388
17.656341,45.35658
17.655986,45.358931
17.655381,45.359743
17.65617,45.358551
17.654995,45.360243
17.656363,45.357856
17.65504,45.360004
17.656286,45.35805
17.65595,45.359057
17.654901,45.36036
17.651617,45.358326
17.651933,45.360765
17.668417,45.347097
17.668754,45.346904
17.668241,45.347044
17.663662,45.348819
17.664624,45.34581
17.663739,45.345081
17.667455,45.346808
17.664568,45.345712
17.664589,45.34554
17.663887,45.345443
17.667029,45.346417
17.665099,45.34625
17.665172,45.346146
17.667093,45.346693
17.663892,45.347521
17.665405,45.345915
17.661287,45.349445
17.663567,45.348356
17.66376,45.348634
17.667909,45.346938
17.664329,45.34793
17.662751,45.349113
17.66551,45.346783
17.662537,45.349162
17.665699,45.345548
17.663085,45.349506
17.663426,45.34941
17.666008,45.345764
17.664479,45.347074
17.662571,45.350647
17.664597,45.347566
17.665733,45.346099
17.664404,45.347819
17.664775,45.34669
17.664693,45.346786
17.66438,45.347195
17.666207,45.343256
17.662805,45.35015
17.665703,45.34538
17.667798,45.347046
17.651521,45.351728
17.651415,45.349478
17.651446,45.349639
17.651426,45.349965
17.651451,45.348856
17.651434,45.349124
17.651465,45.350403
17.651959,45.352956
17.651425,45.348726
17.651435,45.349848
17.651455,45.351133
17.651915,45.353351
17.651432,45.349328
17.651451,45.348986
17.651445,45.349744
17.65152,45.351331
17.659351,45.34967
17.660232,45.34934
17.660761,45.349248
17.65503,45.343202
17.655069,45.345222
17.654722,45.34499
17.653813,45.345317
17.65426,45.34343
17.654563,45.343124
17.654749,45.343535
17.654954,45.343598
17.653524,45.3429
17.653516,45.341944
17.653451,45.34141
17.654377,45.343088
17.65425,45.343637
17.660605,45.341479
17.658793,45.342962
17.657215,45.343876
17.659224,45.343192
17.657294,45.343655
17.659732,45.343548
17.660237,45.342487
17.657911,45.343891
17.657966,45.343379
17.659604,45.342918
17.660762,45.341338
17.658666,45.34304
17.658107,45.343315
17.657822,45.343442
17.655732,45.344588
17.656226,45.344762
17.660337,45.34238
17.659928,45.342707
17.659232,45.342696
17.655342,45.345109
17.65828,45.343633
17.660448,45.342279
17.6595,45.343016
17.657645,45.344081
17.65736,45.343794
17.658239,45.343236
17.655676,45.345002
17.660516,45.341594
17.659444,45.342566
17.6559,45.344524
17.659543,45.342498
17.656898,45.343756
17.655395,45.344725
17.660078,45.342599
17.659352,45.343092
17.65735,45.344251
17.658456,45.343127
17.656728,45.344147
17.660562,45.342166
17.658936,45.342902
17.655229,45.344792
17.656029,45.344851
17.65629,45.341532
17.656017,45.342575
17.655978,45.342704
17.655331,45.343717
17.65632,45.341246
17.656552,45.341692
17.655633,45.343878
17.656224,45.341789
17.656167,45.342049
17.65899,45.343968
17.65642,45.342226
17.656337,45.342609
17.65634,45.341115
17.656324,45.341389
17.656534,45.341965
17.659604,45.343648
17.65707,45.344591
17.657336,45.34207
17.656379,45.340982
17.656392,45.342493
17.661909,45.341848
17.664206,45.338445
17.662171,45.341665
17.663232,45.339565
17.662542,45.337647
17.661701,45.33771
17.662348,45.340472
17.662747,45.34057
17.662646,45.340664
17.662278,45.342101
17.662062,45.341124
17.662774,45.340001
17.662952,45.339844
17.661998,45.341536
17.66364,45.339076
17.662558,45.340219
17.661892,45.337693
17.662754,45.340039
17.661497,45.341021
17.664763,45.341547
17.66345,45.341241
17.660819,45.33741
17.663778,45.337161
17.654553,45.337584
17.65432,45.33763
17.653094,45.337039
17.65122,45.33736
17.65058,45.340449
17.654936,45.337235
17.654933,45.337556
17.653622,45.337428
17.650847,45.339614
17.654674,45.337182
17.653455,45.337483
17.655499,45.337269
17.651395,45.337384
17.650172,45.338154
17.654047,45.338431
17.654969,45.338047
17.652548,45.338129
17.65524,45.338287
17.65225,45.337453
17.650563,45.337304
17.655092,45.337503
17.651499,45.338941
17.652696,45.338486
17.651551,45.338347
17.651324,45.339565
17.654331,45.337191
17.65114,45.337946
17.650767,45.337892
17.654328,45.338163
17.653641,45.338486
17.650921,45.339337
17.652753,45.337502
17.653942,45.337133
17.65527,45.337989
17.651465,45.338038
17.655492,45.338241
17.655477,45.337942
17.653997,45.338198
17.655693,45.338212
17.651282,45.337978
17.650059,45.337866
17.655118,45.338297
17.653205,45.338509
17.6531,45.340971
17.651874,45.340933
17.652203,45.339984
17.652323,45.340548
17.652261,45.339624
17.652542,45.338641
17.653057,45.341113
17.652512,45.339006
17.652656,45.339442
17.652042,45.340366
17.652141,45.339867
17.65104,45.34055
17.653581,45.341064
17.654002,45.340581
17.653304,45.336425
17.654039,45.337991
17.654683,45.340714
17.653844,45.339034
17.648366,45.337818
17.648696,45.337977
17.648791,45.337499
17.648593,45.335957
17.648515,45.336604
17.648508,45.337174
17.648624,45.335182
17.64936,45.33795
17.648787,45.339825
17.648396,45.338092
17.645062,45.335239
17.648624,45.335442
17.648596,45.336312
17.649043,45.335781
17.64869,45.339081
17.648344,45.338201
17.648399,45.339929
17.648472,45.340964
17.666817,45.340113
17.665495,45.341145
17.666886,45.33981
17.667934,45.340127
17.666732,45.340276
17.666247,45.341527
17.666514,45.341013
17.66765,45.34006
17.667259,45.339835
17.66655,45.340879
17.666448,45.338754
17.664047,45.339204
17.666285,45.337398
17.664368,45.338827
17.666597,45.337236
17.664316,45.338327
17.663964,45.337147
17.66832,45.337471
17.667101,45.339084
17.668067,45.338063
17.667815,45.33828
17.667241,45.338649
17.667531,45.339008
17.669682,45.339006
17.666063,45.338914
17.665629,45.338626
17.669351,45.338617
17.666885,45.337465
17.667754,45.338406
17.666087,45.338773
17.669849,45.339506
17.665413,45.339186
17.669681,45.338397
17.668226,45.338167
17.668945,45.338302
17.66738,45.339508
17.667971,45.338729
17.658811,45.337535
17.656842,45.337353
17.656388,45.337354
17.659349,45.338123
17.658604,45.337544
17.658796,45.338097
17.658988,45.337523
17.656977,45.337372
17.65783,45.337485
17.659133,45.337519
17.656591,45.338318
17.660336,45.337449
17.660584,45.338186
17.656152,45.33784
17.659863,45.337491
17.656755,45.339524
17.657034,45.338422
17.656941,45.338804
17.65695,45.338929
17.657141,45.339476
17.656975,45.338684
17.657352,45.338476
17.657344,45.338599
17.656778,45.339426
17.656531,45.340545
17.656585,45.340294
17.655109,45.33723
17.653937,45.337581
17.655936,45.337287
17.653765,45.337567
17.655357,45.337547
17.655949,45.337869
17.654226,45.338405
17.653434,45.338496
17.655827,45.337301
17.655743,45.337911
17.655851,45.338171
17.653867,45.338461
17.653673,45.339047
17.652275,45.343483
17.651872,45.344767
17.651815,45.345028
17.65167,45.341633
17.651478,45.342038
17.652157,45.341124
17.651717,45.341346
17.651425,45.341914
17.651702,45.342388
17.651674,45.342525
17.652063,45.341404
17.652578,45.342518
17.666944,45.342177
17.666176,45.342973
17.666149,45.343883
17.666542,45.344595
17.666107,45.344334
17.665795,45.342098
17.664644,45.341992
17.648973,45.34234
17.649912,45.34282
17.648948,45.340945
17.648594,45.341858
17.64999,45.34261
17.65205,45.345602
17.651756,45.345289
17.651956,45.344495
17.651825,45.341066
17.651657,45.345551
17.650375,45.342692
17.653088,45.345605
17.652116,45.345356
17.652096,45.345476
17.652165,45.345225
17.650951,45.342777
17.651324,45.342602
17.652964,45.341378
17.651622,45.341779
17.653132,45.342877
17.651725,45.341502
17.651766,45.342117
17.650216,45.34312
17.650298,45.342869
17.650451,45.342334
17.652048,45.344248
17.649746,45.343435
17.653568,45.345441
17.652033,45.341806
17.648817,45.341204
17.649965,45.343891
17.649549,45.344
17.650681,45.342454
17.650568,45.342714
17.649494,45.344155
17.664127,45.34534
17.66434,45.345452
17.664722,45.345627
17.666245,45.345572
17.666339,45.345283
17.666019,45.344959
17.651013,45.338239
17.653191,45.337055
17.651284,45.337087
17.649429,45.336957
17.652623,45.337506
17.653373,45.337065
17.65073,45.337049
17.650988,45.33904
17.649749,45.336973
17.650584,45.340309
17.649507,45.3379
17.65069,45.340033
17.650271,45.33698
17.651442,45.337059
17.652843,45.337024
17.649458,45.337237
17.649878,45.337886
17.652397,45.338435
17.651782,45.338073
17.652539,45.338468
17.651743,45.33741
17.650451,45.338183
17.651258,45.339809
17.650862,45.337339
17.649619,45.337247
17.652089,45.338388
17.650577,45.338229
17.651065,45.338914
17.649714,45.337875
17.650247,45.33788
17.652817,45.338111
17.652515,45.33993
17.652364,45.340404
17.652472,45.339127
17.651995,45.340433
17.652548,45.338883
17.652283,45.340706
17.651899,45.340795
17.652347,45.33924
17.652914,45.338731
17.652222,45.339738
17.652496,45.34015
17.653309,45.340417
17.650651,45.336553
17.65118,45.340064
17.652967,45.338535
17.651987,45.340647
17.649623,45.337388
17.648746,45.339635
17.649121,45.337186
17.648355,45.3387
17.648453,45.337437
17.648535,45.336889
17.648818,45.339968
17.647914,45.338325
17.648709,45.338626
17.647934,45.338705
17.648663,45.339486
17.647497,45.338693
17.648512,45.340798
17.649086,45.340548
17.662206,45.341043
17.662012,45.34072
17.661803,45.341236
17.666176,45.342205
17.665811,45.345181
17.666412,45.341153
17.66615,45.342696
17.666792,45.344573
17.666209,45.341738
17.666089,45.344466
17.666154,45.344003
17.664543,45.342269
17.66429,45.341459
17.666111,45.344206
17.66459,45.342137
17.666422,45.345152
17.666557,45.344456
17.665116,45.342334
17.666044,45.344832
17.666493,45.34488
17.664943,45.341583
17.663739,45.341698
17.663386,45.344954
17.663393,45.341609
17.667566,45.337192
17.665902,45.337042
17.667674,45.337265
17.667023,45.336704
17.666142,45.337014
17.66849,45.337322
17.666643,45.336816
17.669474,45.337218
17.668869,45.336883
17.66785,45.337112
17.645237,45.334911
17.645763,45.334821
17.649016,45.33592
17.645946,45.334769
17.648623,45.334847
17.648599,45.33612
17.64915,45.334647
17.670196,45.340141
17.670737,45.340314
17.666579,45.340773
17.667499,45.339144
17.667801,45.340104
17.667439,45.338217
17.667416,45.339381
17.667285,45.339724
17.667683,45.338592
17.667088,45.339193
17.667048,45.339294
17.666844,45.341104
17.665381,45.339352
17.668268,45.338078
17.666743,45.338205
17.669557,45.338815
17.669063,45.337984
17.668184,45.33797
17.669393,45.338275
17.667725,45.337988
17.666185,45.338069
17.668445,45.338269
17.665526,45.338793
17.669608,45.338904
17.666992,45.339485
17.669907,45.339738
17.669982,45.339695
17.670017,45.339654
17.670025,45.33959
17.664016,45.338642
17.658166,45.337998
17.659871,45.338213
17.657572,45.337503
17.658703,45.338079
17.656543,45.337757
17.659262,45.338128
17.661069,45.341191
17.663419,45.337179
17.663717,45.338964
17.66154,45.337398
17.656956,45.337678
17.662683,45.340136
17.663304,45.340009
17.656566,45.338023
17.664446,45.337113
17.661424,45.337797
17.661754,45.337377
17.657293,45.337408
17.662352,45.340973
17.662149,45.340584
17.657128,45.337937
17.660721,45.33819
17.659133,45.338117
17.663568,45.337565
17.663396,45.339929
17.663125,45.340182
17.658098,45.337536
17.660686,45.337428
17.660454,45.337457
17.66237,45.337291
17.65953,45.337517
17.663681,45.34022
17.664468,45.340967
17.657188,45.339094
17.662741,45.341241
17.656702,45.339923
17.657328,45.338721
17.657041,45.33971
17.656643,45.340041
17.66432,45.340937
17.656615,45.340188
17.663497,45.340572
17.656942,45.33904
17.65695,45.340211
17.656896,45.339181
17.65731,45.33884
17.656799,45.340908
17.657038,45.339837
17.663158,45.341073
17.66391,45.341397
17.657746,45.336997
17.656981,45.340093
17.666835,45.336748
17.667457,45.337258
17.664948,45.337062
17.664275,45.337115
17.662786,45.337226
17.668188,45.337321
17.667487,45.336879
17.666689,45.337188
17.666333,45.336943
17.664543,45.337995
17.664427,45.337511
17.663453,45.337641
17.667985,45.337473
17.66748,45.337122
17.665218,45.33707
17.664275,45.337491
17.663103,45.337604
17.667865,45.337881
17.668467,45.337947
17.667714,45.337019
17.667053,45.337581
17.197583,45.426109
17.196933,45.425757
17.840672,45.237874
17.671515,45.340398
17.675315,45.341177
17.672349,45.340698
17.671882,45.34217
17.673475,45.339386
17.672282,45.34114
17.672478,45.340467
17.678176,45.341603
17.679186,45.342375
17.677244,45.339796
17.675663,45.34189
17.675739,45.342252
17.678097,45.341768
17.677007,45.339748
17.677883,45.341024
17.675558,45.342214
17.67803,45.341932
17.677988,45.34204
17.676095,45.341966
17.676423,45.342004
17.673677,45.341611
17.675914,45.341928
17.674164,45.340204
17.677554,45.340962
17.673795,45.341162
17.671947,45.340163
17.674156,45.343005
17.679064,45.343384
17.674399,45.34262
17.679338,45.343357
17.672037,45.343575
17.676679,45.342893
17.673319,45.343239
17.673254,45.343588
17.680157,45.342534
17.673331,45.343128
17.678189,45.342586
17.677299,45.342959
17.676432,45.343099
17.675481,45.343672
17.671359,45.345931
17.671976,45.343961
17.671965,45.344813
17.672552,45.345695
17.671609,45.344109
17.672817,45.345995
17.67238,45.345928
17.672203,45.345302
17.672466,45.345596
17.673228,45.343927
17.68163,45.34447
17.682083,45.341901
17.670359,45.345702
17.67104,45.345807
17.675909,45.345653
17.675135,45.345919
17.678131,45.345842
17.67424,45.346108
17.673851,45.345515
17.673836,45.345762
17.676212,45.345377
17.675012,45.344191
17.678896,45.344143
17.674275,45.345495
17.676344,45.345969
17.676994,45.34453
17.674292,45.345237
17.676059,45.345372
17.674044,45.344051
17.677944,45.344471
17.676649,45.344329
17.676213,45.344296
17.676793,45.345693
17.675592,45.344909
17.677801,45.346086
17.678396,45.344056
17.675857,45.33958
17.67595,45.339554
17.672216,45.341245
17.675286,45.340041
17.67729,45.341152
17.672232,45.34021
17.672445,45.340381
17.672321,45.340795
17.674934,45.340128
17.674947,45.340026
17.674996,45.341755
17.672287,45.339884
17.67461,45.34161
17.673887,45.340718
17.673385,45.339718
17.673698,45.341493
17.67783,45.341169
17.6784,45.340886
17.676862,45.339726
17.67449,45.340209
17.676012,45.340385
17.674737,45.340274
17.671441,45.341004
17.674129,45.341279
17.670766,45.345989
17.67148,45.345658
17.675579,45.345938
17.67652,45.345396
17.673825,45.345975
17.676216,45.345671
17.673758,45.346079
17.6756,45.345352
17.678254,45.345789
17.678236,45.345857
17.676188,45.345962
17.675426,45.345931
17.674749,45.346097
17.67676,45.345989
17.675201,45.345312
17.676035,45.345956
17.676496,45.345975
17.672122,45.345192
17.676793,45.345413
17.676371,45.345676
17.677615,45.345751
17.673806,45.345858
17.677349,45.345057
17.677847,45.345502
17.679512,45.343446
17.67955,45.3434
17.679575,45.343346
17.679609,45.343294
17.681858,45.344729
17.678019,45.34552
17.682161,45.345789
17.678809,45.342663
17.6781,45.340428
17.682041,45.345117
17.679717,45.342815
17.679774,45.342462
17.679561,45.342432
17.679107,45.340115
17.677591,45.339845
17.677636,45.341757
17.679298,45.343704
17.67818,45.339952
17.682228,45.346096
17.682117,45.344629
17.682174,45.345869
17.671777,45.34305
17.67391,45.344837
17.679106,45.343335
17.674217,45.343259
17.672056,45.34335
17.672181,45.342744
17.672013,45.343828
17.674599,45.343377
17.671683,45.342292
17.674652,45.343172
17.676529,45.344031
17.679299,45.343411
17.6774,45.344379
17.674257,45.34313
17.676587,45.343118
17.676135,45.342293
17.673914,45.343961
17.678598,45.344731
17.676673,45.342378
17.675895,45.342263
17.675709,45.344531
17.678663,45.342647
17.673252,45.343705
17.674951,45.343923
17.675346,45.344675
17.675447,45.344218
17.675799,45.344254
17.673229,45.344035
17.67477,45.340933
17.677918,45.340696
17.678025,45.340666
17.672,45.342302
17.67189,45.341149
17.671929,45.342031
17.671738,45.342415
17.675868,45.340188
17.671587,45.342144
17.677406,45.342472
17.677494,45.342131
17.678537,45.340504
17.678543,45.34081
17.677999,45.339916
17.677074,45.342432
17.673909,45.340612
17.676458,45.339664
17.678352,45.342265
17.671606,45.340952
17.676063,45.339625
17.675859,45.340709
17.671725,45.339842
17.677532,45.340637
17.672674,45.340047
17.672543,45.340262
17.674336,45.340229
17.675606,45.339509
17.674688,45.341269
17.676296,45.340802
17.679162,45.343235
17.679125,45.343282
17.674796,45.342564
17.675377,45.339754
17.67436,45.342806
17.677173,45.342109
17.67768,45.341526
17.6721,45.342602
17.675292,45.341841
17.675184,45.340981
17.675264,45.342197
17.67625,45.342311
17.681067,45.339806
17.67681,45.343145
17.676979,45.34206
17.679001,45.340099
17.682203,45.339754
17.67556,45.343413
17.679375,45.342392
17.677303,45.341924
17.677671,45.340647
17.674479,45.340573
17.677644,45.34164
17.673997,45.340426
17.67721,45.340932
17.675208,45.340305
17.672909,45.340313
17.67459,45.340168
17.677123,45.341228
17.67604,45.340733
17.67304,45.339544
17.673274,45.343477
17.6779,45.342542
17.67576,45.345652
17.674252,45.345709
17.675732,45.345944
17.675206,45.345229
17.67516,45.345703
17.674683,45.343058
17.674585,45.343531
17.674522,45.343768
17.67432,45.344943
17.677653,45.345482
17.675526,45.343522
17.674258,45.345955
17.675376,45.344519
17.675822,45.344926
17.674123,45.343727
17.674022,45.344161
17.676192,45.344961
17.674503,45.344137
17.678329,45.34451
17.678282,45.344908
17.675196,45.343944
17.677163,45.343502
17.678495,45.344905
17.674972,45.342952
17.671941,45.34441
17.671927,45.344567
17.671724,45.34346
17.672901,45.346072
17.672966,45.346176
17.672633,45.346141
17.672522,45.343351
17.671275,45.346039
17.67229,45.342947
17.672156,45.343048
17.671899,45.344901
17.672113,45.345567
17.672261,45.345757
17.672637,45.345797
17.673357,45.343013
17.682227,45.34436
17.68212,45.34557
17.67514,45.345832
17.673873,45.345624
17.675222,45.345622
17.676524,45.345682
17.677229,45.346069
17.675883,45.345948
17.674713,45.345737
17.675444,45.345345
17.675456,45.345636
17.674486,45.345717
17.673811,45.346187
17.675606,45.345644
17.674336,45.344816
17.678257,45.344506
17.678111,45.346096
17.676554,45.344771
17.675861,45.344005
17.679088,45.3442
17.675456,45.343965
17.676801,45.345322
17.67693,45.344803
17.677236,45.345755
17.676423,45.34078
17.675491,45.340318
17.676531,45.340468
17.672525,45.346058
17.672363,45.345847
17.672797,45.345875
17.672481,45.345963
17.670732,45.346118
17.67727,45.345444
17.67972,45.343471
17.679753,45.343421
17.679783,45.343368
17.67982,45.343323
17.677689,45.343484
17.678217,45.345538
17.680833,45.345182
17.676362,45.344051
17.682143,45.345645
17.676644,45.34408
17.677571,45.344861
17.677092,45.343765
17.676063,45.345663
17.678373,45.345461
17.682016,45.344957
17.676817,45.342875
17.676415,45.342854
17.675727,45.344249
17.676533,45.344303
17.676785,45.345774
17.682051,45.345198
17.677343,45.344645
17.676028,45.343021
17.677232,45.343155
17.679505,45.342751
17.676038,45.342779
17.677,45.344383
17.676766,45.345903
17.677846,45.345799
17.677509,45.343874
17.671982,45.341899
17.671157,45.345609
17.671513,45.345583
17.671803,45.342528
17.671255,45.345397
17.671097,45.345714
17.671728,45.341718
17.671217,45.345469
17.67186,45.341275
17.673957,45.344575
17.671753,45.343241
17.67135,45.345178
17.67195,45.344178
17.674083,45.339232
17.673982,45.344443
17.674165,45.342854
17.672352,45.33979
17.673835,45.340937
17.673656,45.341725
17.673594,45.342008
17.673469,45.342584
17.6713,45.341076
17.670838,45.341285
17.673119,45.340107
17.671899,45.339846
17.671581,45.344276
17.671613,45.345383
17.671541,45.344426
17.671439,45.345768
17.671539,45.344709
17.671536,45.345491
17.671407,45.345014
17.671328,45.345244
17.672374,45.345495
17.672312,45.345382
17.67197,45.345471
17.671988,45.344995
17.672039,45.34509
17.674108,45.341521
17.675212,45.340634
17.675264,45.340584
17.674465,45.342277
17.67504,45.341581
17.674569,45.341444
17.674593,45.341762
17.674746,45.341038
17.674513,45.342118
17.675188,45.340745
17.675046,45.34148
17.67498,45.341825
17.674887,45.342142
17.673517,45.342346
17.675099,45.341307
17.674134,45.341691
17.67445,45.34244
17.674843,45.342402
17.673737,45.341384
17.673562,45.342127
17.675091,45.342164
17.673763,45.341276
17.67629,45.341985
17.675464,45.341882
17.676672,45.342038
17.675726,45.340681
17.67618,45.340419
17.67634,45.340432
17.674312,45.340446
17.676677,45.340816
17.675823,45.340365
17.674823,45.340511
17.675471,45.340785
17.673999,45.34205
17.673548,45.34224
17.674719,45.341108
17.676418,45.340966
17.673493,45.342462
17.674219,45.342047
17.675909,45.345368
17.675241,45.344985
17.674429,45.344439
17.676367,45.345387
17.673832,45.345337
17.674416,45.344275
17.673919,45.344741
17.677467,45.345467
17.673938,45.344926
17.673859,45.345169
17.673892,45.345237
17.674403,45.344354
17.675752,45.345361
17.67435,45.344549
17.675726,45.344436
17.677359,45.344564
17.673928,45.344648
17.674333,45.34468
17.675292,45.344756
17.677681,45.344868
17.67658,45.344991
17.673846,45.34499
17.674319,45.345079
17.674297,45.345366
17.675681,45.344688
17.678412,45.345278
17.677884,45.344468
17.676237,45.344037
17.67806,45.344894
17.674742,45.34416
17.676716,45.345004
17.675122,45.344199
17.675467,45.344906
17.678273,45.345131
17.677304,45.344834
17.676442,45.344763
17.676978,45.344611
17.675394,45.344427
17.676062,45.344734
17.675947,45.344936
17.677939,45.344887
17.677851,45.345097
17.675603,45.343982
17.676742,45.344088
17.677425,45.344085
17.677482,45.345068
17.678092,45.345128
17.677037,45.34403
17.676176,45.344742
17.676323,45.344983
17.677057,45.343942
17.677735,45.345089
17.678676,45.344555
17.677671,45.344074
17.674666,45.344391
17.682158,45.344476
17.682088,45.345431
17.682075,45.345349
17.682455,45.344046
17.68204,45.344881
17.681998,45.340238
17.671795,45.341453
17.671821,45.34141
17.672193,45.340368
17.672119,45.341359
17.67204,45.340449
17.671726,45.3416
17.671393,45.339778
17.672044,45.340196
17.671838,45.340138
17.671843,45.340758
17.671564,45.344566
17.671695,45.341863
17.672019,45.34368
17.671665,45.343138
17.671707,45.343572
17.671551,45.343931
17.672155,45.342845
17.672035,45.343466
17.674124,45.34382
17.674599,45.343654
17.674138,45.343642
17.674089,45.343877
17.674613,45.343299
17.675955,45.343195
17.673445,45.342687
17.675597,45.343331
17.675614,45.343178
17.674494,45.34389
17.674767,45.342669
17.674733,45.342796
17.675928,45.342768
17.67329,45.34335
17.674715,45.342923
17.675744,45.342742
17.675899,45.343419
17.673229,45.343808
17.675623,45.342994
17.673385,45.342908
17.676151,45.343033
17.675913,45.343334
17.675964,45.344013
17.675642,45.342911
17.676304,45.342839
17.675872,45.343561
17.673408,45.342799
17.671511,45.342771
17.671914,45.344676
17.671793,45.342662
17.671496,45.344843
17.672287,45.340848
17.67211,45.341498
17.67201,45.342414
17.672016,45.341772
17.671949,45.344316
17.672232,45.34105
17.671653,45.342009
17.671732,45.343349
17.671697,45.343654
17.672057,45.342493
17.671968,45.344086
17.672056,45.341632
17.672111,45.343133
17.671216,45.341364
17.67108,45.341288
17.6715,45.342906
17.672394,45.340574
17.67254,45.340673
17.672079,45.340558
17.672011,45.340968
17.672263,45.340958
17.673824,45.341053
17.673868,45.340825
17.673839,45.339215
17.671046,45.341113
17.672055,45.339882
17.672903,45.340079
17.673036,45.340326
17.673848,45.340404
17.671592,45.339808
17.674202,45.340437
17.671691,45.340123
17.672535,45.340047
17.679364,45.343297
17.679404,45.343245
17.680063,45.342497
17.679125,45.34271
17.67939,45.342733
17.680062,45.342904
17.679856,45.342818
17.677716,45.343212
17.677641,45.343682
17.677998,45.343513
17.67801,45.343259
17.678146,45.343275
17.678448,45.343308
17.678687,45.343611
17.677355,45.342663
17.676806,45.342396
17.678324,45.341107
17.678173,45.341523
17.676925,45.343156
17.677928,45.342205
17.678881,45.342338
17.677034,45.34293
17.67722,45.342952
17.676809,45.342055
17.678358,45.340999
17.678594,45.34038
17.678486,45.340625
17.678257,45.341261
17.678527,45.342281
17.678322,45.342591
17.67852,45.342623
17.678059,45.340522
17.678129,45.342222
17.67718,45.343426
17.678665,45.343023
17.67692,45.34241
17.678215,45.341384
17.677532,45.342025
17.678703,45.342307
17.67711,45.343683
17.678218,45.342273
17.6778,45.341291
17.677578,45.341907
17.67734,45.342737
17.676802,45.34084
17.677029,45.340391
17.676995,45.341056
17.677423,45.340951
17.677298,45.34059
17.676781,45.34051
17.677099,45.340524
17.677369,45.34208
17.675481,45.340169
17.675306,45.34024
17.675008,45.339544
17.674905,45.340258
17.674999,45.339895
17.678184,45.340189
17.677385,45.339817
17.675351,45.339483
17.67497,45.339823
17.676653,45.339732
17.6788,45.340077
17.678155,45.340274
17.677813,45.339882
17.673304,45.340113
17.678684,45.340049
17.678606,45.340258
17.675651,45.340331
17.678081,45.34016
17.675722,45.339545
17.675006,45.338717
17.672833,45.338936
17.674659,45.338925
17.690405,45.346404
17.685999,45.342131
17.685126,45.341877
17.68542,45.3419
17.682713,45.341365
17.689104,45.344985
17.695859,45.3454
17.695704,45.343455
17.693979,45.34361
17.692167,45.344123
17.691663,45.343504
17.690162,45.346043
17.689162,45.345951
17.685138,45.341697
17.688763,45.345471
17.688164,45.343289
17.683273,45.341984
17.683047,45.342882
17.691462,45.343514
17.697137,45.345473
17.693217,45.343389
17.692587,45.34332
17.696627,45.344692
17.693287,45.3457
17.693289,45.345314
17.683068,45.342342
17.683176,45.342586
17.682988,45.341478
17.68289,45.341363
17.691526,45.34351
17.693286,45.344723
17.693273,45.34551
17.696894,45.342874
17.685241,45.341935
17.684966,45.341775
17.686076,45.342329
17.696318,45.34294
17.690373,45.3453
17.682496,45.343318
17.682723,45.343379
17.682541,45.343786
17.682499,45.343639
17.683007,45.342567
17.68611,45.343397
17.685566,45.342054
17.687909,45.343269
17.68574,45.342009
17.686726,45.343068
17.685735,45.342187
17.686882,45.34251
17.687498,45.342692
17.685244,45.341221
17.682556,45.342024
17.683116,45.342698
17.687736,45.34317
17.683987,45.341017
17.68333,45.341924
17.694342,45.342533
17.691599,45.343506
17.691737,45.343498
17.697435,45.343806
17.69324,45.344503
17.693281,45.345115
17.693284,45.344902
17.695993,45.342993
17.693294,45.344224
17.689461,45.343384
17.692013,45.344251
17.697178,45.342728
17.690403,45.344362
17.695586,45.343464
17.696722,45.343759
17.691817,45.344121
17.693436,45.343367
17.69715,45.343561
17.673103,45.347934
17.673237,45.34848
17.673058,45.347734
17.673141,45.348112
17.681982,45.348136
17.682617,45.347315
17.68254,45.347699
17.682136,45.347691
17.682806,45.344802
17.682711,45.346534
17.682367,45.348523
17.682255,45.34625
17.681504,45.348367
17.682557,45.345848
17.682649,45.34707
17.682069,45.347806
17.669283,45.347424
17.670539,45.34765
17.670067,45.347701
17.670114,45.347198
17.670723,45.346868
17.670182,45.348558
17.670036,45.347814
17.669344,45.34705
17.67018,45.346765
17.669237,45.347729
17.669533,45.347562
17.669593,45.347447
17.67031,45.348301
17.669249,45.347589
17.669331,45.346918
17.67584,45.347291
17.675308,45.347257
17.675554,45.346224
17.674154,45.347153
17.675711,45.346234
17.676014,45.346251
17.674202,45.346598
17.67421,45.346311
17.675948,45.346833
17.67725,45.347266
17.677212,45.346319
17.676476,45.346279
17.677992,45.346477
17.675485,45.346813
17.677771,45.347028
17.677194,45.347129
17.676298,45.346553
17.676716,45.346491
17.677505,45.346939
17.677115,45.346922
17.675793,45.346827
17.67775,45.347319
17.674718,45.346514
17.674719,45.346577
17.676814,45.348576
17.675025,45.348306
17.674948,45.34847
17.676311,45.34839
17.675391,45.34832
17.675007,45.347549
17.676671,45.348404
17.675237,45.347956
17.677141,45.347958
17.677718,45.348563
17.676133,45.348042
17.676843,45.347619
17.67685,45.348076
17.682692,45.345911
17.682421,45.345188
17.682516,45.344861
17.673031,45.347622
17.676519,45.347613
17.676343,45.347621
17.673746,45.346738
17.672794,45.346828
17.676167,45.347604
17.674153,45.347669
17.675477,45.347271
17.674123,45.347912
17.675079,45.346798
17.67321,45.348271
17.675629,45.347571
17.674976,45.347997
17.672895,45.34713
17.674175,45.347555
17.675087,45.346499
17.67504,45.347255
17.675452,45.347561
17.675672,45.346523
17.677755,45.347221
17.6743,45.346761
17.677816,45.346612
17.675642,45.34682
17.676488,45.348395
17.677,45.348394
17.676666,45.347193
17.677184,45.346581
17.676136,45.348399
17.676707,45.34658
17.676691,45.347313
17.67542,45.348017
17.673166,45.346408
17.672902,45.347994
17.670426,45.348024
17.67012,45.347074
17.67007,45.347589
17.670829,45.346762
17.670114,45.346918
17.670551,45.34719
17.677827,45.346359
17.675403,45.346228
17.67763,45.346324
17.676316,45.346264
17.672628,45.346372
17.672681,45.346247
17.673128,45.346366
17.683224,45.346658
17.68156,45.348585
17.68153,45.348121
17.682029,45.347976
17.682483,45.345311
17.682464,45.347801
17.682655,45.346276
17.681873,45.348412
17.682175,45.347073
17.673227,45.348354
17.674953,45.348609
17.675955,45.348366
17.673265,45.348607
17.675751,45.348342
17.675273,45.347572
17.674164,45.347005
17.674345,45.34756
17.675081,45.346952
17.676369,45.347307
17.673794,45.34645
17.674655,45.34775
17.675596,45.348027
17.674641,45.347429
17.675862,45.346245
17.674193,45.346486
17.674142,45.347462
17.677075,45.348079
17.675058,45.347085
17.676735,45.346284
17.674685,45.347134
17.675377,45.346503
17.677679,45.347815
17.677406,45.347546
17.677537,45.347677
17.675331,45.346806
17.677304,45.347411
17.677943,45.346597
17.677802,45.347961
17.67553,45.346518
17.674706,45.347264
17.672922,45.347341
17.672902,45.347234
17.673081,45.347868
17.67296,45.347507
17.672971,45.346693
17.68268,45.346953
17.682629,45.347186
17.682268,45.34633
17.682324,45.346658
17.682687,45.346417
17.682734,45.346708
17.682872,45.346303
17.673816,45.346367
17.675091,45.34641
17.675657,45.34728
17.677406,45.346335
17.673808,45.346599
17.674367,45.347302
17.675112,45.346284
17.677312,45.34693
17.673768,45.3469
17.674175,45.346868
17.675116,45.346203
17.676411,45.34685
17.676725,45.346374
17.677557,45.346602
17.677375,45.346595
17.676604,45.347012
17.67583,45.346532
17.672835,45.347031
17.672912,45.346587
17.672845,45.346933
17.670246,45.348433
17.670574,45.347074
17.669878,45.348063
17.670604,45.346952
17.670569,45.347341
17.669874,45.346969
17.670963,45.346621
17.669492,45.347905
17.669529,45.347676
17.669124,45.348051
17.675843,45.347582
17.677348,45.348398
17.682638,45.347527
17.682449,45.348127
17.678316,45.348513
17.682486,45.347969
17.682415,45.348262
17.682408,45.348403
17.677927,45.348089
17.678054,45.348231
17.678183,45.348377
17.682117,45.347581
17.67579,45.348011
17.67753,45.348401
17.683001,45.348426
17.676201,45.347287
17.682497,45.345558
17.676015,45.347296
17.682517,45.345731
17.682624,45.346016
17.676144,45.346546
17.676164,45.346258
17.677964,45.34638
17.67663,45.34686
17.682303,45.346482
17.68229,45.346433
17.682632,45.346146
17.676103,45.346838
17.675993,45.346553
17.682579,45.34504
17.676255,45.346843
17.677724,45.346931
17.676448,45.34656
17.682941,45.346806
17.676018,45.347599
17.675006,45.347719
17.674129,45.34779
17.674591,45.348184
17.674521,45.348356
17.67413,45.348021
17.674989,45.347868
17.676952,45.347783
17.676313,45.348053
17.674568,45.348527
17.675955,45.348024
17.67648,45.348048
17.67558,45.348325
17.677175,45.348388
17.676814,45.348411
17.675236,45.348308
17.676668,45.348073
17.669195,45.347882
17.669989,45.347937
17.670142,45.347339
17.670362,45.348167
17.670328,45.346635
17.669792,45.346833
17.669325,45.34717
17.669301,45.347302
17.66935,45.346811
17.682755,45.344298
17.682649,45.34543
17.682783,45.344154
17.682673,45.344451
17.68259,45.344666
17.682624,45.344563
17.66998,45.349379
17.669982,45.349101
17.669783,45.350317
17.669706,45.350832
17.670109,45.34882
17.670027,45.348969
17.669859,45.349918
17.669781,45.350725
17.669584,45.351348
17.669753,45.350446
17.669947,45.349519
17.669824,45.350049
17.669663,45.351072
17.669604,45.351201
17.669983,45.349235
17.670144,45.348694
17.669934,45.34965
17.669806,45.350181
17.669839,45.349805
17.674029,45.354466
17.67335,45.355082
17.673751,45.355259
17.673337,45.354913
17.673075,45.354036
17.674148,45.354679
17.673592,45.349906
17.673467,45.349256
17.672682,45.352731
17.67416,45.352549
17.673208,45.351188
17.67417,45.352689
17.673359,45.350681
17.673033,45.35179
17.673081,45.352678
17.672691,45.35286
17.673957,45.351605
17.67378,45.352587
17.674071,45.34865
17.673329,45.348729
17.673563,45.349789
17.672694,45.353667
17.672887,45.353915
17.673888,45.351086
17.673181,45.353126
17.673216,45.351319
17.673908,45.351213
17.674003,45.351742
17.673763,45.352317
17.674095,45.352138
17.673263,45.354508
17.67334,45.353994
17.674225,45.354008
17.673391,45.348966
17.672613,45.352479
17.673909,45.353085
17.673935,45.353247
17.672816,45.352982
17.672452,45.352472
17.673052,45.352554
17.673251,45.350917
17.673508,45.349631
17.672642,45.352605
17.673476,45.350081
17.673016,45.352413
17.674124,45.352419
17.673122,45.352821
17.673223,45.353285
17.673156,45.351469
17.673376,45.350197
17.674129,45.352267
17.672728,45.351669
17.673667,45.351775
17.67373,45.35205
17.673109,45.351103
17.672578,45.352331
17.673165,45.352041
17.672964,45.352157
17.673865,45.350953
17.673148,45.352954
17.674041,45.35188
17.673886,45.350824
17.672793,45.353793
17.673747,45.352182
17.674187,45.352843
17.673667,45.351638
17.673946,45.351483
17.673702,45.351904
17.673924,45.35135
17.67385,45.352846
17.673845,45.350649
17.67408,45.352017
17.673549,45.353999
17.673987,45.353995
17.673617,45.351364
17.672741,45.351892
17.673974,45.353385
17.673654,45.351511
17.67425,45.354869
17.674239,45.354758
17.674326,45.354982
17.674051,45.354531
17.673746,45.355056
17.673335,45.354814
17.67395,45.354358
17.673261,45.354617
17.673482,45.350283
17.673512,45.349519
17.673488,45.349398
17.678394,45.349234
17.676239,45.348754
17.675144,45.349097
17.675352,45.349109
17.676415,45.348757
17.675894,45.348744
17.676948,45.348822
17.677143,45.349162
17.67821,45.34924
17.678434,45.348652
17.678573,45.349218
17.675522,45.348769
17.678685,45.348933
17.676611,45.349157
17.675348,45.348757
17.676784,45.348781
17.677678,45.349227
17.677324,45.349166
17.676072,45.34913
17.677319,45.34884
17.675888,45.349125
17.677714,45.34886
17.676066,45.348755
17.676595,45.348761
17.674896,45.349091
17.677829,45.348733
17.678037,45.349219
17.677491,45.348849
17.676255,45.349128
17.675531,45.349116
17.678932,45.349224
17.676788,45.349159
17.677497,45.349203
17.676961,45.34917
17.678574,45.348791
17.677856,45.349251
17.678758,45.349226
17.677135,45.348832
17.67496,45.348744
17.675705,45.349124
17.676432,45.349146
17.67516,45.348748
17.675699,45.348774
17.674412,45.356488
17.674002,45.357584
17.673871,45.357951
17.67428,45.356731
17.6738,45.358032
17.674565,45.355307
17.674537,45.355561
17.674666,45.355532
17.674535,45.35598
17.674595,45.355768
17.674488,45.356139
17.674378,45.356618
17.673783,45.355427
17.674009,45.357276
17.673423,45.355609
17.674594,45.355425
17.674046,45.357138
17.673924,45.357813
17.6741,45.356934
17.67442,45.35716
17.673721,45.356755
17.674007,45.357432
17.674262,45.357692
17.673254,45.356295
17.67375,45.359516
17.67389,45.358779
17.673701,45.359247
17.673782,45.35918
17.675144,45.359757
17.67519,45.36013
17.672632,45.361028
17.673654,45.359863
17.673666,45.359738
17.673777,45.359392
17.673971,45.358419
17.673707,45.359627
17.67386,45.358902
17.673833,45.359016
17.673491,45.360077
17.673602,45.35997
17.67401,45.358224
17.673912,45.358664
17.682526,45.358625
17.682527,45.358173
17.682529,45.359066
17.681267,45.360244
17.682508,45.358916
17.682131,45.360345
17.682465,45.359551
17.682509,45.359361
17.682985,45.361351
17.682283,45.360086
17.682387,45.359841
17.682524,45.358466
17.681467,45.360366
17.682317,45.360796
17.681292,45.360537
17.682378,45.361305
17.682511,45.358764
17.682517,45.35832
17.681549,45.36038
17.682545,45.359193
17.682458,45.359472
17.68239,45.361148
17.682679,45.354199
17.68264,45.35471
17.682654,45.35454
17.682545,45.357857
17.682655,45.354783
17.682642,45.355219
17.682617,45.356063
17.682595,45.355291
17.682583,45.356554
17.682693,45.354035
17.682571,45.355962
17.682631,45.355559
17.682561,45.356841
17.682552,45.357271
17.682649,45.355046
17.682649,45.35488
17.682598,45.356232
17.682576,45.356984
17.682596,45.356701
17.68261,45.355728
17.682584,45.3564
17.682561,45.357561
17.682564,45.357416
17.682535,45.3577
17.682674,45.354372
17.68262,45.355389
17.682528,45.358024
17.682566,45.35713
17.6811,45.356962
17.682191,45.351647
17.682707,45.352405
17.682584,45.352278
17.682558,45.352156
17.682013,45.350257
17.682173,45.350744
17.68252,45.352022
17.682088,45.35047
17.682376,45.351383
17.682747,45.352648
17.682757,45.352778
17.682256,45.351015
17.682133,45.350588
17.681826,45.351455
17.682064,45.350382
17.681949,45.349976
17.682392,45.351506
17.682735,45.352482
17.682214,45.350878
17.6824,45.351688
17.682481,45.351901
17.682731,45.353135
17.682735,45.353052
17.682743,45.352918
17.682307,45.351213
17.682884,45.351617
17.682275,45.351136
17.682441,45.351798
17.681977,45.350095
17.6827,45.353853
17.683133,45.349476
17.681798,45.348994
17.682222,45.349193
17.682215,45.349236
17.681802,45.349141
17.681918,45.349815
17.681851,45.348793
17.681825,45.34953
17.68239,45.348664
17.681897,45.348674
17.681793,45.349224
17.681799,45.349382
17.681922,45.348554
17.68276,45.349529
17.681841,45.349622
17.682308,45.348797
17.682281,45.348963
17.681874,45.349743
17.682274,45.349103
17.683332,45.339395
17.698244,45.345634
17.698471,45.342518
17.698245,45.345692
17.698257,45.345503
17.69875,45.342363
17.697903,45.342658
17.698337,45.344099
17.69874,45.343312
17.698168,45.343802
17.708003,45.342455
17.702508,45.341961
17.701037,45.342299
17.700063,45.342524
17.704722,45.342276
17.700608,45.342398
17.710143,45.342204
17.700921,45.342325
17.70178,45.342127
17.700467,45.342431
17.701473,45.342196
17.702403,45.341969
17.702182,45.342028
17.700756,45.341947
17.704802,45.342105
17.701743,45.341696
17.701893,45.342103
17.710537,45.342007
17.704828,45.342292
17.703109,45.342104
17.701349,45.342224
17.700183,45.342496
17.703594,45.341893
17.706246,45.343744
17.700589,45.342616
17.714831,45.343264
17.714589,45.343634
17.711607,45.343705
17.714971,45.343508
17.670695,45.346262
17.671729,45.345189
17.671688,45.345257
17.682357,45.358044
17.682344,45.357968
17.674235,45.346182
17.6738,45.34627
17.682494,45.343963
17.673249,45.348649
17.669641,45.331842
17.664329,45.331535
17.664186,45.331504
17.667191,45.331755
17.667611,45.331517
17.662993,45.331324
17.667605,45.332976
17.669455,45.332526
17.668243,45.332819
17.663751,45.333343
17.668439,45.334768
17.666602,45.334258
17.667562,45.332572
17.667402,45.334389
17.667071,45.332826
17.669277,45.33331
17.66707,45.332913
17.664237,45.333374
17.666922,45.33471
17.666791,45.334038
17.666837,45.333901
17.668025,45.333814
17.667755,45.334515
17.664413,45.334051
17.667347,45.332972
17.670338,45.332416
17.667438,45.332548
17.670596,45.332323
17.668039,45.333045
17.670974,45.331918
17.669148,45.333428
17.669824,45.331874
17.664295,45.333237
17.665539,45.331175
17.664687,45.33212
17.668132,45.333362
17.665026,45.331099
17.66717,45.332615
17.667122,45.331891
17.664546,45.332028
17.668666,45.332859
17.663992,45.333714
17.664856,45.331071
17.664885,45.331871
17.66459,45.332546
17.664039,45.331479
17.663804,45.331781
17.668091,45.332641
17.668535,45.334296
17.670157,45.332602
17.668251,45.333228
17.668092,45.333453
17.668462,45.334529
17.668321,45.333158
17.668984,45.33254
17.668777,45.332759
17.668015,45.332632
17.668805,45.333771
17.668873,45.332653
17.668894,45.333691
17.668059,45.333575
17.6685,45.332927
17.662982,45.332108
17.663691,45.333514
17.66301,45.331691
17.663226,45.332567
17.66389,45.331453
17.6634,45.331381
17.662443,45.331625
17.67015,45.331882
17.669076,45.331755
17.671243,45.331927
17.668103,45.331615
17.667348,45.333226
17.667044,45.333235
17.667843,45.332334
17.667631,45.333694
17.667603,45.33378
17.667314,45.334521
17.667488,45.334129
17.667242,45.332539
17.666957,45.333564
17.66703,45.332088
17.66691,45.333701
17.667845,45.334234
17.666801,45.334687
17.666928,45.334451
17.666816,45.334416
17.666569,45.33215
17.664101,45.332996
17.664663,45.331214
17.664603,45.331705
17.665881,45.332106
17.663615,45.330934
17.664741,45.331802
17.663773,45.333945
17.66552,45.334425
17.664468,45.331602
17.664196,45.330986
17.663615,45.33175
17.669434,45.333097
17.668471,45.332432
17.669056,45.33351
17.670222,45.332543
17.669725,45.332879
17.668634,45.334019
17.668523,45.333804
17.669121,45.332375
17.6696,45.333005
17.669407,45.333198
17.668632,45.332451
17.670925,45.33225
17.6707,45.332296
17.668499,45.334416
17.668729,45.333869
17.668868,45.332321
17.669342,45.332475
17.66981,45.332227
17.66311,45.330869
17.664426,45.331055
17.664011,45.330973
17.664584,45.331032
17.669206,45.331767
17.668678,45.331687
17.669436,45.331818
17.670771,45.331934
17.668899,45.331726
17.668527,45.331661
17.668398,45.331657
17.668457,45.331945
17.669925,45.33274
17.669847,45.33279
17.670012,45.332663
17.671227,45.332142
17.669561,45.331978
17.67052,45.331915
17.669957,45.331852
17.666989,45.332007
17.667183,45.33146
17.670285,45.33194
17.666924,45.332199
17.667479,45.3318
17.667422,45.331924
17.667865,45.331573
17.663911,45.332958
17.667229,45.333235
17.667483,45.332963
17.66805,45.333669
17.667575,45.333867
17.667895,45.3341
17.667678,45.333274
17.668146,45.332949
17.664957,45.334215
17.666929,45.333239
17.664074,45.332675
17.663648,45.332227
17.668042,45.332376
17.667324,45.33219
17.665952,45.33122
17.667363,45.332075
17.666833,45.331395
17.664265,45.332119
17.6678,45.3326
17.665006,45.331975
17.668257,45.332398
17.662052,45.332149
17.666959,45.331403
17.667554,45.331708
17.668261,45.33161
17.665833,45.33121
17.667232,45.331634
17.666206,45.332113
17.665448,45.332068
17.664636,45.332413
17.664262,45.332705
17.663707,45.331421
17.667275,45.332323
17.666207,45.331291
17.665578,45.332037
17.667299,45.331456
17.663582,45.331414
17.663292,45.331366
17.667734,45.333004
17.667486,45.334044
17.668371,45.33267
17.66769,45.333403
17.667678,45.33354
17.668461,45.334636
17.66743,45.334303
17.667808,45.334363
17.668583,45.33414
17.667938,45.333973
17.667769,45.334591
17.668426,45.333019
17.668957,45.333617
17.663284,45.330906
17.666395,45.331317
17.665298,45.332042
17.664219,45.332257
17.666535,45.331464
17.665426,45.331134
17.663205,45.33172
17.665147,45.332021
17.666338,45.332136
17.665715,45.332087
17.663103,45.33134
17.665172,45.331105
17.66601,45.332113
17.663855,45.330955
17.66614,45.331529
17.663423,45.33091
17.66403,45.334458
17.667581,45.335562
17.66516,45.335011
17.666665,45.335292
17.668895,45.335553
17.667192,45.335019
17.66662,45.334666
17.668358,45.335121
17.668769,45.335187
17.667158,45.334776
17.666342,45.334609
17.66655,45.334651
17.667738,45.335657
17.666525,45.335268
17.666191,45.334956
17.666675,45.33503
17.668285,45.335415
17.667825,45.334934
17.669011,45.336077
17.667597,45.335014
17.668965,45.335834
17.668993,45.335919
17.667869,45.335281
17.666863,45.33532
17.665547,45.335282
17.668855,45.33542
17.668344,45.335193
17.668915,45.335639
17.66813,45.335523
17.66644,45.334994
17.664314,45.334857
17.664762,45.334855
17.665842,45.334699
17.663912,45.334278
17.668323,45.3353
17.663978,45.334607
17.667028,45.335348
17.664372,45.334713
17.664711,45.335002
17.665593,45.335131
17.665108,45.335163
17.666322,45.334976
17.664901,45.334349
17.667618,45.334948
17.663717,45.334183
17.666808,45.335048
17.66738,45.335497
17.665416,45.334697
17.667214,45.335409
17.667268,45.334819
17.665464,45.334559
17.665899,45.33456
17.667517,45.335218
17.668363,45.335032
17.667542,45.335137
17.667168,45.335106
17.667659,45.334886
17.660375,45.330498
17.660225,45.330486
17.658975,45.330294
17.661416,45.330698
17.659735,45.330409
17.659922,45.330443
17.661243,45.330652
17.661041,45.330618
17.660877,45.330592
17.659238,45.330341
17.659555,45.330382
17.660138,45.330382
17.65846,45.330358
17.659112,45.33031
17.662415,45.330836
17.661746,45.330721
17.660565,45.33055
17.66276,45.330891
17.660723,45.330573
17.661908,45.330755
17.662576,45.330856
17.662253,45.33081
17.662081,45.330781
17.661586,45.330705
17.656354,45.328856
17.661917,45.328097
17.660427,45.327665
17.66146,45.329382
17.661435,45.32924
17.661755,45.330399
17.659753,45.32994
17.663487,45.32846
17.657446,45.327816
17.659178,45.328282
17.659479,45.327102
17.658385,45.327644
17.659019,45.327178
17.662198,45.326203
17.6587,45.327411
17.658628,45.327372
17.658557,45.327345
17.664795,45.325706
17.663094,45.324896
17.666291,45.327615
17.663839,45.326582
17.666741,45.328112
17.664891,45.326673
17.658492,45.327523
17.663874,45.326321
17.661633,45.327836
17.66145,45.328514
17.663686,45.326256
17.663202,45.327843
17.662839,45.328306
17.667108,45.329186
17.666325,45.328903
17.662986,45.326579
17.666268,45.329098
17.662803,45.324915
17.663972,45.329135
17.665123,45.328213
17.665327,45.327423
17.665564,45.327183
17.665809,45.330097
17.664369,45.32933
17.666073,45.330064
17.66547,45.32833
17.664338,45.329424
17.667265,45.330817
17.663524,45.328268
17.666202,45.32954
17.663783,45.330305
17.664523,45.329963
17.664955,45.330159
17.665363,45.328683
17.66536,45.329838
17.665214,45.330811
17.664977,45.330368
17.665592,45.329435
17.664896,45.330769
17.665588,45.330875
17.665567,45.329884
17.664287,45.329625
17.664231,45.329807
17.663792,45.329703
17.667117,45.329246
17.664971,45.328928
17.665851,45.329362
17.664341,45.329539
17.665878,45.328716
17.664107,45.32924
17.667411,45.330998
17.667297,45.330392
17.665359,45.326279
17.666174,45.327483
17.665183,45.327447
17.666142,45.324308
17.664521,45.322774
17.660913,45.32429
17.663441,45.326434
17.663279,45.325097
17.660105,45.327148
17.661441,45.328254
17.662692,45.32793
17.661456,45.329036
17.66264,45.326201
17.663609,45.330604
17.658866,45.329787
17.66382,45.330188
17.66286,45.32681
17.663477,45.328801
17.663206,45.328945
17.662653,45.330468
17.660916,45.330238
17.663433,45.32733
17.659618,45.327226
17.662477,45.324947
17.658182,45.327721
17.662454,45.325846
17.662933,45.330065
17.662051,45.328146
17.65753,45.329276
17.658073,45.328016
17.656809,45.32924
17.65785,45.327959
17.656736,45.329371
17.65759,45.322984
17.662239,45.326465
17.665224,45.324254
17.665012,45.326849
17.664627,45.326364
17.664816,45.32654
17.663422,45.326801
17.66292,45.326943
17.662794,45.324327
17.663643,45.324712
17.661663,45.324385
17.664892,45.32362
17.665381,45.328142
17.664327,45.32831
17.666773,45.327735
17.665925,45.327691
17.666525,45.328173
17.666595,45.327689
17.667082,45.328519
17.666398,45.328455
17.666702,45.328478
17.666049,45.327399
17.665549,45.329163
17.66503,45.327414
17.665691,45.327565
17.665918,45.327845
17.66623,45.328153
17.664459,45.328921
17.667082,45.329021
17.664983,45.328801
17.666793,45.328736
17.664013,45.329591
17.662422,45.328129
17.660161,45.327551
17.662208,45.328822
17.661846,45.329188
17.662253,45.327915
17.661127,45.32896
17.66315,45.330316
17.66344,45.329156
17.661487,45.328879
17.662429,45.327898
17.661335,45.327872
17.661141,45.328602
17.661101,45.328816
17.663925,45.327879
17.6627,45.328152
17.662244,45.32935
17.663034,45.329713
17.66174,45.328103
17.662873,45.329469
17.663479,45.328604
17.664082,45.328995
17.662026,45.330435
17.661913,45.330406
17.661471,45.329746
17.661969,45.329861
17.664129,45.330271
17.663445,45.328004
17.663116,45.330453
17.662164,45.328587
17.663226,45.328233
17.663227,45.330078
17.661735,45.330153
17.663655,45.32859
17.663506,45.329658
17.663341,45.329542
17.666408,45.329956
17.666608,45.330181
17.667091,45.329607
17.66671,45.329795
17.666376,45.331043
17.667385,45.330808
17.666554,45.331071
17.666187,45.331004
17.666252,45.32925
17.667267,45.330116
17.667218,45.330994
17.659407,45.327456
17.656564,45.328765
17.657185,45.328644
17.658144,45.328852
17.65782,45.329633
17.658555,45.329746
17.659641,45.329763
17.657309,45.329552
17.659858,45.329947
17.659406,45.328876
17.659998,45.329957
17.656857,45.329124
17.658178,45.329707
17.658583,45.32858
17.658688,45.329767
17.657084,45.328752
17.659022,45.328787
17.659202,45.328821
17.658867,45.327707
17.65659,45.328467
17.656666,45.328489
17.65674,45.328508
17.656812,45.328529
17.657311,45.328159
17.664675,45.330035
17.665184,45.32938
17.665827,45.329877
17.665542,45.330375
17.665019,45.330786
17.664143,45.330208
17.663731,45.329848
17.664825,45.33076
17.665086,45.330795
17.665728,45.330915
17.665915,45.33095
17.65657,45.328918
17.656493,45.328902
17.65642,45.328882
17.658125,45.328987
17.658063,45.329117
17.661129,45.329084
17.657659,45.329026
17.658026,45.329244
17.657718,45.328892
17.657958,45.329375
17.657599,45.329151
17.657764,45.328767
17.661134,45.329191
17.660318,45.33015
17.660106,45.329998
17.659269,45.329862
17.659107,45.329817
17.661188,45.330285
17.660507,45.330158
17.656945,45.329001
17.65749,45.32958
17.657088,45.329542
17.658584,45.329102
17.658366,45.329508
17.660687,45.330199
17.659604,45.328885
17.659388,45.329878
17.65799,45.329656
17.661045,45.330266
17.659581,45.329921
17.659247,45.329394
17.660835,45.330121
17.656588,45.329577
17.656846,45.329602
17.65703,45.328897
17.659348,45.326947
17.65931,45.32739
17.659329,45.328361
17.658502,45.328224
17.660931,45.327911
17.660731,45.327882
17.660547,45.327866
17.660608,45.327873
17.66111,45.328297
17.659914,45.327371
17.65793,45.328437
17.660275,45.326806
17.660509,45.327235
17.657935,45.328287
17.661121,45.328473
17.660331,45.32644
17.660294,45.327632
17.660927,45.327031
17.661092,45.328124
17.657464,45.328229
17.657642,45.327892
17.65967,45.327263
17.661238,45.326333
17.658766,45.328626
17.658378,45.328522
17.659926,45.326119
17.659177,45.326829
17.657808,45.328559
17.660077,45.328202
17.658487,45.328073
17.658488,45.328022
17.658498,45.32797
17.658527,45.32791
17.658599,45.327922
17.667305,45.330289
17.667303,45.330987
17.667082,45.331173
17.666965,45.331142
17.667325,45.331178
17.666792,45.331114
17.667437,45.331133
17.664167,45.32789
17.665958,45.327239
17.666146,45.327966
17.664609,45.326844
17.66465,45.326457
17.663365,45.327111
17.664962,45.326746
17.665832,45.327616
17.665116,45.327036
17.666422,45.327643
17.664918,45.325811
17.66442,45.326485
17.664416,45.327979
17.662739,45.327731
17.665132,45.327196
17.665232,45.326178
17.664232,45.3264
17.664076,45.326374
17.662578,45.326513
17.663532,45.327254
17.663131,45.327976
17.663255,45.327521
17.662973,45.326708
17.663197,45.327735
17.663412,45.327414
17.66283,45.327297
17.662954,45.326445
17.666184,45.330309
17.665954,45.330294
17.666162,45.330034
17.666199,45.328436
17.665318,45.330399
17.6655,45.328949
17.666037,45.328432
17.667,45.328257
17.666933,45.329683
17.665491,45.330178
17.665177,45.330193
17.666776,45.329762
17.666414,45.330246
17.667017,45.329646
17.667157,45.328265
17.665678,45.328366
17.666853,45.329722
17.666867,45.328501
17.666865,45.328177
17.665238,45.329548
17.665151,45.329174
17.666772,45.330131
17.665851,45.329597
17.665227,45.329705
17.66587,45.329176
17.666277,45.329384
17.66718,45.329564
17.667122,45.329933
17.665869,45.328923
17.667324,45.330605
17.665669,45.329675
17.665634,45.328086
17.66603,45.329906
17.666366,45.328755
17.667064,45.32887
17.662911,45.329698
17.663345,45.330066
17.663689,45.328224
17.664504,45.33021
17.664522,45.328399
17.664595,45.330255
17.664537,45.329148
17.664928,45.328619
17.664438,45.328684
17.664753,45.328156
17.664214,45.330021
17.663384,45.329427
17.662531,45.329095
17.664032,45.32949
17.664257,45.328659
17.662538,45.329439
17.664269,45.329706
17.663173,45.329053
17.663166,45.329184
17.664606,45.328811
17.663454,45.329054
17.662498,45.328806
17.66303,45.32883
17.663058,45.328557
17.664028,45.32864
17.663279,45.32832
17.663275,45.329869
17.663255,45.329966
17.663287,45.329769
17.663408,45.32931
17.662966,45.328429
17.662988,45.32989
17.664856,45.329123
17.663332,45.329652
17.665136,45.330379
17.66568,45.330362
17.665281,45.330819
17.664164,45.330376
17.664045,45.330671
17.664768,45.330321
17.666056,45.330979
17.66458,45.33074
17.665394,45.330839
17.661492,45.330337
17.661448,45.328382
17.663937,45.328225
17.663602,45.325897
17.66291,45.325627
17.664145,45.328237
17.661483,45.328764
17.663305,45.325705
17.663495,45.326216
17.662276,45.328126
17.664123,45.325198
17.661488,45.32864
17.662785,45.329675
17.662519,45.329006
17.66211,45.32871
17.663982,45.329717
17.66207,45.32785
17.661933,45.329559
17.663154,45.326139
17.663239,45.327627
17.661431,45.328119
17.661461,45.327874
17.663862,45.328608
17.662483,45.328615
17.663869,45.329982
17.661651,45.329301
17.663457,45.330583
17.662111,45.329296
17.664147,45.328881
17.663841,45.33009
17.66395,45.329813
17.663923,45.329863
17.662474,45.32851
17.663878,45.329945
17.664135,45.329129
17.662223,45.329058
17.661883,45.327839
17.663103,45.329452
17.663166,45.32871
17.662741,45.3276
17.66157,45.328117
17.662655,45.32944
17.662082,45.329597
17.663077,45.328116
17.663406,45.326951
17.66314,45.329318
17.66407,45.329383
17.662886,45.330229
17.663112,45.330538
17.663184,45.330192
17.662857,45.327149
17.663453,45.328949
17.662823,45.33049
17.662144,45.328937
17.663327,45.33036
17.663503,45.329278
17.661972,45.325356
17.653872,45.329571
17.6537,45.329491
17.654025,45.329568
17.652869,45.329491
17.653224,45.329525
17.653061,45.329508
17.653381,45.329423
17.653564,45.329576
17.645754,45.329795
17.645078,45.329711
17.646798,45.330675
17.645966,45.329858
17.645423,45.32975
17.647769,45.331228
17.646166,45.329896
17.646383,45.329917
17.646276,45.330753
17.645586,45.329775
17.645256,45.329735
17.644909,45.329677
17.790586,45.285302
17.667581,45.329557
17.667456,45.329086
17.667638,45.329316
17.667924,45.32978
17.667718,45.329574
17.667846,45.32957
17.667826,45.329302
17.667946,45.32929
17.667508,45.329332
17.667528,45.32812
17.667786,45.328865
17.667433,45.328962
17.667397,45.328825
17.667518,45.328676
17.667864,45.327871
17.66775,45.328495
17.667892,45.32853
17.667884,45.328856
17.667943,45.327897
17.667793,45.328341
17.670809,45.331685
17.671812,45.331763
17.671077,45.331713
17.671291,45.331749
17.669787,45.331613
17.670928,45.331722
17.671549,45.331734
17.67047,45.331711
17.670676,45.331688
17.670311,45.331595
17.672244,45.331679
17.67202,45.331704
17.669712,45.330967
17.668915,45.330736
17.668469,45.331409
17.667985,45.331337
17.66968,45.33117
17.66781,45.331306
17.669765,45.330873
17.669697,45.331069
17.66865,45.330982
17.668857,45.330976
17.669158,45.330971
17.66927,45.331007
17.66871,45.330726
17.669058,45.330982
17.668957,45.330989
17.669019,45.330736
17.668319,45.330841
17.668814,45.330725
17.668751,45.330981
17.668607,45.330699
17.669126,45.33072
17.668084,45.330833
17.669109,45.331519
17.669263,45.33154
17.671205,45.331474
17.672013,45.331487
17.672033,45.331423
17.670173,45.330719
17.670512,45.33113
17.671687,45.331026
17.670162,45.330912
17.669579,45.331596
17.669982,45.331596
17.668642,45.331445
17.671848,45.331569
17.671625,45.331631
17.671609,45.331437
17.670137,45.331245
17.67044,45.330747
17.670448,45.330871
17.670968,45.330972
17.671432,45.331004
17.670134,45.331135
17.671093,45.330972
17.67204,45.330799
17.670394,45.331326
17.671286,45.330795
17.67212,45.331071
17.671284,45.33099
17.67086,45.330669
17.670166,45.331054
17.670514,45.330949
17.67155,45.330807
17.671792,45.330829
17.671958,45.331047
17.671999,45.33136
17.669435,45.331567
17.670386,45.331443
17.670463,45.331208
17.672232,45.331079
17.668879,45.331495
17.671667,45.331322
17.668121,45.331358
17.668314,45.331389
17.669883,45.329795
17.671361,45.329678
17.670787,45.329569
17.670425,45.329661
17.669436,45.33053
17.668331,45.328729
17.668558,45.330108
17.669326,45.330445
17.670145,45.329298
17.671471,45.329901
17.671963,45.330248
17.668594,45.329321
17.671079,45.329902
17.671027,45.329681
17.672755,45.330295
17.671159,45.329697
17.668492,45.328768
17.670204,45.330334
17.669259,45.328914
17.670765,45.329782
17.670322,45.329344
17.672685,45.330277
17.669809,45.329172
17.67013,45.329533
17.670478,45.329432
17.669977,45.329217
17.670937,45.32952
17.670687,45.329532
17.670874,45.329606
17.668074,45.328657
17.668645,45.328783
17.668232,45.328625
17.668926,45.328848
17.668274,45.329332
17.668232,45.329117
17.66815,45.329347
17.668452,45.329325
17.66841,45.329115
17.668106,45.329117
17.668561,45.329112
17.668958,45.330085
17.669553,45.3306
17.669246,45.330371
17.669025,45.330192
17.669152,45.330253
17.668206,45.330221
17.668555,45.330324
17.66818,45.330002
17.668241,45.330445
17.668526,45.330218
17.668269,45.330332
17.668216,45.330111
17.668534,45.329984
17.668294,45.330674
17.668574,45.330443
17.66831,45.330543
17.669068,45.32984
17.668032,45.329793
17.668552,45.329768
17.668839,45.329786
17.669238,45.329908
17.668955,45.329811
17.668148,45.329811
17.668666,45.32979
17.668044,45.329568
17.66845,45.329799
17.668824,45.328825
17.669611,45.329094
17.671151,45.330003
17.673022,45.330388
17.670584,45.329481
17.670924,45.329845
17.670607,45.329723
17.67037,45.329634
17.671336,45.330049
17.671379,45.329843
17.672239,45.33015
17.6723,45.330358
17.672141,45.330303
17.672811,45.330526
17.672461,45.330415
17.670942,45.330362
17.67181,45.330198
17.670271,45.330397
17.669442,45.329029
17.670172,45.330624
17.669854,45.329412
17.669575,45.330034
17.669631,45.330411
17.670042,45.330046
17.669983,45.330431
17.670081,45.330493
17.671305,45.330352
17.670707,45.330323
17.669786,45.330226
17.670498,45.330487
17.670449,45.33064
17.670869,45.330545
17.668967,45.328118
17.669668,45.330123
17.670002,45.329935
17.670186,45.330146
17.669831,45.330297
17.669807,45.329574
17.671603,45.330533
17.668178,45.32814
17.673519,45.327834
17.670885,45.327319
17.673418,45.326898
17.670195,45.326544
17.673559,45.328817
17.672121,45.327769
17.670541,45.326637
17.672285,45.326525
17.671376,45.327483
17.672076,45.326803
17.674113,45.328239
17.677994,45.328376
17.673811,45.327989
17.673302,45.327875
17.674182,45.330242
17.672951,45.327219
17.674271,45.329149
17.674885,45.331358
17.677722,45.328035
17.673605,45.331492
17.673064,45.331565
17.672531,45.328021
17.676387,45.329248
17.674537,45.331179
17.678091,45.330253
17.674964,45.329401
17.673574,45.328048
17.677457,45.328955
17.67853,45.330422
17.67161,45.327675
17.671942,45.327858
17.67824,45.328418
17.67531,45.328987
17.674827,45.328944
17.676559,45.329389
17.677346,45.329158
17.67823,45.329666
17.671644,45.326931
17.676053,45.329377
17.675542,45.329165
17.675595,45.32929
17.675537,45.329798
17.671156,45.327228
17.671006,45.327501
17.67072,45.327122
17.673297,45.327029
17.673123,45.327419
17.673255,45.327267
17.673652,45.326487
17.673945,45.326671
17.673377,45.327604
17.672745,45.32727
17.674268,45.331304
17.674487,45.329374
17.674361,45.330891
17.67506,45.331324
17.673429,45.328746
17.674823,45.329257
17.674042,45.331114
17.674061,45.328968
17.674456,45.330159
17.675345,45.329407
17.675206,45.330741
17.675318,45.330863
17.675547,45.33123
17.677206,45.328604
17.677557,45.328921
17.678656,45.329258
17.678144,45.329443
17.671851,45.327267
17.670445,45.326942
17.671467,45.328015
17.671427,45.326756
17.671239,45.326633
17.670074,45.327163
17.672359,45.327691
17.67236,45.327286
17.671078,45.327123
17.671612,45.326517
17.672618,45.328409
17.672449,45.32738
17.67255,45.327485
17.672792,45.328194
17.673204,45.328671
17.672955,45.32837
17.672296,45.327496
17.671902,45.327442
17.67306,45.328463
17.672859,45.32734
17.673757,45.327717
17.674887,45.329333
17.673485,45.327491
17.674347,45.329211
17.673431,45.331478
17.674329,45.331081
17.674971,45.329022
17.67392,45.32808
17.674261,45.330057
17.674888,45.328762
17.674659,45.328811
17.673825,45.328267
17.673522,45.328439
17.673961,45.328352
17.673371,45.328009
17.67341,45.32804
17.674823,45.329136
17.674319,45.330987
17.673279,45.328156
17.674452,45.328435
17.675079,45.330642
17.673444,45.327743
17.674323,45.32837
17.674192,45.330775
17.674824,45.329932
17.677676,45.327882
17.677863,45.328427
17.679363,45.329148
17.677825,45.329
17.676896,45.329092
17.676699,45.329122
17.676773,45.329304
17.679042,45.329007
17.677691,45.328333
17.677783,45.328204
17.678004,45.328795
17.67899,45.329613
17.678898,45.329141
17.675222,45.329224
17.678706,45.328267
17.677518,45.329753
17.678099,45.330032
17.678955,45.32821
17.67534,45.32906
17.673282,45.33144
17.67285,45.327818
17.67557,45.328978
17.673204,45.327187
17.673232,45.326675
17.673411,45.327334
17.672951,45.327038
17.67417,45.329063
17.672733,45.328076
17.672133,45.327316
17.672212,45.327888
17.672445,45.327762
17.672309,45.327005
17.672438,45.326579
17.672274,45.327157
17.673127,45.32857
17.675305,45.32933
17.675276,45.328876
17.675098,45.329077
17.672563,45.326668
17.672912,45.327474
17.674406,45.329308
17.672484,45.327843
17.672209,45.32742
17.67215,45.326932
17.674326,45.328249
17.674032,45.328169
17.673847,45.328855
17.674797,45.328684
17.674611,45.328526
17.672794,45.327718
17.674955,45.328526
17.67306,45.327582
17.674188,45.328525
17.672966,45.327736
17.675158,45.328462
17.675591,45.326512
17.675332,45.326748
17.675065,45.328879
17.67368,45.328192
17.673722,45.327892
17.674478,45.3314
17.674547,45.330986
17.674513,45.330308
17.676067,45.330716
17.67544,45.330365
17.675009,45.330347
17.674417,45.330702
17.674555,45.33112
17.675467,45.331032
17.675296,45.331289
17.677784,45.32875
17.67702,45.328952
17.678413,45.33039
17.677104,45.328882
17.679143,45.328193
17.677876,45.328612
17.677781,45.33094
17.677096,45.329325
17.677183,45.328773
17.676315,45.32927
17.677197,45.329231
17.676963,45.330646
17.679147,45.328859
17.679283,45.329337
17.677806,45.329815
17.674583,45.329705
17.67459,45.329577
17.675676,45.329439
17.675776,45.329522
17.674529,45.329854
17.674489,45.330024
17.675411,45.329977
17.674448,45.329932
17.67454,45.32946
17.675403,45.329544
17.674326,45.329911
17.675438,45.329717
17.675037,45.329906
17.672848,45.331583
17.676074,45.329614
17.675912,45.329697
17.677602,45.328836
17.676396,45.329447
17.676533,45.32909
17.676253,45.329515
17.677046,45.329673
17.677241,45.329027
17.670775,45.326798
17.66991,45.327015
17.670816,45.326538
17.670275,45.326818
17.670309,45.326725
17.670221,45.326669
17.671894,45.326727
17.670996,45.327026
17.670935,45.326923
17.671248,45.32732
17.670568,45.32685
17.670204,45.326939
17.671936,45.326778
17.670476,45.326541
17.671829,45.327937
17.671314,45.327802
17.671476,45.326822
17.670393,45.327054
17.671399,45.327883
17.671188,45.327709
17.671107,45.3276
17.670935,45.327431
17.671738,45.327023
17.671713,45.327743
17.671842,45.327115
17.670791,45.327225
17.673764,45.331407
17.674002,45.331448
17.674448,45.331274
17.674305,45.331159
17.674242,45.331212
17.67447,45.330418
17.674513,45.330582
17.674164,45.330116
17.673661,45.33088
17.6735,45.324896
17.6735,45.324759
17.67412,45.326328
17.674904,45.325742
17.674911,45.325443
17.674936,45.325958
17.673482,45.32556
17.674267,45.32583
17.674199,45.325362
17.673526,45.325066
17.673214,45.325295
17.675963,45.325461
17.675865,45.324474
17.675283,45.325922
17.676109,45.325889
17.676515,45.324752
17.676042,45.325759
17.670016,45.325394
17.670207,45.324774
17.670212,45.324957
17.67073,45.325183
17.670085,45.326462
17.669966,45.325719
17.669646,45.325082
17.671997,45.326178
17.670738,45.324932
17.670094,45.324705
17.670601,45.324881
17.669729,45.324709
17.669544,45.324727
17.671419,45.325927
17.670861,45.326152
17.67105,45.325859
17.671821,45.325323
17.670564,45.325581
17.670628,45.325762
17.670573,45.325666
17.670811,45.325956
17.670792,45.326052
17.671263,45.326187
17.671686,45.325268
17.670975,45.326292
17.671848,45.326123
17.670107,45.32632
17.671791,45.32456
17.670307,45.325176
17.670371,45.325486
17.670675,45.325127
17.670399,45.325327
17.670808,45.325265
17.67003,45.324591
17.670252,45.325063
17.670655,45.32502
17.670063,45.325491
17.670538,45.324698
17.669702,45.325217
17.669745,45.325484
17.671492,45.325204
17.670991,45.325343
17.671575,45.325434
17.670724,45.32586
17.670501,45.324544
17.671931,45.325695
17.670471,45.324383
17.670231,45.322741
17.670288,45.32345
17.670338,45.323767
17.670437,45.322659
17.670542,45.3231
17.669855,45.322659
17.670417,45.323946
17.66955,45.323106
17.670237,45.323661
17.673665,45.323996
17.67254,45.324264
17.669824,45.324354
17.669663,45.323309
17.670221,45.323593
17.669478,45.324353
17.677189,45.322941
17.670435,45.322498
17.670199,45.322319
17.6711,45.323181
17.670223,45.322471
17.670308,45.323293
17.670564,45.322789
17.670232,45.322575
17.670529,45.322957
17.670216,45.322963
17.669931,45.322861
17.669612,45.322925
17.669605,45.323017
17.669862,45.324269
17.670224,45.323515
17.670343,45.324016
17.670465,45.324129
17.669579,45.322742
17.670184,45.323157
17.671361,45.323455
17.675565,45.323903
17.677323,45.323281
17.669998,45.320248
17.669596,45.320958
17.669876,45.321807
17.670384,45.32209
17.669188,45.320733
17.670692,45.321205
17.670246,45.321961
17.669602,45.320608
17.670405,45.322223
17.669443,45.320195
17.669708,45.319849
17.669841,45.32197
17.670259,45.321418
17.669638,45.319984
17.669867,45.320128
17.669647,45.320524
17.669768,45.320259
17.669993,45.319942
17.670208,45.32213
17.669566,45.320083
17.669567,45.320725
17.669676,45.320426
17.669798,45.321539
17.669824,45.321648
17.669813,45.321441
17.670037,45.319797
17.670411,45.321632
17.670609,45.321322
17.66943,45.319702
17.669845,45.321896
17.670725,45.32098
17.671022,45.32059
17.668921,45.321256
17.670257,45.321594
17.670589,45.321086
17.669042,45.32139
17.670273,45.321705
17.668897,45.321136
17.670262,45.321822
17.669662,45.321048
17.669805,45.321192
17.669552,45.32086
17.669707,45.320339
17.670063,45.31965
17.669191,45.320816
17.66973,45.321311
17.670268,45.321515
17.669744,45.319665
17.668709,45.321257
17.66634,45.320873
17.66963,45.318693
17.670069,45.318481
17.669972,45.318594
17.669645,45.318805
17.669616,45.318495
17.669693,45.319428
17.669692,45.319354
17.674415,45.318766
17.677129,45.318477
17.671042,45.326386
17.671489,45.326454
17.672112,45.326406
17.672221,45.32648
17.669617,45.317976
17.669603,45.318271
17.66973,45.31696
17.669571,45.316075
17.669532,45.315346
17.669734,45.317756
17.669582,45.316576
17.669612,45.315663
17.670082,45.317644
17.670002,45.317906
17.669746,45.31762
17.669852,45.317319
17.669965,45.318018
17.669634,45.315567
17.669994,45.318263
17.669772,45.317041
17.669812,45.316238
17.670028,45.316813
17.669908,45.316613
17.67005,45.316884
17.669565,45.316462
17.669859,45.317443
17.66964,45.315817
17.669635,45.318374
17.670048,45.318373
17.669812,45.317165
17.669982,45.317744
17.669886,45.316512
17.669517,45.31669
17.669483,45.316158
17.669625,45.315446
17.66997,45.318106
17.669551,45.318126
17.669641,45.316762
17.669531,45.316262
17.669616,45.315962
17.669723,45.315239
17.669725,45.31529
17.670142,45.315099
17.670267,45.314923
17.669427,45.31309
17.668679,45.313364
17.668923,45.313394
17.669681,45.314791
17.669602,45.314398
17.669561,45.313887
17.670064,45.314731
17.669966,45.314387
17.66952,45.313312
17.669271,45.312462
17.669653,45.314579
17.669552,45.313706
17.669345,45.312707
17.670001,45.314545
17.66857,45.313954
17.669212,45.314765
17.669605,45.314164
17.669233,45.312566
17.669624,45.314484
17.669524,45.313586
17.671645,45.314094
17.668812,45.313466
17.669572,45.314027
17.672279,45.313531
17.669648,45.314676
17.669537,45.313433
17.669436,45.313219
17.669589,45.314865
17.670773,45.314593
17.671146,45.313967
17.671012,45.313901
17.670999,45.314671
17.671352,45.31406
17.671504,45.312952
17.67205,45.312884
17.672218,45.31385
17.671677,45.313115
17.672167,45.313422
17.673592,45.31498
17.673421,45.315205
17.67346,45.314556
17.673889,45.314599
17.672807,45.311668
17.669387,45.312005
17.669463,45.312101
17.668871,45.310568
17.667641,45.309088
17.668679,45.310228
17.669121,45.310484
17.668819,45.310486
17.668388,45.309802
17.669115,45.310953
17.669077,45.310879
17.667383,45.30885
17.667222,45.308725
17.670686,45.309937
17.668426,45.309889
17.667116,45.308647
17.669447,45.311415
17.669333,45.310769
17.668968,45.310199
17.668742,45.310427
17.667045,45.308531
17.665516,45.307599
17.667698,45.309194
17.667971,45.309427
17.66906,45.310382
17.66787,45.307338
17.669449,45.311549
17.666065,45.308308
17.66935,45.310603
17.667076,45.308571
17.66563,45.307655
17.669504,45.311219
17.668453,45.3101
17.670341,45.309693
17.6702,45.309763
17.668588,45.307342
17.203205,45.453001
17.63048,45.27382
17.672472,45.334641
17.694625,45.334286
17.691654,45.340561
17.672315,45.332995
17.684315,45.327497
17.703741,45.331923
17.704309,45.332102
17.693821,45.331156
17.686214,45.334351
17.692226,45.340325
17.678029,45.331971
17.6906,45.334379
17.681448,45.332855
17.681958,45.337179
17.688094,45.333055
17.683034,45.327947
17.680289,45.334949
17.682909,45.332078
17.702145,45.331817
17.693678,45.327397
17.693087,45.328228
17.692977,45.326946
17.674745,45.333616
17.674557,45.333873
17.677155,45.334717
17.699709,45.333025
17.694343,45.328349
17.680559,45.333813
17.675124,45.334213
17.699724,45.33308
17.693415,45.327211
17.686623,45.321765
17.694708,45.328206
17.699893,45.331346
17.673343,45.332542
17.673294,45.332681
17.673159,45.333688
17.684896,45.331579
17.70175,45.334344
17.684587,45.331546
17.693201,45.334151
17.675593,45.336141
17.67629,45.336788
17.677111,45.33697
17.675665,45.337609
17.698748,45.330636
17.698645,45.330551
17.698548,45.330423
17.698445,45.330339
17.698517,45.329917
17.698882,45.330825
17.698847,45.330756
17.699139,45.330294
17.698756,45.330374
17.698263,45.330347
17.698141,45.330228
17.6981,45.330315
17.697827,45.330226
17.697715,45.330203
17.694215,45.327373
17.694113,45.327211
17.694039,45.327061
17.691125,45.325388
17.690964,45.325341
17.690875,45.325321
17.690722,45.325286
17.690555,45.325263
17.690376,45.325231
17.690228,45.325144
17.690654,45.325118
17.693168,45.326424
17.693,45.326335
17.692939,45.326147
17.693153,45.325954
17.692965,45.325855
17.692822,45.325748
17.692702,45.325571
17.692271,45.325448
17.688426,45.322361
17.688231,45.322177
17.687994,45.321924
17.687795,45.321905
17.687692,45.321796
17.687572,45.321717
17.687442,45.321666
17.687223,45.321441
17.693522,45.324984
17.694333,45.326259
17.693929,45.325951
17.693702,45.325759
17.693614,45.325056
17.693124,45.325015
17.699051,45.331339
17.69909,45.33139
17.699321,45.331358
17.699223,45.331225
17.698973,45.331259
17.698965,45.331059
17.698957,45.33096
17.699257,45.33046
17.699561,45.330228
17.697332,45.329589
17.697249,45.329352
17.697148,45.329236
17.697729,45.32893
17.697201,45.328974
17.696966,45.329031
17.697083,45.328683
17.696955,45.329436
17.696855,45.329288
17.696706,45.329286
17.696654,45.329188
17.696542,45.329153
17.69641,45.329092
17.696298,45.329029
17.696161,45.328969
17.696004,45.328869
17.695852,45.328803
17.695664,45.328734
17.695555,45.328642
17.695355,45.328497
17.695237,45.328413
17.695241,45.327825
17.695404,45.327889
17.69555,45.328008
17.695805,45.328313
17.695868,45.328479
17.695933,45.328539
17.696014,45.328628
17.69607,45.328697
17.694587,45.327752
17.69438,45.327574
17.693649,45.32675
17.693445,45.326663
17.680755,45.332095
17.681423,45.331602
17.686155,45.334258
17.688507,45.33454
17.689523,45.334397
17.688192,45.333868
17.688373,45.334088
17.70182,45.333582
17.706018,45.332791
17.705568,45.332873
17.705848,45.333052
17.680002,45.332133
17.680283,45.332211
17.681104,45.332395
17.6853,45.334167
17.686023,45.334292
17.687221,45.33426
17.69028,45.334394
17.69072,45.33436
17.686727,45.333877
17.690284,45.333795
17.701712,45.333016
17.704549,45.333092
17.679674,45.332065
17.685559,45.334224
17.687029,45.334275
17.687622,45.334339
17.68829,45.334618
17.690116,45.334422
17.684241,45.333589
17.684306,45.333596
17.684593,45.333701
17.687029,45.334063
17.687192,45.333839
17.679996,45.331877
17.684736,45.334006
17.684938,45.334067
17.690928,45.334375
17.685756,45.334057
17.686943,45.334055
17.706127,45.333033
17.701017,45.333901
17.700118,45.33178
17.677668,45.336421
17.677606,45.336523
17.673801,45.333477
17.670029,45.334293
17.669906,45.33482
17.671963,45.336167
17.672198,45.336638
17.67216,45.336921
17.682252,45.335114
17.677467,45.332308
17.678092,45.332401
17.693856,45.334088
17.696985,45.334055
17.680533,45.332022
17.673041,45.335863
17.687911,45.334447
17.68975,45.334127
17.690086,45.3341
17.678701,45.337226
17.676837,45.337466
17.673569,45.333117
17.670631,45.333485
17.671857,45.336885
17.669154,45.334865
17.669268,45.334823
17.692683,45.339154
17.671178,45.334694
17.669285,45.334946
17.703507,45.338619
17.675866,45.336395
17.702981,45.337729
17.684508,45.333937
17.679034,45.33609
17.686138,45.334362
17.683338,45.326621
17.70222,45.338562
17.685111,45.334119
17.685764,45.334314
17.687448,45.334259
17.687001,45.334508
17.688844,45.333864
17.700531,45.33328
17.701117,45.332849
17.677497,45.336726
17.678287,45.337028
17.673585,45.333272
17.672265,45.333284
17.672182,45.336723
17.692686,45.341161
17.697221,45.334221
17.675426,45.3323
17.671802,45.335096
17.686614,45.32991
17.671075,45.334923
17.670991,45.334885
17.671105,45.33483
17.6708,45.334402
17.670436,45.334311
17.670613,45.334357
17.694501,45.334137
17.694191,45.334074
17.694309,45.33406
17.694622,45.334123
17.688455,45.333287
17.675444,45.332834
17.670807,45.335424
17.677839,45.336097
17.682692,45.331881
17.683355,45.331701
17.681651,45.33276
17.679176,45.334554
17.675389,45.335899
17.688916,45.334373
17.684687,45.333747
17.687482,45.333924
17.68871,45.334068
17.702202,45.33365
17.7021,45.333533
17.704646,45.332926
17.678264,45.335992
17.678065,45.336343
17.674375,45.333347
17.671085,45.333587
17.671429,45.336073
17.672152,45.337001
17.68265,45.334751
17.698498,45.334137
17.70043,45.334291
17.703361,45.333849
17.704363,45.333755
17.69369,45.333815
17.695817,45.333727
17.676854,45.331383
17.678314,45.335858
17.678022,45.33577
17.671365,45.333766
17.670881,45.333754
17.669899,45.334965
17.671693,45.336137
17.681754,45.334803
17.677235,45.332267
17.691705,45.334304
17.691939,45.334289
17.699737,45.334192
17.701462,45.334363
17.702479,45.334283
17.707161,45.333769
17.703255,45.333861
17.705906,45.333651
17.701675,45.334018
17.692937,45.333684
17.698665,45.33382
17.680299,45.331866
17.681372,45.33227
17.672856,45.335781
17.686425,45.334248
17.68874,45.334381
17.688901,45.334081
17.69006,45.333931
17.701555,45.333154
17.705377,45.33288
17.70572,45.333052
17.705061,45.333081
17.704871,45.33308
17.689971,45.334398
17.688534,45.334075
17.689703,45.33398
17.704383,45.333104
17.700907,45.332885
17.677795,45.336209
17.674188,45.333331
17.674159,45.333148
17.669904,45.335097
17.672122,45.337118
17.681987,45.33452
17.682093,45.334647
17.69308,45.334152
17.695628,45.334038
17.679198,45.331626
17.680927,45.332367
17.686684,45.334274
17.688152,45.334356
17.685045,45.333889
17.687234,45.334021
17.687683,45.334064
17.701623,45.332901
17.705755,45.33286
17.705188,45.332878
17.705102,45.332896
17.705409,45.333028
17.704882,45.332897
17.7045,45.332939
17.700994,45.333765
17.70075,45.333792
17.676932,45.33191
17.676694,45.332341
17.677745,45.336868
17.673751,45.333132
17.705163,45.33405
17.703931,45.333775
17.704529,45.333743
17.705213,45.333693
17.705734,45.333647
17.699986,45.333905
17.694727,45.333747
17.699529,45.333859
17.682074,45.335602
17.682596,45.334613
17.695471,45.334057
17.696547,45.334051
17.698861,45.334143
17.699215,45.334171
17.700139,45.334205
17.703639,45.334151
17.704592,45.334078
17.705998,45.333972
17.686107,45.334562
17.684926,45.333831
17.685541,45.334027
17.678584,45.337157
17.67215,45.333538
17.671816,45.336988
17.677741,45.332636
17.698156,45.334116
17.701558,45.334389
17.704761,45.33405
17.704744,45.333703
17.687075,45.33894
17.675504,45.333837
17.670334,45.335753
17.670706,45.335787
17.670861,45.33562
17.671163,45.335634
17.687266,45.333429
17.689562,45.332602
17.700685,45.333581
17.700755,45.332907
17.678145,45.336181
17.677932,45.336601
17.677423,45.33684
17.673959,45.333327
17.671115,45.333946
17.672041,45.33382
17.670754,45.33337
17.67213,45.336363
17.692933,45.334349
17.697811,45.334106
17.70671,45.333793
17.701267,45.334031
17.69387,45.333821
17.701067,45.332593
17.67687,45.33164
17.684511,45.332571
17.677889,45.333447
17.684751,45.331567
17.682806,45.331751
17.684148,45.331332
17.690618,45.338978
17.687153,45.340444
17.675648,45.33329
17.691484,45.332527
17.688432,45.332925
17.682515,45.336358
17.680421,45.335941
17.684333,45.333892
17.685868,45.334279
17.689058,45.334411
17.684068,45.333535
17.7018,45.333107
17.696219,45.329872
17.698087,45.332685
17.69589,45.332935
17.694508,45.332808
17.674864,45.331566
17.695141,45.334051
17.69592,45.334116
17.702672,45.334236
17.703521,45.333824
17.701061,45.334026
17.701858,45.333991
17.696528,45.33373
17.698276,45.333789
17.693253,45.33339
17.694852,45.333247
17.696047,45.332878
17.705097,45.333559
17.694147,45.333806
17.695946,45.333738
17.698381,45.333804
17.7008,45.333118
17.676857,45.331772
17.676472,45.331837
17.677845,45.336747
17.67722,45.337111
17.673738,45.333306
17.671019,45.333182
17.670118,45.334018
17.671514,45.336535
17.697975,45.334112
17.70097,45.334321
17.701635,45.334357
17.702917,45.334242
17.705537,45.333664
17.700511,45.333944
17.701481,45.334021
17.695234,45.333742
17.672206,45.333405
17.670388,45.3337
17.669946,45.334554
17.696707,45.334052
17.698328,45.334124
17.700086,45.334389
17.700324,45.334282
17.700631,45.334314
17.704354,45.334102
17.706197,45.333966
17.706632,45.334274
17.69689,45.333728
17.69905,45.333834
17.688004,45.334324
17.684453,45.333674
17.686739,45.334059
17.689853,45.334142
17.690461,45.33411
17.705898,45.333278
17.686597,45.332152
17.682944,45.331573
17.682815,45.337801
17.691152,45.339765
17.691713,45.332809
17.670503,45.335758
17.670503,45.335564
17.700865,45.333379
17.677871,45.336939
17.672136,45.332916
17.671333,45.333014
17.671174,45.333098
17.669983,45.334422
17.669922,45.334693
17.680924,45.332128
17.672873,45.336747
17.691542,45.334314
17.686262,45.334263
17.686866,45.334252
17.689258,45.334396
17.689663,45.334397
17.685448,45.333977
17.707272,45.337329
17.690418,45.332572
17.671738,45.335726
17.686482,45.33249
17.682269,45.331978
17.683658,45.33154
17.683339,45.331347
17.683801,45.331142
17.682317,45.336907
17.685585,45.331381
17.682536,45.331522
17.683503,45.331427
17.683491,45.330997
17.681719,45.334505
17.683052,45.33491
17.682619,45.335218
17.693427,45.334119
17.695778,45.334049
17.696361,45.334032
17.70416,45.334116
17.705568,45.33398
17.707405,45.333798
17.704165,45.333759
17.704947,45.3337
17.702374,45.333944
17.698777,45.333815
17.674937,45.333532
17.674957,45.333317
17.688936,45.332735
17.689243,45.332662
17.672873,45.332928
17.672931,45.33268
17.675154,45.336331
17.674847,45.337433
17.673166,45.333786
17.672928,45.333327
17.672096,45.335356
17.673536,45.332974
17.685735,45.332089
17.685871,45.331932
17.683858,45.331386
17.689013,45.338689
17.675226,45.333267
17.671177,45.336087
17.671573,45.335929
17.671495,45.335713
17.689098,45.332705
17.67207,45.332124
17.675065,45.337588
17.672901,45.334404
17.672217,45.335584
17.672153,45.335651
17.677253,45.33406
17.695826,45.333288
17.696549,45.329685
17.69847,45.332976
17.694037,45.333356
17.696357,45.332803
17.693963,45.333166
17.695393,45.332885
17.674341,45.331884
17.676153,45.332032
17.682723,45.333298
17.69811,45.333052
17.698746,45.33273
17.698459,45.332795
17.698215,45.332211
17.675209,45.336182
17.684028,45.333808
17.68419,45.333872
17.690414,45.334408
17.705912,45.333375
17.676596,45.332163
17.678017,45.336961
17.677244,45.336896
17.672098,45.333682
17.671484,45.33293
17.670087,45.334162
17.671225,45.336433
17.671788,45.336563
17.671582,45.336245
17.671908,45.336583
17.67211,45.337231
17.681822,45.335001
17.681628,45.335243
17.682005,45.335408
17.693569,45.334131
17.699617,45.334169
17.703182,45.334213
17.703389,45.334186
17.705775,45.333973
17.706356,45.333903
17.706556,45.333851
17.702743,45.333903
17.695564,45.333742
17.68317,45.337775
17.66937,45.335405
17.670769,45.335603
17.671013,45.335649
17.68641,45.333769
17.672984,45.332769
17.685205,45.333885
17.689515,45.33406
17.701694,45.33339
17.67304,45.333055
17.685954,45.334068
17.686615,45.334034
17.68734,45.334023
17.70522,45.333054
17.700454,45.333035
17.700708,45.332658
17.682996,45.33696
17.684668,45.331861
17.685134,45.331607
17.685682,45.331479
17.682302,45.331725
17.671894,45.334217
17.673019,45.334022
17.673057,45.333234
17.672871,45.333615
17.673613,45.332025
17.704,45.33414
17.693528,45.333833
17.694259,45.333801
17.697496,45.333769
17.699161,45.33385
17.67739,45.334246
17.696352,45.333467
17.672386,45.332492
17.673225,45.333387
17.672836,45.333718
17.672761,45.333859
17.696408,45.33326
17.698385,45.332019
17.69792,45.332787
17.692682,45.333078
17.696625,45.332741
17.674099,45.332042
17.674105,45.332184
17.675927,45.331807
17.683675,45.333374
17.683583,45.333329
17.683705,45.333443
17.700651,45.331187
17.70188,45.331882
17.683238,45.337366
17.684405,45.331834
17.683621,45.331076
17.686311,45.339059
17.688222,45.338447
17.674652,45.33338
17.669947,45.335682
17.669747,45.335462
17.685376,45.331208
17.683177,45.331657
17.683628,45.331256
17.672781,45.332801
17.701326,45.332815
17.700886,45.332626
17.676499,45.331739
17.677985,45.335847
17.677718,45.336303
17.677563,45.33663
17.6774,45.336956
17.670507,45.333587
17.671828,45.336372
17.67263,45.332686
17.672818,45.33261
17.700761,45.334
17.676527,45.331647
17.702093,45.333966
17.702617,45.333919
17.693105,45.333872
17.682287,45.334609
17.682215,45.334859
17.682676,45.335352
17.691824,45.334294
17.692415,45.33428
17.694834,45.334042
17.700751,45.334324
17.701094,45.334327
17.702792,45.334232
17.705456,45.334124
17.706895,45.333741
17.703115,45.333857
17.705383,45.333603
17.693253,45.333856
17.696195,45.333657
17.697112,45.333745
17.697228,45.333783
17.699335,45.336358
17.689354,45.339405
17.686655,45.338228
17.675246,45.333494
17.69163,45.332513
17.669523,45.335657
17.671329,45.335661
17.68769,45.333496
17.701648,45.3333
17.69712,45.333
17.701292,45.334361
17.700875,45.333457
17.678001,45.336514
17.678779,45.337304
17.672327,45.334144
17.671759,45.336061
17.672253,45.336508
17.695295,45.334053
17.696217,45.334039
17.684898,45.331891
17.685434,45.332201
17.68606,45.332355
17.682411,45.332284
17.682547,45.331977
17.682123,45.332258
17.686535,45.338846
17.686489,45.339653
17.694349,45.339479
17.686424,45.333476
17.677921,45.335964
17.67343,45.333254
17.670248,45.333791
17.671845,45.335939
17.692563,45.334219
17.692697,45.334208
17.694969,45.334039
17.696072,45.334062
17.697243,45.334072
17.707478,45.333931
17.694393,45.333785
17.681363,45.337263
17.685107,45.331956
17.68628,45.332432
17.682448,45.332173
17.682161,45.332203
17.68214,45.332048
17.683272,45.331211
17.68148,45.338157
17.675491,45.333261
17.690597,45.332573
17.671351,45.335882
17.669899,45.33551
17.687487,45.333399
17.688782,45.332784
17.689291,45.332971
17.689698,45.332866
17.682306,45.337116
17.685265,45.33161
17.695346,45.338222
17.682574,45.338376
17.683172,45.33815
17.670262,45.335536
17.670684,45.335586
17.698646,45.332758
17.693297,45.333039
17.694224,45.333124
17.696346,45.332595
17.681094,45.337314
17.685918,45.332238
17.686212,45.331884
17.684642,45.33861
17.686404,45.338311
17.669773,45.335673
17.670924,45.335834
17.688635,45.332826
17.689409,45.332631
17.690173,45.332573
17.699306,45.331756
17.700185,45.33128
17.701721,45.331234
17.68389,45.333832
17.68366,45.334856
17.683618,45.335538
17.683325,45.334529
17.671736,45.332477
17.674774,45.336402
17.67505,45.337743
17.674814,45.336263
17.673002,45.334162
17.672806,45.334668
17.672378,45.334828
17.673611,45.332497
17.677599,45.333783
17.700511,45.331221
17.70092,45.331151
17.701945,45.332051
17.702114,45.331708
17.707279,45.333567
17.703723,45.333815
17.694873,45.333786
17.694989,45.333745
17.673186,45.333542
17.672284,45.335494
17.67353,45.332882
17.673422,45.333107
17.686415,45.333616
17.674591,45.337238
17.672758,45.33398
17.677766,45.334817
17.696633,45.333261
17.696762,45.333741
17.697019,45.333289
17.697224,45.33325
17.697912,45.333082
17.697818,45.332605
17.697808,45.332847
17.69791,45.332557
17.696227,45.332829
17.69381,45.333152
17.674584,45.331923
17.672669,45.331948
17.674621,45.333001
17.674263,45.333008
17.674308,45.333125
17.682695,45.333454
17.682973,45.333561
17.683085,45.333606
17.677208,45.332843
17.676837,45.332671
17.676867,45.332824
17.693014,45.332497
17.693127,45.3325
17.672689,45.335183
17.672503,45.334533
17.67365,45.332211
17.672709,45.332785
17.697597,45.334093
17.703771,45.334153
17.700352,45.333918
17.702914,45.333881
17.694553,45.333777
17.696322,45.333721
17.697606,45.333784
17.697906,45.333691
17.680803,45.337369
17.685205,45.331012
17.686095,45.331478
17.682319,45.332407
17.683566,45.331769
17.683803,45.331754
17.696044,45.333278
17.696375,45.329914
17.697448,45.332839
17.697556,45.332794
17.697537,45.33299
17.692574,45.333078
17.692848,45.333181
17.693361,45.333171
17.695174,45.332881
17.695522,45.332832
17.696238,45.332654
17.674318,45.331701
17.682884,45.333082
17.6996,45.331627
17.672924,45.334242
17.672682,45.334974
17.672441,45.335408
17.672726,45.33413
17.673452,45.331916
17.673234,45.332797
17.696524,45.333447
17.696831,45.333048
17.696956,45.333086
17.698119,45.332363
17.69828,45.332553
17.674037,45.33169
17.674154,45.332417
17.683311,45.33324
17.700296,45.331483
17.683287,45.334595
17.683055,45.336591
17.669571,45.333571
17.675567,45.337147
17.676381,45.335155
17.70551,45.332352
17.704906,45.332399
17.703549,45.332398
17.696225,45.338574
17.685793,45.338629
17.687716,45.339643
17.675866,45.333491
17.671078,45.335883
17.669513,45.335433
17.689877,45.332863
17.68622,45.333726
17.681882,45.337801
17.685459,45.331616
17.685845,45.331502
17.68637,45.332078
17.68229,45.331829
17.682057,45.338336
17.685879,45.333833
17.672476,45.332579
17.675019,45.336552
17.67355,45.332564
17.695363,45.329153
17.698508,45.331732
17.693639,45.333387
17.693472,45.333169
17.685268,45.332071
17.68343,45.331137
17.684299,45.33141
17.684434,45.331517
17.690033,45.340033
17.670143,45.335707
17.670096,45.33552
17.682555,45.329171
17.691242,45.335758
17.676136,45.33447
17.675649,45.336898
17.675384,45.337089
17.676203,45.336422
17.675139,45.336403
17.674664,45.336869
17.674937,45.336957
17.674917,45.337051
17.674528,45.337518
17.670934,45.333821
17.672901,45.333414
17.67238,45.334361
17.673453,45.331994
17.686462,45.333299
17.683705,45.332374
17.677714,45.333004
17.674876,45.337203
17.674814,45.337693
17.673029,45.333881
17.672905,45.333521
17.671893,45.335536
17.673722,45.33267
17.696063,45.329812
17.698942,45.332892
17.673602,45.334861
17.706187,45.333382
17.705206,45.332247
17.7037,45.332112
17.678758,45.335417
17.680398,45.337408
17.679118,45.336725
17.679252,45.33722
17.679853,45.337486
17.689486,45.332903
17.672008,45.33229
17.672226,45.332407
17.672672,45.332514
17.674741,45.336646
17.672853,45.334553
17.672189,45.335238
17.67196,45.335482
17.673349,45.332308
17.67364,45.332409
17.67357,45.332795
17.706187,45.332467
17.704223,45.331655
17.702956,45.331238
17.703285,45.329554
17.702994,45.331535
17.702899,45.330919
17.679107,45.335794
17.679884,45.336753
17.68071,45.336814
17.677363,45.333383
17.692875,45.332474
17.693264,45.3325
17.69958,45.331423
17.70187,45.331238
17.683733,45.334474
17.683091,45.335802
17.671461,45.332326
17.67036,45.332923
17.683066,45.333366
17.699152,45.331513
17.702175,45.332428
17.702571,45.332936
17.702628,45.332591
17.683771,45.334139
17.683601,45.335327
17.670626,45.332742
17.669684,45.333427
17.67581,45.336468
17.675735,45.336675
17.686689,45.333485
17.697126,45.33331
17.697436,45.333178
17.677585,45.33461
17.677627,45.334642
17.695903,45.329743
17.697682,45.33313
17.693852,45.333377
17.695344,45.33315
17.674047,45.333014
17.682283,45.332833
17.682423,45.333255
17.682591,45.333238
17.683292,45.333473
17.700954,45.330965
17.702084,45.331936
17.683645,45.335106
17.6831,45.336306
17.670936,45.332509
17.670079,45.333068
17.669679,45.333511
17.669055,45.33508
17.674995,45.336633
17.674649,45.337016
17.672639,45.334249
17.673316,45.332187
17.69552,45.333258
17.695721,45.333297
17.698439,45.331913
17.694381,45.333097
17.676441,45.33198
17.700036,45.331518
17.700797,45.331388
17.70144,45.331476
17.702113,45.331599
17.6837,45.33468
17.683124,45.335439
17.683064,45.33617
17.683415,45.333755
17.670444,45.332859
17.698935,45.332589
17.698851,45.332679
17.6754,45.331444
17.673384,45.331777
17.67443,45.332511
17.674181,45.332647
17.674249,45.33288
17.682749,45.333597
17.702007,45.331225
17.702092,45.331477
17.669069,45.334432
17.674478,45.33454
17.703246,45.331839
17.682864,45.333289
17.67308,45.332794
17.674694,45.336789
17.673365,45.332403
17.678328,45.334704
17.696262,45.333266
17.695772,45.329425
17.698284,45.333326
17.698349,45.333027
17.693205,45.333143
17.672395,45.33203
17.674117,45.331895
17.674116,45.332345
17.674086,45.33256
17.682248,45.333174
17.700369,45.331279
17.70105,45.33107
17.701299,45.331267
17.702501,45.332435
17.683754,45.334337
17.683352,45.334299
17.673751,45.331724
17.677453,45.33536
17.706657,45.333168
17.705759,45.332463
17.704816,45.332024
17.678989,45.335612
17.68023,45.337664
17.677294,45.333216
17.67463,45.337158
17.67485,45.337521
17.675878,45.336294
17.6754,45.337602
17.675948,45.335117
17.676508,45.334266
17.673448,45.335353
17.673347,45.335612
17.70652,45.333252
17.705612,45.332442
17.704377,45.331984
17.704183,45.331894
17.7046,45.331904
17.704152,45.33157
17.703542,45.331814
17.703302,45.331184
17.673796,45.334362
17.70472,45.332305
17.702932,45.331713
17.677125,45.333511
17.692135,45.332752
17.679137,45.335594
17.67933,45.3365
17.679695,45.337033
17.679297,45.337488
17.695643,45.333263
17.695758,45.333454
17.696881,45.333413
17.694084,45.333144
17.674564,45.331621
17.674365,45.332016
17.674584,45.333313
17.676224,45.331761
17.683159,45.333401
17.704447,45.332038
17.669334,45.333896
17.675931,45.335023
17.675775,45.335255
17.676459,45.334399
17.676046,45.336512
17.683074,45.336463
17.669401,45.333809
17.68042,45.333256
17.676066,45.334717
17.675659,45.336786
17.675938,45.33566
17.675918,45.335807
17.676617,45.333816
17.675774,45.33734
17.690743,45.334796
17.676332,45.334093
17.675938,45.336852
17.675878,45.336964
17.675365,45.33771
17.675972,45.336751
17.674399,45.333959
17.70536,45.33233
17.679636,45.336466
17.677268,45.332499
17.692754,45.332525
17.700462,45.331418
17.701797,45.331419
17.702258,45.332129
17.702325,45.332236
17.684907,45.335461
17.683318,45.328902
17.67779,45.335025
17.695608,45.329355
17.694214,45.332538
17.684907,45.332784
17.678346,45.333254
17.677649,45.333114
17.677554,45.331397
17.672628,45.332404
17.683591,45.335759
17.683277,45.334805
17.683081,45.336082
17.669049,45.334683
17.669093,45.335196
17.67653,45.333964
17.676663,45.334565
17.67572,45.33749
17.705107,45.332459
17.68091,45.333125
17.676243,45.333991
17.67621,45.334227
17.67585,45.337092
17.673895,45.334112
17.700795,45.331153
17.701099,45.33122
17.702077,45.331378
17.683578,45.335425
17.683344,45.334466
17.669336,45.335612
17.671128,45.332459
17.669039,45.334956
17.675973,45.335521
17.676247,45.335967
17.706363,45.33331
17.702953,45.331378
17.702978,45.331085
17.680269,45.337242
17.678559,45.335618
17.679231,45.336371
17.676841,45.332942
17.685853,45.333054
17.677403,45.331431
17.680627,45.333207
17.675409,45.336495
17.675525,45.33701
17.675961,45.334884
17.675966,45.335378
17.676243,45.335723
17.676879,45.335049
17.674684,45.335472
17.683353,45.334107
17.683354,45.33421
17.67629,45.33543
17.69364,45.332491
17.685319,45.332871
17.685857,45.333419
17.675741,45.334843
17.699694,45.332931
17.699353,45.333586
17.697506,45.330398
17.697076,45.330153
17.676931,45.333193
17.674774,45.336491
17.67503,45.336779
17.674867,45.337289
17.674492,45.337604
17.672059,45.335749
17.671952,45.33582
17.673674,45.332334
17.692108,45.326206
17.693606,45.328536
17.681658,45.336307
17.681326,45.335465
17.681186,45.336674
17.702275,45.332538
17.683703,45.334566
17.683625,45.335226
17.683639,45.335879
17.683097,45.33503
17.676209,45.333765
17.675934,45.333135
17.68743,45.33276
17.687562,45.332456
17.683092,45.332585
17.677546,45.332833
17.675196,45.334313
17.67448,45.33372
17.699889,45.333488
17.699545,45.332416
17.699027,45.332405
17.697197,45.330245
17.693538,45.327307
17.675807,45.332747
17.675872,45.333001
17.675875,45.333275
17.675888,45.33187
17.677052,45.333864
17.678657,45.33174
17.678561,45.331849
17.682477,45.334016
17.682942,45.333907
17.680177,45.334519
17.693285,45.332731
17.693962,45.332358
17.685118,45.333133
17.685434,45.333245
17.682645,45.332286
17.683708,45.332061
17.678596,45.333058
17.675765,45.334635
17.676436,45.334926
17.699414,45.332065
17.699297,45.33332
17.692681,45.326764
17.6809,45.334365
17.680376,45.334113
17.684341,45.332843
17.678511,45.335155
17.682236,45.332543
17.687884,45.333044
17.678508,45.332192
17.678166,45.333653
17.681579,45.334495
17.674437,45.33486
17.704918,45.332157
17.703644,45.332338
17.703251,45.33145
17.679557,45.336798
17.67966,45.337358
17.692428,45.33233
17.694277,45.332366
17.697311,45.332906
17.697645,45.332958
17.696492,45.332775
17.67312,45.331827
17.672844,45.331924
17.68307,45.333157
17.6756,45.332074
17.694119,45.332538
17.68521,45.332834
17.699625,45.33272
17.677187,45.334465
17.699571,45.332642
17.698988,45.332168
17.677699,45.331472
17.674941,45.334019
17.675117,45.334532
17.699796,45.333246
17.680624,45.333969
17.675986,45.332425
17.68273,45.329019
17.67642,45.334656
17.676009,45.336673
17.675808,45.337212
17.676506,45.335426
17.673698,45.334611
17.703692,45.331608
17.702666,45.330214
17.678578,45.335225
17.678781,45.335829
17.6788,45.335912
17.679612,45.336872
17.691897,45.332768
17.692428,45.332756
17.693821,45.332841
17.687152,45.332978
17.692587,45.332295
17.684944,45.333075
17.67723,45.331379
17.675651,45.334574
17.675562,45.334774
17.697757,45.3305
17.693797,45.327486
17.68703,45.322284
17.686565,45.321658
17.69449,45.328513
17.694576,45.328249
17.680328,45.333986
17.680856,45.335847
17.681024,45.336424
17.676497,45.334142
17.676261,45.33558
17.676228,45.333299
17.684126,45.333224
17.681497,45.336057
17.680506,45.334448
17.676889,45.333866
17.683312,45.334392
17.683286,45.334701
17.671652,45.33227
17.670662,45.332643
17.669982,45.333153
17.669176,45.334202
17.669079,45.334539
17.689901,45.335313
17.676198,45.334339
17.676036,45.336599
17.67787,45.335321
17.705968,45.332483
17.70685,45.333015
17.704624,45.332218
17.704692,45.331971
17.704492,45.331787
17.703754,45.330287
17.703321,45.331043
17.678888,45.335561
17.678371,45.335413
17.677056,45.333411
17.692207,45.332529
17.686973,45.333086
17.693787,45.332362
17.686043,45.333128
17.685287,45.333189
17.683307,45.332657
17.683505,45.332785
17.683591,45.332614
17.684041,45.332459
17.680411,45.333453
17.681071,45.33497
17.680273,45.333846
17.680694,45.335596
17.675663,45.331713
17.671278,45.332391
17.669908,45.333224
17.669819,45.333317
17.669571,45.333647
17.669154,45.334266
17.670551,45.332781
17.676904,45.33304
17.675377,45.334506
17.676969,45.334514
17.69982,45.333336
17.699124,45.332867
17.687888,45.323438
17.692959,45.328086
17.684159,45.333081
17.679133,45.331972
17.692844,45.333399
17.696115,45.332851
17.674549,45.332759
17.674158,45.332802
17.69344,45.33231
17.693645,45.332382
17.685494,45.332879
17.685659,45.332992
17.678104,45.331533
17.688075,45.324596
17.676093,45.333582
17.670776,45.33259
17.670228,45.332967
17.669138,45.334323
17.704064,45.331806
17.703962,45.331788
17.679316,45.336856
17.679818,45.337188
17.681032,45.334774
17.699734,45.331391
17.683711,45.334245
17.669032,45.334835
17.669176,45.335387
17.673512,45.335091
17.705118,45.332563
17.704553,45.332116
17.704846,45.332078
17.679776,45.33658
17.680489,45.336856
17.680087,45.337501
17.692627,45.332534
17.68873,45.324973
17.682056,45.330651
17.691708,45.335332
17.691188,45.335523
17.680755,45.333157
17.675895,45.33596
17.674474,45.33432
17.705043,45.332204
17.703322,45.331691
17.680029,45.336937
17.677239,45.333017
17.676772,45.332485
17.693462,45.332739
17.692567,45.33274
17.687302,45.33288
17.688365,45.332666
17.686492,45.333107
17.67888,45.331492
17.69446,45.328282
17.693281,45.328075
17.675577,45.33445
17.699246,45.333183
17.699021,45.332297
17.700033,45.331294
17.700973,45.331431
17.701256,45.331447
17.701439,45.331266
17.702167,45.331239
17.683267,45.334952
17.68314,45.335298
17.683439,45.333581
17.669267,45.334045
17.682357,45.334028
17.683121,45.333876
17.679898,45.337324
17.693462,45.33249
17.686896,45.333458
17.686773,45.333224
17.678541,45.33169
17.68753,45.333078
17.683765,45.331984
17.681454,45.332573
17.681658,45.332362
17.692335,45.332511
17.69383,45.332578
17.687696,45.333082
17.684543,45.332939
17.676069,45.331376
17.688175,45.32424
17.687972,45.323549
17.681705,45.336583
17.675663,45.331838
17.676204,45.333156
17.675283,45.334384
17.675321,45.334439
17.674968,45.334354
17.675381,45.334714
17.676692,45.33485
17.699935,45.333571
17.699394,45.333443
17.699188,45.333059
17.697574,45.330428
17.681695,45.334453
17.694166,45.328616
17.679833,45.33368
17.675803,45.336213
17.675909,45.334705
17.69835,45.330717
17.697041,45.329806
17.692195,45.326682
17.693579,45.328211
17.681861,45.336837
17.681366,45.337133
17.681995,45.333126
17.682134,45.333119
17.68353,45.333145
17.701602,45.331437
17.683645,45.335662
17.680431,45.334221
17.681201,45.337025
17.681723,45.333407
17.682375,45.332911
17.682512,45.332982
17.682665,45.333039
17.683799,45.333129
17.678365,45.332408
17.681718,45.334162
17.682865,45.334205
17.681827,45.332389
17.683107,45.334164
17.682183,45.332653
17.682082,45.334397
17.681363,45.332513
17.68504,45.338027
17.672562,45.332954
17.679793,45.335515
17.684335,45.332519
17.67252,45.335473
17.67968,45.334271
17.68435,45.336612
17.680075,45.333452
17.677889,45.333614
17.691952,45.341025
17.700373,45.331565
17.691474,45.341225
17.691808,45.340939
17.703909,45.336997
17.707051,45.338326
17.693013,45.333105
17.694076,45.32769
17.677106,45.333708
17.677233,45.333708
17.672096,45.332065
17.672202,45.332048
17.68509,45.333673
17.674142,45.333579
17.692056,45.327336
17.692202,45.326342
17.691976,45.326111
17.691456,45.325803
17.688684,45.32408
17.694822,45.328126
17.680751,45.334233
17.680475,45.334317
17.680977,45.33615
17.675664,45.331596
17.675948,45.332266
17.676854,45.333676
17.677816,45.334181
17.678803,45.334718
17.678884,45.335072
17.685333,45.336155
17.683131,45.331283
17.705303,45.336513
17.692524,45.339161
17.687804,45.332724
17.685635,45.333322
17.682874,45.332527
17.68348,45.332299
17.678752,45.331457
17.676218,45.331363
17.67552,45.334603
17.674866,45.334233
17.675245,45.334635
17.698862,45.331754
17.693942,45.327585
17.680517,45.333662
17.68137,45.335735
17.680211,45.33372
17.67568,45.332409
17.67587,45.331408
17.676353,45.333581
17.683864,45.332943
17.683933,45.332775
17.678793,45.332641
17.678108,45.333783
17.681223,45.33428
17.681919,45.334133
17.684741,45.332675
17.684706,45.332995
17.683268,45.332227
17.674417,45.333562
17.699435,45.332207
17.693103,45.327045
17.68135,45.333913
17.671875,45.336687
17.679278,45.332924
17.678644,45.336893
17.680025,45.333778
17.693378,45.32482
17.699298,45.330426
17.699353,45.330375
17.67696,45.337287
17.676907,45.337345
17.676994,45.33722
17.706119,45.338474
17.697538,45.335039
17.688215,45.329333
17.680899,45.331859
17.675518,45.331425
17.675636,45.331399
17.676658,45.334017
17.683076,45.338925
17.684115,45.325407
17.681771,45.333205
17.675238,45.337154
17.675321,45.334911
17.700499,45.336315
17.684904,45.33085
17.672017,45.332542
17.693916,45.331302
17.688388,45.333941
17.693728,45.331059
17.703533,45.332526
17.678075,45.335639
17.677782,45.332358
17.701913,45.334886
17.703056,45.334227
17.670893,45.333279
17.678008,45.333931
17.677832,45.333682
17.679848,45.333439
17.687122,45.334241
17.676071,45.3346
17.704366,45.331718
17.687783,45.334284
17.682714,45.335617
17.682542,45.335865
17.679926,45.336005
17.67954,45.336327
17.682272,45.335996
17.680309,45.336371
17.681972,45.336288
17.6793,45.336083
17.679462,45.336094
17.679944,45.336251
17.704698,45.33309
17.680478,45.336185
17.681838,45.335972
17.682445,45.336492
17.700938,45.333648
17.700842,45.333272
17.682455,45.336201
17.698684,45.334132
17.682033,45.336447
17.681773,45.335716
17.69398,45.334081
17.682908,45.335588
17.682212,45.336538
17.682482,45.335619
17.69541,45.333672
17.699037,45.334159
17.698001,45.333781
17.676248,45.335818
17.669214,45.334132
17.681168,45.335212
17.699954,45.333711
17.691825,45.326011
17.691361,45.325744
17.68502,45.332828
17.682002,45.332428
17.679228,45.335931
17.679476,45.337362
17.692907,45.33273
17.678644,45.331996
17.678651,45.335281
17.693691,45.33278
17.69325,45.327137
17.677575,45.333333
17.677047,45.331385
17.678355,45.331604
17.677582,45.333223
17.699494,45.332337
17.681402,45.334148
17.682117,45.334085
17.698937,45.332043
17.68113,45.334574
17.681375,45.334549
17.682694,45.334237
17.679147,45.335026
17.682295,45.334322
17.682439,45.334307
17.682844,45.333907
17.680336,45.334387
17.681532,45.332322
17.679048,45.332105
17.681977,45.334419
17.682679,45.333959
17.675941,45.331694
17.676588,45.333644
17.678007,45.334011
17.684053,45.333384
17.679364,45.334971
17.705441,45.337469
17.701871,45.336316
17.67935,45.331969
17.675917,45.333733
17.678888,45.335944
17.676174,45.331611
17.69733,45.339501
17.702874,45.330851
17.673866,45.331868
17.690385,45.32974
17.676334,45.331833
17.675742,45.337762
17.67887,45.336301
17.692714,45.335086
17.685928,45.33252
17.702491,45.336813
17.685784,45.32777
17.686676,45.331254
17.680585,45.337428
17.701966,45.333372
17.676089,45.332785
17.676025,45.33261
17.67612,45.332983
17.705043,45.331688
17.705864,45.332116
17.717696,45.330365
17.188851,45.429396
17.18852,45.429597
17.650182,45.3433
17.67252,45.334745
17.672434,45.33474
17.729479,45.32707
17.714346,45.335679
17.677765,45.341383
17.623067,45.320364
17.676604,45.323294
17.239341,45.464645
17.678261,45.34002
17.704135,45.35898
17.695802,45.361603
17.69532,45.361617
17.695343,45.361516
17.697389,45.361605
17.695434,45.361629
17.694813,45.361608
17.694979,45.36162
17.695169,45.361615
17.699562,45.365923
17.696001,45.361607
17.702799,45.361752
17.69618,45.361619
17.703245,45.361745
17.696357,45.361612
17.703368,45.361744
17.696525,45.361591
17.708203,45.361571
17.696715,45.36161
17.706777,45.361813
17.696895,45.361625
17.697193,45.361597
17.699312,45.361848
17.698117,45.36187
17.697612,45.361585
17.697829,45.361876
17.697905,45.361874
17.697976,45.361593
17.697691,45.361876
17.697496,45.361876
17.698276,45.361554
17.697263,45.361887
17.698423,45.361527
17.697055,45.361929
17.698758,45.361403
17.696851,45.36194
17.698941,45.361536
17.696651,45.361939
17.699088,45.361545
17.696447,45.361958
17.69922,45.361531
17.696263,45.361968
17.699436,45.361533
17.695815,45.361975
17.69562,45.361973
17.696073,45.361962
17.69955,45.361531
17.694114,45.361855
17.699959,45.36116
17.700343,45.361532
17.69377,45.36171
17.708072,45.360758
17.693562,45.361613
17.693348,45.361559
17.693179,45.3615
17.692004,45.361131
17.69175,45.361104
17.690709,45.361138
17.69053,45.361179
17.690139,45.362193
17.689397,45.36186
17.690034,45.361158
17.700084,45.361827
17.703706,45.358826
17.706949,45.361822
17.699124,45.361908
17.690305,45.36118
17.699807,45.36183
17.697844,45.361544
17.689527,45.361291
17.702937,45.36175
17.69563,45.36162
17.706889,45.362688
17.694087,45.368219
17.694018,45.367848
17.69395,45.368239
17.713794,45.37295
17.713184,45.374783
17.712811,45.375059
17.713311,45.372131
17.71384,45.37309
17.711792,45.373331
17.711931,45.374656
17.713394,45.372879
17.713158,45.37498
17.713276,45.37186
17.712387,45.373822
17.713379,45.372334
17.713276,45.371739
17.713194,45.373893
17.713099,45.373499
17.713374,45.372428
17.713728,45.372123
17.713749,45.372471
17.713158,45.371973
17.712302,45.37342
17.71284,45.375357
17.712047,45.373102
17.713292,45.373628
17.713153,45.374057
17.713235,45.375387
17.713536,45.375422
17.712868,45.373989
17.712625,45.374807
17.712799,45.374206
17.712558,45.374536
17.712901,45.373836
17.713736,45.372787
17.713239,45.375043
17.712691,45.374405
17.704564,45.372296
17.712797,45.374316
17.706187,45.381591
17.705488,45.379079
17.705796,45.378423
17.706179,45.381206
17.706116,45.382285
17.705801,45.378705
17.705656,45.379534
17.705745,45.379783
17.70569,45.379675
17.705815,45.378878
17.706195,45.3805
17.705927,45.379361
17.705741,45.378641
17.705749,45.379987
17.705495,45.379232
17.70556,45.379438
17.705951,45.379288
17.705836,45.381443
17.705664,45.37815
17.7064,45.381115
17.705963,45.381026
17.705537,45.379322
17.706127,45.38009
17.705737,45.382137
17.705866,45.379075
17.70563,45.381753
17.704114,45.37732
17.705824,45.381736
17.706406,45.380869
17.705829,45.381601
17.707109,45.385947
17.679314,45.342222
17.679196,45.342047
17.697042,45.344611
17.697491,45.344511
17.697158,45.344353
17.697609,45.344251
17.800166,45.28503
17.7596,45.324902
17.706516,45.334092
17.671535,45.343744
17.682003,45.333268
17.675048,45.339747
17.674693,45.339681
17.674776,45.339688
17.674866,45.339699
17.674957,45.33971
17.674555,45.339704
17.664283,45.340106
17.664211,45.340066
17.664148,45.340026
17.664079,45.339985
17.664011,45.339945
17.650031,45.347367
17.672143,45.334761
17.672236,45.334778
17.797751,45.285443
17.797553,45.285418
17.701,45.338086
17.764023,45.260997
17.763978,45.260923
17.675614,45.339659
17.698147,45.361522
17.676954,45.323139
17.199581,45.461568
17.199372,45.461414
17.676816,45.316572
17.676657,45.316526
17.19911,45.46127
17.198964,45.461177
17.198608,45.461154
17.801273,45.2891
17.209397,45.437218
17.798778,45.285784
17.710339,45.335916
17.761202,45.324569
17.210525,45.444099
17.211115,45.444074
17.684291,45.327389
17.881896,45.422371
17.663474,45.348087
17.663432,45.348148
17.337313,45.445544
17.67777,45.32285
17.194483,45.455482
17.841764,45.235405
17.823089,45.293815
17.660864,45.328595
17.794043,45.29916
17.6746,45.308422
17.674474,45.308535
17.685594,45.328603
17.676096,45.340229
17.671156,45.334775
17.667769,45.331136
17.667761,45.331061
17.667709,45.330928
17.667709,45.330848
17.667691,45.33073
17.667677,45.330611
17.667653,45.330493
17.667648,45.330393
17.667612,45.330311
17.667593,45.3302
17.667601,45.33012
17.667576,45.330049
17.667565,45.329932
17.667539,45.32979
17.674423,45.329676
17.198777,45.457932
17.19894,45.457925
17.616572,45.361306
17.806019,45.285217
17.680486,45.332243
17.668308,45.347238
17.630859,45.272348
17.207747,45.455211
17.795342,45.285757
17.795233,45.285889
17.633344,45.321721
17.633082,45.321815
17.633532,45.322087
17.150896,45.437562
17.72167,45.331501
17.65222,45.343043
17.649022,45.336373
17.656864,45.328375
17.656793,45.328357
17.656721,45.328335
17.656641,45.328315
17.191288,45.435848
17.799977,45.280986
17.206318,45.455675
17.696735,45.33995
17.67176,45.342941
17.893461,45.412564
17.192745,45.435613
17.192699,45.435669
17.699462,45.334238
17.650379,45.34355
17.212756,45.457738
17.802886,45.288644
17.803659,45.286789
17.688509,45.326834
17.786966,45.290992
17.145833,45.469228
17.819213,45.284006
17.676952,45.334112
17.675749,45.329421
17.194954,45.435987
17.194947,45.436197
17.194916,45.436055
17.686147,45.33387
17.675138,45.331522
17.652329,45.339363
17.631584,45.319074
17.719756,45.334189
17.799674,45.287164
17.654369,45.34022
17.67852,45.335853
17.900845,45.40931
17.900914,45.40928
17.643227,45.342345
17.643114,45.3423
17.663296,45.348497
17.214915,45.45315
17.889569,45.422313
17.668785,45.338117
17.680009,45.34
17.775194,45.292215
17.786357,45.308075
17.655485,45.33927
17.761277,45.261875
17.692325,45.334356
17.42122,45.45669
17.193923,45.4555
17.209481,45.454966
17.215465,45.409014
17.841515,45.235872
17.840894,45.236301
17.841642,45.235612
17.840704,45.237473
17.879147,45.255933
17.191928,45.43922
17.663736,45.337547
17.771483,45.266024
17.80107,45.284015
17.205473,45.453721
17.19379,45.436273
17.19371,45.436353
17.193685,45.436228
17.193554,45.436331
17.789871,45.294474
17.190761,45.434907
17.206373,45.459938
17.206409,45.459792
17.206431,45.459681
17.20648,45.459559
17.206553,45.459415
17.206595,45.459298
17.206582,45.459167
17.679022,45.330728
17.192365,45.444019
17.79429,45.299633
17.698565,45.344811
17.647099,45.351579
17.194276,45.435927
17.650462,45.340726
17.278314,45.469984
17.278261,45.46954
17.278477,45.469521
17.278786,45.469517
17.278621,45.469524
17.770029,45.321035
17.245294,45.466721
17.803815,45.284528
17.803772,45.284445
17.803706,45.284534
17.803244,45.284522
17.803282,45.284512
17.803405,45.284519
17.803546,45.284525
17.664402,45.345787
17.193775,45.438731
17.196442,45.425627
17.208925,45.422325
17.885823,45.430235
17.693058,45.343877
17.69282,45.343724
17.692445,45.343762
17.688118,45.345692
17.687371,45.345705
17.687538,45.345705
17.68637,45.345137
17.686213,45.345283
17.688017,45.345697
17.674052,45.343451
17.674201,45.343456
17.800351,45.288889
17.799136,45.285741
17.276854,45.503732
17.800728,45.280996
17.646719,45.330297
17.788512,45.333292
17.692403,45.336153
17.655109,45.340323
17.794296,45.284961
17.652799,45.343123
17.652872,45.343138
17.202867,45.45486
17.202593,45.45447
17.8793,45.415389
17.674714,45.346726
17.674616,45.346725
17.79816,45.28181
17.80155,45.2845
17.737536,45.327087
17.676533,45.337855
17.676762,45.337875
17.766958,45.321688
17.671446,45.325371
17.673999,45.35829
17.800271,45.291082
17.681862,45.333644
17.801908,45.282459
17.191733,45.437115
17.19166,45.437379
17.191657,45.437209
17.707226,45.332475
17.676616,45.323013
17.203982,45.42689
17.204892,45.426621
17.678775,45.306185
17.709804,45.329373
17.674586,45.355609
17.674352,45.355664
17.684026,45.341941
17.652393,45.343129
17.315646,45.438443
17.715658,45.335046
17.819595,45.283973
17.669715,45.350952
17.870851,45.422377
17.799134,45.280754
17.668431,45.338599
17.64907,45.337817
17.683038,45.342161
17.801085,45.286897
17.801058,45.286831
17.646743,45.329995
17.21242,45.4386
17.902474,45.408892
17.77438,45.297293
17.808162,45.294676
17.676483,45.33136
17.676529,45.331519
17.15207,45.470561
17.692824,45.342031
17.676475,45.341838
17.682459,45.337774
17.682432,45.337853
17.318266,45.440109
17.190409,45.45298
17.190147,45.452789
17.190013,45.452719
17.807898,45.296106
17.675483,45.339948
17.307684,45.472486
17.821693,45.293808
17.881859,45.305602
17.161614,45.467468
17.677323,45.304441
17.660023,45.343367
17.186688,45.427395
17.785728,45.328918
17.786908,45.307552
17.791005,45.302922
17.796328,45.339323
17.793492,45.287895
17.682515,45.329276
17.669984,45.325994
17.685263,45.338533
17.676163,45.319814
17.805013,45.281494
17.672159,45.345619
17.672206,45.345682
17.715863,45.334411
17.675072,45.339387
17.194898,45.439426
17.19164,45.436601
17.665381,45.320736
17.67191,45.340685
17.799359,45.289922
17.217683,45.46222
17.217905,45.462233
17.807142,45.28663
17.681301,45.333402
17.195766,45.441428
17.408711,45.463834
17.673183,45.354316
17.795182,45.297444
17.846051,45.237906
17.874681,45.420429
17.318374,45.439748
17.873994,45.273766
17.692002,45.332547
17.773873,45.297868
17.796001,45.284242
17.872118,45.423754
17.098732,45.484609
17.740405,45.32963
17.782038,45.29023
17.887482,45.42881
17.203901,45.436028
17.807061,45.285073
17.75801,45.251938
17.811116,45.308775
17.654543,45.341143
17.77218,45.316369
17.771962,45.316227
17.704259,45.338644
17.677899,45.337281
17.67002,45.318775
17.618874,45.345592
17.197314,45.414015
17.686423,45.334063
17.686427,45.334001
17.68643,45.333939
17.812223,45.312886
17.823121,45.389937
17.843537,45.429336
17.843348,45.43169
17.84274,45.432124
17.900356,45.409069
17.886989,45.415873
17.887103,45.415827
17.883256,45.419859
17.889879,45.414264
17.679071,45.318558
17.185779,45.430932
17.185314,45.430547
17.187134,45.437622
17.184013,45.428491
17.187938,45.434329
17.189352,45.442017
17.189071,45.440798
17.18702,45.437529
17.187274,45.438232
17.187722,45.439401
17.188191,45.439767
17.204512,45.453612
17.285797,45.512268
17.389788,45.467664
17.803525,45.283488
17.651047,45.3441
17.391943,45.466886
17.189875,45.441675
17.189765,45.441559
17.189973,45.4413
17.189536,45.441321
17.189811,45.44112
17.189453,45.441216
17.189726,45.441028
17.189367,45.441104
17.1896,45.440906
17.189265,45.440995
17.189419,45.440698
17.189899,45.441149
17.188756,45.439922
17.189026,45.440244
17.188837,45.440032
17.189105,45.440362
17.188938,45.440138
17.188656,45.439812
17.188784,45.440429
17.188693,45.440331
17.188501,45.440117
17.188319,45.439897
17.188022,45.439655
17.187892,45.439532
17.188991,45.440675
17.188865,45.440526
17.189313,45.440565
17.189208,45.44047
17.187468,45.439157
17.18753,45.439267
17.187254,45.439054
17.187404,45.438531
17.187016,45.438607
17.186927,45.438462
17.186879,45.438305
17.186814,45.438158
17.186789,45.438016
17.18671,45.437843
17.18723,45.438084
17.187161,45.437948
17.188608,45.440215
17.188402,45.440013
17.189638,45.441422
17.189955,45.441787
17.189533,45.441918
17.189192,45.44209
17.1889,45.44221
17.188546,45.442067
17.188223,45.441928
17.187963,45.441943
17.18838,45.442669
17.188295,45.442543
17.186968,45.432642
17.186248,45.431629
17.184525,45.429543
17.18434,45.429382
17.184181,45.429165
17.18404,45.428778
17.184217,45.429005
17.188171,45.434507
17.184131,45.428901
17.184396,45.429269
17.184484,45.429394
17.184685,45.429644
17.184769,45.429778
17.184793,45.429947
17.184943,45.430075
17.185219,45.430305
17.18546,45.430596
17.185497,45.430742
17.185644,45.430856
17.185945,45.431258
17.185991,45.431385
17.185876,45.431145
17.186168,45.431505
17.186332,45.43176
17.186813,45.432365
17.186688,45.432213
17.186497,45.432006
17.186558,45.432106
17.186431,45.431872
17.186893,45.432561
17.187142,45.43295
17.187314,45.433129
17.187447,45.433317
17.187552,45.433451
17.187733,45.433822
17.187826,45.434059
17.188022,45.434564
17.188211,45.43467
17.18655,45.437544
17.186341,45.437511
17.186114,45.437529
17.184864,45.437018
17.185849,45.43764
17.185838,45.437493
17.185524,45.437093
17.185358,45.437071
17.185148,45.437072
17.185705,45.437052
17.18594,45.437142
17.186259,45.437078
17.186477,45.43713
17.187321,45.438386
17.657261,45.328533
17.643423,45.342472
17.643577,45.342374
17.641077,45.342853
17.199127,45.430052
17.641633,45.357436
17.641684,45.357599
17.800638,45.287034
17.641561,45.357838
17.665803,45.339809
17.639594,45.356986
17.194892,45.431202
17.700396,45.331762
17.674737,45.340741
17.674822,45.340605
17.671517,45.312581
17.654908,45.340746
17.675483,45.337337
17.675443,45.337461
17.651208,45.34416
17.791622,45.285251
17.682803,45.341317
17.702077,45.332294
17.8814,45.426645
17.881518,45.426607
17.895378,45.412239
17.407677,45.462946
17.801598,45.284938
17.803452,45.285358
17.801586,45.2847
17.803247,45.285783
17.801556,45.284597
17.801524,45.284399
17.801531,45.284092
17.80289,45.283793
17.80162,45.285168
17.801746,45.285668
17.801645,45.285024
17.801714,45.286038
17.721049,45.330261
17.773971,45.301255
17.775302,45.266497
17.206566,45.458405
17.2066,45.458525
17.810739,45.31032
17.186317,45.426921
17.663016,45.325784
17.880073,45.422393
17.879373,45.423022
17.763599,45.323541
17.763693,45.323498
17.797999,45.288053
17.191782,45.410292
17.218724,45.408563
17.220584,45.407083
17.221421,45.406962
17.190666,45.416329
17.190855,45.413208
17.22837,45.46023
17.228548,45.460217
17.767688,45.32178
17.767503,45.321861
17.773482,45.297693
17.172444,45.435674
17.171333,45.46068
17.184764,45.439237
17.182578,45.432112
17.188046,45.447931
17.185081,45.434677
17.168631,45.434598
17.18611,45.44416
17.167508,45.4349
17.176652,45.436023
17.171951,45.435057
17.188363,45.451217
17.179066,45.435006
17.188074,45.449305
17.168278,45.434935
17.171963,45.446697
17.1757,45.445721
17.184805,45.438762
17.18817,45.446372
17.188452,45.45189
17.187557,45.445538
17.169598,45.460073
17.185693,45.442145
17.174122,45.435961
17.183057,45.433033
17.183003,45.432905
17.186293,45.443212
17.181977,45.435078
17.188047,45.44763
17.175758,45.436159
17.171486,45.435249
17.182328,45.43178
17.185794,45.442263
17.187018,45.434022
17.178241,45.435774
17.165938,45.458954
17.177834,45.436178
17.170081,45.43506
17.183485,45.436606
17.172317,45.446479
17.180119,45.435568
17.186571,45.442584
17.184597,45.440572
17.186092,45.442685
17.187327,45.447666
17.183015,45.433584
17.179312,45.444676
17.170317,45.460636
17.169748,45.460369
17.176055,45.445943
17.18671,45.444121
17.188045,45.447736
17.177111,45.436239
17.189056,45.452065
17.188525,45.451232
17.178004,45.435747
17.183436,45.436993
17.184893,45.435715
17.183979,45.435132
17.183202,45.434102
17.184513,45.438448
17.183705,45.434203
17.176856,45.445779
17.188145,45.447421
17.184991,45.440362
17.18455,45.440461
17.184994,45.440262
17.181619,45.435639
17.177115,45.445404
17.171697,45.446786
17.185097,45.440702
17.185514,45.441562
17.18296,45.432803
17.18514,45.440831
17.172543,45.435321
17.185382,45.442135
17.185036,45.454241
17.188709,45.451621
17.169439,45.435046
17.167055,45.459085
17.187706,45.448164
17.186913,45.450811
17.187617,45.449246
17.183633,45.43507
17.167697,45.434901
17.181964,45.443888
17.185536,45.434963
17.178848,45.434343
17.186816,45.434104
17.171012,45.446986
17.185835,45.443639
17.178621,45.433602
17.185904,45.434111
17.1824,45.430957
17.184553,45.440355
17.180394,45.435512
17.182699,45.432416
17.185482,45.434544
17.184356,45.438001
17.182589,45.436256
17.185766,45.442969
17.182999,45.436234
17.182362,45.430752
17.18814,45.451534
17.173256,45.446275
17.178357,45.435994
17.185203,45.435193
17.18245,45.431872
17.183302,45.434872
17.178919,45.434472
17.184815,45.43982
17.181883,45.435217
17.183292,45.434293
17.18608,45.43404
17.187636,45.448362
17.187647,45.44955
17.188026,45.447138
17.186278,45.443527
17.18859,45.451481
17.18525,45.441021
17.183444,45.434776
17.186332,45.443654
17.186184,45.443072
17.187402,45.445444
17.186382,45.443331
17.184399,45.437674
17.178722,45.434052
17.186665,45.444343
17.180895,45.435719
17.184749,45.453456
17.183576,45.443017
17.184413,45.438149
17.174831,45.446477
17.168902,45.460094
17.17297,45.446323
17.182386,45.436059
17.187542,45.445958
17.185274,45.434242
17.182776,45.432238
17.174317,45.436007
17.178653,45.434961
17.182877,45.443476
17.170686,45.435152
17.182083,45.431999
17.175122,45.436559
17.173745,45.435927
17.181526,45.435357
17.178609,45.434829
17.184418,45.435014
17.180712,45.435491
17.164959,45.458241
17.187187,45.44514
17.176924,45.445468
17.182386,45.430396
17.18222,45.431446
17.178629,45.435594
17.183569,45.436699
17.183398,45.436474
17.186273,45.434261
17.180277,45.435807
17.181908,45.431478
17.172937,45.435594
17.18216,45.443778
17.179914,45.435584
17.182218,45.435821
17.174706,45.446001
17.185251,45.442026
17.185058,45.434366
17.181149,45.435684
17.184844,45.43828
17.183555,45.43716
17.174304,45.436394
17.166515,45.459166
17.166561,45.458922
17.184455,45.440048
17.184444,45.439724
17.1813,45.435654
17.188552,45.451369
17.184589,45.437132
17.183253,45.435134
17.181001,45.435691
17.182899,45.434872
17.186769,45.444607
17.171195,45.460991
17.187526,45.447444
17.173741,45.436212
17.175702,45.446041
17.186783,45.445142
17.1857,45.434178
17.169192,45.459905
17.188244,45.450939
17.188167,45.450652
17.177351,45.436207
17.17278,45.435422
17.178973,45.43565
17.166109,45.458731
17.18103,45.43545
17.179677,45.43556
17.170904,45.435158
17.183057,45.434911
17.184074,45.442865
17.188044,45.451406
17.187674,45.445595
17.184444,45.439008
17.174941,45.445965
17.184515,45.43866
17.171458,45.446867
17.173144,45.446595
17.188228,45.446477
17.178644,45.433907
17.173928,45.436295
17.182935,45.433422
17.173304,45.446161
17.184812,45.438407
17.188174,45.450507
17.184687,45.441016
17.170491,45.435126
17.188093,45.447249
17.182691,45.435765
17.182857,45.432646
17.172988,45.446651
17.183577,45.443323
17.187695,45.450723
17.174457,45.446022
17.18283,45.436492
17.178842,45.436012
17.185794,45.443498
17.172357,45.435556
17.179312,45.435949
17.186957,45.433747
17.182591,45.432961
17.184946,45.440147
17.182888,45.435221
17.184867,45.438631
17.173939,45.435955
17.185685,45.441827
17.178444,45.435487
17.178313,45.434435
17.172331,45.461499
17.184478,45.439313
17.168738,45.460015
17.185254,45.441901
17.17721,45.445777
17.168661,45.460435
17.178197,45.445528
17.182888,45.433336
17.183112,45.433864
17.184795,45.441226
17.170239,45.46057
17.182403,45.430602
17.175002,45.436189
17.184956,45.435461
17.188142,45.449144
17.185647,45.442052
17.186753,45.450904
17.169267,45.435007
17.177485,45.445337
17.184183,45.437522
17.177789,45.435785
17.165183,45.458618
17.185739,45.443199
17.177899,45.445197
17.177831,45.445652
17.18791,45.451139
17.170506,45.460673
17.185119,45.441793
17.176191,45.445579
17.182457,45.4355
17.176924,45.43593
17.188141,45.449448
17.178749,45.44531
17.174514,45.436123
17.188184,45.449603
17.178235,45.436079
17.170932,45.460829
17.183221,45.433985
17.178516,45.445063
17.171665,45.435282
17.185624,45.442704
17.186923,45.445312
17.182435,45.435021
17.183154,45.434893
17.183283,45.436838
17.184413,45.439551
17.187988,45.448443
17.171023,45.4453
17.188721,45.452188
17.18195,45.435515
17.18316,45.436255
17.17875,45.43419
17.168385,45.459871
17.184808,45.439705
17.188144,45.450205
17.171109,45.435168
17.178974,45.434618
17.178729,45.435076
17.187994,45.448079
17.178317,45.445467
17.184551,45.440202
17.174535,45.435999
17.182731,45.43491
17.183319,45.433343
17.184878,45.439987
17.178329,45.445119
17.179175,45.445117
17.176568,45.44555
17.186026,45.442862
17.168607,45.459721
17.176338,45.445931
17.184689,45.437616
17.173604,45.446162
17.18858,45.452036
17.187723,45.449968
17.178508,45.43454
17.178696,45.435211
17.17229,45.435003
17.183754,45.434274
17.188223,45.451675
17.188381,45.450935
17.18815,45.450346
17.175347,45.445864
17.186439,45.443771
17.185466,45.441713
17.175334,45.446147
17.170287,45.435107
17.182136,45.435095
17.184804,45.438907
17.171289,45.435219
17.183744,45.433823
17.178673,45.435949
17.186027,45.443773
17.186529,45.443896
17.186531,45.433901
17.188791,45.451736
17.169678,45.435023
17.185854,45.443325
17.169946,45.460436
17.187295,45.445288
17.184399,45.443135
17.183085,45.435224
17.17745,45.445787
17.183043,45.433787
17.183284,45.443057
17.171923,45.461232
17.183884,45.434446
17.172186,45.435475
17.179117,45.444748
17.181974,45.431639
17.182259,45.431532
17.166362,45.459111
17.186816,45.444773
17.182699,45.436397
17.185865,45.434396
17.18612,45.434343
17.181141,45.444618
17.188253,45.449809
17.185539,45.443265
17.179464,45.435589
17.182708,45.433222
17.175263,45.436082
17.168851,45.434951
17.186081,45.442972
17.184354,45.437884
17.182831,45.435931
17.182252,45.431174
17.176615,45.445932
17.181854,45.43138
17.187735,45.45027
17.187058,45.445009
17.187665,45.449402
17.183495,45.434599
17.172194,45.461314
17.18481,45.434737
17.171845,45.435339
17.184716,45.437796
17.170055,45.460489
17.16746,45.459251
17.171736,45.434982
17.173597,45.446545
17.187833,45.450636
17.182871,45.432467
17.187188,45.442476
17.184791,45.438168
17.166739,45.459254
17.183379,45.433502
17.178028,45.436114
17.172385,45.435212
17.17631,45.436055
17.180663,45.435762
17.184093,45.437084
17.187279,45.451141
17.172026,45.435396
17.183605,45.434052
17.184229,45.434866
17.188129,45.449732
17.174162,45.446484
17.177318,45.445414
17.179264,45.435574
17.174123,45.436324
17.185044,45.441667
17.184485,45.43943
17.184371,45.43881
17.179771,45.444975
17.17668,45.436349
17.187724,45.448995
17.169062,45.434974
17.166818,45.459053
17.187613,45.449678
17.183387,45.434432
17.170848,45.447042
17.172644,45.447293
17.175582,45.446078
17.186665,45.433784
17.168037,45.459444
17.188326,45.451086
17.185359,45.441363
17.188045,45.44894
17.168079,45.434939
17.185483,45.434235
17.177666,45.445288
17.186435,45.434197
17.183209,45.436437
17.182896,45.436143
17.171743,45.447139
17.169625,45.460332
17.173648,45.46145
17.184615,45.437495
17.178471,45.445437
17.171625,45.434908
17.182044,45.435185
17.187945,45.451278
17.177479,45.435864
17.177619,45.445685
17.184298,45.437063
17.183996,45.434522
17.182507,45.435626
17.186333,45.444673
17.169897,45.435035
17.183245,45.4332
17.188352,45.451793
17.183425,45.433657
17.188186,45.446773
17.182342,45.431665
17.173374,45.446583
17.179158,45.434824
17.183494,45.437413
17.168676,45.434967
17.184774,45.439438
17.188039,45.446965
17.184869,45.435319
17.168465,45.434986
17.180035,45.445016
17.18593,45.442465
17.18819,45.450797
17.188195,45.450048
17.187779,45.450104
17.185204,45.434625
17.183814,45.442992
17.188995,45.451959
17.187756,45.450448
17.184784,45.438001
17.182155,45.432194
17.169644,45.444873
17.174545,45.446467
17.1847,45.440703
17.183938,45.443221
17.188888,45.451863
17.173371,45.461414
17.178317,45.43426
17.181993,45.431752
17.184742,45.439644
17.174796,45.436081
17.173222,45.435698
17.183841,45.436894
17.183213,45.434695
17.167294,45.459421
17.188035,45.446205
17.184655,45.435548
17.176373,45.445559
17.187644,45.449835
17.185222,45.442854
17.185465,45.442328
17.175274,45.436195
17.179428,45.44509
17.18539,45.441478
17.176928,45.436268
17.187683,45.445793
17.187592,45.448696
17.186127,45.444398
17.181273,45.435352
17.184488,45.438336
17.178601,45.445034
17.181456,45.435645
17.173943,45.446534
17.172449,45.461117
17.180454,45.435811
17.179238,45.433802
17.179473,45.435932
17.174224,45.461442
17.181841,45.443934
17.17265,45.435745
17.183426,45.435102
17.186311,45.433951
17.182105,45.435989
17.180056,45.435816
17.188123,45.449892
17.171934,45.447117
17.179735,45.435879
17.18256,45.435323
17.183597,45.433966
17.178571,45.434681
17.184732,45.440854
17.178952,45.435907
17.184812,45.438527
17.182729,45.435257
17.185056,45.440561
17.184771,45.439103
17.187631,45.44887
17.186002,45.443977
17.184474,45.439887
17.167838,45.459663
17.184617,45.437334
17.182133,45.435673
17.183953,45.436989
17.179553,45.444985
17.753833,45.252051
17.192235,45.437243
17.192446,45.437537
17.192425,45.437359
17.631977,45.321456
17.194614,45.410331
17.20916,45.407691
17.201317,45.409162
17.213371,45.409206
17.213669,45.409265
17.215631,45.415261
17.21606,45.415228
17.874174,45.41951
17.874277,45.419508
17.789832,45.304467
17.222763,45.455806
17.215347,45.412035
17.216087,45.415927
17.216375,45.417373
17.217617,45.418912
17.191635,45.45346
17.638481,45.299055
17.877709,45.417032
17.189872,45.452605
17.660046,45.328625
17.84227,45.23449
17.674258,45.353015
17.674335,45.353009
17.674419,45.352985
17.674493,45.352962
17.674564,45.352941
17.193543,45.410935
17.205296,45.433891
17.205068,45.434736
17.204974,45.434944
17.204816,45.434953
17.875868,45.425183
17.342504,45.469193
17.343659,45.470847
17.342743,45.48165
17.34219,45.481874
17.334415,45.469875
17.342541,45.482876
17.673195,45.323724
17.342023,45.467863
17.341506,45.483487
17.334776,45.470093
17.340795,45.485658
17.341444,45.49158
17.346226,45.480333
17.345786,45.484484
17.787586,45.281244
17.876639,45.253935
17.674007,45.344313
17.345656,45.48935
17.346012,45.488386
17.639155,45.359649
17.345627,45.486958
17.62866,45.439312
17.513271,45.34145
17.510464,45.34177
17.508573,45.341707
17.508039,45.341176
17.50846,45.34147
17.507635,45.340874
17.510458,45.342122
17.510201,45.342102
17.509964,45.342159
17.509686,45.342148
17.509354,45.342194
17.509139,45.342222
17.508694,45.342252
17.508878,45.343254
17.50881,45.343319
17.508338,45.342698
17.507995,45.342322
17.507467,45.342478
17.50713,45.342577
17.507005,45.340798
17.516345,45.341346
17.516059,45.341226
17.511611,45.342135
17.511301,45.342128
17.508982,45.342257
17.507297,45.340977
17.473235,45.367708
17.470227,45.369244
17.47008,45.369886
17.469559,45.365111
17.46948,45.365045
17.469945,45.364635
17.496054,45.444837
17.49689,45.444684
17.495911,45.445668
17.525801,45.484363
17.536645,45.491745
17.513989,45.341257
17.514693,45.341329
17.512961,45.341498
17.512551,45.341621
17.511019,45.342193
17.506985,45.340405
17.508797,45.342239
17.506389,45.342784
17.506113,45.342855
17.472822,45.367426
17.471617,45.368441
17.470452,45.36917
17.468994,45.367221
17.508652,45.342911
17.50844,45.343282
17.516681,45.341447
17.760906,45.3519
17.46986,45.365706
17.469515,45.365485
17.478835,45.444411
17.496319,45.446252
17.495418,45.445048
17.529216,45.485631
17.531282,45.48801
17.536838,45.492259
17.543962,45.441483
17.54243,45.443511
17.488999,45.384725
17.515052,45.341338
17.506279,45.342821
17.507181,45.340868
17.473275,45.367472
17.480986,45.443144
17.529351,45.486266
17.53249,45.488013
17.598141,45.457921
17.486905,45.385106
17.472718,45.367113
17.472278,45.368007
17.471196,45.36855
17.46986,45.365639
17.469783,45.365097
17.469726,45.364128
17.479985,45.443748
17.480442,45.446161
17.496862,45.444208
17.496067,45.445269
17.528656,45.485843
17.533121,45.489912
17.595992,45.452722
17.597173,45.45582
17.471874,45.368313
17.471457,45.368445
17.469813,45.369266
17.469901,45.365797
17.469918,45.364817
17.480207,45.44357
17.479558,45.443929
17.478482,45.444469
17.497381,45.444218
17.496476,45.445913
17.497066,45.446031
17.525533,45.483876
17.529446,45.485735
17.529149,45.48608
17.53194,45.48856
17.536698,45.491886
17.598107,45.458084
17.469997,45.369116
17.479729,45.444852
17.480524,45.446342
17.497824,45.443711
17.529915,45.487218
17.536612,45.491484
17.53668,45.491638
17.537383,45.494276
17.598096,45.457814
17.480678,45.38609
17.478338,45.388368
17.503884,45.398515
17.502993,45.400496
17.50306,45.401497
17.502287,45.402847
17.472165,45.368111
17.469629,45.364798
17.469701,45.364559
17.469961,45.364475
17.480682,45.443883
17.4956,45.444828
17.533213,45.490434
17.53649,45.490871
17.532157,45.488839
17.596076,45.452852
17.59681,45.455695
17.597006,45.456111
17.597697,45.457538
17.469994,45.364374
17.481714,45.443843
17.523915,45.483469
17.535871,45.490628
17.59574,45.452881
17.543873,45.443402
17.536841,45.47149
17.503444,45.400588
17.502864,45.401978
17.50226,45.402197
17.470188,45.368949
17.497054,45.444095
17.536723,45.492133
17.596566,45.455357
17.596873,45.455975
17.596888,45.45522
17.597054,45.455697
17.488149,45.384624
17.487281,45.384688
17.469824,45.366075
17.481755,45.443249
17.524125,45.483552
17.536006,45.490056
17.596881,45.45534
17.597653,45.457436
17.59802,45.457473
17.487831,45.384928
17.477472,45.388564
17.538701,45.471416
17.503235,45.400957
17.480099,45.444141
17.533094,45.49111
17.53955,45.49659
17.59592,45.452452
17.596175,45.452948
17.596435,45.453333
17.597557,45.456019
17.597374,45.456488
17.479234,45.3878
17.502623,45.401043
17.532615,45.490989
17.53727,45.495408
17.596695,45.454426
17.596647,45.453757
17.486606,45.38491
17.486379,45.385006
17.485572,45.385436
17.484622,45.386557
17.48284,45.385633
17.537639,45.471076
17.540042,45.470321
17.503821,45.399692
17.502058,45.402512
17.501159,45.401983
17.596591,45.453626
17.59804,45.457702
17.485853,45.385429
17.538679,45.471761
17.539738,45.470513
17.503249,45.400042
17.503797,45.400274
17.75253,45.327116
17.749859,45.327753
17.758679,45.334157
17.755619,45.332283
17.755708,45.332594
17.754232,45.327719
17.596775,45.456925
17.489554,45.384299
17.487273,45.384906
17.484121,45.386737
17.483565,45.386806
17.480659,45.386563
17.500898,45.401891
17.754164,45.327435
17.750036,45.327697
17.756752,45.326576
17.758806,45.334253
17.757661,45.333705
17.753931,45.327853
17.753688,45.328052
17.558162,45.414093
17.557867,45.416865
17.557185,45.42007
17.557527,45.422569
17.597865,45.457966
17.598056,45.457607
17.538704,45.47077
17.503597,45.399148
17.5036,45.400344
17.50279,45.402178
17.502334,45.402066
17.751867,45.326688
17.751626,45.325638
17.752196,45.328616
17.750167,45.327912
17.758373,45.333774
17.753222,45.329593
17.596921,45.454658
17.486263,45.385081
17.483003,45.386538
17.480094,45.386873
17.503191,45.400077
17.755475,45.326126
17.754066,45.327478
17.753687,45.327672
17.753297,45.327857
17.758414,45.333919
17.758943,45.334622
17.758127,45.334137
17.756613,45.332792
17.756255,45.332579
17.75335,45.328582
17.752863,45.329641
17.751227,45.329489
17.558149,45.414583
17.55751,45.415264
17.557562,45.41559
17.557508,45.415967
17.557412,45.417245
17.557926,45.417573
17.484363,45.386723
17.479506,45.387528
17.522951,45.479952
17.534736,45.474435
17.535879,45.473994
17.536047,45.474812
17.537839,45.470476
17.755096,45.326287
17.753098,45.328044
17.75241,45.327615
17.750754,45.326593
17.758155,45.333612
17.756912,45.334913
17.758425,45.335134
17.757336,45.333471
17.755503,45.328678
17.753615,45.329509
17.486026,45.38523
17.478239,45.388708
17.53574,45.474414
17.540024,45.470741
17.504007,45.398168
17.504052,45.399142
17.503948,45.399386
17.502857,45.400811
17.503205,45.401115
17.502457,45.401588
17.755762,45.326411
17.754531,45.327207
17.75237,45.326754
17.751625,45.326448
17.752164,45.326869
17.750484,45.328809
17.75881,45.333143
17.541926,45.443272
17.487985,45.384626
17.479552,45.387496
17.476875,45.388833
17.502659,45.401219
17.502551,45.401529
17.502182,45.402367
17.755533,45.326785
17.754758,45.326459
17.754784,45.327095
17.752605,45.327349
17.751561,45.325457
17.752852,45.328036
17.752433,45.328417
17.749978,45.328664
17.750372,45.328257
17.756013,45.328193
17.750656,45.329431
17.557578,45.414755
17.544079,45.441015
17.483942,45.386973
17.48259,45.385117
17.524412,45.479408
17.503728,45.399991
17.751558,45.326652
17.752321,45.327146
17.75908,45.333048
17.758087,45.333507
17.758591,45.334023
17.755465,45.328201
17.753485,45.328204
17.755014,45.329032
17.75403,45.329427
17.753344,45.329557
17.752755,45.329612
17.752121,45.329601
17.557212,45.41255
17.55772,45.413149
17.558291,45.413758
17.558153,45.413884
17.557512,45.415009
17.502448,45.401902
17.7554,45.327892
17.757923,45.333998
17.753891,45.328439
17.752831,45.328655
17.751993,45.329626
17.751117,45.329514
17.749773,45.329525
17.74956,45.329483
17.557364,45.417623
17.557333,45.418069
17.557234,45.419709
17.557633,45.420926
17.542477,45.426339
17.469037,45.444939
17.469239,45.443652
17.58493,45.393232
17.5847,45.394551
17.540584,45.469412
17.75536,45.326853
17.753536,45.327762
17.754802,45.32742
17.756333,45.32825
17.757965,45.33341
17.759027,45.334865
17.759076,45.335014
17.753682,45.328221
17.754405,45.329345
17.558068,45.41491
17.470268,45.446404
17.752161,45.326592
17.75858,45.33528
17.754421,45.327624
17.75392,45.329433
17.557657,45.414364
17.466858,45.451368
17.470675,45.446862
17.467453,45.445291
17.469874,45.445656
17.469321,45.44408
17.585412,45.392014
17.51397,45.485697
17.751833,45.32614
17.755998,45.326911
17.755786,45.332385
17.754099,45.328441
17.753753,45.328463
17.754143,45.329413
17.750468,45.329448
17.558175,45.414274
17.557149,45.419133
17.470516,45.447904
17.469857,45.445708
17.585444,45.390773
17.584865,45.393413
17.58476,45.394307
17.584289,45.395458
17.516853,45.485296
17.513773,45.486473
17.752479,45.326974
17.752342,45.327259
17.749866,45.32717
17.759514,45.332902
17.75895,45.334345
17.75849,45.334689
17.755678,45.328297
17.752636,45.329662
17.751849,45.329595
17.751478,45.329504
17.750313,45.329474
17.558061,45.414752
17.558066,45.415125
17.557913,45.416467
17.557398,45.417051
17.540562,45.429073
17.468564,45.446043
17.469504,45.444882
17.585636,45.391305
17.549092,45.417866
17.514813,45.545789
17.516006,45.547332
17.516908,45.541323
17.508264,45.544585
17.506548,45.545789
17.755099,45.326985
17.754334,45.327311
17.752356,45.327784
17.750245,45.328882
17.756255,45.326852
17.756579,45.326624
17.756367,45.332725
17.756033,45.329298
17.75364,45.328479
17.751593,45.329487
17.750006,45.329508
17.557637,45.414044
17.557533,45.415796
17.557986,45.415982
17.557463,45.416307
17.557611,45.420813
17.475038,45.445773
17.469633,45.4454
17.468927,45.444273
17.546662,45.41963
17.54901,45.419363
17.549176,45.418497
17.549379,45.417475
17.514401,45.48422
17.516388,45.485132
17.512713,45.485955
17.515395,45.542784
17.507811,45.544442
17.506904,45.545752
17.533658,45.439228
17.499438,45.343437
17.576117,45.414881
17.499088,45.409411
17.497207,45.410607
17.49616,45.410222
17.75202,45.326668
17.752235,45.326955
17.751971,45.328058
17.749585,45.328845
17.755455,45.327173
17.755112,45.327779
17.755996,45.331901
17.755359,45.332116
17.755777,45.328632
17.753778,45.329531
17.751338,45.329518
17.750186,45.329497
17.557634,45.413884
17.557609,45.415098
17.557449,45.416873
17.557778,45.417478
17.471433,45.447629
17.469442,45.444692
17.547089,45.417319
17.547101,45.418501
17.547627,45.417348
17.515378,45.547143
17.516954,45.542665
17.515615,45.542632
17.508134,45.544125
17.505536,45.54613
17.534629,45.439919
17.534006,45.439149
17.579427,45.409937
17.496341,45.411009
17.496323,45.41167
17.496224,45.411889
17.495938,45.412308
17.495453,45.412636
17.495788,45.412869
17.498743,45.410086
17.494633,45.413011
17.493502,45.413947
17.495879,45.413265
17.755664,45.32673
17.751694,45.325707
17.751769,45.326889
17.75648,45.32675
17.754716,45.32753
17.758619,45.335173
17.756527,45.335427
17.753084,45.328552
17.755137,45.328908
17.753113,45.329582
17.752995,45.32959
17.55771,45.412887
17.558472,45.415568
17.557963,45.41631
17.53999,45.428673
17.468948,45.44462
17.584989,45.392882
17.546591,45.417402
17.514056,45.544073
17.515999,45.543174
17.516144,45.542165
17.515802,45.54246
17.515896,45.541806
17.498754,45.34372
17.497337,45.343504
17.497386,45.343784
17.49621,45.343622
17.578474,45.413356
17.578821,45.412375
17.579916,45.409085
17.581173,45.406883
17.494848,45.410442
17.492426,45.409805
17.491748,45.409724
17.494672,45.413108
17.758134,45.334244
17.758318,45.334399
17.752429,45.32892
17.753477,45.329532
17.558133,45.415461
17.557209,45.419429
17.54012,45.42821
17.465742,45.451765
17.469843,45.445779
17.468676,45.446132
17.469988,45.445229
17.46957,45.445199
17.585149,45.391248
17.585097,45.391649
17.585287,45.394074
17.547129,45.417998
17.547166,45.418097
17.546964,45.418644
17.548665,45.417474
17.51533,45.542272
17.506452,45.545978
17.51511,45.54243
17.507021,45.544998
17.534178,45.440145
17.500055,45.343702
17.498407,45.34348
17.498284,45.341351
17.580872,45.408167
17.58077,45.407582
17.496759,45.410658
17.494174,45.410063
17.494484,45.413633
17.49553,45.41342
17.497376,45.414406
17.509857,45.385867
17.752247,45.32961
17.555992,45.413421
17.558002,45.415798
17.557327,45.418473
17.540241,45.428802
17.4709,45.447095
17.584925,45.393904
17.547075,45.417663
17.547931,45.418321
17.515768,45.543539
17.516611,45.541406
17.506075,45.546564
17.498747,45.343412
17.496366,45.343588
17.578501,45.414008
17.578737,45.412456
17.581208,45.407184
17.497662,45.410507
17.495919,45.410476
17.494943,45.411079
17.495327,45.412677
17.495828,45.412673
17.494413,45.413772
17.494858,45.413273
17.495364,45.41313
17.495671,45.413177
17.497534,45.415179
17.567188,45.439562
17.558285,45.413418
17.557566,45.413695
17.557694,45.41424
17.55763,45.414592
17.557273,45.419276
17.469728,45.445571
17.469506,45.445075
17.469387,45.444448
17.584962,45.392698
17.585344,45.392773
17.584453,45.395158
17.516149,45.485163
17.512359,45.545387
17.513076,45.543738
17.516356,45.542014
17.50754,45.545111
17.514807,45.542777
17.535077,45.439873
17.497666,45.343745
17.57647,45.414685
17.578978,45.413471
17.578598,45.412961
17.579191,45.409505
17.581099,45.406259
17.49838,45.41364
17.493473,45.413618
17.49718,45.413658
17.497742,45.41525
17.497202,45.415108
17.572022,45.430592
17.511381,45.38391
17.509014,45.388236
17.507198,45.39091
17.535594,45.364781
17.532802,45.365455
17.530545,45.365028
17.564636,45.391352
17.560728,45.389511
17.55835,45.413077
17.558327,45.413249
17.557459,45.415712
17.557328,45.416118
17.557416,45.416644
17.557893,45.416598
17.557857,45.417389
17.557392,45.423592
17.540384,45.429587
17.468744,45.444403
17.585084,45.391542
17.584601,45.39596
17.508564,45.544408
17.514934,45.542581
17.498994,45.343701
17.575315,45.415136
17.580768,45.406584
17.496801,45.410515
17.494683,45.4104
17.495765,45.411714
17.49429,45.413973
17.567129,45.438508
17.566811,45.439778
17.508163,45.387518
17.53605,45.364363
17.53499,45.364998
17.530821,45.36509
17.530822,45.364843
17.531058,45.364356
17.542972,45.425877
17.470657,45.447821
17.584953,45.393058
17.548565,45.417718
17.514373,45.484081
17.51428,45.48379
17.514879,45.545903
17.516562,45.547765
17.517461,45.542131
17.514698,45.542975
17.507256,45.544575
17.516393,45.543184
17.577172,45.414333
17.579263,45.411633
17.580838,45.40735
17.580709,45.406799
17.495731,45.412016
17.496179,45.413096
17.494233,45.414083
17.493831,45.414107
17.497136,45.415219
17.571376,45.43261
17.567459,45.43916
17.567213,45.439249
17.533918,45.365096
17.531907,45.365926
17.530519,45.365204
17.529013,45.366741
17.528602,45.368317
17.564191,45.392307
17.563849,45.393256
17.563218,45.395493
17.58544,45.390539
17.585403,45.392394
17.54683,45.417132
17.546653,45.417998
17.513448,45.543629
17.515727,45.546945
17.516223,45.547532
17.517619,45.542461
17.50767,45.54487
17.506311,45.546163
17.578534,45.413744
17.579055,45.413334
17.497444,45.410279
17.492619,45.409909
17.494583,45.411034
17.494717,45.412716
17.494879,45.412879
17.493395,45.414218
17.493871,45.414279
17.4941,45.413833
17.511964,45.382952
17.511693,45.383512
17.510574,45.38547
17.537107,45.363353
17.535418,45.364379
17.53416,45.365071
17.533145,45.365379
17.530488,45.36558
17.536948,45.363892
17.56024,45.395703
17.466616,45.451533
17.470752,45.446996
17.470618,45.446722
17.469954,45.445947
17.585427,45.391667
17.584628,45.395509
17.546956,45.419705
17.515325,45.544698
17.514198,45.544849
17.515234,45.546384
17.515893,45.547054
17.517167,45.543747
17.509948,45.545528
17.509033,45.54473
17.517271,45.541737
17.507447,45.545348
17.581225,45.405946
17.499197,45.409141
17.497064,45.410721
17.497041,45.410345
17.495131,45.410427
17.491549,45.40972
17.49666,45.413554
17.567169,45.437249
17.567533,45.440015
17.510752,45.385
17.510113,45.391276
17.530324,45.364399
17.563735,45.393467
17.558769,45.394303
17.470202,45.446813
17.470413,45.446609
17.585339,45.392959
17.585348,45.393058
17.585316,45.393854
17.546238,45.416583
17.547113,45.417882
17.54709,45.418288
17.547075,45.419273
17.546683,45.419407
17.548946,45.417458
17.514248,45.485805
17.509415,45.545054
17.516326,45.541537
17.535498,45.440327
17.579074,45.412862
17.579483,45.409727
17.580854,45.406936
17.495559,45.410157
17.495402,45.410194
17.494634,45.410083
17.493903,45.409991
17.56638,45.43972
17.506975,45.391259
17.534805,45.365201
17.531546,45.36603
17.531764,45.365717
17.528299,45.366898
17.563938,45.395547
17.515226,45.546879
17.506813,45.545173
17.505938,45.545624
17.498829,45.343444
17.578611,45.413545
17.578713,45.412661
17.581127,45.407671
17.580602,45.406058
17.49791,45.410171
17.494163,45.410421
17.492802,45.409972
17.493533,45.413481
17.494609,45.413526
17.495135,45.413133
17.568242,45.441217
17.508354,45.387964
17.534656,45.364598
17.528898,45.366225
17.527762,45.366681
17.529048,45.368698
17.563463,45.393886
17.563792,45.395459
17.559452,45.394839
17.515723,45.546609
17.517752,45.543594
17.515517,45.542117
17.509533,45.543436
17.535541,45.439749
17.535355,45.439566
17.499159,45.343439
17.578917,45.413849
17.579156,45.412353
17.578987,45.410502
17.581145,45.406711
17.498227,45.41033
17.497793,45.410234
17.494278,45.410774
17.493637,45.409836
17.493193,45.410194
17.498728,45.413829
17.493167,45.414103
17.494334,45.413892
17.497224,45.414994
17.497232,45.414849
17.497641,45.41654
17.571863,45.431177
17.510976,45.383763
17.50817,45.389615
17.507574,45.39141
17.507253,45.391582
17.535984,45.364057
17.527965,45.367055
17.563914,45.393068
17.561515,45.39639
17.562556,45.395583
17.516646,45.54187
17.517571,45.542317
17.506231,45.546369
17.507177,45.544766
17.578996,45.414077
17.578821,45.412027
17.578995,45.410921
17.578966,45.411296
17.579348,45.410864
17.581074,45.407911
17.496016,45.410308
17.49204,45.409851
17.494958,45.411453
17.495987,45.411409
17.572295,45.428882
17.509178,45.387708
17.536609,45.363642
17.53298,45.365412
17.531184,45.365841
17.530925,45.36465
17.56329,45.395004
17.563168,45.395294
17.563961,45.395768
17.527544,45.413101
17.583272,45.449305
17.581832,45.449254
17.581199,45.448661
17.57986,45.448929
17.516402,45.545252
17.516755,45.542813
17.535148,45.440134
17.494276,45.344038
17.578728,45.412853
17.579191,45.412695
17.579384,45.410294
17.494415,45.410097
17.493637,45.410508
17.496547,45.411456
17.49641,45.411552
17.49778,45.414855
17.567261,45.437394
17.510261,45.385899
17.508541,45.386955
17.506884,45.387687
17.508932,45.388505
17.508126,45.389777
17.532236,45.365564
17.530756,45.365935
17.529279,45.366312
17.563008,45.394908
17.562273,45.396286
17.562723,45.39635
17.521126,45.41464
17.5225,45.41839
17.527025,45.412798
17.525383,45.410506
17.533159,45.43915
17.499359,45.343726
17.579449,45.409058
17.580378,45.407995
17.496458,45.410317
17.494295,45.4101
17.494712,45.411202
17.496832,45.413301
17.494348,45.413409
17.494135,45.414313
17.496921,45.413607
17.497603,45.414154
17.497426,45.414553
17.508835,45.388647
17.530305,45.362109
17.528705,45.366761
17.562348,45.396131
17.558878,45.395042
17.521052,45.414619
17.526957,45.410877
17.582638,45.448961
17.635052,45.440117
17.634742,45.44012
17.494534,45.410652
17.493372,45.410245
17.496626,45.411314
17.495141,45.412311
17.49472,45.413426
17.499811,45.414447
17.498662,45.415157
17.571772,45.433495
17.567245,45.437583
17.508015,45.389959
17.507859,45.39026
17.535874,45.364103
17.535307,45.364958
17.533563,45.3653
17.530888,45.366167
17.563194,45.394389
17.567493,45.396663
17.56265,45.395679
17.562871,45.395859
17.5228,45.418441
17.523501,45.413331
17.527386,45.412944
17.526548,45.41181
17.525533,45.410323
17.580237,45.44911
17.635076,45.44125
17.493345,45.41379
17.508441,45.38902
17.507706,45.390625
17.507326,45.390621
17.536714,45.363469
17.534884,45.365061
17.532146,45.365603
17.525542,45.411401
17.525528,45.410121
17.582363,45.450497
17.582774,45.450953
17.58326,45.449501
17.581514,45.44971
17.579436,45.450591
17.579922,45.450493
17.638279,45.439998
17.638003,45.440018
17.636948,45.446826
17.509777,45.391107
17.535854,45.364495
17.532898,45.365724
17.528524,45.366819
17.52859,45.367858
17.563814,45.393987
17.560133,45.395327
17.559449,45.394593
17.559031,45.394394
17.521168,45.413627
17.5262,45.411927
17.587156,45.451328
17.584551,45.450793
17.580258,45.448335
17.582363,45.446207
17.638965,45.43997
17.636566,45.440088
17.637818,45.439649
17.636259,45.44646
17.633468,45.447969
17.633413,45.447632
17.537026,45.363176
17.535202,45.364509
17.533182,45.365659
17.528354,45.368171
17.559132,45.395024
17.558652,45.394562
17.558329,45.394037
17.527242,45.412615
17.527182,45.412453
17.526659,45.411961
17.526052,45.411601
17.584334,45.450993
17.582611,45.450476
17.582967,45.45001
17.58169,45.449684
17.581333,45.448953
17.581333,45.44638
17.579998,45.449923
17.639949,45.439549
17.63526,45.440946
17.634945,45.441399
17.508176,45.38688
17.508117,45.38684
17.507611,45.390873
17.531435,45.365802
17.528555,45.366386
17.523171,45.412945
17.526882,45.412227
17.526886,45.41079
17.526896,45.410555
17.581045,45.447421
17.638706,45.439604
17.636051,45.446302
17.638156,45.44721
17.638831,45.447609
17.523439,45.414203
17.522646,45.415639
17.582777,45.451117
17.581571,45.448677
17.639591,45.439582
17.633984,45.439855
17.634087,45.440139
17.635632,45.445701
17.635786,45.445986
17.634132,45.446847
17.639995,45.440581
17.521001,45.414285
17.526867,45.412646
17.525327,45.411525
17.587365,45.451218
17.58677,45.451389
17.584132,45.450954
17.585526,45.451643
17.585386,45.451938
17.583248,45.450263
17.579171,45.449808
17.639397,45.439966
17.636089,45.439718
17.63518,45.441909
17.636556,45.446189
17.6348,45.446868
17.63422,45.448225
17.520684,45.413599
17.521877,45.414697
17.52563,45.411081
17.588053,45.450998
17.583893,45.4509
17.586083,45.451562
17.585874,45.451586
17.58296,45.449753
17.583286,45.448794
17.581763,45.449025
17.581261,45.448849
17.581596,45.448936
17.636932,45.439682
17.635121,45.439786
17.634728,45.441908
17.637882,45.447441
17.521039,45.413245
17.523014,45.413293
17.526475,45.412171
17.585225,45.451052
17.582232,45.44912
17.583355,45.449021
17.57902,45.450086
17.581985,45.450684
17.637464,45.440004
17.635525,45.441322
17.635855,45.445278
17.635008,45.444237
17.636713,45.446728
17.637679,45.446892
17.63575,45.447034
17.634949,45.447261
17.521662,45.414739
17.523746,45.413371
17.583285,45.450107
17.582668,45.449113
17.581862,45.448952
17.581195,45.447758
17.638117,45.439635
17.635729,45.440081
17.635157,45.44212
17.638728,45.447215
17.522597,45.413373
17.522739,45.415285
17.52177,45.4184
17.52711,45.413
17.5829,45.448964
17.581007,45.449732
17.581041,45.448329
17.580306,45.447387
17.634169,45.439878
17.635417,45.440616
17.639805,45.447084
17.523144,45.41489
17.518976,45.417486
17.52668,45.411046
17.586828,45.451065
17.585388,45.451186
17.580225,45.448668
17.580583,45.451385
17.579729,45.449631
17.639285,45.43959
17.636178,45.440358
17.635391,45.441538
17.634137,45.44793
17.522052,45.418219
17.586474,45.450893
17.581633,45.447769
17.579481,45.450778
17.580489,45.451093
17.581557,45.450595
17.582345,45.450887
17.639938,45.440063
17.635971,45.446657
17.636291,45.446739
17.582911,45.450393
17.581342,45.447171
17.581427,45.446979
17.634483,45.442272
17.635267,45.445852
17.634732,45.447714
17.637733,45.44003
17.634882,45.441554
17.567992,45.38505
17.567091,45.386506
17.65601,45.438881
17.656345,45.438419
17.648997,45.444159
17.649337,45.444385
17.647759,45.442843
17.647705,45.443572
17.647601,45.443705
17.647364,45.445529
17.64721,45.449749
17.651644,45.441594
17.65344,45.445402
17.650387,45.450862
17.651265,45.448578
17.56847,45.384143
17.567767,45.384506
17.566867,45.386199
17.566546,45.387855
17.566291,45.388556
17.565537,45.389752
17.656982,45.438693
17.648468,45.443158
17.648362,45.443414
17.648087,45.441251
17.64799,45.444089
17.647079,45.451813
17.651882,45.441042
17.651642,45.445305
17.653686,45.44644
17.649443,45.445053
17.649377,45.445381
17.648818,45.445846
17.500038,45.380914
17.566762,45.386525
17.566961,45.38684
17.655751,45.438927
17.655569,45.438956
17.647915,45.445374
17.645703,45.445866
17.645738,45.447461
17.651389,45.444948
17.651878,45.445171
17.650146,45.448411
17.650042,45.450686
17.499467,45.380845
17.496669,45.381741
17.496853,45.381675
17.566409,45.388228
17.566375,45.388328
17.56614,45.38931
17.648071,45.440994
17.647217,45.444894
17.646537,45.445632
17.645907,45.446037
17.64448,45.448509
17.646826,45.451044
17.653537,45.446678
17.650348,45.450465
17.50238,45.38044
17.499478,45.381136
17.499252,45.381068
17.498266,45.381315
17.49671,45.381326
17.46674,45.357171
17.485418,45.458226
17.487302,45.458145
17.829499,45.339662
17.652265,45.440019
17.654068,45.438926
17.647948,45.442475
17.647944,45.444228
17.64748,45.445093
17.650141,45.444562
17.652084,45.445364
17.65289,45.445784
17.649153,45.445594
17.649948,45.449215
17.650332,45.450584
17.502473,45.380807
17.48518,45.458366
17.657225,45.438645
17.653646,45.439349
17.656784,45.438412
17.645998,45.44717
17.650822,45.444012
17.649877,45.444419
17.652333,45.446037
17.651856,45.445459
17.652531,45.444985
17.65282,45.44947
17.497966,45.380959
17.46514,45.358082
17.485349,45.460024
17.486531,45.458272
17.828969,45.343322
17.828508,45.339172
17.827206,45.337532
17.835175,45.341579
17.527682,45.395117
17.528442,45.395126
17.528185,45.39587
17.528735,45.396318
17.531614,45.400077
17.565721,45.389226
17.656557,45.438428
17.651262,45.441328
17.651426,45.441048
17.648214,45.44383
17.644632,45.44836
17.647632,45.451282
17.649989,45.444874
17.65272,45.44519
17.653733,45.445354
17.653448,45.446109
17.651887,45.448654
17.651108,45.451412
17.513775,45.379386
17.502615,45.380755
17.498906,45.380863
17.498572,45.380818
17.46493,45.357632
17.485141,45.459372
17.485257,45.457904
17.829381,45.340945
17.828655,45.338481
17.567653,45.384762
17.565163,45.38782
17.565631,45.390435
17.657303,45.438332
17.651793,45.439962
17.651919,45.440866
17.647521,45.44626
17.653685,45.445121
17.653442,45.446497
17.649576,45.445262
17.651589,45.448513
17.653012,45.449648
17.513836,45.379251
17.501973,45.380616
17.497855,45.381288
17.485094,45.458553
17.486457,45.458496
17.487276,45.457596
17.488083,45.458762
17.49764,45.462016
17.829513,45.340599
17.568256,45.383915
17.566347,45.387591
17.566156,45.389125
17.565848,45.389841
17.657402,45.438601
17.654741,45.439122
17.651329,45.441189
17.653419,45.439417
17.653874,45.439071
17.647959,45.439764
17.647563,45.44261
17.648356,45.443756
17.646952,45.450434
17.650077,45.450567
17.502602,45.380317
17.501437,45.381461
17.466922,45.35712
17.464837,45.357842
17.47883,45.458217
17.482424,45.458751
17.483453,45.459245
17.485732,45.457621
17.827594,45.342744
17.828958,45.339988
17.82934,45.339342
17.82862,45.339007
17.828616,45.338834
17.562129,45.439306
17.562906,45.438977
17.566928,45.385796
17.565359,45.390165
17.647463,45.444959
17.647082,45.445221
17.647509,45.451566
17.651509,45.442024
17.651125,45.443055
17.650888,45.445049
17.653929,45.44668
17.50279,45.380599
17.485371,45.458503
17.485819,45.457457
17.828871,45.343939
17.82863,45.343389
17.829185,45.342533
17.828657,45.342591
17.829603,45.341087
17.828925,45.339236
17.836237,45.343162
17.527831,45.394464
17.52807,45.394905
17.526921,45.393681
17.527187,45.392879
17.616359,45.447208
17.614154,45.447829
17.617122,45.4474
17.61519,45.447408
17.617875,45.450516
17.507702,45.469502
17.503952,45.471777
17.503273,45.47275
17.447241,45.37403
17.444015,45.376924
17.567937,45.384365
17.567456,45.385127
17.65627,45.438485
17.65612,45.438505
17.647356,45.444148
17.646786,45.445532
17.646134,45.44562
17.646073,45.445932
17.647002,45.44619
17.646721,45.447185
17.645902,45.44731
17.65009,45.448164
17.65068,45.448947
17.652314,45.449744
17.497155,45.381539
17.465022,45.356112
17.485126,45.457731
17.487175,45.458692
17.487942,45.459015
17.829455,45.34021
17.834237,45.341378
17.52835,45.394624
17.61233,45.446122
17.616136,45.447489
17.61691,45.447711
17.50825,45.46922
17.505499,45.469969
17.504963,45.470989
17.448631,45.372797
17.444283,45.377162
17.65427,45.439239
17.655572,45.43862
17.655339,45.438673
17.648003,45.440851
17.648529,45.443508
17.647743,45.44518
17.64683,45.445693
17.646831,45.446434
17.650546,45.4449
17.65171,45.444887
17.65223,45.444597
17.653312,45.44636
17.64978,45.445083
17.648937,45.446286
17.501755,45.380877
17.50144,45.381854
17.499951,45.381094
17.481668,45.458617
17.485394,45.459537
17.487299,45.458548
17.488419,45.458743
17.827926,45.343893
17.82806,45.342342
17.829201,45.341819
17.829406,45.341879
17.829511,45.340281
17.829192,45.338936
17.528179,45.394164
17.526526,45.395644
17.618434,45.445973
17.61436,45.447768
17.617959,45.449273
17.618056,45.449924
17.615768,45.447922
17.616938,45.446703
17.619864,45.446208
17.503931,45.472225
17.567631,45.386274
17.648016,45.442245
17.647761,45.443273
17.645869,45.445989
17.646232,45.447038
17.652667,45.445455
17.649092,45.445245
17.648847,45.445984
17.651299,45.448808
17.498952,45.381087
17.499088,45.380883
17.49764,45.381139
17.497058,45.381713
17.48601,45.458364
17.486218,45.457987
17.829505,45.340043
17.834728,45.341546
17.833554,45.340344
17.527785,45.39175
17.561872,45.438457
17.614848,45.447838
17.616622,45.447215
17.61839,45.446137
17.503419,45.467114
17.508606,45.469778
17.50485,45.471075
17.504067,45.471736
17.448144,45.371606
17.566271,45.388836
17.656456,45.438803
17.656974,45.438356
17.655712,45.438607
17.655072,45.438685
17.652055,45.440526
17.647976,45.440478
17.648008,45.440699
17.647875,45.44114
17.648074,45.441781
17.647309,45.444354
17.648278,45.452272
17.652514,45.445661
17.649879,45.4495
17.501389,45.380608
17.496884,45.381891
17.466454,45.357298
17.46613,45.357637
17.484861,45.458127
17.833767,45.340546
17.834401,45.340667
17.529128,45.397317
17.563671,45.438132
17.613269,45.445674
17.612394,45.446222
17.613684,45.447877
17.614131,45.447427
17.617121,45.448145
17.614712,45.447168
17.617271,45.446428
17.616822,45.448337
17.616965,45.448508
17.617833,45.4498
17.617199,45.450983
17.621291,45.446187
17.503533,45.467824
17.503962,45.467527
17.505063,45.467893
17.505298,45.46814
17.568192,45.384616
17.567676,45.384643
17.56688,45.387006
17.565679,45.390198
17.655931,45.438541
17.648011,45.441945
17.647978,45.44239
17.646887,45.446335
17.65001,45.444499
17.653132,45.446249
17.649291,45.446198
17.650392,45.450232
17.502309,45.381203
17.496554,45.381553
17.482959,45.459184
17.484634,45.458531
17.828783,45.341924
17.829141,45.340318
17.83277,45.341105
17.833511,45.340407
17.526318,45.394646
17.527258,45.3928
17.528075,45.390925
17.52844,45.396788
17.52803,45.398024
17.562749,45.43933
17.56339,45.439583
17.617003,45.447903
17.615743,45.447717
17.503285,45.467761
17.508995,45.473011
17.507817,45.470426
17.505134,45.470657
17.569207,45.38319
17.569111,45.383337
17.56733,45.386006
17.649158,45.444281
17.648084,45.442086
17.648053,45.44397
17.647379,45.445345
17.644965,45.448111
17.649301,45.445148
17.650273,45.448935
17.65003,45.450162
17.501584,45.380679
17.501474,45.380988
17.501303,45.38098
17.500122,45.381167
17.464941,45.357729
17.829241,45.343073
17.829388,45.339833
17.829318,45.339134
17.52748,45.392105
17.561739,45.439232
17.613814,45.446692
17.613944,45.447896
17.619561,45.446155
17.446736,45.374755
17.446564,45.374881
17.467999,45.356196
17.48204,45.459099
17.482147,45.458729
17.482091,45.45958
17.827701,45.342398
17.829125,45.341136
17.829554,45.339516
17.828985,45.339429
17.528168,45.395665
17.52698,45.393376
17.528077,45.396646
17.528669,45.397273
17.561938,45.439894
17.613148,45.446994
17.616453,45.447064
17.620227,45.446259
17.617159,45.449291
17.617625,45.449257
17.508872,45.470786
17.50868,45.47006
17.464683,45.357967
17.466181,45.356506
17.481903,45.459247
17.829148,45.342487
17.829019,45.341532
17.82908,45.341205
17.830636,45.341152
17.829174,45.340652
17.835899,45.34297
17.527575,45.393051
17.527868,45.390848
17.528652,45.395984
17.536819,45.390379
17.562371,45.43756
17.562519,45.438452
17.560905,45.436765
17.612259,45.445963
17.61317,45.447643
17.616478,45.446967
17.617602,45.448716
17.6174,45.450531
17.504408,45.466214
17.447875,45.373075
17.446197,45.375171
17.445946,45.375419
17.545358,45.478189
17.594077,45.411489
17.593744,45.412731
17.593068,45.415749
17.5929,45.416434
17.592813,45.418661
17.667199,45.402382
17.66352,45.402381
17.662958,45.402246
17.670447,45.399188
17.670169,45.398614
17.669909,45.399086
17.666142,45.404723
17.663707,45.407437
17.662179,45.411304
17.664955,45.403398
17.481293,45.458588
17.482448,45.45919
17.485695,45.458389
17.484425,45.45872
17.486969,45.4587
17.828728,45.342152
17.829315,45.341365
17.830718,45.340902
17.831803,45.341038
17.829201,45.340836
17.527876,45.393986
17.527,45.393186
17.527332,45.392577
17.617284,45.445938
17.617287,45.448441
17.619157,45.446154
17.616709,45.448008
17.617735,45.449563
17.504785,45.467705
17.446029,45.375351
17.442414,45.378073
17.440768,45.376879
17.441899,45.376821
17.593708,45.410221
17.60732,45.412517
17.607143,45.412764
17.667746,45.402426
17.662733,45.402187
17.667291,45.402041
17.665521,45.402017
17.672497,45.396377
17.669777,45.400247
17.669874,45.399205
17.665145,45.406337
17.670281,45.400804
17.672746,45.401794
17.669039,45.401064
17.669263,45.401634
17.661092,45.401985
17.651623,45.400241
17.65261,45.400657
17.660367,45.401614
17.656402,45.401089
17.829102,45.342854
17.829258,45.341499
17.83008,45.340588
17.832527,45.34124
17.52722,45.39538
17.528892,45.396728
17.612508,45.446532
17.616303,45.447766
17.61352,45.44705
17.617858,45.450319
17.616757,45.446962
17.617043,45.446553
17.616511,45.447758
17.505365,45.470163
17.446041,45.375878
17.441403,45.377391
17.594895,45.41051
17.596283,45.410175
17.593482,45.414104
17.593319,45.414547
17.593193,45.413663
17.592876,45.413967
17.666057,45.402374
17.665449,45.401472
17.672047,45.398003
17.67049,45.398622
17.671129,45.397447
17.670066,45.39842
17.671397,45.401337
17.660566,45.401919
17.653217,45.400914
17.650049,45.401242
17.649933,45.401312
17.658224,45.401351
17.657667,45.400736
17.655669,45.400984
17.65555,45.400406
17.655405,45.400589
17.653809,45.400627
17.653852,45.417568
17.647056,45.425507
17.649293,45.422659
17.647364,45.424595
17.828963,45.339685
17.833028,45.340998
17.835608,45.342573
17.525973,45.395824
17.529034,45.397083
17.563323,45.438248
17.613505,45.447938
17.615866,45.448547
17.618707,45.446135
17.621796,45.445903
17.503968,45.466779
17.508153,45.469995
17.507639,45.472452
17.504114,45.471606
17.501702,45.46866
17.441538,45.378886
17.440135,45.376731
17.594005,45.410197
17.593369,45.41414
17.593343,45.413039
17.593222,45.418205
17.592837,45.41816
17.666342,45.402466
17.667743,45.402093
17.663045,45.401964
17.663106,45.40132
17.663026,45.401464
17.671908,45.397296
17.671691,45.396969
17.669999,45.399706
17.669681,45.399523
17.662981,45.407948
17.663255,45.407251
17.662486,45.407823
17.671018,45.401195
17.664866,45.402987
17.664588,45.403267
17.66487,45.403197
17.66566,45.404142
17.669198,45.401459
17.659453,45.401759
17.65622,45.402812
17.653539,45.400894
17.650862,45.400427
17.661246,45.401734
17.654739,45.400865
17.655117,45.400935
17.65091,45.399724
17.831267,45.341417
17.828766,45.338579
17.832942,45.340712
17.834947,45.341814
17.835163,45.342219
17.83412,45.340446
17.52796,45.396006
17.531527,45.400578
17.536571,45.390432
17.56134,45.438302
17.612596,45.446781
17.614143,45.447632
17.617797,45.449056
17.617763,45.446135
17.617195,45.449409
17.50428,45.466352
17.504373,45.467895
17.50232,45.47294
17.444126,45.377208
17.44178,45.37864
17.443269,45.377405
17.596412,45.410233
17.595929,45.410252
17.593966,45.411968
17.593902,45.412153
17.593148,45.414092
17.667019,45.402438
17.665364,45.402378
17.665811,45.402055
17.665537,45.40166
17.664611,45.401997
17.664111,45.402059
17.670845,45.397778
17.670609,45.397932
17.660852,45.409489
17.664573,45.402944
17.669247,45.401391
17.658816,45.401689
17.656502,45.402438
17.660966,45.401694
17.654362,45.400757
17.651653,45.400002
17.653036,45.418991
17.656242,45.414769
17.652174,45.419434
17.648262,45.424309
17.648827,45.423127
17.527756,45.392848
17.527291,45.392658
17.526063,45.395681
17.613209,45.446442
17.613609,45.446703
17.614028,45.446731
17.503616,45.467195
17.443158,45.377642
17.544373,45.477201
17.593423,45.412803
17.592845,45.415205
17.668068,45.402461
17.666032,45.402062
17.663193,45.40107
17.67033,45.39899
17.670269,45.398161
17.668531,45.401017
17.662203,45.410689
17.660974,45.409301
17.665065,45.403759
17.656295,45.402687
17.650535,45.400936
17.657047,45.401179
17.652424,45.400142
17.655618,45.415526
17.65077,45.421534
17.648618,45.423911
17.652065,45.419558
17.650206,45.42146
17.649379,45.422407
17.649137,45.422837
17.645794,45.426299
17.561647,45.439764
17.612453,45.447918
17.613326,45.44718
17.613299,45.447368
17.616206,45.447394
17.61459,45.447108
17.618156,45.449614
17.443695,45.377276
17.440184,45.376376
17.442265,45.376928
17.593531,45.412537
17.593288,45.414697
17.593152,45.415359
17.592713,45.415671
17.667902,45.402425
17.666446,45.402431
17.667513,45.402093
17.665673,45.401291
17.665401,45.402023
17.664993,45.402058
17.669878,45.399969
17.669693,45.400299
17.668296,45.40038
17.665383,45.406089
17.662195,45.407912
17.665725,45.403918
17.665861,45.403997
17.661392,45.402029
17.655513,45.401329
17.656414,45.400392
17.653069,45.400388
17.656541,45.415321
17.651696,45.420456
17.654254,45.417176
17.649843,45.422566
17.647676,45.425047
17.651747,45.419967
17.616115,45.448164
17.613346,45.447465
17.614553,45.447823
17.617168,45.448299
17.504279,45.467075
17.506865,45.468631
17.446551,45.375205
17.444805,45.376178
17.442952,45.37779
17.441843,45.378474
17.441876,45.37738
17.442495,45.377051
17.594064,45.411122
17.594017,45.411652
17.593004,45.414587
17.667405,45.40243
17.665889,45.40237
17.665528,45.400982
17.663443,45.400598
17.662793,45.40095
17.672009,45.396705
17.66974,45.399403
17.66931,45.400376
17.6658,45.404769
17.664383,45.406948
17.664708,45.403359
17.666348,45.404167
17.650343,45.401085
17.656872,45.40117
17.657852,45.400751
17.652171,45.399333
17.655367,45.41586
17.651129,45.421148
17.65,45.421801
17.647965,45.424084
17.446459,45.375001
17.593192,45.413898
17.592798,45.415425
17.666893,45.402408
17.665164,45.402055
17.663871,45.40735
17.663474,45.4076
17.665832,45.404988
17.665664,45.405171
17.663484,45.407063
17.670543,45.401779
17.664855,45.402867
17.659134,45.401815
17.65725,45.401808
17.656513,45.402948
17.656552,45.402231
17.653926,45.401024
17.653043,45.400797
17.656023,45.403062
17.657302,45.400659
17.656082,45.415048
17.651654,45.420588
17.646136,45.426477
17.447067,45.374194
17.593548,45.413881
17.593233,45.418587
17.667539,45.402399
17.666602,45.402384
17.66401,45.402318
17.667124,45.402074
17.672035,45.397179
17.671085,45.398092
17.668849,45.40061
17.668436,45.400675
17.662282,45.409134
17.662291,45.409756
17.669625,45.400899
17.668917,45.401261
17.661669,45.402075
17.659568,45.401523
17.653032,45.418552
17.655211,45.416506
17.652576,45.419074
17.647702,45.424895
17.646268,45.426336
17.651151,45.420637
17.44694,45.374419
17.446163,45.375649
17.444937,45.376058
17.444905,45.376473
17.442743,45.37792
17.543472,45.47903
17.592862,45.418495
17.663582,45.40035
17.67069,45.398506
17.670127,45.39942
17.669841,45.400082
17.668564,45.401084
17.670071,45.401049
17.665291,45.403936
17.66607,45.404102
17.656257,45.401422
17.651257,45.400192
17.656555,45.40106
17.647714,45.424212
17.446484,45.375766
17.444218,45.37657
17.441811,45.376963
17.546178,45.476192
17.593697,45.413427
17.593555,45.412233
17.593278,45.417956
17.59288,45.417944
17.665175,45.402369
17.664379,45.402348
17.664421,45.402023
17.672662,45.396714
17.671715,45.397403
17.669613,45.399659
17.664578,45.403096
17.665484,45.404072
17.660075,45.401894
17.652844,45.400738
17.660038,45.401573
17.65336,45.400565
17.65104,45.399779
17.653233,45.418325
17.650577,45.421685
17.650548,45.421861
17.654085,45.417294
17.653989,45.417407
17.645763,45.426982
17.646433,45.425671
17.646224,45.425876
17.44328,45.377967
17.438957,45.378946
17.442546,45.377474
17.594225,45.410461
17.593665,45.410507
17.593708,45.411175
17.593664,45.412041
17.592917,45.414769
17.666415,45.402042
17.670021,45.399578
17.662222,45.410766
17.662204,45.411125
17.67074,45.401069
17.658027,45.401633
17.658557,45.401388
17.658951,45.399727
17.654959,45.400911
17.65202,45.400126
17.652913,45.419172
17.652016,45.420182
17.654465,45.41695
17.650528,45.421294
17.649928,45.42196
17.647126,45.424923
17.442578,45.378011
17.441837,45.376503
17.593713,45.412966
17.592887,45.416264
17.59281,45.41707
17.663726,45.402013
17.671496,45.397095
17.671008,45.397613
17.669471,45.399973
17.669041,45.400481
17.66837,45.400509
17.662283,45.408846
17.662286,45.409594
17.671184,45.401275
17.668494,45.401862
17.660835,45.402002
17.656426,45.400215
17.652669,45.40027
17.652899,45.418719
17.652758,45.418882
17.656364,45.414516
17.655928,45.415838
17.655103,45.4162
17.650941,45.421343
17.653519,45.417917
17.649695,45.42268
17.648038,45.424568
17.647962,45.424696
17.65158,45.420088
17.650832,45.421018
17.546468,45.475916
17.593699,45.410967
17.59291,45.414918
17.667279,45.402437
17.662556,45.402185
17.662488,45.408331
17.662312,45.408576
17.66222,45.410974
17.662216,45.4115
17.665219,45.403882
17.659867,45.40184
17.657475,45.400699
17.65735,45.398695
17.653803,45.418099
17.656632,45.415125
17.650388,45.422084
17.653358,45.418161
17.648698,45.423793
17.649761,45.422142
17.593503,45.41025
17.59384,45.412358
17.593692,45.411372
17.593676,45.41191
17.593439,45.414317
17.59319,45.415086
17.593345,45.413341
17.593209,45.417778
17.593235,45.418074
17.666941,45.402044
17.665252,45.401216
17.672431,45.396865
17.67081,45.398347
17.670184,45.399315
17.669987,45.398951
17.662359,45.409015
17.662215,45.410887
17.66973,45.400603
17.665181,45.403563
17.66541,45.403751
17.65673,45.402023
17.650818,45.400768
17.659139,45.401398
17.658831,45.401352
17.654556,45.400807
17.655944,45.401001
17.65348,45.418525
17.651433,45.420775
17.649604,45.422824
17.65102,45.420758
17.650044,45.421623
17.64666,45.42544
17.645639,45.426622
17.665577,45.403807
17.657026,45.40227
17.54843,45.35552
17.546945,45.353694
17.654636,45.417304
17.655424,45.415658
17.654949,45.416351
17.654579,45.416771
17.651473,45.420682
17.653659,45.417714
17.648117,45.424422
17.651281,45.42051
17.645896,45.426738
17.648536,45.423042
17.648321,45.423753
17.647333,45.424818
17.554762,45.353392
17.552036,45.355083
17.550543,45.355878
17.549267,45.356145
17.549284,45.355428
17.55118,45.355241
17.547746,45.354565
17.54751,45.354245
17.548129,45.356899
17.547973,45.356998
17.552729,45.352276
17.552652,45.354783
17.548823,45.356188
17.549384,45.356504
17.516904,45.425737
17.552064,45.354659
17.551842,45.354847
17.550362,45.355709
17.549187,45.356003
17.54644,45.358324
17.508824,45.425138
17.552954,45.352201
17.551206,45.355114
17.549384,45.35561
17.548253,45.354729
17.551007,45.355308
17.549843,45.355968
17.509092,45.424261
17.516823,45.427548
17.551876,45.35268
17.552145,45.354139
17.551628,45.35498
17.547613,45.353859
17.547602,45.37167
17.551437,45.373271
17.548865,45.373822
17.552565,45.354985
17.550909,45.355664
17.550518,45.355593
17.550418,45.355956
17.550133,45.355824
17.548442,45.356689
17.549476,45.373275
17.552151,45.355026
17.551554,45.355065
17.550251,45.355704
17.548493,45.355375
17.548955,45.356381
17.548716,45.37413
17.553506,45.350914
17.548515,45.354987
17.54821,45.355096
17.547051,45.353821
17.547078,45.357549
17.550721,45.356158
17.548943,45.355471
17.5481,45.354901
17.547673,45.358325
17.507786,45.425283
17.509216,45.424512
17.552324,45.354528
17.550928,45.355344
17.55079,45.355423
17.550674,45.355476
17.549169,45.373582
17.555064,45.353213
17.551546,45.373002
17.553327,45.352369
17.5534,45.354409
17.548319,45.354832
17.547651,45.35439
17.547569,45.358245
17.546252,45.358033
17.519448,45.427565
17.548936,45.373615
17.550003,45.373626
17.548703,45.373499
17.549025,45.374494
17.550802,45.373462
17.549298,45.374882
17.549113,45.372652
17.548898,45.374338
17.54998,45.375115
17.548255,45.372665
17.550306,45.3736
17.549599,45.373658
17.523027,45.41514
17.74916,45.329472
17.748462,45.329477
17.748926,45.329502
17.634399,45.436849
17.832397,45.341284
17.565761,45.389935
17.596027,45.453246
17.596649,45.454721
17.755718,45.326007
17.656275,45.415479
17.584862,45.393682
17.620014,45.446247
17.656651,45.402146
17.614304,45.441429
17.665196,45.400981
17.597397,45.456936
17.604419,45.448166
17.605017,45.433625
17.605365,45.433682
17.627641,45.444848
17.520053,45.370914
17.568354,45.472143
17.835011,45.325576
17.568427,45.471771
17.519224,45.372042
17.835948,45.326183
17.835415,45.348573
17.541159,45.336826
17.460983,45.381568
17.540334,45.340217
17.540453,45.357949
17.606863,45.447575
17.508285,45.454039
17.622047,45.438037
17.557914,45.410527
17.48621,45.351695
17.520314,45.342553
17.60614,45.437345
17.57083,45.474365
17.836,45.354486
17.632915,45.440081
17.60561,45.440115
17.834532,45.32547
17.525076,45.341611
17.485881,45.352169
17.542888,45.36031
17.626349,45.439895
17.526228,45.408011
17.608124,45.437161
17.536061,45.339169
17.608756,45.44159
17.626634,45.438966
17.539912,45.33737
17.603892,45.440266
17.608728,45.447096
17.533217,45.336683
17.526315,45.407124
17.541059,45.335037
17.607239,45.433364
17.546848,45.35771
17.609489,45.439132
17.608906,45.44522
17.536459,45.339185
17.507522,45.454137
17.652836,45.400345
17.830624,45.322944
17.516208,45.466701
17.607356,45.436758
17.608926,45.440868
17.519356,45.370845
17.610982,45.43589
17.482368,45.356014
17.570621,45.474287
17.836275,45.326093
17.609202,45.439363
17.517576,45.373466
17.558661,45.408685
17.835574,45.352611
17.629306,45.442372
17.612257,45.442506
17.835465,45.348709
17.55809,45.40898
17.571648,45.475443
17.519803,45.342464
17.648901,45.423018
17.626788,45.443736
17.478049,45.361209
17.628137,45.440076
17.611562,45.441271
17.609624,45.436358
17.611331,45.439571
17.631126,45.439801
17.608917,45.440009
17.516913,45.373979
17.610123,45.438827
17.561134,45.413705
17.60819,45.447162
17.528048,45.406521
17.512426,45.467985
17.461286,45.380729
17.51536,45.376784
17.624407,45.444379
17.476159,45.36319
17.607165,45.442168
17.524701,45.346631
17.480245,45.358173
17.631788,45.439878
17.623222,45.438597
17.515325,45.467665
17.842851,45.350119
17.540567,45.360914
17.525427,45.407149
17.834756,45.350463
17.621418,45.438179
17.605914,45.448401
17.568391,45.472675
17.615339,45.439457
17.632742,45.440326
17.518109,45.37296
17.521831,45.34237
17.558262,45.407724
17.608632,45.438862
17.619743,45.437782
17.61249,45.44069
17.835466,45.350571
17.834452,45.326346
17.543925,45.361198
17.476453,45.362648
17.568794,45.47145
17.539926,45.336724
17.608789,45.442461
17.833493,45.323979
17.606488,45.436308
17.609873,45.435878
17.625433,45.439012
17.520674,45.370209
17.534666,45.33901
17.542375,45.35944
17.624077,45.438511
17.541111,45.337213
17.507746,45.453033
17.531734,45.339195
17.568446,45.47103
17.608344,45.446958
17.461469,45.380463
17.60699,45.434735
17.507214,45.452644
17.539848,45.339338
17.628124,45.439256
17.60895,45.439782
17.611002,45.438587
17.461447,45.381445
17.621885,45.438305
17.649036,45.423461
17.509011,45.453773
17.544098,45.361454
17.525583,45.34153
17.480897,45.357286
17.609862,45.435761
17.519873,45.342208
17.634529,45.437256
17.624988,45.438923
17.607093,45.434289
17.609282,45.440482
17.611367,45.439726
17.834749,45.355371
17.834852,45.326278
17.608485,45.44139
17.557833,45.411458
17.518643,45.371749
17.604907,45.447707
17.632721,45.440068
17.612967,45.441435
17.622929,45.444548
17.518533,45.373032
17.519779,45.341684
17.479163,45.359355
17.84411,45.353347
17.832735,45.323743
17.57056,45.474561
17.568825,45.472673
17.542028,45.360229
17.623756,45.438725
17.543919,45.359804
17.608689,45.442057
17.626792,45.439644
17.484071,45.354613
17.609595,45.438765
17.514141,45.372509
17.608455,45.446543
17.52553,45.34599
17.604185,45.448263
17.533971,45.339227
17.527144,45.406755
17.608896,45.438295
17.634063,45.437255
17.835786,45.325981
17.612059,45.440396
17.65476,45.416589
17.843412,45.351175
17.628307,45.443971
17.543724,45.360594
17.541682,45.359082
17.610881,45.435021
17.525847,45.341449
17.568582,45.473215
17.521096,45.342826
17.516326,45.37654
17.622142,45.438331
17.539941,45.336813
17.515304,45.373037
17.620661,45.437832
17.527675,45.407938
17.654648,45.401243
17.606031,45.436467
17.607382,45.449677
17.544228,45.359325
17.534326,45.338896
17.517451,45.374424
17.514824,45.377494
17.612014,45.440861
17.528122,45.407244
17.476972,45.362678
17.606284,45.436535
17.627193,45.439283
17.834423,45.325044
17.626292,45.444957
17.610854,45.436934
17.609268,45.436954
17.541145,45.336921
17.571465,45.474681
17.606648,45.442503
17.482068,45.35627
17.524507,45.341396
17.544907,45.361804
17.62449,45.438802
17.835571,45.351876
17.608322,45.439235
17.517059,45.374349
17.572072,45.475612
17.613833,45.440034
17.541647,45.33568
17.539874,45.337694
17.518318,45.467895
17.484821,45.353687
17.608671,45.440375
17.615147,45.44033
17.543098,45.35992
17.626316,45.439155
17.628116,45.440238
17.609195,45.437949
17.607272,45.436058
17.520304,45.369263
17.834578,45.326227
17.480149,45.358631
17.541668,45.360756
17.534461,45.336033
17.525889,45.407009
17.621234,45.438706
17.607673,45.448555
17.540257,45.340055
17.627254,45.443044
17.507996,45.453519
17.836257,45.349919
17.708931,45.354059
17.607321,45.449849
17.647461,45.425157
17.483364,45.355049
17.477094,45.361835
17.515787,45.376615
17.523738,45.344291
17.606543,45.43994
17.607104,45.441874
17.634275,45.437028
17.836397,45.326106
17.525141,45.346625
17.527841,45.406691
17.61127,45.43754
17.517505,45.373768
17.618278,45.438218
17.60834,45.437611
17.462162,45.380767
17.458611,45.382297
17.568427,45.471571
17.558714,45.408352
17.609289,45.444229
17.627077,45.439
17.608894,45.441092
17.607933,45.437042
17.54084,45.335516
17.622433,45.438186
17.836005,45.354986
17.520203,45.368946
17.540092,45.357722
17.607465,45.449338
17.568417,45.471962
17.542583,45.360118
17.624084,45.438729
17.4607,45.381597
17.606056,45.437499
17.53888,45.33916
17.520893,45.342087
17.507851,45.454236
17.621629,45.438222
17.60534,45.440139
17.52701,45.40774
17.533527,45.338924
17.486318,45.352135
17.544587,45.361526
17.606182,45.433778
17.836104,45.353008
17.83451,45.325307
17.628388,45.439553
17.540864,45.33807
17.479494,45.359488
17.525759,45.408072
17.543372,45.35979
17.626617,45.439204
17.464017,45.381671
17.609692,45.436949
17.571154,45.474864
17.526849,45.406956
17.507459,45.454616
17.516222,45.375899
17.633866,45.437416
17.611829,45.44247
17.608884,45.445489
17.540854,45.337942
17.477668,45.361557
17.607173,45.436681
17.517494,45.465692
17.546528,45.357881
17.629206,45.439453
17.609321,45.439235
17.53635,45.339191
17.610532,45.435221
17.611944,45.441091
17.611725,45.43833
17.835727,45.327041
17.570341,45.474173
17.483119,45.355862
17.606875,45.436876
17.519569,45.342432
17.519637,45.370873
17.621748,45.438238
17.55813,45.409364
17.836076,45.354691
17.570468,45.471516
17.633165,45.440018
17.517737,45.373464
17.835884,45.349233
17.607731,45.437293
17.525433,45.341726
17.486023,45.351952
17.520557,45.342603
17.628526,45.444156
17.48247,45.356224
17.626434,45.439647
17.521052,45.369126
17.607583,45.436892
17.609977,45.438721
17.610698,45.439046
17.627379,45.439342
17.570291,45.47446
17.608885,45.440112
17.561561,45.412298
17.518429,45.372326
17.527976,45.40688
17.612847,45.440118
17.610354,45.438212
17.52444,45.407481
17.514124,45.467507
17.515538,45.37322
17.476225,45.36371
17.525078,45.346114
17.611191,45.439457
17.609531,45.436462
17.515599,45.376875
17.624122,45.444284
17.480387,45.358458
17.524277,45.341455
17.834968,45.326013
17.541344,45.360852
17.622961,45.438574
17.568806,45.471224
17.542191,45.359657
17.61508,45.439732
17.541929,45.359378
17.605131,45.448078
17.60872,45.438744
17.621094,45.439165
17.836518,45.350135
17.607797,45.447775
17.541608,45.335077
17.459143,45.381872
17.521334,45.342441
17.522978,45.342148
17.632247,45.439986
17.484351,45.354392
17.612601,45.440835
17.6257,45.439048
17.606912,45.43517
17.60888,45.439899
17.544229,45.359128
17.609777,45.436074
17.609067,45.44246
17.52757,45.407195
17.516071,45.37686
17.516666,45.373653
17.54418,45.36104
17.540963,45.337509
17.625219,45.438969
17.461583,45.379974
17.607079,45.4509
17.524784,45.346547
17.53491,45.339038
17.50709,45.452959
17.51539,45.376909
17.524341,45.406857
17.476739,45.36295
17.627748,45.439406
17.543794,45.361015
17.570104,45.474387
17.835955,45.325831
17.54039,45.336035
17.569815,45.474317
17.523687,45.342002
17.544427,45.359514
17.484636,45.353838
17.608958,45.43769
17.60957,45.437805
17.836254,45.326285
17.630121,45.439616
17.625356,45.444831
17.519464,45.371097
17.482425,45.35653
17.568781,45.472464
17.63301,45.440359
17.605363,45.442452
17.523877,45.406825
17.607311,45.447399
17.541272,45.360453
17.832565,45.323768
17.540666,45.334366
17.558043,45.408594
17.462054,45.380849
17.630879,45.442664
17.543317,45.360253
17.608656,45.446164
17.607243,45.435936
17.517409,45.374881
17.534154,45.339271
17.549749,45.356041
17.480069,45.358781
17.608707,45.441792
17.610205,45.439123
17.628553,45.439338
17.518052,45.467934
17.526162,45.406973
17.620024,45.43883
17.608499,45.439097
17.517869,45.373177
17.568478,45.473032
17.533046,45.337698
17.613116,45.439787
17.520473,45.369153
17.458979,45.382646
17.523354,45.344712
17.557728,45.412614
17.607416,45.447369
17.508022,45.453297
17.834875,45.324986
17.477149,45.362399
17.626782,45.444885
17.605734,45.433713
17.539755,45.338997
17.54442,45.36175
17.568778,45.471903
17.622572,45.438434
17.60878,45.438618
17.843192,45.350769
17.608969,45.439612
17.609501,45.436618
17.519735,45.371382
17.611409,45.437473
17.83534,45.349554
17.624815,45.438896
17.540422,45.336124
17.571188,45.47454
17.525884,45.407344
17.558391,45.412551
17.519412,45.341558
17.460855,45.381225
17.525719,45.407022
17.522421,45.34193
17.607564,45.449
17.509983,45.454394
17.631607,45.440196
17.607568,45.439601
17.834527,45.325926
17.607107,45.434065
17.569158,45.47446
17.543777,45.35948
17.54437,45.3613
17.606418,45.441573
17.609022,45.440555
17.627407,45.439085
17.518566,45.372013
17.513021,45.372484
17.834901,45.326651
17.541323,45.336057
17.539826,45.337866
17.518474,45.373104
17.515662,45.46765
17.533213,45.338235
17.618411,45.438088
17.629064,45.442727
17.609126,45.439483
17.612408,45.441503
17.45991,45.382021
17.836568,45.349992
17.834736,45.327017
17.843979,45.353185
17.5421,45.36059
17.834381,45.323336
17.627737,45.443889
17.52007,45.370444
17.483935,45.35443
17.558606,45.40794
17.540911,45.337713
17.609401,45.438045
17.535269,45.338978
17.62332,45.438642
17.608665,45.442144
17.572017,45.47541
17.507083,45.453978
17.608537,45.446382
17.541321,45.336647
17.649505,45.42308
17.623122,45.438314
17.606407,45.439971
17.508394,45.453445
17.527457,45.407008
17.608743,45.438006
17.839787,45.352129
17.65609,45.415655
17.515937,45.37628
17.522841,45.341806
17.628116,45.439468
17.525368,45.346209
17.486407,45.351469
17.610003,45.435468
17.48179,45.35645
17.61201,45.440145
17.835926,45.327013
17.834362,45.325207
17.607003,45.434581
17.541077,45.339736
17.557891,45.41084
17.461217,45.381078
17.61355,45.440923
17.6333,45.440634
17.609746,45.438751
17.523257,45.342043
17.833911,45.323768
17.835008,45.325311
17.544583,45.361884
17.624238,45.438761
17.653694,45.400951
17.608882,45.441233
17.463678,45.381038
17.540672,45.338198
17.607519,45.449216
17.604555,45.440118
17.608686,45.44591
17.526847,45.40805
17.541301,45.336303
17.460391,45.381444
17.524414,45.341753
17.534619,45.3393
17.607211,45.433716
17.831053,45.323055
17.607152,45.449497
17.609251,45.444492
17.543689,45.359922
17.4784,45.360725
17.608642,45.44058
17.634204,45.437126
17.609869,45.436666
17.482578,45.355753
17.525587,45.345558
17.517161,45.374831
17.571431,45.47511
17.526604,45.407186
17.568691,45.473364
17.611819,45.439757
17.518146,45.373474
17.518389,45.468153
17.526517,45.406916
17.63252,45.440006
17.507518,45.454228
17.633804,45.437523
17.611754,45.441773
17.835038,45.326956
17.836181,45.349316
17.516454,45.376375
17.480467,45.357899
17.614506,45.439975
17.518677,45.372926
17.630324,45.439639
17.631422,45.440163
17.610394,45.438748
17.525187,45.407163
17.619268,45.437895
17.605912,45.438204
17.571921,45.475207
17.484443,45.35402
17.612478,45.440113
17.624673,45.444462
17.479917,45.358576
17.514982,45.467621
17.834538,45.32648
17.611208,45.439351
17.484134,45.354262
17.608748,45.442271
17.834678,45.324684
17.542169,45.359183
17.604754,45.448159
17.568437,45.472864
17.544063,45.360921
17.834537,45.326659
17.627778,45.439137
17.461752,45.381072
17.54023,45.336352
17.608866,45.438444
17.62469,45.438572
17.568443,45.471222
17.459566,45.38174
17.521157,45.369881
17.541625,45.334229
17.568446,45.470735
17.836665,45.350317
17.83304,45.323853
17.607435,45.447781
17.60859,45.43897
17.459167,45.382457
17.608205,45.448006
17.843065,45.350582
17.522334,45.342341
17.630265,45.44233
17.606925,45.434977
17.608179,45.439409
17.536555,45.339471
17.518752,45.372461
17.517267,45.374639
17.525378,45.341207
17.534165,45.336133
17.484965,45.353325
17.461148,45.381441
17.619657,45.438754
17.60859,45.439842
17.834856,45.325666
17.633484,45.437802
17.509024,45.454238
17.516194,45.46769
17.609313,45.438018
17.53942,45.357594
17.520431,45.36919
17.540921,45.33477
17.621106,45.437909
17.607675,45.448724
17.609029,45.440664
17.541146,45.338475
17.541976,45.360618
17.608177,45.4376
17.625474,45.438752
17.620985,45.438106
17.834463,45.350216
17.507756,45.453799
17.842797,45.349923
17.515583,45.376444
17.541125,45.340227
17.539947,45.336606
17.652338,45.419733
17.524706,45.347263
17.52102,45.342483
17.612055,45.44189
17.609023,45.439544
17.520508,45.370466
17.834702,45.32684
17.48345,45.354952
17.477547,45.361758
17.60732,45.436362
17.462464,45.380546
17.558136,45.408005
17.535081,45.339039
17.527394,45.406821
17.62114,45.438967
17.54228,45.36047
17.543955,45.359471
17.479669,45.359234
17.608833,45.437626
17.608882,45.440165
17.518847,45.372295
17.625671,45.438785
17.609681,45.439016
17.836002,45.35006
17.520931,45.369492
17.540834,45.360727
17.568409,45.472307
17.532759,45.338935
17.527485,45.407546
17.612277,45.441311
17.535517,45.339116
17.522549,45.343882
17.558586,45.408995
17.608486,45.447419
17.65437,45.417625
17.843733,45.352779
17.632701,45.438563
17.507951,45.453198
17.541571,45.335547
17.539874,45.337042
17.548141,45.356702
17.608725,45.441929
17.541887,45.359279
17.543409,45.360659
17.623608,45.438434
17.625849,45.439047
17.518253,45.372632
17.613252,45.439986
17.573262,45.474297
17.655766,45.403268
17.656103,45.402931
17.655923,45.403172
17.844372,45.354067
17.606489,45.443618
17.503507,45.399383
17.496251,45.412019
17.748673,45.329509
17.752951,45.328651
17.753465,45.328576
17.754882,45.327679
17.478819,45.388026
17.560913,45.413108
17.527211,45.407079
17.500464,45.414724
17.543351,45.359637
17.529266,45.397599
17.527689,45.391223
17.518863,45.371615
17.592908,45.416757
17.608322,45.448607
17.620386,45.438101
17.622302,45.439148
17.627478,45.439358
17.629693,45.439467
17.63199,45.439903
17.634101,45.437645
17.635214,45.446761
17.635839,45.445637
17.635901,45.440664
17.645409,45.44661
17.647645,45.441596
17.647875,45.441587
17.648038,45.440319
17.651609,45.440443
17.651077,45.448574
17.652063,45.444719
17.653132,45.44497
17.652643,45.445722
17.605535,45.446597
17.612405,45.441109
17.613694,45.441346
17.616712,45.441186
17.60736,45.432943
17.609736,45.435554
17.611713,45.439161
17.65432,45.401122
17.656914,45.402426
17.662319,45.408722
17.662726,45.40815
17.661369,45.401107
17.655982,45.400105
17.656597,45.400084
17.661585,45.401717
17.668426,45.400848
17.668167,45.401314
17.617222,45.448906
17.616163,45.448316
17.618722,45.445859
17.621104,45.446268
17.649519,45.422291
17.64685,45.425262
17.651938,45.419693
17.652267,45.419324
17.655157,45.41599
17.655815,45.415138
17.834547,45.325796
17.683685,45.4979
17.499228,45.343774
17.5233,45.34439
17.534941,45.339357
17.536761,45.339996
17.54133,45.336438
17.540885,45.337839
17.516143,45.541716
17.516531,45.543013
17.50488,45.47073
17.508709,45.47211
17.527097,45.412888
17.528027,45.413411
17.566898,45.387687
17.548811,45.356494
17.548382,45.355208
17.554193,45.353663
17.528758,45.361473
17.530226,45.362747
17.530676,45.362915
17.531647,45.362277
17.53191,45.362782
17.536775,45.364028
17.534832,45.487838
17.606465,45.4335
17.751768,45.325844
17.652944,45.452027
17.630933,45.4397
17.663834,45.40677
17.657295,45.401663
17.655448,45.416397
17.672119,45.403037
17.547846,45.354659
17.58045,45.451284
17.583112,45.448916
17.531288,45.364163
17.605003,45.440025
17.579216,45.40919
17.635018,45.44601
17.551881,45.355259
17.822243,45.33052
17.607402,45.434537
17.558435,45.413482
17.619346,45.445903
17.606701,45.437468
17.566141,45.388948
17.53056,45.366282
17.628203,45.443218
17.622919,45.439094
17.671554,45.397638
17.538334,45.338972
17.513683,45.341791
17.51328,45.341734
17.513096,45.34181
17.512586,45.341881
17.512445,45.341912
17.512047,45.341999
17.507791,45.341363
17.647382,45.44605
17.646925,45.425114
17.612391,45.439839
17.517656,45.341915
17.672265,45.396948
17.65682,45.43815
17.606023,45.437987
17.531445,45.362875
17.620602,45.446424
17.650017,45.450313
17.750287,45.328085
17.651955,45.450501
17.621589,45.437938
17.592864,45.415062
17.665405,45.403981
17.748079,45.328018
17.650026,45.445015
17.646028,45.426604
17.627057,45.444866
17.541197,45.361014
17.647474,45.447978
17.650693,45.442927
17.750144,45.326918
17.653547,45.401842
17.540816,45.339214
17.626396,45.445379
17.538444,45.357441
17.536838,45.339139
17.540623,45.336772
17.580881,45.408371
17.606057,45.451749
17.613,45.439654
17.612785,45.439931
17.625499,45.444978
17.648554,45.42348
17.827757,45.343204
17.827856,45.343463
17.609406,45.408188
17.604996,45.442118
17.516179,45.545861
17.60598,45.436109
17.585449,45.38981
17.522088,45.342354
17.523072,45.341779
17.640179,45.439549
17.664703,45.403664
17.664838,45.40355
17.58482,45.395183
17.656677,45.414254
17.751712,45.329518
17.59325,45.418292
17.593241,45.418403
17.508606,45.343533
17.666792,45.405308
17.84421,45.353617
17.834385,45.323413
17.834502,45.323533
17.648085,45.441596
17.531449,45.366103
17.651874,45.449723
17.623948,45.444604
17.582476,45.451101
17.549945,45.356226
17.550167,45.356143
17.604861,45.435909
17.649734,45.44466
17.656457,45.401511
17.647631,45.398996
17.563391,45.394192
17.528803,45.362983
17.606943,45.451238
17.834237,45.341095
17.74812,45.327649
17.756116,45.329131
17.756295,45.328912
17.75633,45.328679
17.663719,45.406902
17.558711,45.394059
17.558934,45.394074
17.516371,45.547626
17.520344,45.34222
17.540848,45.358492
17.507934,45.388779
17.593714,45.411549
17.590085,45.354101
17.590051,45.355557
17.750188,45.327639
17.758233,45.333706
17.538716,45.357532
17.755744,45.328005
17.64643,45.450939
17.517034,45.375445
17.507932,45.341784
17.543418,45.360086
17.639625,45.429896
17.613492,45.446558
17.521346,45.369558
17.665143,45.405424
17.665253,45.405489
17.634777,45.447002
17.653311,45.418669
17.666749,45.402038
17.492178,45.414054
17.548078,45.354014
17.662715,45.407639
17.651126,45.400585
17.669014,45.400122
17.669328,45.400198
17.590231,45.353332
17.590187,45.353099
17.590303,45.353572
17.59029,45.353824
17.588758,45.356185
17.589153,45.355996
17.589803,45.355796
17.590142,45.355434
17.59147,45.353117
17.588898,45.352513
17.586512,45.352724
17.585641,45.353
17.585457,45.353232
17.587193,45.352764
17.590024,45.35258
17.590125,45.352864
17.590313,45.353908
17.590596,45.353863
17.590221,45.354479
17.590108,45.354742
17.590095,45.354872
17.590325,45.354926
17.590522,45.354638
17.590612,45.354222
17.590817,45.354186
17.590877,45.354072
17.591158,45.353864
17.591363,45.353561
17.591245,45.353217
17.590613,45.352972
17.590802,45.352964
17.591061,45.352828
17.591241,45.352947
17.590465,45.352701
17.590404,45.352575
17.590376,45.352414
17.590357,45.352285
17.589938,45.352186
17.590072,45.352044
17.590041,45.351935
17.590054,45.351821
17.590094,45.351666
17.590107,45.351553
17.59011,45.351454
17.59045,45.35178
17.590366,45.352007
17.590367,45.351931
17.590404,45.351525
17.590434,45.35164
17.590491,45.35136
17.59007,45.350982
17.589993,45.351158
17.590479,45.351148
17.590118,45.351325
17.589747,45.349997
17.590051,45.350277
17.59106,45.350074
17.58851,45.349855
17.589834,45.350435
17.589899,45.349823
17.590578,45.350579
17.590062,45.350377
17.590616,45.350683
17.589575,45.350104
17.589589,45.349986
17.589847,45.350511
17.590092,45.35049
17.5911,45.350197
17.589911,45.350703
17.590023,45.350845
17.590731,45.350477
17.591382,45.348832
17.59341,45.349749
17.593256,45.350062
17.590042,45.351236
17.589789,45.350308
17.584256,45.353205
17.573261,45.354934
17.577481,45.356114
17.576964,45.354668
17.573922,45.354734
17.574035,45.354302
17.573173,45.354391
17.576246,45.354872
17.579399,45.353268
17.574867,45.355561
17.576112,45.355135
17.577213,45.354359
17.575227,45.356314
17.575096,45.354217
17.575246,45.356391
17.577216,45.355779
17.57686,45.354759
17.57675,45.355222
17.576339,45.355422
17.572931,45.354747
17.57338,45.354326
17.572944,45.354607
17.578112,45.354401
17.575616,45.354814
17.576892,45.355449
17.578885,45.353359
17.574716,45.354563
17.575189,45.354888
17.577681,45.354013
17.578732,45.353929
17.57918,45.353324
17.576056,45.355032
17.573556,45.354277
17.573688,45.354742
17.575691,45.356195
17.575393,45.355175
17.575752,45.355475
17.573396,45.354711
17.577742,45.355911
17.577231,45.355246
17.574884,45.355738
17.576676,45.355147
17.575866,45.355772
17.574101,45.354697
17.576423,45.355936
17.579449,45.353528
17.574784,45.355947
17.575741,45.356491
17.578503,45.354089
17.572493,45.355293
17.570636,45.356194
17.572255,45.355262
17.570924,45.356065
17.576633,45.341411
17.567036,45.347357
17.578379,45.341314
17.570929,45.345371
17.569826,45.344653
17.569447,45.345881
17.569787,45.345544
17.569834,45.344434
17.568173,45.347311
17.567731,45.347098
17.567373,45.347243
17.56645,45.348049
17.567501,45.347618
17.568938,45.349236
17.566804,45.347426
17.568988,45.349358
17.564442,45.348305
17.568295,45.346856
17.564187,45.348434
17.565731,45.348229
17.564841,45.348081
17.565935,45.348084
17.571811,45.344906
17.566663,45.347865
17.56008,45.349344
17.56397,45.347952
17.569259,45.344988
17.609339,45.327899
17.60881,45.327755
17.610169,45.32828
17.610529,45.330197
17.610115,45.330233
17.610417,45.327875
17.609501,45.325837
17.610445,45.329789
17.610013,45.327774
17.609805,45.326627
17.609483,45.325612
17.609308,45.324808
17.610763,45.329368
17.610189,45.32661
17.609451,45.32549
17.610167,45.327885
17.61007,45.326479
17.609845,45.327067
17.609545,45.325745
17.609682,45.324815
17.609088,45.32413
17.611323,45.329489
17.610634,45.328865
17.609764,45.329854
17.609512,45.329971
17.609998,45.327442
17.609678,45.326453
17.609673,45.324588
17.612792,45.32871
17.613695,45.328427
17.61341,45.32859
17.613157,45.328684
17.610123,45.32803
17.609249,45.324277
17.612405,45.327585
17.611771,45.329412
17.611547,45.330017
17.610644,45.328315
17.609273,45.329884
17.610006,45.326249
17.609426,45.325352
17.609324,45.324672
17.611631,45.327716
17.610164,45.329803
17.610652,45.328453
17.610204,45.327146
17.609695,45.324245
17.611647,45.329095
17.610485,45.33001
17.609976,45.327298
17.609801,45.326726
17.610264,45.327325
17.610299,45.32886
17.610245,45.326752
17.609498,45.326017
17.609711,45.324915
17.610425,45.329311
17.610423,45.327656
17.613923,45.328459
17.610667,45.328802
17.610197,45.326917
17.609647,45.324399
17.609674,45.323895
17.610187,45.327077
17.61001,45.327874
17.609232,45.325152
17.609069,45.323999
17.612494,45.329362
17.610765,45.329028
17.610087,45.326372
17.61352,45.327723
17.610669,45.328167
17.610023,45.327547
17.610024,45.326124
17.609688,45.323344
17.609236,45.323853
17.612591,45.328812
17.610922,45.330633
17.61053,45.328074
17.610228,45.328445
17.611887,45.327659
17.609698,45.325004
17.609697,45.323542
17.613411,45.327013
17.611913,45.327387
17.609678,45.32412
17.612862,45.327461
17.6116,45.32946
17.61149,45.32908
17.609962,45.32995
17.613148,45.327139
17.609652,45.326378
17.609288,45.325277
17.609758,45.32465
17.612291,45.329382
17.612829,45.32916
17.611255,45.327521
17.612541,45.327932
17.623559,45.323766
17.622173,45.324977
17.633131,45.325159
17.631771,45.326408
17.632044,45.326978
17.623758,45.32726
17.626311,45.326717
17.622088,45.325662
17.624065,45.325568
17.623857,45.325036
17.630879,45.327214
17.625575,45.32722
17.625097,45.326619
17.623285,45.325676
17.63322,45.324869
17.633128,45.324286
17.623191,45.324874
17.632439,45.326286
17.631558,45.327057
17.630475,45.327309
17.627617,45.326897
17.624967,45.326603
17.630268,45.327384
17.631581,45.326461
17.633155,45.325035
17.633271,45.324692
17.631321,45.326507
17.629697,45.326834
17.629732,45.327438
17.628665,45.327256
17.622619,45.324357
17.633071,45.326124
17.633068,45.325451
17.628747,45.326071
17.629829,45.327465
17.622035,45.326281
17.633381,45.324228
17.633046,45.325573
17.627172,45.326808
17.625373,45.326479
17.623103,45.326048
17.62334,45.327591
17.633253,45.323667
17.632162,45.326346
17.632656,45.326283
17.625756,45.327236
17.625394,45.327191
17.625586,45.326502
17.629452,45.327143
17.623078,45.326537
17.62303,45.325814
17.633317,45.324083
17.633269,45.323823
17.630986,45.326613
17.630479,45.326712
17.62418,45.327343
17.627824,45.326884
17.625982,45.326689
17.625771,45.326654
17.623648,45.326516
17.623034,45.325728
17.622813,45.325125
17.628757,45.326542
17.628177,45.326445
17.628957,45.326374
17.624845,45.325585
17.631151,45.326572
17.629384,45.327515
17.624967,45.327317
17.623041,45.326638
17.623412,45.326209
17.633097,45.325292
17.628468,45.325858
17.631944,45.326394
17.63065,45.326723
17.629239,45.327514
17.623469,45.3263
17.621392,45.324366
17.633308,45.323946
17.628541,45.326963
17.627502,45.325638
17.627007,45.326043
17.632723,45.326846
17.629916,45.326813
17.623102,45.327451
17.6244,45.326674
17.633237,45.324493
17.63327,45.323548
17.628773,45.326711
17.628701,45.326295
17.632506,45.326882
17.626609,45.326566
17.627748,45.32573
17.632172,45.326955
17.631714,45.327043
17.631223,45.327135
17.631057,45.327167
17.630695,45.327233
17.624172,45.326662
17.623187,45.326405
17.624145,45.325039
17.625354,45.325251
17.630016,45.327381
17.62522,45.327164
17.622605,45.324058
17.62865,45.325911
17.630297,45.326772
17.630163,45.326884
17.629522,45.326868
17.627452,45.326795
17.622822,45.327573
17.621688,45.324136
17.620598,45.320126
17.623484,45.326028
17.622847,45.32484
17.624406,45.325137
17.621803,45.323904
17.546989,45.41894
17.65199,45.450392
17.641054,45.446565
17.899609,45.340443
17.89906,45.339384
17.898875,45.339145
17.89935,45.340198
17.895154,45.339579
17.899687,45.340529
17.89475,45.339552
17.895911,45.339515
17.896148,45.339483
17.896367,45.339427
17.898504,45.3393
17.897963,45.339084
17.895425,45.339342
17.897022,45.339347
17.899039,45.339805
17.899159,45.339053
17.899409,45.339801
17.894538,45.339539
17.896687,45.339158
17.897363,45.33912
17.89587,45.339255
17.896844,45.339375
17.898862,45.339676
17.899026,45.339157
17.895433,45.339565
17.899244,45.339622
17.895115,45.339351
17.896554,45.33943
17.896881,45.339092
17.895572,45.339292
17.898977,45.339742
17.899562,45.339996
17.894806,45.339354
17.89619,45.339233
17.897397,45.340143
17.899148,45.340069
17.896327,45.33911
17.898822,45.339525
17.898226,45.338945
17.868973,45.347819
17.869219,45.347785
17.877424,45.346875
17.8772,45.34506
17.877049,45.348251
17.877557,45.349024
17.868719,45.351038
17.869338,45.348866
17.869464,45.347336
17.877475,45.34657
17.868185,45.351477
17.86888,45.349233
17.877264,45.344824
17.877419,45.347876
17.877218,45.351941
17.868254,45.349671
17.869532,45.348321
17.876785,45.343152
17.87691,45.346178
17.877597,45.349093
17.868819,45.351275
17.869115,45.349612
17.869471,45.34845
17.870509,45.344669
17.877221,45.344542
17.877355,45.345739
17.868817,45.350907
17.868269,45.351343
17.868669,45.349781
17.869404,45.348747
17.870044,45.34665
17.876663,45.342901
17.876563,45.343909
17.87646,45.344494
17.877293,45.344164
17.877765,45.346483
17.877526,45.348886
17.877015,45.347178
17.877007,45.34771
17.877064,45.348496
17.877478,45.349545
17.869959,45.3473
17.877141,45.343298
17.877315,45.346115
17.877361,45.347302
17.869247,45.349314
17.868424,45.350854
17.868927,45.349043
17.870097,45.346008
17.870197,45.343804
17.87027,45.343607
17.87653,45.344394
17.876948,45.346606
17.876972,45.34694
17.877004,45.348091
17.877531,45.348543
17.868582,45.349924
17.868821,45.349111
17.869619,45.347913
17.870151,45.346357
17.876478,45.344245
17.877233,45.344037
17.877425,45.347583
17.877074,45.348643
17.877436,45.348151
17.877206,45.348976
17.877466,45.35016
17.868981,45.349804
17.877182,45.3437
17.87712,45.343753
17.868577,45.351995
17.869938,45.347681
17.869004,45.348383
17.870547,45.344519
17.877227,45.343871
17.877385,45.347172
17.877572,45.348662
17.877657,45.351448
17.868583,45.352177
17.868283,45.351206
17.869346,45.349162
17.876896,45.345994
17.876925,45.346811
17.877401,45.347506
17.877457,45.347712
17.877135,45.348766
17.877098,45.349401
17.868874,45.350351
17.877214,45.343072
17.877104,45.349552
17.869228,45.34945
17.868459,45.350359
17.868426,45.350549
17.869651,45.346801
17.876556,45.34407
17.869033,45.348677
17.877141,45.343514
17.876686,45.344885
17.877293,45.346348
17.877514,45.348751
17.877498,45.349295
17.869062,45.348096
17.875728,45.34224
17.744327,45.354285
17.745046,45.355331
17.745203,45.355796
17.744848,45.355944
17.744205,45.355182
17.744721,45.355854
17.745122,45.355674
17.744383,45.354428
17.745279,45.355937
17.743844,45.354333
17.745442,45.356112
17.744177,45.353947
17.744156,45.354815
17.744619,45.355555
17.743719,45.353828
17.743569,45.353508
17.744147,45.353813
17.745062,45.356358
17.74473,45.354896
17.744261,45.354169
17.744821,45.356578
17.745816,45.355994
17.744975,45.356118
17.744269,45.354061
17.655653,45.439971
17.604795,45.442103
17.650101,45.422253
17.650429,45.421958
17.665138,45.403809
17.662912,45.407492
17.649529,45.444175
17.612402,45.43846
17.831392,45.34109
17.536117,45.363937
17.730215,45.238853
17.726623,45.239623
17.725933,45.239744
17.731648,45.237942
17.727485,45.239384
17.72614,45.239731
17.730562,45.239229
17.7271,45.239531
17.73086,45.238904
17.727615,45.239587
17.725885,45.239516
17.731087,45.238199
17.729087,45.239405
17.730697,45.239169
17.727273,45.239524
17.729326,45.239389
17.730328,45.239295
17.726315,45.239428
17.726954,45.239387
17.730762,45.238684
17.726788,45.239414
17.728065,45.239629
17.729632,45.239277
17.727754,45.239556
17.731383,45.238251
17.730146,45.239283
17.728525,45.239577
17.727099,45.23961
17.726845,45.23959
17.72573,45.239787
17.731526,45.231397
17.730729,45.231186
17.730407,45.232129
17.730074,45.232208
17.730438,45.232315
17.729977,45.231774
17.733764,45.232509
17.733944,45.232598
17.73467,45.233027
17.730507,45.231127
17.730484,45.232603
17.730989,45.23168
17.731292,45.231766
17.730025,45.231959
17.730501,45.233044
17.730493,45.232855
17.730116,45.233441
17.732531,45.236123
17.732305,45.236576
17.732369,45.236402
17.732429,45.236918
17.731922,45.237046
17.732047,45.236862
17.732155,45.236737
17.732696,45.235945
17.732177,45.237212
17.733134,45.235885
17.733413,45.235328
17.733138,45.236304
17.723446,45.239926
17.725225,45.239655
17.721623,45.240183
17.722413,45.240314
17.722329,45.240073
17.723836,45.24053
17.725542,45.239574
17.724428,45.239828
17.724904,45.239718
17.724209,45.240075
17.724103,45.240138
17.723677,45.240123
17.72211,45.24031
17.720843,45.24028
17.724748,45.239764
17.723346,45.240131
17.725391,45.239636
17.721573,45.240191
17.724323,45.239849
17.721845,45.240143
17.72436,45.240105
17.723703,45.239959
17.724573,45.239813
17.722606,45.239986
17.725279,45.239889
17.723609,45.239963
17.723504,45.240135
17.721063,45.240217
17.72472,45.239963
17.723986,45.239944
17.730512,45.230605
17.731319,45.230671
17.730374,45.230516
17.730927,45.230865
17.730773,45.230766
17.729254,45.230931
17.729557,45.230527
17.729734,45.230565
17.72914,45.23043
17.729055,45.230786
17.729432,45.230489
17.729466,45.230851
17.729023,45.230408
17.728674,45.230378
17.729937,45.230987
17.726095,45.230423
17.726428,45.230478
17.726703,45.2301
17.726273,45.229947
17.727594,45.230099
17.72778,45.230238
17.727004,45.230073
17.727114,45.230143
17.726838,45.229272
17.72653,45.230087
17.724435,45.229785
17.719431,45.228242
17.718618,45.227931
17.723926,45.229872
17.718824,45.227962
17.722435,45.229715
17.718045,45.228004
17.720764,45.228653
17.722832,45.229888
17.721281,45.228931
17.720919,45.229171
17.7198,45.228693
17.720109,45.229182
17.719057,45.228442
17.721698,45.229121
17.721057,45.228841
17.722238,45.229643
17.719903,45.228737
17.721363,45.229348
17.718792,45.228352
17.718473,45.22817
17.719214,45.228483
17.721279,45.229315
17.72116,45.229247
17.717688,45.227503
17.725727,45.228932
17.719381,45.228533
17.718986,45.228387
17.718283,45.22811
17.717817,45.22792
17.718355,45.227842
17.719309,45.228197
17.71851,45.227899
17.724001,45.230122
17.71753,45.227824
17.71807,45.227703
17.717629,45.22792
17.717183,45.2276
17.722388,45.229386
17.721172,45.22889
17.717908,45.227575
17.717204,45.227302
17.723554,45.23005
17.723023,45.229916
17.722512,45.229426
17.720249,45.228561
17.724428,45.23019
17.717316,45.22766
17.718985,45.228066
17.72193,45.229655
17.717396,45.227705
17.720607,45.229026
17.720376,45.228593
17.719756,45.22837
17.725141,45.23039
17.723203,45.230017
17.722019,45.229221
17.719621,45.22832
17.718657,45.228267
17.724911,45.229979
17.723094,45.229657
17.7215,45.229364
17.721879,45.229202
17.721413,45.229021
17.720889,45.228804
17.719207,45.228159
17.719577,45.228605
17.726164,45.22843
17.729665,45.229205
17.728052,45.230281
17.726417,45.22049
17.811489,45.371631
17.809806,45.363607
17.809982,45.363767
17.810082,45.363242
17.810769,45.364125
17.810458,45.363602
17.811457,45.362341
17.811835,45.361466
17.810323,45.36418
17.811381,45.362823
17.81137,45.363004
17.811374,45.36265
17.810391,45.364301
17.8112,45.36352
17.810458,45.36448
17.811236,45.363629
17.810349,45.36512
17.81133,45.363784
17.810513,45.365274
17.8112,45.363948
17.810508,45.365642
17.811141,45.36411
17.810411,45.365925
17.811138,45.364253
17.811967,45.363642
17.810333,45.366336
17.811871,45.364235
17.810527,45.366507
17.811503,45.364391
17.810521,45.366813
17.810505,45.366674
17.812041,45.36494
17.811276,45.364617
17.810589,45.366951
17.810952,45.364967
17.81064,45.36725
17.810978,45.365231
17.810943,45.36511
17.810649,45.367384
17.81066,45.367769
17.810859,45.365666
17.810668,45.368046
17.810836,45.366183
17.810555,45.368375
17.810574,45.368217
17.810871,45.366715
17.810532,45.368558
17.810957,45.366903
17.810496,45.368848
17.811129,45.367825
17.810375,45.369377
17.810888,45.368509
17.810419,45.369603
17.810843,45.368909
17.810501,45.369815
17.810796,45.369075
17.810564,45.369944
17.810676,45.370066
17.81111,45.370672
17.810822,45.369718
17.810907,45.369813
17.811155,45.37084
17.81105,45.369992
17.81103,45.369922
17.811296,45.370952
17.81158,45.370543
17.811546,45.371799
17.81168,45.370745
17.811614,45.371982
17.811705,45.370901
17.811609,45.372186
17.811803,45.371162
17.81178,45.372547
17.811861,45.371315
17.811856,45.372745
17.811911,45.37169
17.811663,45.372883
17.812155,45.372416
17.811996,45.372984
17.812108,45.373231
17.812352,45.372708
17.812185,45.37336
17.812691,45.373201
17.812511,45.37291
17.812718,45.373439
17.81273,45.37356
17.825488,45.371988
17.825462,45.372524
17.822695,45.37189
17.824975,45.371386
17.825068,45.371793
17.825347,45.37238
17.823849,45.371725
17.822111,45.37233
17.826893,45.367697
17.823525,45.370061
17.825028,45.372347
17.827472,45.368295
17.822225,45.370597
17.825408,45.371862
17.82236,45.371263
17.823425,45.370212
17.822806,45.370682
17.82694,45.367115
17.822994,45.370236
17.827382,45.367834
17.823028,45.370414
17.823161,45.371152
17.82543,45.371439
17.8227,45.37145
17.822315,45.371809
17.822058,45.371063
17.825025,45.37206
17.822498,45.372169
17.823962,45.368908
17.824696,45.37155
17.822863,45.371087
17.827042,45.367271
17.822535,45.371631
17.822436,45.371726
17.826708,45.367439
17.823084,45.371394
17.827056,45.368087
17.822361,45.372407
17.827403,45.368035
17.826455,45.366478
17.823327,45.37037
17.825633,45.371632
17.827255,45.367633
17.822168,45.371984
17.826837,45.368589
17.82312,45.370003
17.82535,45.372229
17.82528,45.372762
17.821252,45.372096
17.82679,45.367507
17.827385,45.367377
17.826649,45.366736
17.761949,45.371656
17.778719,45.360151
17.781247,45.361094
17.787306,45.362341
17.784405,45.361405
17.790032,45.36243
17.780675,45.360562
17.784485,45.361777
17.784988,45.361976
17.788159,45.362531
17.789613,45.362343
17.78241,45.361368
17.782519,45.36103
17.786786,45.361908
17.788691,45.365701
17.778516,45.359992
17.779801,45.360402
17.780937,45.361039
17.78285,45.361446
17.784175,45.361746
17.78378,45.361247
17.789791,45.36284
17.781755,45.361226
17.781873,45.361617
17.782586,45.361422
17.788049,45.362166
17.778902,45.360623
17.777882,45.35983
17.780152,45.361354
17.787739,45.362462
17.784797,45.361487
17.779664,45.360771
17.780284,45.360492
17.782937,45.361064
17.783612,45.360882
17.786495,45.362211
17.779108,45.360642
17.781742,45.360841
17.783526,45.361775
17.783544,45.361078
17.784602,45.36144
17.788462,45.362594
17.783862,45.361706
17.778335,45.360424
17.78606,45.361809
17.778104,45.359978
17.780476,45.36126
17.78159,45.361196
17.782282,45.360953
17.783475,45.361222
17.783752,45.36065
17.784013,45.361319
17.787907,45.362432
17.778619,45.360515
17.779924,45.360828
17.785228,45.361981
17.784992,45.361545
17.789863,45.362345
17.79026,45.362597
17.779594,45.36033
17.781204,45.36068
17.784202,45.361342
17.788659,45.362644
17.787198,45.362023
17.787517,45.361987
17.785679,45.362076
17.785219,45.361512
17.779306,45.360683
17.78053,45.360474
17.782058,45.360836
17.783367,45.361593
17.782739,45.361073
17.789474,45.36273
17.780065,45.36047
17.780914,45.360622
17.781077,45.360681
17.779924,45.361122
17.777717,45.360386
17.783809,45.360494
17.791762,45.362733
17.792804,45.362868
17.793345,45.362871
17.792558,45.362825
17.792991,45.363129
17.795313,45.363037
17.792419,45.362825
17.792443,45.363101
17.792952,45.362846
17.790898,45.362962
17.792006,45.36277
17.792668,45.363122
17.795089,45.362942
17.793638,45.363249
17.794098,45.363282
17.791336,45.362702
17.791564,45.36274
17.792212,45.362739
17.792151,45.363092
17.794408,45.362956
17.79383,45.363227
17.793458,45.363207
17.794443,45.363224
17.791138,45.362662
17.793958,45.362888
17.794646,45.362949
17.794975,45.363013
17.793597,45.363371
17.794768,45.363307
17.795059,45.363329
17.793659,45.362835
17.793197,45.362804
17.794155,45.362919
17.797015,45.363048
17.796725,45.3613
17.797769,45.362927
17.797728,45.363298
17.796757,45.362371
17.796502,45.361292
17.7969,45.363382
17.797329,45.360691
17.797758,45.360785
17.797562,45.361167
17.798699,45.363374
17.797526,45.363302
17.796753,45.363369
17.797449,45.361752
17.797135,45.36336
17.799067,45.36342
17.797313,45.3633
17.797116,45.362669
17.798522,45.363325
17.797147,45.362519
17.798005,45.362912
17.797906,45.363291
17.797618,45.360989
17.797517,45.360134
17.796944,45.359107
17.79465,45.366945
17.795201,45.365543
17.795134,45.365633
17.795013,45.365888
17.79573,45.36504
17.795447,45.366136
17.794577,45.364495
17.794981,45.364515
17.794789,45.364505
17.795344,45.366691
17.796107,45.36371
17.795003,45.366048
17.794862,45.366417
17.795257,45.366499
17.795079,45.365746
17.795883,45.364311
17.794846,45.366845
17.794792,45.367076
17.794974,45.366322
17.79567,45.365729
17.79531,45.365194
17.794976,45.366202
17.795615,45.365993
17.795964,45.363989
17.795885,45.364183
17.795841,45.364447
17.795137,45.366832
17.795243,45.367095
17.795618,45.36541
17.79545,45.364571
17.795554,45.364359
17.795552,45.36556
17.795359,45.364694
17.795805,45.364695
17.795656,45.365223
17.795452,45.366268
17.79526,45.366424
17.795165,45.366974
17.794913,45.367978
17.794755,45.368146
17.77211,45.35773
17.77289,45.358061
17.7737,45.358358
17.774603,45.358707
17.77225,45.357825
17.772398,45.357881
17.772563,45.357939
17.773235,45.358188
17.771241,45.357602
17.771719,45.357065
17.772734,45.358
17.774958,45.358852
17.77305,45.358122
17.775147,45.358897
17.771638,45.357232
17.771485,45.35768
17.774771,45.358786
17.77533,45.358974
17.776991,45.359623
17.771813,45.356891
17.775696,45.359098
17.775501,45.359034
17.771664,45.357693
17.776554,45.359349
17.769922,45.357502
17.770629,45.35749
17.769772,45.357503
17.770841,45.357573
17.770176,45.357423
17.768377,45.35752
17.768389,45.357403
17.763638,45.364995
17.76365,45.365077
17.761769,45.358841
17.76033,45.359547
17.763715,45.365495
17.765354,45.363338
17.764223,45.364727
17.764999,45.365119
17.764678,45.365333
17.763019,45.363077
17.762679,45.363432
17.763088,45.36413
17.763356,45.364449
17.76561,45.363877
17.765129,45.364845
17.763429,45.362914
17.762787,45.36336
17.762876,45.362173
17.762553,45.361777
17.764319,45.357734
17.765116,45.357737
17.766616,45.357566
17.766983,45.357582
17.763324,45.360903
17.763354,45.361256
17.763427,45.36155
17.765232,45.363074
17.760281,45.358131
17.760326,45.358446
17.765495,45.365205
17.763532,45.362767
17.763031,45.363921
17.763185,45.364289
17.763514,45.364807
17.76287,45.361868
17.762098,45.362173
17.763361,45.357934
17.76474,45.357729
17.768983,45.357498
17.769197,45.357535
17.763993,45.36253
17.764868,45.362907
17.763375,45.363944
17.762032,45.361909
17.761115,45.362159
17.76588,45.357639
17.766183,45.357573
17.768122,45.357519
17.763432,45.360674
17.76418,45.362622
17.765323,45.363966
17.76345,45.364615
17.76132,45.362116
17.763651,45.357359
17.764935,45.357687
17.765263,45.357653
17.766451,45.357568
17.763491,45.360508
17.764723,45.362838
17.760215,45.357807
17.7603,45.358287
17.765615,45.36374
17.765346,45.363457
17.761522,45.362282
17.763144,45.357705
17.764005,45.357643
17.767313,45.357587
17.767613,45.357541
17.763582,45.358729
17.765328,45.363536
17.7634,45.363224
17.763328,45.363029
17.762859,45.363737
17.762401,45.362075
17.761776,45.362225
17.767165,45.357412
17.76355,45.359412
17.763837,45.362549
17.763707,45.363094
17.763985,45.364747
17.763262,45.357815
17.76452,45.357719
17.765712,45.357634
17.766844,45.357559
17.767897,45.357534
17.763373,45.36112
17.765241,45.364537
17.763506,45.363201
17.763416,45.364122
17.763529,45.364259
17.763647,45.365349
17.762639,45.362106
17.762817,45.357073
17.768746,45.357489
17.769484,45.357479
17.763519,45.359883
17.763514,45.36036
17.763372,45.361003
17.765049,45.362961
17.763065,45.36187
17.761667,45.362021
17.762979,45.357547
17.76349,45.358411
17.76351,45.360086
17.763453,45.360236
17.760191,45.357603
17.765155,45.364356
17.763096,45.357223
17.768553,45.357525
17.763568,45.35962
17.763388,45.362075
17.76677,45.363821
17.763575,45.358585
17.765721,45.363991
17.767751,45.364168
17.760652,45.358866
17.760319,45.358582
17.760239,45.357955
17.760262,45.359377
17.760942,45.367578
17.768707,45.355837
17.764992,45.355491
17.763633,45.356055
17.764171,45.355764
17.764736,45.355797
17.765723,45.355475
17.766372,45.355484
17.769117,45.355468
17.764254,45.355501
17.768043,45.355461
17.767767,45.355876
17.763866,45.355498
17.763337,45.355809
17.764482,45.355498
17.764356,45.355791
17.765327,45.355485
17.768042,45.355824
17.763691,45.356183
17.763605,45.355837
17.768245,45.355397
17.763475,45.355524
17.763564,45.356414
17.7674,45.355466
17.764005,45.355774
17.765419,45.355787
17.767277,45.355783
17.763627,45.353997
17.765159,45.355486
17.765598,45.355792
17.763357,45.355968
17.764741,45.355478
17.768437,45.355425
17.765877,45.3555
17.76395,45.353658
17.76692,45.355444
17.769681,45.355808
17.757838,45.354229
17.759441,45.356882
17.762543,45.356837
17.76244,45.356671
17.760123,45.357047
17.761913,45.356987
17.762169,45.355312
17.762524,45.355932
17.762647,45.355008
17.762587,45.354412
17.762229,45.355104
17.759842,45.354771
17.757468,45.356018
17.762389,45.355669
17.762211,45.354368
17.760994,45.353888
17.757177,45.355208
17.758259,45.35539
17.759337,45.355731
17.762481,45.354237
17.760202,45.35468
17.759057,45.355611
17.762695,45.354753
17.760038,45.354715
17.762406,45.356401
17.76247,45.35621
17.762317,45.356066
17.762521,45.355231
17.762163,45.35393
17.761673,45.355782
17.762362,45.354835
17.761218,45.353998
17.760397,45.354262
17.758954,45.356586
17.758836,45.356226
17.759678,45.356179
17.762442,45.356527
17.762652,45.35461
17.762206,45.354525
17.762544,45.355823
17.762557,45.355459
17.762401,45.354135
17.757721,45.35595
17.759085,45.356701
17.757938,45.355369
17.760081,45.356133
17.761742,45.353792
17.75857,45.354802
17.761325,45.356645
17.759573,45.35572
17.758293,45.354431
17.761248,45.353054
17.760732,45.353336
17.760785,45.353559
17.760648,45.352468
17.761377,45.353681
17.761294,45.353416
17.76103,45.352375
17.761011,45.352546
17.760566,45.352118
17.761167,45.353174
17.760602,45.352676
17.761369,45.35355
17.760741,45.353021
17.760776,45.353451
17.760406,45.352026
17.761096,45.352793
17.760666,45.352951
17.760611,45.352798
17.757781,45.352033
17.757948,45.348992
17.755039,45.350797
17.758369,45.349517
17.758454,45.349601
17.758709,45.349862
17.757652,45.351585
17.75915,45.350508
17.758582,45.350815
17.758726,45.351163
17.75733,45.351938
17.759016,45.350268
17.757411,45.351627
17.758605,45.350944
17.758811,45.350042
17.755992,45.340756
17.755783,45.343303
17.756341,45.341751
17.756446,45.340977
17.755781,45.343153
17.756443,45.341448
17.755753,45.342984
17.756478,45.343174
17.755882,45.341175
17.756299,45.34228
17.756311,45.341886
17.755733,45.342064
17.756522,45.342733
17.756488,45.340838
17.755818,45.342723
17.755786,45.341782
17.756736,45.340432
17.75608,45.340551
17.755842,45.343793
17.756005,45.341038
17.756277,45.342105
17.756001,45.340929
17.756477,45.341279
17.756483,45.341111
17.753411,45.337775
17.753284,45.337168
17.756965,45.336262
17.75304,45.336745
17.758481,45.336091
17.756024,45.336693
17.755918,45.336608
17.757243,45.336231
17.756126,45.337684
17.75553,45.337414
17.757898,45.336055
17.756308,45.337011
17.756366,45.337207
17.754961,45.336621
17.754893,45.336273
17.751707,45.338463
17.752913,45.337378
17.758956,45.33601
17.757302,45.335834
17.755005,45.337084
17.754936,45.336784
17.756163,45.336869
17.7551,45.337391
17.757032,45.337336
17.75874,45.335679
17.754889,45.336368
17.796391,45.363491
17.795387,45.363424
17.764802,45.365702
17.764486,45.366033
17.76034,45.351441
17.759756,45.351227
17.760647,45.351741
17.7605,45.351538
17.759788,45.351447
17.760176,45.351252
17.760081,45.351142
17.760291,45.351777
17.759365,45.350731
17.759445,45.350915
17.759819,45.350871
17.759748,45.350672
17.75963,45.350386
17.764929,45.351842
17.767832,45.352406
17.765966,45.352373
17.763483,45.352283
17.761772,45.351867
17.765396,45.351925
17.766528,45.351561
17.766989,45.351339
17.762646,45.352696
17.763148,45.35219
17.763903,45.352166
17.766979,45.352643
17.761116,45.351958
17.763742,45.351746
17.762341,45.35233
17.766507,45.352166
17.766862,45.352209
17.762431,45.351947
17.763318,45.351842
17.761871,45.352329
17.764373,45.352202
17.765736,45.352333
17.763173,45.351879
17.763602,45.35189
17.764674,45.351821
17.76562,45.351928
17.761796,45.352603
17.764666,45.352118
17.766393,45.352447
17.76679,45.352575
17.767182,45.352713
17.761778,45.352097
17.764179,45.351875
17.763325,45.352172
17.763767,45.352176
17.762733,45.352
17.76446,45.351844
17.765811,45.351995
17.762925,45.352737
17.76495,45.352187
17.766213,45.352421
17.765975,45.35204
17.76361,45.352149
17.763027,45.351925
17.762342,45.352778
17.763854,45.351877
17.765163,45.351878
17.762587,45.352295
17.767819,45.352834
17.763465,45.352159
17.759046,45.349058
17.758992,45.348726
17.757731,45.347805
17.75729,45.347037
17.758208,45.348512
17.757562,45.347606
17.758114,45.348391
17.757656,45.34772
17.757875,45.348053
17.758499,45.348924
17.756788,45.347241
17.757232,45.346911
17.756664,45.347037
17.759198,45.348994
17.759197,45.348651
17.757171,45.346801
17.757237,45.346459
17.757077,45.34623
17.7591,45.34983
17.759229,45.350001
17.759407,45.350152
17.758874,45.338388
17.756812,45.339731
17.756774,45.33938
17.757661,45.338963
17.757217,45.339944
17.75773,45.339455
17.756013,45.340048
17.756648,45.33913
17.758293,45.33845
17.758584,45.338186
17.758381,45.338354
17.758031,45.338668
17.75606,45.340158
17.756781,45.33951
17.757447,45.339185
17.75599,45.340286
17.757087,45.340021
17.75596,45.339941
17.756723,45.339249
17.75809,45.338536
17.757601,45.33956
17.756521,45.340015
17.757215,45.339383
17.757704,45.338806
17.758377,45.338889
17.759091,45.338346
17.755936,45.339826
17.757155,45.339456
17.757393,45.339808
17.756589,45.339012
17.75756,45.339087
17.75792,45.338763
17.757977,45.339229
17.757886,45.339343
17.751813,45.359836
17.750829,45.362916
17.75175,45.360028
17.751699,45.360181
17.751667,45.360269
17.751442,45.360733
17.750582,45.362609
17.751929,45.360864
17.751512,45.361835
17.751557,45.361661
17.750326,45.362559
17.751023,45.362477
17.750022,45.362585
17.75094,45.362668
17.749765,45.362572
17.750879,45.362802
17.750108,45.362805
17.75037,45.362775
17.750765,45.363015
17.750393,45.362962
17.750833,45.363205
17.750318,45.363052
17.750835,45.36338
17.750346,45.363142
17.750793,45.363542
17.750392,45.363278
17.750819,45.363696
17.750389,45.363388
17.750806,45.363909
17.75076,45.364112
17.750348,45.363828
17.750693,45.364253
17.750689,45.364415
17.750344,45.364075
17.750645,45.364625
17.750294,45.364373
17.750573,45.364835
17.750268,45.364517
17.750202,45.36478
17.750554,45.365173
17.750123,45.365014
17.750574,45.365273
17.750178,45.365132
17.750516,45.365338
17.750162,45.365219
17.750621,45.36562
17.750132,45.365798
17.750153,45.36565
17.750599,45.365937
17.750235,45.366329
17.750631,45.36605
17.75216,45.360425
17.750825,45.363452
17.750248,45.363739
17.750367,45.363614
17.750378,45.363914
17.750603,45.364937
17.751032,45.362565
17.751536,45.360504
17.750701,45.367679
17.75281,45.381609
17.753311,45.382058
17.753563,45.383258
17.753166,45.383986
17.753333,45.385669
17.752105,45.387362
17.753455,45.387372
17.752987,45.382904
17.753274,45.385811
17.753541,45.387207
17.755584,45.386386
17.757095,45.386649
17.753295,45.38187
17.753124,45.383797
17.753279,45.384453
17.755434,45.38598
17.757427,45.386243
17.757636,45.386228
17.752813,45.381994
17.753354,45.385355
17.757023,45.386338
17.754971,45.386202
17.75278,45.381364
17.753233,45.381706
17.753061,45.383241
17.756056,45.386229
17.754714,45.386113
17.755296,45.386288
17.753396,45.382424
17.753727,45.384478
17.753283,45.385507
17.757346,45.386716
17.75236,45.387415
17.75512,45.386212
17.755952,45.386478
17.753424,45.382923
17.753896,45.385296
17.753248,45.386289
17.75223,45.387404
17.753518,45.382602
17.753535,45.38392
17.753572,45.384142
17.753402,45.384774
17.752877,45.387483
17.756184,45.386581
17.756419,45.386558
17.752482,45.38148
17.753353,45.384646
17.755942,45.386227
17.75361,45.38593
17.753244,45.381498
17.75338,45.38523
17.757847,45.38641
17.753149,45.383707
17.754883,45.38589
17.756648,45.386286
17.75332,45.38748
17.753317,45.382191
17.753054,45.382723
17.753813,45.385502
17.753429,45.385031
17.756244,45.386261
17.753226,45.386136
17.754315,45.386055
17.753035,45.383086
17.753271,45.38683
17.755106,45.385926
17.755283,45.385955
17.755562,45.386013
17.753073,45.387305
17.753123,45.383461
17.753266,45.386756
17.756854,45.386617
17.752836,45.381723
17.753513,45.382748
17.753569,45.383406
17.731238,45.358899
17.72613,45.352159
17.726146,45.352846
17.724399,45.350455
17.724447,45.350784
17.724759,45.350582
17.724943,45.350626
17.725174,45.350669
17.72567,45.35117
17.725434,45.350736
17.725625,45.350814
17.726079,45.351257
17.726489,45.350994
17.72634,45.351803
17.726657,45.351031
17.726872,45.351448
17.726764,45.351697
17.726701,45.351829
17.726632,45.35195
17.726424,45.352334
17.726341,45.352463
17.726232,45.352715
17.726084,45.35298
17.726017,45.353101
17.725914,45.353289
17.738366,45.358163
17.738357,45.35831
17.738284,45.358479
17.73828,45.358659
17.73828,45.358785
17.738252,45.359071
17.738269,45.358935
17.738314,45.359199
17.738276,45.35932
17.73825,45.359459
17.738173,45.359702
17.737531,45.359828
17.737204,45.359811
17.73822,45.3599
17.738238,45.360081
17.738169,45.360213
17.738155,45.360355
17.738132,45.360724
17.738103,45.361035
17.738767,45.358065
17.738809,45.358241
17.738748,45.358373
17.738776,45.35881
17.738759,45.359358
17.738747,45.359485
17.738704,45.359626
17.738772,45.359912
17.738717,45.360173
17.738702,45.360451
17.738705,45.361009
17.738654,45.361239
17.738611,45.361437
17.738609,45.361569
17.725818,45.354965
17.725771,45.355113
17.725656,45.355196
17.725396,45.35585
17.725324,45.356164
17.723591,45.349197
17.724509,45.349289
17.724443,45.349391
17.724351,45.349526
17.724254,45.349647
17.724159,45.349772
17.724082,45.349906
17.723999,45.350061
17.723902,45.350125
17.724037,45.350371
17.72382,45.35025
17.723555,45.350503
17.723456,45.350602
17.723351,45.350672
17.723247,45.350772
17.723123,45.350861
17.723026,45.350981
17.722753,45.351092
17.724744,45.349217
17.717324,45.347726
17.72169,45.351254
17.722043,45.351232
17.722197,45.351342
17.722407,45.351547
17.722594,45.351628
17.722696,45.351734
17.722821,45.351794
17.722206,45.350834
17.723018,45.351943
17.7233,45.352205
17.723125,45.352092
17.723493,45.352348
17.723574,45.35242
17.723632,45.352495
17.723884,45.352643
17.72402,45.352748
17.72417,45.352931
17.724412,45.353021
17.724683,45.353269
17.724919,45.353512
17.725023,45.353905
17.725308,45.353909
17.725519,45.354304
17.725484,45.354129
17.725663,45.354303
17.725775,45.35439
17.725914,45.354455
17.726034,45.354551
17.728107,45.357053
17.727222,45.357641
17.729492,45.356638
17.729679,45.356699
17.729849,45.356715
17.730029,45.35675
17.730228,45.356815
17.730333,45.356826
17.730601,45.356891
17.730818,45.356968
17.731121,45.356938
17.731349,45.357023
17.731447,45.357075
17.731663,45.357123
17.731908,45.357141
17.732093,45.357144
17.732351,45.357181
17.732555,45.357252
17.732788,45.357282
17.732964,45.357392
17.73323,45.357418
17.733321,45.35745
17.733614,45.357443
17.731851,45.35893
17.733854,45.357478
17.734275,45.358227
17.734297,45.358584
17.734292,45.358762
17.73193,45.359323
17.731006,45.35923
17.734255,45.357563
17.734591,45.357606
17.734469,45.357589
17.734888,45.357741
17.735537,45.357773
17.735314,45.357756
17.735772,45.357678
17.736274,45.358533
17.73601,45.357655
17.737161,45.357727
17.737354,45.357735
17.737562,45.357772
17.73775,45.357791
17.738344,45.35792
17.72206,45.350722
17.722467,45.351075
17.722703,45.351235
17.722805,45.351333
17.722874,45.351377
17.72304,45.351507
17.723221,45.351666
17.723322,45.351727
17.723423,45.351842
17.72355,45.352008
17.723697,45.352076
17.723857,45.352181
17.724097,45.352384
17.724282,45.352525
17.72439,45.352583
17.724499,45.352708
17.724834,45.353005
17.724734,45.35285
17.725085,45.353114
17.725317,45.352618
17.725266,45.353248
17.725403,45.353346
17.725592,45.35357
17.726028,45.35407
17.726249,45.354271
17.728615,45.355902
17.728715,45.355984
17.728888,45.355998
17.728985,45.356174
17.729091,45.356196
17.729599,45.356398
17.729944,45.356415
17.730249,45.356523
17.730469,45.356597
17.730609,45.356591
17.730777,45.35666
17.731048,45.356642
17.731252,45.356716
17.731352,45.356738
17.731939,45.356746
17.732177,45.356778
17.732893,45.356999
17.733076,45.356909
17.733275,45.357088
17.73349,45.357176
17.73372,45.357217
17.733813,45.357111
17.734007,45.357255
17.734249,45.357255
17.734511,45.357322
17.734706,45.357337
17.734917,45.357277
17.735047,45.35735
17.736301,45.357373
17.736494,45.357385
17.736726,45.357399
17.736899,45.357377
17.737076,45.357387
17.73727,45.357395
17.737432,45.357064
17.73844,45.357478
17.738691,45.357491
17.729404,45.356242
17.739119,45.35752
17.739271,45.357511
17.739667,45.357484
17.739857,45.357479
17.723196,45.354203
17.72334,45.354434
17.72354,45.35458
17.723635,45.354669
17.724527,45.355716
17.724775,45.356004
17.724926,45.356147
17.725073,45.356352
17.72278,45.352975
17.724215,45.353778
17.723736,45.353956
17.723546,45.35404
17.722734,45.35443
17.734271,45.359569
17.725892,45.351219
17.738063,45.361363
17.738167,45.360486
17.73874,45.36061
17.726728,45.354405
17.734349,45.359254
17.825837,45.422282
17.826401,45.421956
17.826127,45.423127
17.826147,45.423357
17.826153,45.423595
17.825846,45.423751
17.826182,45.424194
17.82575,45.424549
17.826581,45.424937
17.825796,45.425004
17.825741,45.425344
17.825781,45.422685
17.82612,45.424816
17.825743,45.426007
17.825722,45.426273
17.82573,45.426352
17.826672,45.427316
17.829956,45.423154
17.829411,45.427181
17.829314,45.427676
17.828981,45.427322
17.826756,45.42516
17.827191,45.427404
17.828796,45.425186
17.830697,45.425399
17.830885,45.425455
17.831363,45.425583
17.829621,45.423277
17.829347,45.425587
17.8293,45.42588
17.829177,45.426674
17.828929,45.427064
17.827442,45.426907
17.827145,45.426984
17.830411,45.425502
17.830592,45.425658
17.831277,45.425846
17.83371,45.426492
17.826347,45.422171
17.825829,45.424021
17.83,45.422584
17.826811,45.427285
17.826172,45.425215
17.83111,45.425532
17.825788,45.422991
17.825761,45.42329
17.825781,45.423533
17.82584,45.423626
17.826987,45.424979
17.827336,45.424895
17.829364,45.424789
17.827377,45.425254
17.830477,45.425264
17.829439,45.423001
17.831637,45.425611
17.831796,45.425661
17.82932,45.424205
17.829344,45.425174
17.827744,45.426901
17.830145,45.425424
17.826142,45.424531
17.826006,45.425302
17.827676,45.427211
17.829336,45.424631
17.829309,45.425287
17.829303,45.426275
17.829922,45.425359
17.826696,45.427814
17.83029,45.425243
17.83155,45.42585
17.833331,45.423125
17.809737,45.426556
17.812227,45.427926
17.810474,45.424607
17.807094,45.427694
17.811589,45.429222
17.804487,45.431374
17.812541,45.427199
17.810318,45.429245
17.811789,45.429221
17.812753,45.428255
17.810022,45.426762
17.807166,45.427897
17.812682,45.427518
17.810832,45.427158
17.806611,45.428619
17.806956,45.428859
17.811381,45.429015
17.807273,45.426851
17.810803,45.42894
17.812925,45.427338
17.810285,45.426886
17.807117,45.427419
17.808003,45.428646
17.811238,45.426903
17.809653,45.428176
17.810103,45.428389
17.809563,45.426466
17.806433,45.42893
17.809922,45.428636
17.810676,45.42649
17.809546,45.428094
17.810199,45.429468
17.811964,45.427668
17.813041,45.427502
17.81122,45.424618
17.807033,45.42729
17.807066,45.428128
17.80754,45.427849
17.812516,45.428226
17.813379,45.427519
17.807091,45.427034
17.810294,45.427104
17.808844,45.426438
17.811616,45.42684
17.812068,45.42736
17.812345,45.427539
17.810501,45.424918
17.811275,45.424436
17.811399,45.425027
17.808138,45.4289
17.810531,45.427525
17.810284,45.427804
17.811456,45.429605
17.811325,45.425412
17.810941,45.429121
17.810953,45.428288
17.810511,45.426023
17.814343,45.420231
17.80738,45.426433
17.81013,45.427069
17.808471,45.42661
17.807672,45.426532
17.810193,45.42799
17.812814,45.42759
17.81045,45.423845
17.811297,45.424797
17.814429,45.41455
17.809374,45.391686
17.808867,45.389993
17.81004,45.391008
17.810569,45.389718
17.791205,45.396619
17.788745,45.397079
17.792743,45.395156
17.79028,45.397077
17.788117,45.406085
17.788849,45.414027
17.78786,45.413024
17.795373,45.418422
17.789901,45.416817
17.787961,45.413417
17.789081,45.417885
17.793586,45.418903
17.793235,45.418751
17.786453,45.413659
17.788919,45.415536
17.789739,45.410025
17.791535,45.419455
17.791578,45.419848
17.791921,45.413344
17.792974,45.420683
17.791467,45.419257
17.793183,45.414929
17.788934,45.409367
17.788439,45.407129
17.78857,45.405403
17.790684,45.416832
17.79193,45.418051
17.786767,45.414145
17.790373,45.417724
17.790077,45.41769
17.788822,45.417468
17.788929,45.417835
17.793864,45.420072
17.792863,45.414009
17.789823,45.41242
17.789334,45.410462
17.788842,45.408745
17.787931,45.405039
17.78957,45.409426
17.789225,45.408128
17.790084,45.41457
17.790459,45.413725
17.786992,45.414086
17.787826,45.412888
17.788644,45.417756
17.789894,45.416512
17.791222,45.413668
17.793191,45.415289
17.789758,45.413021
17.78842,45.411583
17.790175,45.41255
17.792037,45.418723
17.789933,45.415657
17.787288,45.415125
17.788016,45.41355
17.787877,45.412401
17.793689,45.418687
17.79577,45.418481
17.788472,45.414743
17.793873,45.420225
17.78921,45.410683
17.789184,45.41
17.790145,45.412401
17.789021,45.407388
17.791379,45.417637
17.791833,45.417914
17.786065,45.413782
17.786513,45.416363
17.794573,45.418607
17.794019,45.418595
17.795509,45.418455
17.788566,45.415306
17.790908,45.413349
17.789613,45.412039
17.788304,45.40668
17.790688,45.417346
17.789941,45.4144
17.79036,45.414376
17.787742,45.412191
17.794184,45.418721
17.793847,45.418622
17.794055,45.418477
17.795146,45.418295
17.789192,45.415875
17.789711,45.412593
17.789547,45.411116
17.789155,45.410171
17.788774,45.408547
17.788643,45.40796
17.789142,45.407908
17.789069,45.407112
17.788745,45.406145
17.789464,45.417804
17.793733,45.418891
17.790189,45.417121
17.793197,45.420543
17.788559,45.407579
17.788093,45.405812
17.789644,45.409573
17.788823,45.406374
17.790898,45.417014
17.790918,45.41719
17.790703,45.415174
17.787994,45.413975
17.794973,45.41852
17.794899,45.418222
17.786198,45.412318
17.792292,45.413737
17.793831,45.419956
17.791685,45.419386
17.790742,45.418615
17.791418,45.419085
17.791766,45.420677
17.789372,45.410857
17.789358,45.410309
17.788478,45.40727
17.787964,45.405198
17.789527,45.409003
17.791705,45.417833
17.790044,45.414925
17.790056,45.415021
17.790115,45.415214
17.790353,45.414606
17.788817,45.413424
17.7915,45.418105
17.795628,45.418107
17.786417,45.413506
17.785802,45.412572
17.789757,45.416384
17.791955,45.413718
17.793462,45.419981
17.79164,45.420067
17.793235,45.414228
17.793305,45.414525
17.788522,45.411777
17.788602,45.40776
17.790269,45.412739
17.789895,45.410566
17.789756,45.410085
17.78906,45.407617
17.788613,45.405561
17.7918,45.418193
17.790927,45.417294
17.791123,45.417437
17.790489,45.415252
17.789397,45.4138
17.789144,45.413386
17.786724,45.413863
17.787159,45.414896
17.792758,45.414379
17.788934,45.417705
17.795237,45.418464
17.796042,45.418037
17.786321,45.413175
17.788498,45.414554
17.790073,45.416901
17.788937,45.414452
17.79288,45.413756
17.793457,45.419299
17.793616,45.419672
17.793325,45.420875
17.791066,45.418103
17.79192,45.419357
17.79149,45.418891
17.793231,45.414786
17.789711,45.412746
17.789491,45.410976
17.788887,45.409005
17.788697,45.408126
17.788528,45.407441
17.790398,45.413087
17.785486,45.414363
17.785311,45.414424
17.78955,45.417795
17.786387,45.413356
17.788483,45.415148
17.789611,45.416077
17.794172,45.420396
17.791717,45.418905
17.791902,45.419756
17.791501,45.420337
17.788939,45.409208
17.788421,45.407013
17.788124,45.405942
17.790137,45.412126
17.790104,45.41137
17.7893,45.408384
17.790454,45.416165
17.789138,45.413876
17.787799,45.413172
17.794423,45.418437
17.795432,45.418118
17.789076,45.415661
17.789878,45.416718
17.793326,45.419528
17.79112,45.418292
17.788717,45.411761
17.79017,45.411527
17.79002,45.411206
17.790053,45.411043
17.789966,45.410906
17.790375,45.414033
17.787834,45.412642
17.78629,45.413021
17.785826,45.412793
17.788398,45.414663
17.788401,45.415031
17.789195,45.41573
17.79385,45.41383
17.793454,45.420724
17.791363,45.419349
17.793256,45.414101
17.793233,45.414653
17.788327,45.406819
17.790148,45.412304
17.789421,45.408807
17.789287,45.408246
17.792077,45.418435
17.792828,45.418972
17.790615,45.416563
17.790402,45.414193
17.787173,45.414088
17.78902,45.413446
17.793466,45.419001
17.785861,45.413008
17.788421,45.414915
17.790304,45.417227
17.79337,45.419714
17.793543,45.419598
17.793692,45.420473
17.788717,45.408311
17.790113,45.411843
17.789954,45.410755
17.789857,45.410204
17.788712,45.405984
17.792096,45.418547
17.790528,45.416393
17.792016,45.418132
17.792155,45.418234
17.789911,45.415103
17.790083,45.415546
17.79042,45.414715
17.786582,45.414221
17.796111,45.417629
17.795917,45.417628
17.793461,45.419457
17.793419,45.419819
17.793515,45.420863
17.791599,45.419684
17.793236,45.413974
17.793194,45.415061
17.789865,45.412904
17.790344,45.413373
17.790288,45.413161
17.790173,45.412008
17.790102,45.411691
17.788506,45.405069
17.790696,45.416701
17.790859,45.416903
17.790015,45.414706
17.790275,45.4137
17.789868,45.413729
17.787648,45.416288
17.789777,45.412143
17.789247,45.41057
17.789144,45.409883
17.788168,45.406241
17.790361,45.413263
17.790113,45.412223
17.789805,45.410361
17.788652,45.405683
17.788657,45.40579
17.791528,45.417785
17.790549,45.415056
17.790413,45.415704
17.784915,45.414467
17.78792,45.413694
17.791828,45.418321
17.792296,45.418683
17.792473,45.418352
17.790072,45.415381
17.79035,45.414517
17.790386,45.41538
17.787482,45.414049
17.784541,45.414548
17.784313,45.4146
17.787571,45.416166
17.786335,45.416411
17.790336,45.415533
17.787854,45.413964
17.789535,45.413382
17.78708,45.413816
17.788288,45.416923
17.789399,45.412025
17.787838,45.413298
17.786258,45.412722
17.790327,45.412883
17.78634,45.412881
17.788683,45.417345
17.786168,45.416443
17.787573,45.415576
17.788886,45.406626
17.792825,45.4153
17.789746,45.41627
17.789754,45.417786
17.788033,45.414079
17.788531,45.41708
17.788226,45.424182
17.792519,45.42265
17.793295,45.422963
17.792986,45.424099
17.793246,45.424828
17.792935,45.425116
17.790521,45.421203
17.78907,45.421613
17.793168,45.423381
17.793534,45.423935
17.788168,45.424595
17.788377,45.424984
17.796537,45.42184
17.799661,45.421955
17.788994,45.42339
17.78845,45.424416
17.78826,45.424824
17.792548,45.42246
17.793175,45.423149
17.793072,45.423835
17.794079,45.423078
17.79348,45.4237
17.793553,45.424212
17.788703,45.422575
17.789703,45.422235
17.788622,45.423615
17.796338,45.422894
17.796308,45.422747
17.799477,45.421918
17.793151,45.423288
17.795293,45.422675
17.802604,45.421815
17.793587,45.422665
17.788888,45.42375
17.793496,45.421687
17.793913,45.423169
17.79367,45.423532
17.789049,45.422854
17.78884,45.424165
17.788921,45.423842
17.798367,45.4217
17.789006,45.423184
17.789589,45.421711
17.788671,45.424927
17.790636,45.422625
17.793071,45.424708
17.793651,45.422051
17.797434,45.421763
17.799313,45.421875
17.79375,45.423417
17.796241,45.423728
17.793584,45.424465
17.79146,45.421421
17.790029,45.421219
17.793844,45.424728
17.789694,45.42113
17.788882,45.423533
17.788889,45.42231
17.788473,45.424093
17.788272,45.424294
17.79672,45.423681
17.79817,45.421688
17.799905,45.421953
17.788733,45.424389
17.788363,45.424687
17.800594,45.421653
17.793046,45.424583
17.793507,45.424362
17.791464,45.421669
17.789244,45.421986
17.789946,45.422634
17.796034,45.423197
17.79664,45.423548
17.793097,45.423518
17.793089,45.423678
17.793888,45.422947
17.790508,45.423192
17.796552,45.423375
17.797757,45.421696
17.797904,45.421089
17.788805,45.424267
17.788288,45.424551
17.795821,45.422995
17.796284,45.422437
17.798618,45.421719
17.798048,45.421695
17.79116,45.421837
17.797051,45.421117
17.793813,45.43177
17.763566,45.362551
17.763468,45.362425
17.8234,45.371721
17.649178,45.423244
17.756992,45.351662
17.809651,45.363459
17.809474,45.363486
17.624148,45.440837
17.738074,45.375876
17.737495,45.372115
17.736792,45.373943
17.736764,45.376032
17.73308,45.382181
17.73694,45.374106
17.73462,45.379214
17.73421,45.380106
17.736679,45.377771
17.733823,45.380713
17.73374,45.380888
17.734383,45.380565
17.736587,45.375694
17.736622,45.377475
17.734474,45.379604
17.734821,45.379754
17.733029,45.382921
17.731929,45.384245
17.736661,45.376269
17.736141,45.376303
17.735303,45.378748
17.733402,45.381539
17.734804,45.37996
17.732554,45.38314
17.737772,45.371246
17.736952,45.375656
17.736834,45.374684
17.736291,45.377449
17.735458,45.377561
17.735476,45.377798
17.737591,45.377683
17.734088,45.380259
17.736568,45.37773
17.733915,45.380574
17.734103,45.38102
17.733627,45.381913
17.732275,45.383772
17.732025,45.384082
17.731743,45.384552
17.73711,45.375254
17.736902,45.377576
17.737863,45.376555
17.734771,45.378966
17.73451,45.379449
17.737069,45.37803
17.73427,45.379935
17.73597,45.377692
17.73365,45.381045
17.733239,45.382523
17.732096,45.384691
17.738181,45.376737
17.734022,45.380387
17.734522,45.380259
17.732459,45.383295
17.735399,45.378443
17.734259,45.380836
17.736753,45.375202
17.733415,45.382303
17.732251,45.384366
17.736868,45.374255
17.735944,45.37675
17.736894,45.373848
17.736452,45.37599
17.737366,45.377959
17.734039,45.381332
17.737567,45.371946
17.736841,45.37346
17.738366,45.376349
17.737385,45.377852
17.737389,45.378117
17.736928,45.377946
17.735609,45.378295
17.734847,45.379587
17.732597,45.382946
17.732255,45.383598
17.732108,45.38393
17.736981,45.373016
17.738017,45.376101
17.733591,45.381219
17.733226,45.381847
17.731676,45.384872
17.735683,45.377986
17.733259,45.38168
17.737399,45.374111
17.737243,45.374869
17.736222,45.376178
17.736097,45.376668
17.735333,45.378063
17.733025,45.382319
17.732415,45.384427
17.73276,45.382808
17.73231,45.383414
17.731663,45.38469
17.737019,45.372106
17.73705,45.371644
17.737608,45.373422
17.736194,45.376962
17.736023,45.377367
17.736078,45.37644
17.731004,45.376373
17.739109,45.380445
17.733219,45.382753
17.732668,45.383798
17.737022,45.371896
17.737404,45.37428
17.737136,45.374963
17.736843,45.374481
17.736657,45.375429
17.733485,45.381383
17.732769,45.382639
17.737643,45.37295
17.736833,45.37584
17.738579,45.3757
17.738401,45.376066
17.734999,45.378595
17.737466,45.377777
17.734359,45.379772
17.73443,45.380465
17.733113,45.382006
17.732889,45.382492
17.736009,45.376041
17.733629,45.382305
17.733847,45.381618
17.73214,45.384888
17.731383,45.38527
17.733003,45.383214
17.737494,45.372393
17.73808,45.358743
17.822848,45.370941
17.733712,45.358021
17.613614,45.326956
17.650898,45.443797
17.630804,45.326659
17.50425,45.398655
17.637664,45.447412
17.796023,45.421095
17.835303,45.342382
17.7894,45.363282
17.762312,45.340231
17.502487,45.40248
17.789411,45.408622
17.810465,45.369681
17.535594,45.364298
17.611008,45.329995
17.788955,45.409587
17.728795,45.239531
17.781417,45.361132
17.497766,45.343447
17.753253,45.385986
17.541524,45.358808
17.541583,45.358913
17.651464,45.44215
17.835749,45.3428
17.811006,45.370467
17.669621,45.39975
17.669574,45.399803
17.592788,45.41594
17.732488,45.356821
17.592801,45.416094
17.773056,45.358619
17.773002,45.359296
17.77228,45.358356
17.775514,45.359554
17.772446,45.358436
17.771828,45.358211
17.773781,45.358942
17.774071,45.359014
17.774734,45.359256
17.776341,45.359823
17.773939,45.359053
17.771427,45.358021
17.771679,45.358102
17.772831,45.358578
17.774229,45.359088
17.774378,45.359148
17.775286,45.359492
17.775723,45.359588
17.776197,45.359712
17.773214,45.358717
17.776539,45.359891
17.771248,45.358019
17.773432,45.358852
17.770614,45.357882
17.770409,45.357895
17.77017,45.357879
17.770849,45.357948
17.763941,45.360519
17.766219,45.361169
17.769758,45.360849
17.769268,45.362309
17.769683,45.363352
17.769745,45.360462
17.769303,45.358791
17.769848,45.359611
17.769279,45.361202
17.769782,45.360001
17.76509,45.359592
17.763934,45.357998
17.764948,45.357972
17.766219,45.360998
17.766213,45.361484
17.766136,45.362469
17.766525,45.361133
17.766482,45.362951
17.765854,45.359968
17.764006,45.359724
17.76387,45.360162
17.763708,45.361194
17.765031,45.362711
17.766532,45.363129
17.768223,45.363786
17.769298,45.358673
17.769282,45.361059
17.76968,45.362398
17.764348,45.35804
17.767767,45.357827
17.768019,45.357906
17.766122,45.360232
17.766162,45.360383
17.766433,45.360063
17.766057,45.362823
17.766583,45.361275
17.766623,45.361822
17.766598,45.360661
17.764027,45.358677
17.763952,45.359109
17.763754,45.360676
17.769894,45.35914
17.769664,45.363651
17.76603,45.357948
17.768257,45.357903
17.76643,45.358636
17.764656,45.36248
17.769805,45.358644
17.769826,45.359305
17.769266,45.362208
17.768566,45.363269
17.766309,45.357848
17.766566,45.360427
17.763985,45.358544
17.76407,45.35899
17.763789,45.361957
17.76923,45.359411
17.769224,45.36003
17.769282,45.360393
17.769157,45.363088
17.769686,45.3631
17.769682,45.363223
17.769254,45.363957
17.769213,45.359659
17.765281,45.359236
17.765186,45.357944
17.766298,45.359196
17.7668,45.35873
17.766029,45.360111
17.766217,45.361819
17.766061,45.362675
17.76663,45.361472
17.766646,45.361605
17.766278,45.359654
17.764011,45.358454
17.763733,45.361601
17.763798,45.362156
17.769302,45.358558
17.769249,45.359878
17.76712,45.358063
17.766396,45.358894
17.766792,45.358844
17.76654,45.360977
17.766641,45.361714
17.7665,45.362595
17.763916,45.358791
17.763948,45.359939
17.763814,45.36033
17.763725,45.360834
17.763719,45.361351
17.764446,45.362435
17.769285,45.358917
17.764709,45.357993
17.766215,45.361299
17.763753,45.360976
17.769275,45.359526
17.769254,45.362078
17.769691,45.364015
17.765803,45.357931
17.768839,45.357932
17.766252,45.359354
17.766748,45.358968
17.766105,45.360619
17.76667,45.359627
17.766615,45.361353
17.766542,45.362815
17.764472,45.359145
17.763726,45.361747
17.765411,45.362831
17.769283,45.362434
17.765408,45.35964
17.765547,45.357927
17.76657,45.360544
17.7662,45.361608
17.769204,45.363306
17.769691,45.363832
17.766228,45.360771
17.766652,45.362251
17.764041,45.358256
17.763887,45.360061
17.764829,45.362624
17.766856,45.358587
17.766115,45.360515
17.766368,45.359025
17.766541,45.359918
17.769292,45.360524
17.767393,45.358376
17.769797,45.358485
17.769254,45.361538
17.764672,45.35952
17.766132,45.361381
17.562417,45.396581
17.603952,45.439208
17.752456,45.329631
17.634864,45.44354
17.718392,45.357918
17.66882,45.403345
17.669277,45.403235
17.669847,45.403397
17.669697,45.403138
17.788002,45.405452
17.539234,45.506013
17.788895,45.395577
17.786773,45.395549
17.788186,45.395567
17.787126,45.395554
17.788541,45.395558
17.78642,45.395544
17.787479,45.39556
17.787835,45.395562
17.727003,45.230578
17.506164,45.54546
17.753697,45.384404
17.611385,45.438793
17.605237,45.414292
17.540613,45.338391
17.540789,45.33837
17.737758,45.359832
17.56228,45.396744
17.504225,45.398887
17.758998,45.334746
17.501782,45.380616
17.501729,45.467655
17.570922,45.474736
17.538506,45.500664
17.613346,45.446245
17.58079,45.354797
17.580794,45.354699
17.672186,45.397086
17.672169,45.3966
17.537123,45.339503
17.508692,45.543759
17.549076,45.355893
17.591591,45.326164
17.5914,45.328084
17.591419,45.328208
17.590893,45.326162
17.590972,45.32845
17.590694,45.326614
17.590112,45.325969
17.590577,45.327294
17.590563,45.326203
17.590877,45.327924
17.590836,45.327766
17.590733,45.327484
17.590433,45.326783
17.591078,45.326132
17.591447,45.328404
17.59269,45.324046
17.590294,45.325509
17.589834,45.3249
17.591257,45.324252
17.594025,45.323981
17.588248,45.324622
17.591123,45.324316
17.589313,45.32456
17.590107,45.325253
17.589408,45.324339
17.588044,45.324681
17.591608,45.324234
17.591367,45.324434
17.59066,45.324342
17.592047,45.32414
17.588359,45.323602
17.592292,45.324139
17.590605,45.324523
17.589729,45.324383
17.592299,45.324381
17.590464,45.324344
17.589891,45.324576
17.592148,45.324354
17.589545,45.32494
17.589022,45.324572
17.589827,45.325422
17.590136,45.324377
17.593562,45.324246
17.587697,45.324704
17.592678,45.324202
17.591878,45.324382
17.587908,45.323042
17.59031,45.324367
17.591397,45.32424
17.591601,45.324442
17.590846,45.324304
17.58748,45.32433
17.588911,45.32336
17.588921,45.324072
17.589153,45.324568
17.590014,45.324545
17.589099,45.324278
17.588863,45.324654
17.590432,45.324616
17.588589,45.324601
17.591743,45.324214
17.589647,45.324584
17.589939,45.324389
17.590289,45.324525
17.592978,45.324241
17.594702,45.323985
17.593364,45.323991
17.592411,45.323996
17.5905,45.324605
17.591728,45.324422
17.59112,45.325527
17.587986,45.324477
17.592006,45.324378
17.590145,45.324647
17.594359,45.323983
17.588481,45.324661
17.589063,45.324414
17.588948,45.323702
17.59097,45.324484
17.588851,45.323988
17.587694,45.337131
17.582676,45.339909
17.58409,45.337117
17.582561,45.335531
17.581169,45.340223
17.599744,45.336719
17.590828,45.331141
17.590594,45.331241
17.592043,45.330901
17.59778,45.330157
17.593525,45.33271
17.593736,45.333565
17.598957,45.33259
17.602426,45.329978
17.592809,45.331067
17.595487,45.331226
17.592706,45.32908
17.599472,45.334369
17.593932,45.330769
17.598242,45.33228
17.605167,45.330154
17.597461,45.331908
17.589296,45.331521
17.59153,45.331019
17.594169,45.330744
17.598368,45.330102
17.593848,45.332316
17.598243,45.331867
17.599321,45.330117
17.600869,45.330534
17.595376,45.330705
17.594419,45.330445
17.592092,45.32918
17.600624,45.330065
17.594525,45.330718
17.594751,45.330851
17.599556,45.334765
17.594144,45.331722
17.599199,45.333036
17.59611,45.330187
17.60622,45.330116
17.592899,45.329026
17.597158,45.331843
17.604848,45.329859
17.594211,45.332873
17.60096,45.330054
17.594037,45.331142
17.590133,45.331333
17.592483,45.329082
17.593384,45.331237
17.60122,45.33051
17.591732,45.329804
17.597682,45.33166
17.603399,45.330286
17.591547,45.3293
17.602941,45.330331
17.595965,45.331019
17.596548,45.33009
17.595701,45.331206
17.599528,45.333402
17.603985,45.330247
17.593561,45.331032
17.59361,45.332579
17.591899,45.329212
17.595784,45.330406
17.599146,45.333237
17.599856,45.332514
17.59131,45.329865
17.602499,45.330278
17.597128,45.330246
17.597395,45.330618
17.596126,45.330057
17.592174,45.329484
17.604751,45.330179
17.595937,45.331332
17.603224,45.330307
17.592351,45.329114
17.592111,45.331297
17.593244,45.329283
17.598912,45.332071
17.601262,45.330052
17.599533,45.333975
17.59484,45.331088
17.594053,45.33307
17.606621,45.330156
17.596495,45.330376
17.60209,45.33044
17.600736,45.33006
17.59261,45.32941
17.596306,45.330963
17.594198,45.331892
17.597972,45.33023
17.599566,45.330108
17.603756,45.330261
17.599137,45.335032
17.591217,45.32959
17.591266,45.329724
17.600462,45.330377
17.59522,45.330465
17.605611,45.330125
17.604454,45.329913
17.603579,45.330274
17.593671,45.332437
17.602355,45.330335
17.598044,45.332249
17.599081,45.330134
17.601596,45.330324
17.596829,45.332063
17.601409,45.330361
17.596171,45.330772
17.595397,45.330406
17.598969,45.334335
17.604137,45.33023
17.599792,45.33653
17.599782,45.331991
17.600646,45.330383
17.599733,45.330442
17.59854,45.332302
17.596917,45.330898
17.591172,45.329453
17.605037,45.330172
17.592809,45.329347
17.59979,45.332924
17.593838,45.333407
17.596006,45.330372
17.601007,45.330383
17.600452,45.330039
17.60022,45.330136
17.594606,45.332305
17.60545,45.33013
17.591614,45.331351
17.598561,45.330163
17.601869,45.330414
17.589778,45.331411
17.599249,45.335303
17.591637,45.32961
17.599074,45.333546
17.593012,45.329344
17.599558,45.330436
17.594426,45.332595
17.59309,45.332989
17.589445,45.331472
17.598958,45.334716
17.602741,45.330341
17.594932,45.330391
17.599268,45.335752
17.599492,45.33173
17.589569,45.331436
17.594969,45.331864
17.595634,45.33042
17.596584,45.330016
17.598875,45.330115
17.601493,45.330041
17.593947,45.3322
17.606437,45.330075
17.591109,45.331109
17.594918,45.330762
17.599222,45.335176
17.59966,45.333052
17.600164,45.330391
17.592419,45.32944
17.591321,45.330995
17.604542,45.330202
17.599894,45.33042
17.606036,45.330139
17.599476,45.334219
17.594452,45.33242
17.590248,45.331594
17.597362,45.327086
17.597244,45.328176
17.597759,45.324297
17.598317,45.325738
17.59696,45.328862
17.598198,45.325954
17.597019,45.328009
17.597573,45.326694
17.598289,45.32425
17.596688,45.328336
17.59647,45.329309
17.596529,45.329135
17.598306,45.324946
17.600445,45.325218
17.596574,45.328873
17.599311,45.322625
17.597746,45.326271
17.597202,45.328477
17.598093,45.324276
17.598232,45.325136
17.597693,45.326412
17.597895,45.325886
17.596362,45.32948
17.596622,45.328974
17.597654,45.327267
17.598988,45.323999
17.597277,45.327331
17.596119,45.324216
17.597844,45.326764
17.598069,45.326235
17.597512,45.327673
17.594939,45.324319
17.5987,45.324918
17.596922,45.328936
17.598943,45.324201
17.597195,45.327639
17.594302,45.324269
17.59827,45.325839
17.600928,45.325173
17.59679,45.324227
17.598852,45.323429
17.598956,45.324091
17.598701,45.324718
17.594729,45.324287
17.599045,45.323768
17.594525,45.324306
17.597363,45.327909
17.597614,45.324249
17.596703,45.324222
17.598652,45.325038
17.598948,45.323253
17.598398,45.325458
17.598459,45.324201
17.5972,45.327452
17.601207,45.325591
17.598372,45.325641
17.597879,45.325712
17.601126,45.325199
17.597535,45.327541
17.596553,45.328744
17.598412,45.324583
17.59534,45.324355
17.596648,45.32444
17.597798,45.326073
17.596932,45.328111
17.597598,45.326567
17.598506,45.325204
17.599504,45.322836
17.598136,45.325274
17.598693,45.323957
17.598898,45.323342
17.596631,45.328609
17.59798,45.32562
17.598274,45.324848
17.599012,45.324301
17.600476,45.324975
17.597436,45.326948
17.599185,45.323467
17.59654,45.324137
17.596898,45.328255
17.598023,45.326298
17.597746,45.32702
17.597885,45.326704
17.598161,45.32641
17.597647,45.327341
17.597799,45.326889
17.596766,45.329543
17.598371,45.324744
17.597006,45.327911
17.596773,45.328502
17.599359,45.323091
17.598382,45.325547
17.599744,45.32504
17.597232,45.327552
17.59721,45.328306
17.599659,45.322453
17.5977,45.327133
17.596759,45.329398
17.598484,45.325267
17.597306,45.327207
17.596909,45.329106
17.59705,45.328713
17.597446,45.327769
17.600993,45.325476
17.597454,45.32682
17.597605,45.327416
17.598101,45.326147
17.600693,45.325262
17.598117,45.3254
17.598951,45.323123
17.598292,45.326079
17.600236,45.325162
17.59412,45.324319
17.59917,45.323625
17.59731,45.328055
17.597929,45.326616
17.598862,45.324378
17.597139,45.327752
17.594018,45.316473
17.598518,45.317979
17.597033,45.315452
17.596424,45.33153
17.586215,45.298484
17.585934,45.33542
17.599851,45.33273
17.595951,45.324388
17.581118,45.317353
17.592397,45.324276
17.592559,45.324272
17.593247,45.310063
17.590109,45.326072
17.603575,45.315893
17.590658,45.331563
17.589962,45.325662
17.589932,45.325557
17.567568,45.325529
17.568822,45.328487
17.567727,45.326967
17.576391,45.333049
17.565075,45.322321
17.569117,45.328774
17.572592,45.330254
17.574411,45.331717
17.571273,45.328716
17.570381,45.329297
17.567555,45.325837
17.576008,45.333365
17.566933,45.32455
17.565186,45.323249
17.573774,45.331245
17.567622,45.326827
17.573486,45.330955
17.570919,45.328868
17.56922,45.328398
17.566352,45.324582
17.575895,45.333288
17.567632,45.326693
17.568116,45.326738
17.576289,45.333276
17.569347,45.328521
17.576119,45.332979
17.568078,45.326569
17.565647,45.323017
17.568133,45.327637
17.567149,45.325244
17.568747,45.328344
17.568176,45.327713
17.567156,45.32499
17.566679,45.324088
17.568353,45.327922
17.572389,45.328395
17.567966,45.327291
17.567829,45.327265
17.573565,45.331202
17.5716,45.329712
17.569524,45.328828
17.57467,45.331879
17.573188,45.330687
17.573822,45.331399
17.573885,45.330749
17.568576,45.328186
17.568849,45.328669
17.568741,45.329279
17.568973,45.329511
17.569992,45.329146
17.568511,45.327826
17.566881,45.32448
17.56615,45.324305
17.565907,45.323976
17.575583,45.332795
17.566488,45.324796
17.569123,45.329193
17.567299,45.325416
17.571848,45.329182
17.566751,45.32432
17.565959,45.324093
17.565014,45.322954
17.567793,45.327175
17.566618,45.324985
17.566667,45.325246
17.567481,45.325705
17.572742,45.330351
17.565844,45.32351
17.568237,45.327061
17.568358,45.328115
17.576017,45.332798
17.57597,45.332738
17.567243,45.325325
17.567789,45.327072
17.56603,45.323572
17.568826,45.328125
17.568049,45.327468
17.566141,45.323597
17.57449,45.331283
17.574342,45.331656
17.566199,45.32442
17.569488,45.328619
17.568193,45.326943
17.590346,45.32664
17.600226,45.31946
17.897738,45.340128
17.785718,45.41269
17.608986,45.438854
17.518829,45.372835
17.79315,45.398042
17.786794,45.397505
17.788234,45.397529
17.788591,45.397535
17.787875,45.397526
17.792309,45.398624
17.787511,45.397516
17.787151,45.397511
17.788948,45.39754
17.787185,45.396478
17.788823,45.396513
17.788278,45.3965
17.78664,45.396465
17.787731,45.396488
17.669486,45.401105
17.669439,45.401174
17.669378,45.40125
17.664992,45.406501
17.621586,45.323191
17.518343,45.373323
17.766603,45.352503
17.570304,45.345653
17.534249,45.365578
17.614469,45.324673
17.513749,45.341327
17.512272,45.341715
17.504982,45.337962
17.614478,45.32837
17.606977,45.322878
17.60751,45.323172
17.610245,45.322542
17.610358,45.322915
17.611314,45.321003
17.610831,45.320168
17.611563,45.320166
17.753806,45.384611
17.488787,45.458812
17.530788,45.48785
17.590173,45.354227
17.479452,45.387707
17.581189,45.316002
17.58106,45.315922
17.581632,45.317326
17.581787,45.317528
17.581639,45.31746
17.581059,45.317128
17.583782,45.319913
17.579889,45.315177
17.576214,45.333107
17.517168,45.374064
17.513425,45.372528
17.597578,45.324471
17.586187,45.33423
17.598338,45.316339
17.599281,45.317004
17.598517,45.315743
17.752626,45.381214
17.797221,45.362338
17.766628,45.359735
17.728423,45.356489
17.730462,45.356849
17.723779,45.355119
17.810355,45.369246
17.811026,45.364772
17.755779,45.386409
17.755718,45.386579
17.662997,45.407403
17.611866,45.442575
17.514142,45.543809
17.540709,45.327735
17.825101,45.370973
17.729963,45.23058
17.6557,45.415287
17.50744,45.389071
17.536945,45.494189
17.789424,45.363127
17.756678,45.386582
17.729721,45.351282
17.634929,45.447487
17.647223,45.447365
17.656211,45.399991
17.650671,45.399975
17.593202,45.418697
17.594008,45.411818
17.566623,45.439695
17.540445,45.428445
17.625264,45.444735
17.625592,45.444705
17.61794,45.438321
17.541049,45.328084
17.59639,45.324439
17.599353,45.331977
17.792978,45.423957
17.789663,45.42125
17.756821,45.336252
17.82994,45.340742
17.829936,45.340809
17.829946,45.340935
17.586684,45.334231
17.750875,45.329503
17.769679,45.364176
17.598747,45.324601
17.599974,45.324874
17.540847,45.327897
17.620178,45.319667
17.532618,45.338971
17.583259,45.449665
17.60455,45.442119
17.647581,45.42438
17.517789,45.374126
17.761316,45.418527
17.774874,45.415915
17.775167,45.415872
17.776689,45.416478
17.764899,45.44393
17.765244,45.444278
17.771405,45.441899
17.766725,45.437067
17.76513,45.442854
17.765237,45.442691
17.766764,45.436182
17.766602,45.438306
17.765787,45.440825
17.765497,45.441399
17.766271,45.44025
17.765463,45.442405
17.766248,45.441893
17.765459,45.442868
17.76626,45.437193
17.766264,45.441103
17.766242,45.44168
17.766752,45.436325
17.76673,45.436492
17.765768,45.440939
17.765653,45.442008
17.764321,45.443295
17.766239,45.442039
17.764416,45.443673
17.765709,45.442578
17.764667,45.444176
17.76668,45.43779
17.766643,45.43796
17.7662,45.440878
17.766843,45.437408
17.765803,45.440665
17.766583,45.438502
17.766477,45.439754
17.766304,45.440633
17.764722,45.442769
17.764573,45.442929
17.765621,45.44269
17.768733,45.443438
17.765864,45.439979
17.766367,45.440184
17.765984,45.442179
17.765797,45.442451
17.768357,45.443327
17.771568,45.441679
17.766666,45.437567
17.765796,45.441177
17.7648,45.443796
17.7683,45.443052
17.768374,45.443228
17.771741,45.441955
17.766717,45.436732
17.766368,45.439964
17.773293,45.443474
17.766282,45.437039
17.766214,45.438592
17.765142,45.444467
17.765841,45.440516
17.765666,45.441685
17.768365,45.442953
17.766308,45.43732
17.766739,45.43769
17.766199,45.440419
17.766279,45.437529
17.766039,45.439773
17.766639,45.439093
17.766235,45.440749
17.766216,45.441582
17.761235,45.443576
17.765352,45.443007
17.765561,45.444518
17.768489,45.442586
17.766231,45.441239
17.766212,45.441467
17.764418,45.442959
17.764949,45.443127
17.764627,45.4436
17.76558,45.442215
17.765471,45.444859
17.768769,45.442836
17.765719,45.440133
17.765768,45.441056
17.765625,45.441879
17.768288,45.442814
17.768427,45.443562
17.770771,45.442415
17.766264,45.436162
17.766602,45.439265
17.76438,45.444067
17.764344,45.444152
17.542834,45.42611
17.663192,45.44762
17.663026,45.447884
17.662024,45.450162
17.663226,45.447544
17.662284,45.449931
17.665206,45.447786
17.664849,45.448981
17.664698,45.449376
17.664279,45.449384
17.66509,45.448032
17.664612,45.447594
17.664577,45.448576
17.662369,45.448362
17.662104,45.448898
17.665034,45.448508
17.664778,45.449123
17.664564,45.447679
17.662896,45.448841
17.664317,45.449476
17.663643,45.45008
17.663006,45.447297
17.661802,45.44938
17.664499,45.449769
17.661781,45.450529
17.661727,45.449746
17.664478,45.450044
17.664259,45.449218
17.664077,45.449785
17.66214,45.449572
17.665044,45.447091
17.664742,45.449237
17.664403,45.448748
17.663128,45.446991
17.662663,45.448144
17.66468,45.44943
17.664286,45.450447
17.664619,45.448237
17.664266,45.449585
17.663944,45.450273
17.664543,45.447789
17.663874,45.450501
17.662168,45.449318
17.662112,45.449638
17.665034,45.447494
17.663796,45.450185
17.662765,45.447138
17.665113,45.447264
17.664098,45.450034
17.662332,45.449333
17.665026,45.448355
17.66382,45.448939
17.66181,45.449615
17.664405,45.450172
17.664442,45.447195
17.662047,45.449052
17.664352,45.450683
17.66468,45.447371
17.662878,45.447969
17.662245,45.448758
17.661806,45.44951
17.665046,45.447366
17.664618,45.447954
17.664685,45.447042
17.664084,45.44992
17.661341,45.450451
17.661943,45.450011
17.663168,45.449112
17.659502,45.438497
17.663172,45.447784
17.671256,45.436133
17.674603,45.436156
17.671716,45.436857
17.674766,45.436144
17.67454,45.436586
17.667982,45.43761
17.669426,45.436577
17.67284,45.436701
17.667832,45.43761
17.669593,45.436538
17.66725,45.438489
17.672197,45.43827
17.664556,45.437019
17.667524,45.437644
17.667085,45.43787
17.667337,45.438802
17.673316,45.437179
17.669612,45.436946
17.672924,45.436184
17.677304,45.435892
17.667693,45.438673
17.668538,45.4376
17.668767,45.437272
17.665158,45.434494
17.665215,45.434641
17.667891,45.437948
17.66752,45.438214
17.667591,45.438519
17.667338,45.436902
17.673947,45.43621
17.666126,45.437979
17.666184,45.438122
17.666362,45.437373
17.668807,45.437031
17.673791,45.436542
17.668103,45.438762
17.665031,45.43719
17.665901,45.436208
17.667366,45.437668
17.669307,45.43791
17.667664,45.437186
17.673387,45.435219
17.665372,45.435357
17.665388,45.435786
17.666486,45.438914
17.665921,45.436723
17.668358,45.43788
17.666991,45.437549
17.672341,45.438674
17.666839,45.436998
17.675607,45.436064
17.668402,45.438369
17.665343,45.435201
17.666455,45.438633
17.665893,45.436101
17.668238,45.437581
17.667709,45.437974
17.667158,45.43817
17.673565,45.435337
17.67244,45.436813
17.675057,45.436542
17.667487,45.438061
17.672748,45.438008
17.672351,45.437998
17.667831,45.437166
17.670577,45.436896
17.675988,45.436012
17.669232,45.437313
17.665395,45.436423
17.665937,45.436925
17.663709,45.438332
17.667555,45.438369
17.668839,45.438046
17.666715,45.437369
17.668426,45.437053
17.673432,45.436566
17.667857,45.438559
17.668113,45.438231
17.668003,45.438851
17.667133,45.438026
17.667174,45.438362
17.672847,45.4371
17.673031,45.437609
17.672513,45.437784
17.672427,45.43842
17.666922,45.437295
17.667144,45.437258
17.673716,45.436261
17.67722,45.435621
17.668313,45.438918
17.666065,45.437764
17.666299,45.438474
17.665931,45.434176
17.668126,45.437921
17.667037,45.437709
17.667291,45.438637
17.673286,45.436896
17.6719,45.438772
17.66898,45.438118
17.668861,45.436691
17.669349,45.436968
17.677222,45.435494
17.682688,45.437164
17.668489,45.438974
17.668173,45.438651
17.668705,45.437993
17.666117,45.434375
17.665869,45.43598
17.665953,45.437071
17.672195,45.438102
17.66916,45.438187
17.674312,45.436167
17.676477,45.435782
17.668625,45.43752
17.668702,45.437406
17.668616,45.43812
17.665406,45.436293
17.66569,45.438891
17.666996,45.434337
17.672804,45.437202
17.66916,45.437835
17.666503,45.436997
17.667724,45.436849
17.671106,45.436886
17.671248,45.436875
17.673239,45.436593
17.675005,45.436125
17.674118,45.436599
17.668002,45.438378
17.665268,45.434912
17.666707,45.433594
17.665846,45.435482
17.6691,45.436643
17.672016,45.436789
17.668304,45.438486
17.666006,45.437566
17.666234,45.438242
17.666413,45.438846
17.665897,45.436324
17.667375,45.437239
17.668108,45.437097
17.666336,45.437088
17.670498,45.436226
17.669811,45.436927
17.680968,45.435547
17.665245,45.43477
17.665406,45.435976
17.665418,45.43619
17.66892,45.437749
17.668524,45.438242
17.665906,45.436458
17.673256,45.437379
17.661077,45.444737
17.663016,45.442047
17.662777,45.442049
17.660948,45.438416
17.6733,45.437038
17.660299,45.443465
17.666628,45.442673
17.669513,45.437963
17.667398,45.439851
17.660573,45.444633
17.670306,45.441701
17.672905,45.442033
17.672735,45.443696
17.669372,45.438307
17.673326,45.43588
17.66821,45.438122
17.663038,45.442851
17.663042,45.442305
17.659956,45.442276
17.667479,45.441243
17.668319,45.439427
17.660628,45.44493
17.660562,45.444486
17.660342,45.443646
17.665962,45.434032
17.665262,45.445122
17.665253,45.44362
17.663522,45.442355
17.668134,45.440268
17.672127,45.435782
17.673335,45.443424
17.661776,45.438909
17.660884,45.438195
17.673499,45.43609
17.66296,45.442723
17.670901,45.434004
17.672688,45.437437
17.676337,45.435994
17.677628,45.437315
17.660251,45.443245
17.668739,45.439041
17.668157,45.43997
17.666314,45.433134
17.670925,45.439742
17.669611,45.443223
17.671113,45.442115
17.671449,45.44243
17.673972,45.444013
17.671819,45.445181
17.670699,45.442057
17.669718,45.442676
17.669712,45.442307
17.672278,45.445261
17.671954,45.442002
17.67439,45.443776
17.669539,45.442312
17.671727,45.43969
17.673077,45.442549
17.673184,45.442792
17.672163,45.444847
17.669027,45.441551
17.669495,45.442696
17.671575,45.439886
17.671642,45.440517
17.671901,45.441755
17.673297,45.443313
17.672192,45.445424
17.672138,45.442329
17.670868,45.442127
17.670194,45.443092
17.668983,45.442404
17.671741,45.440692
17.671148,45.440371
17.671949,45.440837
17.672183,45.441553
17.67116,45.442472
17.670606,45.442765
17.670296,45.442225
17.669153,45.442364
17.670951,45.440044
17.673011,45.442418
17.669049,45.442826
17.672018,45.439165
17.671395,45.441212
17.672892,45.442173
17.673025,45.444283
17.671654,45.445204
17.670474,45.442213
17.670128,45.442636
17.672165,45.441269
17.672693,45.443818
17.672021,45.445141
17.672154,45.445038
17.669881,45.442282
17.671715,45.44022
17.672017,45.441126
17.670276,45.441906
17.673122,45.442684
17.672782,45.443957
17.671828,45.439511
17.67251,45.441835
17.671273,45.439661
17.671201,45.439774
17.671167,45.440701
17.673285,45.443083
17.673779,45.443791
17.670964,45.439923
17.673995,45.444173
17.672365,45.442406
17.669325,45.441589
17.671512,45.44006
17.671584,45.440348
17.671848,45.441561
17.673147,45.445135
17.669925,45.449295
17.673011,45.446463
17.673495,45.443604
17.670839,45.446588
17.673076,45.4456
17.66357,45.446058
17.666801,45.444
17.663674,45.44626
17.668547,45.441814
17.666284,45.443979
17.660479,45.444065
17.663876,45.445769
17.66365,45.44636
17.662525,45.440776
17.662682,45.444368
17.66668,45.443446
17.666993,45.443313
17.666588,45.443504
17.668665,45.442417
17.66748,45.443044
17.66731,45.443112
17.666405,45.444087
17.667222,45.443322
17.666857,45.443413
17.667402,45.439559
17.66229,45.442364
17.665615,45.43999
17.66676,45.439439
17.666249,45.441208
17.665986,45.441723
17.6659,45.44187
17.665788,45.4422
17.665715,45.443023
17.668081,45.442777
17.666407,45.443746
17.664336,45.444403
17.663224,45.446792
17.66681,45.440216
17.660597,45.44477
17.660489,45.444217
17.666195,45.441348
17.666035,45.441603
17.665556,45.446931
17.664796,45.446071
17.668407,45.442739
17.664044,45.44519
17.667943,45.44358
17.664252,45.443734
17.663198,45.443643
17.662063,45.442834
17.661116,45.445135
17.66038,45.443783
17.664709,45.442465
17.665659,45.44323
17.665237,45.446134
17.667742,45.442792
17.668191,45.442441
17.666665,45.444517
17.667795,45.443661
17.662001,45.444736
17.667395,45.441363
17.666539,45.439198
17.665098,45.446454
17.664744,45.446481
17.66415,45.444906
17.663957,45.445455
17.66536,45.441901
17.666111,45.441471
17.665185,45.44568
17.66277,45.446891
17.665703,45.444806
17.666573,45.444616
17.662797,45.443609
17.662129,45.444432
17.665621,45.442599
17.665181,45.445813
17.664666,45.445361
17.66361,45.445931
17.660351,45.445562
17.665457,45.444886
17.666033,45.444412
17.667108,45.444108
17.667464,45.443871
17.662321,45.442047
17.662319,45.442524
17.662133,45.443266
17.662153,45.443374
17.662235,45.44368
17.662321,45.445237
17.66227,45.443878
17.661131,45.445264
17.665184,45.44553
17.665138,45.446732
17.664067,45.445043
17.667114,45.43989
17.667268,45.439701
17.665403,45.44464
17.666003,45.444666
17.667113,45.443751
17.662575,45.443319
17.662962,45.443624
17.661844,45.441851
17.662425,45.442896
17.662416,45.444955
17.661837,45.445199
17.661085,45.444855
17.661079,45.444572
17.665881,45.442035
17.6657,45.44235
17.665104,45.446285
17.665675,45.444557
17.664037,45.444039
17.662582,45.443595
17.662296,45.444277
17.66871,45.441555
17.664484,45.444082
17.665084,45.444742
17.668733,45.442705
17.66419,45.444736
17.666969,45.440032
17.662996,45.443342
17.662423,45.443042
17.662206,45.443601
17.664959,45.441866
17.665185,45.445317
17.663681,45.445639
17.666371,45.444278
17.667006,45.44381
17.664194,45.444397
17.663307,45.444151
17.661888,45.441996
17.662238,45.444031
17.666439,45.442673
17.665857,45.444743
17.663489,45.446462
17.667644,45.443763
17.663001,45.443197
17.662338,45.442604
17.661108,45.444994
17.667026,45.440552
17.666606,45.440538
17.665658,45.442499
17.665367,45.446653
17.667557,45.439392
17.667784,45.439101
17.666002,45.444152
17.663407,45.443672
17.661887,45.44504
17.668189,45.439848
17.668388,45.441669
17.666418,45.440862
17.664736,45.446292
17.664246,45.444607
17.663475,45.446651
17.666794,45.444399
17.663807,45.444303
17.662309,45.442183
17.662662,45.444212
17.662354,45.445094
17.661952,45.444888
17.660648,45.445044
17.660431,45.443922
17.664747,45.440986
17.666537,45.44072
17.664692,45.446727
17.667662,45.439251
17.663013,45.443043
17.663808,45.443835
17.662521,45.443174
17.662512,45.444648
17.662466,45.444807
17.660673,45.445171
17.660848,45.443867
17.666683,45.440375
17.665222,45.445989
17.664785,45.44586
17.663978,45.444324
17.662041,45.44459
17.662155,45.445592
17.667027,45.442182
17.660838,45.443726
17.668709,45.44188
17.664601,45.443768
17.666332,45.441044
17.664706,45.445529
17.664668,45.44571
17.664719,45.446898
17.661655,45.44554
17.668244,45.439721
17.668173,45.440131
17.663041,45.442453
17.660598,45.445553
17.668018,45.440863
17.661224,45.445527
17.663347,45.44389
17.663361,45.443805
17.661972,45.446284
17.661388,45.446466
17.668147,45.440435
17.660711,45.445317
17.66198,45.446137
17.665143,45.446621
17.661908,45.446471
17.662005,45.44571
17.666881,45.442483
17.667787,45.440957
17.665095,45.441265
17.667658,45.441094
17.664676,45.446151
17.661886,45.453044
17.661728,45.452929
17.664102,45.45246
17.663859,45.451999
17.663658,45.452339
17.663728,45.452852
17.664112,45.453447
17.665052,45.454328
17.662582,45.454051
17.661968,45.454039
17.664119,45.452279
17.662015,45.452999
17.664386,45.45108
17.663269,45.453601
17.663526,45.452681
17.663839,45.452663
17.663662,45.452427
17.6647,45.454286
17.664857,45.453653
17.665306,45.454331
17.662481,45.454253
17.661961,45.453837
17.663614,45.453536
17.662158,45.453715
17.661308,45.45313
17.665088,45.454175
17.66484,45.454445
17.6635,45.453173
17.663676,45.452187
17.662145,45.453362
17.664993,45.454753
17.663466,45.454035
17.663609,45.452555
17.663021,45.453162
17.664205,45.452069
17.664573,45.453648
17.664911,45.455329
17.664987,45.455492
17.663566,45.453039
17.663234,45.453694
17.66386,45.451796
17.663129,45.452785
17.663087,45.453332
17.662075,45.453559
17.663938,45.453374
17.663813,45.453548
17.665013,45.455673
17.664272,45.45372
17.664342,45.453555
17.66439,45.451414
17.663592,45.451037
17.662338,45.454348
17.662011,45.454778
17.661438,45.454034
17.664495,45.451276
17.661375,45.454254
17.664697,45.4558
17.658694,45.468004
17.652547,45.467436
17.656017,45.460494
17.657155,45.467926
17.658699,45.467133
17.656616,45.465682
17.654591,45.463684
17.656933,45.465645
17.65591,45.461123
17.65394,45.464232
17.656166,45.460539
17.65772,45.464938
17.655515,45.462788
17.656452,45.460717
17.650638,45.467516
17.658528,45.461859
17.655039,45.463263
17.65542,45.462626
17.656314,45.460585
17.654529,45.466774
17.658537,45.462173
17.657458,45.465121
17.655106,45.4631
17.656334,45.460848
17.654979,45.459633
17.657583,45.465037
17.65688,45.465231
17.654393,45.463844
17.656566,45.460323
17.655292,45.461698
17.656579,45.465644
17.656449,45.461763
17.651624,45.466601
17.65809,45.464373
17.654385,45.466828
17.654238,45.464001
17.655329,45.461274
17.654837,45.466559
17.654499,45.466982
17.657527,45.461925
17.655324,45.461755
17.653575,45.465995
17.655504,45.46216
17.657092,45.465859
17.656122,45.462113
17.657925,45.464071
17.655349,45.464745
17.653594,45.465467
17.657638,45.461565
17.657499,45.462079
17.659563,45.46778
17.655506,45.464637
17.656657,45.461295
17.654653,45.466672
17.655011,45.466753
17.658379,45.462313
17.658501,45.458989
17.658659,45.464773
17.655968,45.465921
17.656239,45.462318
17.658892,45.458207
17.659317,45.459481
17.658651,45.458524
17.658476,45.458644
17.655224,45.461384
17.655123,45.466341
17.659087,45.464637
17.651958,45.46749
17.655198,45.460177
17.657951,45.464178
17.656801,45.461697
17.65849,45.459392
17.656166,45.465849
17.658699,45.46428
17.658253,45.464552
17.654722,45.467045
17.65494,45.45986
17.659184,45.461115
17.657388,45.460316
17.659728,45.457182
17.659212,45.464412
17.658816,45.465038
17.655345,45.461116
17.653975,45.459603
17.65565,45.460856
17.656532,45.465509
17.657501,45.464747
17.662246,45.456551
17.66042,45.457662
17.654567,45.459589
17.656889,45.465529
17.662693,45.456736
17.654761,45.465122
17.65611,45.462014
17.662519,45.454897
17.662074,45.455326
17.662041,45.455736
17.655309,45.461195
17.654675,45.463576
17.654853,45.463395
17.658269,45.463473
17.661954,45.456665
17.660609,45.458462
17.655588,45.461472
17.658123,45.463632
17.655639,45.462465
17.658217,45.46315
17.660619,45.458673
17.661133,45.458556
17.661636,45.456101
17.659491,45.459168
17.654418,45.464464
17.655831,45.460458
17.654466,45.459358
17.662569,45.456471
17.660035,45.458656
17.655338,45.461792
17.655137,45.459915
17.656963,45.465027
17.662532,45.456906
17.658714,45.46077
17.658314,45.462496
17.655826,45.462696
17.655215,45.460319
17.657525,45.464851
17.660866,45.458469
17.66223,45.458281
17.658937,45.460853
17.659933,45.461311
17.663213,45.45438
17.659962,45.458461
17.658903,45.460219
17.661155,45.455939
17.659632,45.458099
17.655322,45.462949
17.655346,45.460596
17.659699,45.461231
17.659272,45.460974
17.659517,45.460976
17.662728,45.454393
17.659993,45.45823
17.659632,45.458989
17.659424,45.45934
17.658631,45.458045
17.658232,45.462979
17.661344,45.454531
17.658351,45.463368
17.656261,45.462628
17.65889,45.46005
17.660936,45.456587
17.655348,45.460894
17.661522,45.456573
17.655799,45.464433
17.661718,45.455995
17.658712,45.459097
17.655596,45.462308
17.655115,45.464967
17.659111,45.460886
17.662122,45.454622
17.658767,45.461036
17.658608,45.457621
17.654509,45.459444
17.656453,45.465406
17.657309,45.464583
17.660572,45.457553
17.658945,45.458384
17.660788,45.458729
17.660146,45.461243
17.662228,45.455096
17.661061,45.45686
17.659028,45.459833
17.66228,45.454448
17.658757,45.464612
17.658797,45.461241
17.658285,45.462836
17.6553,45.460721
17.657926,45.463954
17.662106,45.45654
17.656677,45.461535
17.661943,45.455534
17.661233,45.456127
17.658794,45.463871
17.658367,45.462023
17.658267,45.457804
17.658912,45.457537
17.654308,45.464685
17.655547,45.461524
17.661511,45.456263
17.659224,45.45958
17.661005,45.456459
17.658688,45.463657
17.658612,45.46158
17.661777,45.456619
17.661794,45.458564
17.65848,45.460608
17.662655,45.454537
17.662487,45.454702
17.660672,45.457392
17.660094,45.457937
17.658877,45.464093
17.658362,45.464342
17.658507,45.458758
17.659554,45.462833
17.660989,45.457051
17.662012,45.455029
17.659605,45.464529
17.658546,45.458837
17.658761,45.457727
17.661278,45.45656
17.65893,45.459939
17.658708,45.460489
17.659406,45.464164
17.659268,45.464889
17.657195,45.462869
17.659054,45.457315
17.658488,45.463256
17.658817,45.46455
17.662136,45.456746
17.655236,45.464853
17.657053,45.463527
17.658504,45.464311
17.659244,45.457191
17.659561,45.457118
17.65751,45.469282
17.763558,45.359034
17.550548,45.335094
17.554718,45.335536
17.550172,45.334612
17.549981,45.334457
17.550005,45.334537
17.549566,45.338235
17.55002,45.337411
17.551028,45.33494
17.556228,45.335196
17.552182,45.336881
17.550572,45.337505
17.549417,45.33328
17.550395,45.337684
17.550633,45.335173
17.549862,45.337541
17.549522,45.337751
17.549066,45.338054
17.555401,45.335353
17.549891,45.33363
17.551233,45.335779
17.551471,45.335997
17.554121,45.335771
17.555258,45.335724
17.54945,45.337834
17.553481,45.335986
17.550133,45.33411
17.555583,45.33531
17.550327,45.334349
17.550226,45.334703
17.553292,45.336053
17.555108,45.335443
17.550784,45.335344
17.553131,45.336395
17.551069,45.336912
17.551497,45.335415
17.551048,45.335628
17.549163,45.332718
17.55476,45.335867
17.552224,45.336264
17.552681,45.336245
17.54949,45.333421
17.5579,45.334882
17.549648,45.333881
17.549686,45.337645
17.549124,45.33847
17.550245,45.337331
17.550723,45.337095
17.553739,45.335901
17.553155,45.336092
17.55363,45.336255
17.55434,45.335727
17.55382,45.335763
17.554996,45.335482
17.549345,45.338291
17.55017,45.333948
17.549752,45.334103
17.551658,45.336192
17.552877,45.336186
17.556684,45.335036
17.550197,45.334217
17.552539,45.336318
17.549876,45.337953
17.551351,45.336777
17.558051,45.33482
17.551696,45.335754
17.556392,45.335562
17.551705,45.336618
17.555743,45.335199
17.550899,45.337008
17.555052,45.335803
17.554657,45.335942
17.551945,45.336539
17.554409,45.33602
17.549773,45.333344
17.557514,45.335064
17.549565,45.333621
17.552394,45.336664
17.551566,45.335507
17.551535,45.336693
17.549936,45.333808
17.550504,45.334553
17.550609,45.334637
17.788581,45.362804
17.595082,45.332094
17.509575,45.539618
17.834854,45.325185
17.528375,45.367606
17.536439,45.363753
17.758397,45.334518
17.528273,45.366589
17.794407,45.41863
17.832623,45.340782
17.790681,45.432774
17.576203,45.414463
17.59727,45.32861
17.597435,45.328637
17.60995,45.32602
17.609981,45.325893
17.609819,45.325573
17.609823,45.325491
17.609862,45.325747
17.609802,45.32542
17.609942,45.325816
17.609777,45.325334
17.657617,45.461793
17.541371,45.358687
17.541258,45.358604
17.63765,45.447087
17.637902,45.44712
17.755266,45.33807
17.519672,45.370727
17.811752,45.371017
17.589261,45.349967
17.53898,45.500604
17.539076,45.500759
17.756379,45.340163
17.673491,45.443745
17.783497,45.444553
17.660418,45.458707
17.671988,45.403185
17.823614,45.369208
17.535546,45.490073
17.568083,45.384229
17.657043,45.464875
17.502339,45.467071
17.750445,45.327223
17.844821,45.354578
17.568855,45.383685
17.664662,45.445442
17.647301,45.446635
17.787354,45.415274
17.581975,45.34014
17.809972,45.363906
17.761813,45.34065
17.53045,45.365316
17.590348,45.331276
17.670833,45.442473
17.67081,45.442841
17.766685,45.359477
17.810903,45.425597
17.610021,45.434584
17.593266,45.417068
17.614215,45.446658
17.493043,45.409985
17.595949,45.351985
17.831429,45.426382
17.66987,45.441929
17.532942,45.48947
17.581132,45.407329
17.786638,45.362222
17.662314,45.448565
17.593265,45.416766
17.59902,45.316986
17.553131,45.354646
17.492936,45.409952
17.493165,45.409999
17.593167,45.418937
17.593379,45.41895
17.810954,45.3681
17.855008,45.331898
17.634716,45.443016
17.766305,45.442152
17.766481,45.442235
17.503625,45.47254
17.66727,45.441639
17.662012,45.442618
17.661999,45.442558
17.770386,45.357471
17.67298,45.43784
17.765507,45.357605
17.646296,45.400784
17.767177,45.442564
17.766457,45.442515
17.675794,45.436501
17.764569,45.362794
17.798278,45.362937
17.616906,45.446289
17.658158,45.457293
17.764697,45.35759
17.503546,45.399291
17.671111,45.449192
17.503906,45.399511
17.626836,45.439248
17.728217,45.230309
17.609282,45.324352
17.537374,45.33909
17.622622,45.323396
17.736718,45.357702
17.731502,45.3568
17.731727,45.356824
17.738713,45.360765
17.498456,45.381231
17.729039,45.356514
17.756482,45.336318
17.761319,45.351702
17.77582,45.359646
17.735301,45.377117
17.671299,45.397338
17.659174,45.459732
17.48704,45.350807
17.671996,45.439212
17.763961,45.359336
17.796632,45.362563
17.66982,45.443283
17.597001,45.456478
17.762622,45.357326
17.762434,45.357217
17.751783,45.327923
17.751118,45.327618
17.660081,45.445567
17.648488,45.424112
17.655496,45.440775
17.763064,45.355566
17.766751,45.359168
17.766747,45.359355
17.518508,45.372179
17.604856,45.440097
17.644284,45.395571
17.753917,45.328219
17.829337,45.343756
17.753221,45.38654
17.769357,45.357485
17.799005,45.421823
17.64647,45.446819
17.823207,45.370986
17.790396,45.417447
17.789358,45.415902
17.632289,45.326933
17.868244,45.351746
17.868234,45.351626
17.576406,45.333424
17.576057,45.333481
17.564931,45.322755
17.564717,45.32284
17.530448,45.364632
17.565677,45.393041
17.772619,45.35852
17.59135,45.330008
17.635486,45.440475
17.789461,45.398394
17.790376,45.398565
17.655221,45.416652
17.792941,45.418564
17.581119,45.406415
17.580923,45.451328
17.769739,45.362035
17.597341,45.316267
17.593546,45.309709
17.667991,45.402097
17.58725,45.451021
17.757208,45.351655
17.769679,45.362936
17.758186,45.338321
17.658049,45.400826
17.57306,45.34336
17.672868,45.444611
17.507964,45.341999
17.615874,45.445071
17.543265,45.359857
17.562809,45.395146
17.76205,45.354254
17.761975,45.354165
17.565172,45.389181
17.673133,45.33131
17.673173,45.331228
17.926111,45.335017
18.096605,45.307226
18.096244,45.307516
18.096549,45.307616
18.09621,45.30791
18.096146,45.308269
18.096167,45.308774
18.096613,45.30926
18.096336,45.309334
18.096771,45.309835
18.09644,45.30996
18.096459,45.310159
18.097132,45.309869
18.096873,45.310136
18.096559,45.310379
18.096591,45.310727
18.09718,45.310916
18.097218,45.311088
18.097959,45.311874
18.098013,45.312405
18.095839,45.311135
18.095141,45.310862
17.962787,45.327821
17.96322,45.327505
17.963073,45.326888
17.963699,45.324118
17.963087,45.323542
17.963044,45.323169
18.096043,45.311079
18.056989,45.390079
17.99714,45.378081
17.998168,45.381003
18.096755,45.307043
18.095721,45.307329
18.096142,45.307696
18.096587,45.308027
18.096148,45.308119
18.096643,45.308521
18.096279,45.309667
18.096391,45.309831
18.097647,45.310252
18.097103,45.310798
18.09591,45.311488
18.095109,45.311174
17.962847,45.328492
17.962844,45.328275
17.962502,45.325958
17.985085,45.36912
17.99625,45.378467
17.997312,45.380012
17.998186,45.379738
17.998924,45.380256
17.999702,45.380766
18.000259,45.380844
18.096227,45.308897
18.09697,45.310596
18.097453,45.311439
18.095197,45.310979
17.984559,45.372749
18.038376,45.346496
18.096296,45.307102
18.096822,45.309928
18.096954,45.310204
17.988582,45.384104
18.051044,45.390025
17.996468,45.376484
17.996677,45.376833
18.041497,45.344966
17.98484,45.37072
17.99604,45.378529
17.998469,45.380436
17.998147,45.382262
17.998352,45.383101
18.000139,45.380728
17.96265,45.325427
17.963034,45.323292
18.054318,45.389993
18.053131,45.389943
18.051924,45.389943
18.051505,45.389926
18.048375,45.389789
17.998057,45.374591
17.997707,45.375176
17.99602,45.376265
17.997433,45.379745
17.998353,45.379991
17.963528,45.325704
18.054708,45.390018
18.054001,45.389995
18.052862,45.389755
18.05276,45.389985
18.040313,45.345197
18.042,45.344804
17.962972,45.324169
17.963714,45.323805
17.984626,45.369478
17.98997,45.38595
18.056099,45.390124
18.054559,45.389815
18.049018,45.389668
17.99748,45.375758
17.997074,45.377592
17.997194,45.379971
17.997763,45.379773
17.998518,45.380147
17.963516,45.324263
18.056445,45.390112
18.053331,45.38974
18.049304,45.390005
18.036432,45.346531
18.042147,45.345349
18.044174,45.3445
17.963226,45.323796
18.039496,45.346356
18.041753,45.344882
17.984573,45.370026
18.057879,45.390113
18.056684,45.389849
18.054361,45.388726
17.998294,45.381851
17.999472,45.380406
18.040988,45.345108
18.043104,45.344707
18.04407,45.34447
18.038804,45.346448
18.038964,45.346417
18.043415,45.344683
18.04003,45.345414
17.955579,45.348745
17.954712,45.344286
17.955573,45.343858
17.955471,45.342789
17.955203,45.341667
17.95542,45.339137
18.040458,45.345164
18.042299,45.344828
18.044407,45.344405
17.95463,45.345263
18.002244,45.334989
18.004808,45.331696
18.00754,45.326734
17.717593,45.416874
18.039198,45.346398
18.040198,45.34522
18.04121,45.34499
18.042658,45.345117
18.043478,45.344991
17.955205,45.350063
17.955466,45.343625
18.036649,45.346207
18.038595,45.346168
18.040723,45.345119
18.043614,45.344634
18.04463,45.344823
17.957536,45.348474
18.042561,45.344764
18.041154,45.345483
17.955171,45.348951
17.957556,45.348762
17.955021,45.347443
17.954997,45.347129
17.955324,45.345518
17.955757,45.338227
18.036363,45.346164
18.037664,45.346529
18.044656,45.345256
17.955347,45.340764
17.955322,45.340363
18.004177,45.332326
18.002619,45.333511
17.955155,45.349611
17.958965,45.349211
17.953216,45.34688
17.95468,45.34379
17.955577,45.341524
17.956517,45.337811
17.999536,45.336741
17.997838,45.337411
18.005333,45.329343
18.005642,45.328989
18.007114,45.325283
18.007174,45.322843
17.981144,45.362643
17.981507,45.362331
17.983924,45.361137
17.968588,45.372721
17.969262,45.372566
17.969815,45.372109
17.970696,45.371494
17.971704,45.370232
17.973106,45.369132
17.973952,45.368434
17.974645,45.367876
17.956768,45.348179
17.956994,45.34822
17.955573,45.347642
17.954715,45.345596
17.955239,45.339835
17.955659,45.338531
17.956318,45.338095
17.958305,45.337227
17.970504,45.371181
17.972785,45.369277
17.974776,45.368271
18.08483,45.37589
17.957313,45.348636
17.955572,45.347407
17.953944,45.346102
17.955424,45.346495
17.955242,45.344499
17.955528,45.338817
18.002562,45.33438
18.008388,45.322633
17.996947,45.337652
17.998031,45.337323
18.007056,45.325791
17.979974,45.363573
17.982355,45.361844
17.982783,45.361587
17.985431,45.360917
17.9757,45.366987
18.012584,45.378346
18.019548,45.382016
18.02208,45.386598
18.022358,45.388528
17.958667,45.349091
17.953064,45.347175
17.955304,45.345386
17.954734,45.344606
17.954682,45.342903
17.955601,45.341708
17.954912,45.340694
17.956815,45.336845
17.997242,45.337915
18.001922,45.335897
18.002104,45.335901
17.999643,45.335909
18.003356,45.332802
18.003699,45.332313
18.006141,45.32822
17.97867,45.365027
17.970037,45.37151
17.974473,45.36838
17.975826,45.36731
17.975837,45.366872
18.084604,45.376096
18.008066,45.371126
18.009125,45.372261
18.012326,45.37804
18.019267,45.378214
18.021148,45.382358
18.021719,45.383344
17.95666,45.337584
18.002231,45.335888
18.00251,45.334271
17.994466,45.338325
17.978634,45.364696
17.979069,45.364717
17.973519,45.36916
17.975695,45.367427
18.080418,45.379798
18.012425,45.378248
18.014024,45.37965
18.016099,45.381193
18.019937,45.382202
18.020223,45.382406
18.022151,45.387034
17.955609,45.349574
17.95531,45.345789
17.955266,45.344885
17.9557,45.3421
18.001879,45.333024
17.983083,45.361801
17.984977,45.361028
17.969545,45.372405
17.972073,45.369884
17.974281,45.368189
17.977015,45.365988
18.082444,45.378685
18.08158,45.378972
18.020661,45.382311
18.02218,45.383388
18.021863,45.384456
18.022426,45.385056
18.022065,45.387287
18.022047,45.387841
17.95515,45.349183
17.955171,45.348723
17.95508,45.348277
17.953101,45.346455
17.955362,45.346217
17.955351,45.346003
17.954419,45.343255
17.996253,45.338146
17.99975,45.336412
18.000893,45.335741
18.001639,45.335769
18.001946,45.335265
18.005632,45.329634
18.001699,45.334711
18.001481,45.333653
18.004565,45.330792
18.006994,45.326002
17.980679,45.363057
17.984122,45.361067
17.968219,45.372985
17.97629,45.366422
18.083048,45.377367
18.013357,45.379041
18.01467,45.379896
18.021386,45.379591
18.021859,45.383175
18.022241,45.384504
18.022297,45.38528
18.022707,45.385294
17.955598,45.348031
17.95501,45.347925
17.955513,45.34672
17.955784,45.342991
17.955194,45.339961
18.001629,45.335546
18.00311,45.333645
18.008236,45.323223
18.005137,45.329808
17.979618,45.364316
17.968387,45.372836
17.97032,45.37133
17.972122,45.370268
18.087684,45.376322
18.082869,45.377751
18.022919,45.384171
18.088369,45.372118
17.955408,45.350447
17.956663,45.348441
17.955473,45.346853
17.955462,45.341176
18.002439,45.334519
18.003442,45.333177
17.994768,45.338111
18.001312,45.33449
18.004598,45.330587
18.00478,45.33031
17.9793,45.364082
17.979698,45.363878
17.98087,45.362901
17.981605,45.362815
17.983775,45.3615
17.971851,45.370077
17.974815,45.367728
18.082357,45.378322
18.01709,45.379625
18.018432,45.381203
18.021081,45.382905
18.022607,45.385827
18.056869,45.290977
18.059607,45.290735
18.059502,45.288687
17.955671,45.350706
17.954706,45.346127
17.955143,45.3446
17.956079,45.343829
17.955342,45.340555
17.955372,45.338459
17.997434,45.337811
17.999979,45.336081
18.003797,45.332805
18.004264,45.332044
18.006809,45.327834
17.981817,45.362736
17.982583,45.361755
17.983013,45.361487
17.968988,45.372744
17.970846,45.371376
17.972462,45.369649
17.972602,45.369544
17.977417,45.366161
18.013611,45.379344
18.022337,45.385477
18.057296,45.290873
18.056914,45.290349
18.056732,45.290784
18.058089,45.2908
18.05941,45.28892
18.059488,45.288216
18.059908,45.289351
18.06064,45.290528
17.953988,45.347274
17.952912,45.346571
17.954992,45.346816
17.954567,45.343558
17.955603,45.341849
18.002777,45.334112
18.006532,45.328482
18.007031,45.327301
17.999518,45.33619
18.001347,45.334558
18.001646,45.334219
18.002408,45.333845
18.002902,45.333215
17.981345,45.362543
17.98174,45.362186
17.983392,45.361264
17.969462,45.372022
18.085114,45.375684
18.083827,45.376561
18.017085,45.380532
18.020328,45.38248
18.022476,45.384951
18.022255,45.386375
18.022046,45.387594
18.090108,45.368126
18.059159,45.288428
18.059518,45.288569
17.999589,45.336547
17.978061,45.365025
17.978242,45.364902
17.968948,45.372428
17.975394,45.367657
18.082,45.378602
18.013541,45.379225
18.01828,45.381089
18.021689,45.383026
18.02255,45.38362
18.022731,45.386172
18.055187,45.288823
18.05546,45.288594
18.058974,45.287701
18.059684,45.287506
18.060976,45.290594
18.0612,45.291045
17.996752,45.337989
18.004882,45.330882
17.997261,45.337616
18.001552,45.334387
18.005787,45.328735
17.981348,45.362911
17.983366,45.361703
17.969304,45.37217
17.974382,45.368603
18.014804,45.380302
18.015687,45.381098
18.022476,45.384835
18.022042,45.387947
18.059954,45.289617
18.061964,45.291138
18.067044,45.293808
18.002305,45.334731
18.00303,45.333906
18.004411,45.331918
18.004116,45.331691
18.004884,45.330131
18.005668,45.328837
17.979252,45.364585
17.968826,45.372866
17.972674,45.36982
17.976209,45.366626
17.97754,45.365459
17.977901,45.365709
18.083978,45.376464
18.016833,45.380029
18.020931,45.382322
18.022332,45.383786
18.022328,45.384119
18.089868,45.368693
18.059124,45.288825
18.060893,45.290971
18.067341,45.293862
18.000616,45.335421
18.003143,45.333028
17.984416,45.361199
17.984436,45.360953
17.969621,45.37188
17.973261,45.369316
17.97377,45.368578
17.974908,45.368027
18.083178,45.377116
18.081128,45.379353
18.017305,45.380602
18.020476,45.382676
18.089178,45.370159
18.089049,45.370441
18.057153,45.291389
18.053795,45.289065
18.058888,45.290781
18.062247,45.291039
17.970122,45.371465
17.975226,45.367793
17.977578,45.365991
18.080165,45.379922
18.016145,45.381584
18.015993,45.380385
18.022906,45.384298
18.021971,45.387722
18.088324,45.372978
18.055427,45.289286
18.055155,45.288975
18.06177,45.290978
18.06409,45.293526
18.085416,45.375797
18.014174,45.379738
18.021124,45.382551
18.020895,45.382816
18.02125,45.383027
18.022289,45.385943
18.058309,45.290794
18.06047,45.290435
18.066859,45.293814
18.012578,45.378478
18.02024,45.382749
18.021356,45.382839
18.022237,45.384659
18.056941,45.291098
18.056527,45.290193
18.05557,45.288935
18.059475,45.290861
18.059323,45.289957
18.059507,45.287963
18.05956,45.288434
18.061361,45.290644
18.066433,45.293941
18.056442,45.290561
18.062828,45.293144
18.065333,45.294046
18.089745,45.368954
18.088567,45.371606
18.056788,45.290859
18.057616,45.290665
18.059374,45.289231
18.059187,45.288072
18.059535,45.287789
18.054784,45.287164
18.058974,45.290545
18.059,45.29075
18.06018,45.292847
18.061474,45.293514
18.062815,45.293342
18.05977,45.290451
18.059086,45.28958
18.061875,45.291158
18.056022,45.290022
18.059316,45.290099
18.064094,45.293723
18.060594,45.290799
18.002946,45.315816
17.998429,45.311984
17.995999,45.310669
17.995794,45.310579
17.993149,45.309084
18.001899,45.313364
17.994542,45.309538
17.994105,45.309254
18.002222,45.314739
17.996546,45.310989
17.995241,45.310892
17.998469,45.311588
17.995065,45.309679
17.994371,45.308654
17.996326,45.305159
17.9911,45.30796
17.988582,45.307215
18.029807,45.364096
18.000304,45.313058
17.99672,45.311057
17.993955,45.309669
17.986897,45.307195
17.985041,45.30682
17.99799,45.31147
17.993475,45.308942
17.99411,45.308665
17.993257,45.308088
17.992469,45.30737
17.993401,45.30763
17.987296,45.306965
18.002947,45.315693
17.998306,45.311958
17.991652,45.308497
17.990237,45.307928
17.985166,45.306933
18.025843,45.364448
18.027869,45.364668
18.030929,45.363961
18.032253,45.363438
18.032128,45.363235
18.032225,45.363088
18.052097,45.36063
18.054277,45.36135
18.053767,45.362618
17.99992,45.312946
17.997563,45.311531
17.9962,45.310816
17.986698,45.307113
17.98643,45.307055
17.986157,45.307049
17.99819,45.31146
17.996246,45.310538
17.9961,45.305439
17.9905,45.307713
17.987365,45.306881
18.025725,45.364548
18.02969,45.36385
18.052735,45.36087
18.055279,45.360531
18.056009,45.36178
18.055669,45.361816
18.001128,45.31346
18.000177,45.312963
17.993405,45.309242
17.983092,45.30659
18.000508,45.312845
17.997693,45.311288
17.995897,45.31031
17.994667,45.308636
17.992528,45.307783
17.991696,45.308197
17.99003,45.307552
17.98523,45.306284
18.03083,45.364003
18.031365,45.363875
17.999271,45.312428
17.992429,45.308841
17.987853,45.307451
17.98769,45.307377
17.988133,45.307456
17.992898,45.307101
17.991935,45.308308
18.024822,45.36441
18.026457,45.364335
18.030921,45.363724
18.001698,45.313827
17.995507,45.311286
17.99251,45.309201
17.991217,45.309968
17.992091,45.308598
17.998009,45.311369
17.993033,45.30729
17.994569,45.306533
17.995969,45.305014
17.991039,45.307866
17.990912,45.307824
17.984446,45.306246
18.028237,45.365463
18.028393,45.363671
18.053304,45.362638
18.053362,45.363054
18.048679,45.314793
18.028377,45.297029
18.028002,45.297124
18.020959,45.393427
18.089227,45.359828
18.092623,45.361298
18.078413,45.391546
17.987516,45.307342
17.997773,45.311319
17.990618,45.307785
17.989257,45.307418
18.025519,45.364453
18.027789,45.363877
18.02827,45.364141
18.028552,45.363639
18.031886,45.363362
18.05521,45.3599
18.054018,45.361829
18.054725,45.361693
18.047285,45.31419
18.038263,45.305806
18.03707,45.305183
18.029434,45.297353
18.029032,45.296744
18.02229,45.394268
18.091778,45.360984
17.999048,45.312429
17.995852,45.310636
17.995622,45.310484
17.995011,45.310144
17.985282,45.306776
17.995033,45.309838
17.995765,45.308659
17.995283,45.307109
17.984802,45.306241
17.98359,45.30632
18.024534,45.364472
18.024205,45.363197
18.025564,45.364132
18.027993,45.363854
18.030091,45.364046
18.030139,45.363821
18.047101,45.314423
18.037943,45.305972
18.037503,45.305109
18.036952,45.304811
18.034956,45.304283
18.034009,45.303338
18.030588,45.298188
18.094693,45.364419
18.095132,45.364814
18.094882,45.365899
18.09455,45.367096
18.002586,45.315046
17.997396,45.312021
17.995075,45.310197
17.991443,45.309798
18.003255,45.315122
18.000112,45.312623
17.99925,45.312151
17.985569,45.306627
18.025072,45.364427
18.027002,45.363985
18.027967,45.365298
18.051206,45.36088
18.038322,45.306411
18.038824,45.305933
18.047355,45.314305
18.037541,45.305907
18.032548,45.300885
18.022462,45.392426
18.092223,45.360683
18.095139,45.365094
17.997355,45.311414
17.994953,45.310509
17.987245,45.307264
17.986076,45.307041
17.997139,45.310943
17.997493,45.310248
17.995647,45.308953
17.994963,45.307565
17.993647,45.307501
17.994422,45.306819
17.991521,45.308135
17.98344,45.306336
18.028812,45.36347
18.031551,45.363607
18.052054,45.360777
18.053017,45.360497
18.053768,45.361536
18.046239,45.313191
18.046404,45.313333
18.046751,45.313576
18.04958,45.315173
18.037453,45.30547
18.03039,45.296673
18.094884,45.362243
18.094473,45.362309
17.99796,45.31174
17.995342,45.31031
17.992232,45.308704
17.991924,45.308537
17.989048,45.307684
18.002508,45.31425
17.985779,45.306648
18.025183,45.364433
18.027186,45.36397
18.028797,45.363796
18.053941,45.360844
18.038139,45.306664
18.046144,45.312473
18.046715,45.315036
18.038824,45.304644
18.037418,45.305701
18.035069,45.304168
18.034074,45.303095
18.03036,45.295888
18.022437,45.390814
18.021387,45.392794
18.095065,45.364277
18.094653,45.368703
18.002883,45.31603
17.997779,45.311709
17.993708,45.309384
17.992553,45.309356
17.990348,45.308015
17.984532,45.306576
17.996044,45.310345
17.995645,45.310191
17.996,45.308022
17.992336,45.308399
18.023331,45.36421
18.027425,45.364147
18.027709,45.364133
18.028089,45.364586
18.028051,45.36416
18.029382,45.363821
18.032932,45.362629
18.05471,45.360788
18.054195,45.362126
18.047156,45.314002
18.036298,45.304802
18.035634,45.304146
18.034691,45.302834
18.030114,45.297981
18.030445,45.296311
18.020747,45.392947
18.090236,45.360456
18.094783,45.36525
18.075211,45.392596
18.003484,45.317746
18.002656,45.315121
17.998089,45.311851
17.993879,45.310082
17.99221,45.309436
17.991377,45.309662
17.990739,45.308143
17.988223,45.307472
17.985451,45.30708
18.006157,45.321944
17.998725,45.31186
17.993559,45.308989
17.996201,45.305151
17.989153,45.307369
17.98647,45.306817
18.024761,45.363665
18.02619,45.36412
18.026354,45.364084
18.031796,45.363538
18.050809,45.358237
18.051246,45.361102
18.05153,45.36071
18.054128,45.360532
18.053283,45.36333
18.04579,45.312334
18.046456,45.313668
18.04696,45.313889
18.047358,45.314614
18.046947,45.314806
18.046071,45.315045
18.038634,45.304415
18.037261,45.305399
18.034941,45.304082
18.034753,45.304096
18.031682,45.299659
18.029489,45.296886
18.023958,45.393573
18.089822,45.360377
18.094574,45.363757
18.095142,45.365498
17.998987,45.312285
17.994202,45.31004
17.99526,45.309955
17.994281,45.30864
17.993481,45.308415
17.993105,45.308387
17.992791,45.307894
17.993807,45.307263
17.995059,45.306143
17.996554,45.305637
18.026067,45.364124
18.026947,45.364243
18.02727,45.364221
18.031727,45.363798
18.054505,45.361524
18.046093,45.31307
18.046016,45.313253
18.046356,45.313652
18.048932,45.314847
18.036654,45.304934
18.0314,45.298956
18.029704,45.297791
18.021251,45.395091
18.080565,45.389964
18.077188,45.392484
17.993845,45.308479
17.992581,45.307363
17.995169,45.305249
17.988186,45.307096
18.022805,45.364229
18.025733,45.36414
18.026575,45.364069
18.027343,45.363946
18.031818,45.36377
18.054458,45.361093
18.045641,45.312027
18.034512,45.303714
18.034623,45.303056
18.030374,45.295276
18.094483,45.362523
18.094616,45.368448
18.053708,45.362969
18.038612,45.306014
18.046611,45.313832
18.049036,45.314838
18.034374,45.303536
18.078666,45.390056
18.046866,45.314633
18.037355,45.304947
18.03039,45.298125
18.02996,45.297625
18.028027,45.296699
18.029522,45.296554
18.090994,45.360285
18.092827,45.360969
18.100318,45.363377
18.094646,45.36416
18.094816,45.36571
18.051582,45.361112
18.040787,45.306949
18.046247,45.313478
18.034617,45.303923
18.031425,45.299133
18.030767,45.298318
18.022006,45.394802
18.0948,45.365384
18.038553,45.306176
18.047796,45.31483
18.031472,45.299205
18.03133,45.298874
18.029266,45.296687
18.091515,45.360475
18.09113,45.36072
18.094131,45.361594
18.098426,45.363751
18.095106,45.363735
18.095107,45.364549
18.09468,45.364714
18.046883,45.313712
18.049716,45.314971
18.022392,45.394097
18.093927,45.361533
18.095105,45.366765
18.080152,45.390021
18.045782,45.312706
18.04582,45.313002
18.03773,45.306678
18.035955,45.304685
18.031046,45.298589
18.030291,45.298106
18.02971,45.297425
18.091644,45.360505
18.091915,45.360594
18.094547,45.366776
18.094475,45.369354
18.078163,45.392731
17.926558,45.321819
17.927369,45.327562
17.926655,45.325912
17.92668,45.325679
17.926796,45.321991
17.927935,45.322605
17.924953,45.324479
17.927183,45.326511
17.92769,45.320898
17.926929,45.328817
17.927366,45.328214
17.928167,45.327743
17.927528,45.327388
17.926678,45.321654
17.927548,45.321324
17.925784,45.326199
17.927102,45.327432
17.927325,45.322104
17.927936,45.321538
17.92614,45.32619
17.925221,45.325667
18.068314,45.353093
18.072122,45.35215
18.072482,45.350806
17.928555,45.322865
17.92676,45.326458
17.927077,45.327767
17.927006,45.326934
18.06487,45.352198
18.071714,45.352089
18.082835,45.35658
18.063578,45.352223
18.070219,45.355973
17.927319,45.322965
17.926513,45.326737
18.067873,45.352962
18.071313,45.353753
18.071646,45.353792
18.072008,45.352682
18.071837,45.351828
18.075804,45.354898
18.083082,45.356722
18.071058,45.354085
18.074363,45.354868
17.960222,45.388125
17.960295,45.387889
17.959895,45.386802
17.92698,45.328205
17.926729,45.321902
18.06761,45.352929
18.065409,45.352697
18.067255,45.35314
18.069645,45.353722
18.074135,45.354809
17.959598,45.38578
17.961844,45.381111
18.072064,45.351027
18.072113,45.350864
18.077761,45.355691
17.96013,45.388904
17.960301,45.386572
17.959109,45.385014
17.927334,45.32857
17.927184,45.323308
17.92689,45.323231
18.071715,45.352355
18.073666,45.354367
18.078422,45.355608
18.06269,45.351995
18.065799,45.352978
18.073601,45.354692
18.081523,45.35666
17.960078,45.382873
18.073451,45.354077
18.063924,45.352341
18.077385,45.355615
18.080729,45.356464
17.959997,45.390739
17.961531,45.381324
18.072354,45.351327
17.960763,45.381467
18.082783,45.356943
17.959977,45.390426
17.960037,45.389675
18.065459,45.352376
18.064133,45.352366
18.07077,45.354888
18.075576,45.355179
18.083275,45.357126
18.06409,45.352066
18.071707,45.353399
18.075152,45.354791
18.081209,45.356219
18.070765,45.354009
17.959963,45.389803
17.959494,45.389127
17.960264,45.382267
17.960283,45.38178
18.072188,45.351809
18.071867,45.351695
18.072032,45.350744
18.071126,45.355016
17.95995,45.390234
17.960237,45.388309
17.960565,45.381665
18.062987,45.351773
18.068976,45.353273
18.079842,45.35591
18.065747,45.352766
18.068435,45.353411
17.960076,45.389425
17.959735,45.386083
17.960069,45.382575
17.961314,45.381119
18.065268,45.352365
18.066386,45.352641
18.072036,45.352386
18.072284,45.351507
18.073163,45.35458
17.959903,45.391036
17.960425,45.387161
18.066147,45.352555
18.06681,45.352745
18.067262,45.35286
18.070414,45.3539
17.959987,45.383428
17.960444,45.382122
17.960991,45.381719
18.078151,45.3555
18.062207,45.352039
18.069097,45.353578
18.079227,45.356071
17.959919,45.384599
18.07861,45.355628
18.074565,45.354921
17.96,45.390021
17.960173,45.385744
17.960656,45.382045
17.990827,45.35401
17.189772,45.513885
17.189564,45.513666
17.189436,45.513339
17.188774,45.512783
17.189282,45.513115
17.189235,45.512854
17.188589,45.512619
17.188664,45.512438
17.188679,45.512322
17.189024,45.512505
17.188612,45.512099
17.189011,45.512236
17.188511,45.511956
17.189003,45.511874
17.188485,45.51173
17.188965,45.511697
17.189077,45.511524
17.18857,45.511475
17.189015,45.511377
17.188709,45.511305
17.189183,45.511111
17.188735,45.51107
17.188723,45.510817
17.189919,45.510379
17.190234,45.510369
17.188744,45.51053
17.188577,45.510281
17.192752,45.508921
17.192388,45.508835
17.192923,45.508863
17.193277,45.50843
17.193109,45.508804
17.194353,45.508555
17.19374,45.508344
17.194791,45.508442
17.194043,45.508288
17.194179,45.508231
17.195118,45.50836
17.196683,45.50774
17.197733,45.508089
17.195388,45.50793
17.197783,45.508356
17.196235,45.507595
17.197356,45.507483
17.196677,45.507477
17.200361,45.506442
17.201049,45.506208
17.201383,45.506091
17.197086,45.507266
17.197353,45.507177
17.204663,45.504302
17.205254,45.504133
17.208719,45.502436
17.192716,45.512655
17.192114,45.512237
17.192728,45.512421
17.192063,45.512077
17.192548,45.512288
17.192012,45.51196
17.19201,45.511703
17.192467,45.511892
17.191924,45.511556
17.192364,45.511677
17.191908,45.51134
17.19245,45.511456
17.191803,45.511218
17.192296,45.511319
17.191742,45.510943
17.19217,45.510699
17.191709,45.510779
17.192101,45.510501
17.191613,45.510467
17.192034,45.510315
17.191479,45.509739
17.19204,45.510178
17.191251,45.509185
17.191948,45.510031
17.191192,45.508763
17.1918,45.5092
17.19171,45.508972
17.193653,45.51341
17.19414,45.513015
17.194612,45.513109
17.194149,45.513376
17.19497,45.513103
17.195335,45.513096
17.194301,45.513373
17.19598,45.51322
17.194627,45.513421
17.196224,45.513228
17.194872,45.51341
17.196369,45.513156
17.195277,45.513513
17.197471,45.513299
17.195551,45.513479
17.197732,45.513308
17.195852,45.513496
17.197944,45.513331
17.196183,45.513547
17.198601,45.513365
17.196352,45.513584
17.198877,45.5134
17.196591,45.513577
17.196918,45.513562
17.199181,45.513261
17.197144,45.513609
17.19947,45.51334
17.197348,45.513618
17.199751,45.513425
17.197616,45.513612
17.197819,45.513622
17.199972,45.513438
17.197993,45.513621
17.200271,45.513387
17.198338,45.513658
17.200479,45.513464
17.198798,45.513752
17.200726,45.513402
17.198972,45.513691
17.201045,45.513538
17.19921,45.513686
17.201516,45.513566
17.199724,45.513733
17.201673,45.513563
17.199939,45.513772
17.200227,45.513767
17.201783,45.513518
17.200446,45.513824
17.202057,45.513581
17.200601,45.513777
17.202614,45.513603
17.203423,45.513581
17.203806,45.513697
17.204141,45.513681
17.200948,45.51379
17.204791,45.513771
17.201148,45.513789
17.201354,45.513816
17.201629,45.513872
17.207046,45.513875
17.207627,45.513742
17.208746,45.513918
17.202033,45.513901
17.209134,45.513937
17.209573,45.513994
17.202344,45.513863
17.20265,45.513917
17.203026,45.513961
17.203356,45.513971
17.203515,45.513962
17.204581,45.514073
17.208178,45.514249
17.208467,45.514305
17.193548,45.514894
17.193039,45.513637
17.193187,45.513823
17.193775,45.515208
17.193329,45.513993
17.193917,45.51545
17.193818,45.514568
17.19408,45.515584
17.193896,45.514748
17.194286,45.51575
17.194077,45.514893
17.194685,45.51622
17.194147,45.515106
17.194048,45.516699
17.194723,45.515765
17.193548,45.516622
17.194922,45.515861
17.19314,45.516563
17.194973,45.515957
17.192527,45.516478
17.194972,45.516136
17.1918,45.516244
17.195222,45.516431
17.190389,45.515609
17.195251,45.516933
17.194997,45.517141
17.194666,45.517103
17.194512,45.517033
17.194278,45.517074
17.193983,45.517042
17.193688,45.517145
17.193383,45.517046
17.193063,45.517017
17.192856,45.516908
17.192675,45.516872
17.191859,45.516812
17.191752,45.516583
17.191258,45.516432
17.190889,45.51632
17.19045,45.516231
17.190338,45.516135
17.1846,45.516831
17.184093,45.517408
17.184456,45.516822
17.183158,45.517738
17.184199,45.516965
17.181232,45.518531
17.183903,45.517037
17.179497,45.519095
17.183542,45.517261
17.179208,45.519156
17.183025,45.517445
17.178319,45.519788
17.180079,45.518532
17.179612,45.518653
17.176932,45.520091
17.17815,45.518963
17.17644,45.520184
17.175955,45.519947
17.174244,45.520987
17.175456,45.520201
17.174909,45.520446
17.174352,45.520515
17.171093,45.521777
17.170423,45.522031
17.169823,45.522238
17.169541,45.522619
17.169186,45.522895
17.168954,45.523009
17.16872,45.523119
17.168581,45.52332
17.195527,45.515303
17.194828,45.515178
17.195667,45.515365
17.19909,45.514292
17.196508,45.515123
17.196997,45.515027
17.197785,45.514881
17.197978,45.5148
17.198466,45.514976
17.195883,45.517025
17.195361,45.517302
17.196112,45.517055
17.195603,45.517211
17.195814,45.517281
17.197043,45.51701
17.196207,45.517219
17.197216,45.517349
17.186707,45.519376
17.186287,45.518021
17.186867,45.519039
17.187432,45.519637
17.191219,45.513913
17.191078,45.514641
17.190829,45.514119
17.19064,45.51465
17.190475,45.514079
17.190461,45.514903
17.190208,45.514312
17.189953,45.514999
17.189821,45.514717
17.189134,45.515466
17.189499,45.514874
17.188873,45.515589
17.188668,45.515642
17.188401,45.515922
17.188146,45.515995
17.187591,45.516201
17.185353,45.517002
17.184513,45.518384
17.183665,45.519215
17.186709,45.516044
17.183429,45.519386
17.185169,45.516631
17.183265,45.51961
17.18219,45.520359
17.183006,45.519797
17.181238,45.522979
17.182811,45.520064
17.181694,45.523737
17.181039,45.524804
17.181697,45.523988
17.181075,45.525072
17.181498,45.525016
17.18091,45.525377
17.181446,45.525271
17.181197,45.525965
17.181757,45.526106
17.18181,45.527897
17.181785,45.526394
17.183153,45.530191
17.184852,45.531713
17.183226,45.530349
17.184091,45.531995
17.185347,45.532425
17.184564,45.532341
17.184788,45.532922
17.185591,45.532759
17.184992,45.533296
17.185764,45.532915
17.185633,45.533877
17.186652,45.533944
17.187116,45.534741
17.178317,45.532831
17.179703,45.533022
17.186325,45.534581
17.175812,45.532377
17.179579,45.533591
17.173526,45.531753
17.178349,45.533115
17.173455,45.531553
17.175425,45.53266
17.173209,45.53056
17.175089,45.532784
17.174939,45.532541
17.171683,45.525261
17.174678,45.532489
17.174379,45.532422
17.173676,45.532319
17.173431,45.532252
17.17328,45.532231
17.169708,45.527137
17.171351,45.525796
17.192855,45.513019
17.192882,45.514498
17.192509,45.514635
17.192091,45.514739
17.191903,45.514786
17.192044,45.514173
17.191636,45.514472
17.191652,45.51474
17.191419,45.513706
17.19158,45.513577
17.192257,45.512842
17.191706,45.512695
17.36112,45.430303
17.36086,45.430602
17.359099,45.429619
17.356802,45.42848
17.356809,45.428327
17.185503,45.400272
17.186805,45.396002
17.187373,45.395705
17.187841,45.394075
17.186124,45.392626
17.18714,45.392896
17.186211,45.392844
17.189799,45.392425
17.189148,45.391321
17.189024,45.391462
17.190785,45.391806
17.191064,45.3916
17.191613,45.391505
17.191993,45.391546
17.192831,45.391423
17.193204,45.391333
17.193237,45.391182
17.193557,45.391322
17.190393,45.388521
17.194644,45.38565
17.195775,45.385101
17.197092,45.384336
17.196364,45.38419
17.195946,45.384046
17.188806,45.383283
17.188467,45.383405
17.187372,45.384671
17.186919,45.385341
17.187707,45.383577
17.18645,45.384381
17.186695,45.383846
17.186191,45.384673
17.394121,45.436178
17.394149,45.436033
17.395613,45.436127
17.395687,45.43544
17.395516,45.435169
17.395122,45.434527
17.39801,45.432149
17.398882,45.431941
17.402618,45.428882
17.207659,45.485959
17.212594,45.485858
17.215521,45.487096
17.215155,45.486859
17.217091,45.491089
17.216917,45.491348
17.215802,45.495268
17.215814,45.494373
17.215876,45.49377
17.217607,45.493466
17.219179,45.49329
17.22173,45.493287
17.22217,45.493399
17.222416,45.492986
17.222788,45.493253
17.223532,45.498756
17.223951,45.499815
17.23163,45.502635
17.233151,45.504795
17.233768,45.505492
17.234493,45.501325
17.232558,45.501355
17.232795,45.501216
17.232323,45.500893
17.23044,45.498328
17.127488,45.420764
17.126234,45.421612
17.125175,45.42161
17.126027,45.421643
17.124988,45.421687
17.125497,45.422088
17.125553,45.421894
17.124784,45.421785
17.124272,45.421948
17.122049,45.423848
17.121938,45.423933
17.129826,45.42269
17.130474,45.42284
17.130787,45.42315
17.130314,45.423236
17.131007,45.423401
17.130701,45.423605
17.131369,45.423665
17.130991,45.424029
17.131606,45.42411
17.131204,45.424231
17.131947,45.424267
17.131496,45.424418
17.131351,45.424283
17.131922,45.42443
17.13204,45.424608
17.131664,45.424596
17.1322,45.424742
17.131736,45.424829
17.13231,45.42489
17.132738,45.424853
17.132451,45.424988
17.132612,45.425091
17.132327,45.425301
17.132725,45.425334
17.132362,45.425426
17.132894,45.425463
17.132772,45.425834
17.133124,45.425751
17.134716,45.427734
17.133712,45.426308
17.135508,45.427483
17.12896,45.422032
17.128842,45.421802
17.128754,45.421682
17.128614,45.421533
17.128523,45.421453
17.128421,45.42133
17.128017,45.420918
17.127922,45.420809
17.127743,45.42064
17.127409,45.420267
17.127107,45.419899
17.126253,45.419547
17.126338,45.419076
17.126286,45.418923
17.129763,45.422207
17.129877,45.422101
17.130095,45.421967
17.130347,45.42184
17.130749,45.42162
17.130545,45.421727
17.130874,45.421523
17.131081,45.421459
17.131273,45.421324
17.131409,45.421262
17.131639,45.42106
17.131841,45.42093
17.132202,45.420732
17.132444,45.420609
17.132629,45.420525
17.132904,45.420537
17.133226,45.420252
17.133876,45.419873
17.134011,45.41979
17.134182,45.419707
17.134862,45.419876
17.134695,45.419452
17.134981,45.419308
17.135121,45.41922
17.135558,45.418995
17.135714,45.418917
17.135887,45.418792
17.13609,45.418714
17.136277,45.418644
17.136507,45.418516
17.136727,45.418492
17.136817,45.418374
17.136976,45.418289
17.137143,45.418224
17.137373,45.418118
17.137726,45.418148
17.129076,45.422074
17.129417,45.422346
17.128781,45.422197
17.129107,45.422453
17.12881,45.422605
17.128464,45.422383
17.128658,45.4227
17.128468,45.422757
17.128116,45.422524
17.128332,45.422815
17.127612,45.422703
17.127996,45.422959
17.127392,45.422906
17.127145,45.42298
17.127484,45.423216
17.126843,45.423068
17.127333,45.423246
17.126565,45.423075
17.127157,45.423325
17.130393,45.426559
17.126749,45.423509
17.126918,45.423412
17.126308,45.42329
17.126271,45.423741
17.125395,45.423583
17.125264,45.423708
17.125728,45.423892
17.125647,45.424044
17.125096,45.423758
17.125381,45.424031
17.124995,45.423883
17.125194,45.424107
17.125099,45.42422
17.124668,45.42394
17.124931,45.424307
17.124557,45.42409
17.124778,45.424383
17.124074,45.424405
17.124233,45.424305
17.124512,45.424601
17.12399,45.424529
17.124482,45.42497
17.123723,45.425148
17.123693,45.424681
17.123594,45.424805
17.123437,45.424907
17.123372,45.425011
17.123189,45.425123
17.122967,45.425248
17.122911,45.425393
17.12247,45.426384
17.122546,45.425496
17.122434,45.42553
17.122257,45.425892
17.121749,45.426933
17.122119,45.425985
17.121844,45.426152
17.121374,45.427182
17.121667,45.426444
17.121521,45.426543
17.120531,45.42772
17.121373,45.426621
17.120227,45.42784
17.11995,45.428049
17.121127,45.426831
17.119592,45.428201
17.118587,45.429058
17.120722,45.426924
17.118194,45.42891
17.12061,45.427265
17.118015,45.429007
17.120467,45.427337
17.117811,45.429103
17.120194,45.427308
17.120283,45.427419
17.117391,45.42924
17.12,45.427408
17.119668,45.427729
17.11933,45.427853
17.119136,45.427929
17.119035,45.42805
17.118616,45.4281
17.118729,45.428224
17.118559,45.428303
17.118405,45.428398
17.118246,45.428477
17.11799,45.428594
17.117376,45.428723
17.117286,45.428924
17.148827,45.492859
17.149217,45.496503
17.148555,45.492764
17.147196,45.493909
17.148404,45.493045
17.148059,45.492975
17.148026,45.49322
17.146854,45.494097
17.147753,45.493264
17.147554,45.493442
17.147301,45.493574
17.146859,45.493757
17.146049,45.494473
17.146426,45.493928
17.145734,45.494649
17.146002,45.494104
17.145299,45.494817
17.14544,45.494312
17.145128,45.494952
17.144788,45.494817
17.144901,45.495085
17.144759,45.495274
17.144492,45.494973
17.143876,45.495626
17.144108,45.494866
17.143775,45.49581
17.143567,45.495771
17.144023,45.495194
17.143179,45.495901
17.142713,45.496054
17.142401,45.496161
17.143189,45.495578
17.141951,45.496313
17.142597,45.495788
17.141729,45.496383
17.142043,45.495891
17.141209,45.496542
17.140914,45.496608
17.141517,45.496155
17.140176,45.496835
17.140784,45.496214
17.141114,45.496206
17.139429,45.497111
17.137311,45.498216
17.140235,45.496484
17.137142,45.498324
17.136952,45.498531
17.139599,45.496565
17.136787,45.498656
17.139207,45.496852
17.136551,45.498848
17.138831,45.496882
17.138645,45.496991
17.135958,45.499259
17.138461,45.497104
17.135812,45.499414
17.138205,45.497145
17.135647,45.499459
17.135501,45.499509
17.135084,45.499643
17.134666,45.499939
17.137115,45.497892
17.134142,45.500178
17.136771,45.498194
17.133858,45.500318
17.135831,45.498989
17.133476,45.500496
17.135251,45.499283
17.135053,45.499402
17.132053,45.501178
17.134578,45.499344
17.134215,45.499778
17.131797,45.501282
17.133891,45.499962
17.131306,45.501492
17.133392,45.50023
17.131068,45.501587
17.13305,45.500395
17.130912,45.501648
17.132797,45.500296
17.130346,45.502047
17.132317,45.500704
17.129941,45.502292
17.131959,45.500898
17.129692,45.502423
17.130205,45.501633
17.129749,45.502059
17.129535,45.502187
17.128455,45.503132
17.129153,45.502511
17.128184,45.503487
17.128285,45.503216
17.128832,45.502699
17.128513,45.502621
17.127358,45.503686
17.128468,45.502775
17.127076,45.503852
17.127987,45.503046
17.126565,45.504061
17.12751,45.503324
17.126154,45.504222
17.127205,45.50333
17.12574,45.504426
17.127094,45.50346
17.125508,45.50455
17.126713,45.503628
17.125186,45.504679
17.126537,45.503785
17.12498,45.504708
17.126367,45.503778
17.124634,45.50577
17.125142,45.504308
17.123251,45.505009
17.122827,45.505384
17.122145,45.505324
17.121896,45.504826
17.120555,45.503282
17.121363,45.504799
17.117057,45.50373
17.12115,45.50489
17.115905,45.503623
17.120393,45.503722
17.167866,45.403502
17.167304,45.403375
17.167044,45.402774
17.167659,45.402856
17.166602,45.402058
17.167473,45.402563
17.166293,45.401721
17.166683,45.401259
17.166516,45.401015
17.165846,45.40127
17.166088,45.400619
17.1655,45.400489
17.166127,45.400319
17.165438,45.400262
17.166095,45.400153
17.165239,45.400045
17.166087,45.39999
17.165323,45.399446
17.165965,45.39948
17.16566,45.398769
17.163637,45.392995
17.165204,45.398291
17.163461,45.39279
17.164979,45.398123
17.163343,45.392637
17.164883,45.398551
17.164641,45.398411
17.162969,45.392352
17.164578,45.3983
17.161903,45.39182
17.164511,45.397873
17.161561,45.391637
17.161742,45.391727
17.160802,45.391262
17.163277,45.397641
17.160467,45.391073
17.160418,45.390874
17.160319,45.390576
17.1602,45.390466
17.165019,45.395203
17.159924,45.389759
17.164926,45.394812
17.15979,45.389543
17.164927,45.394625
17.164808,45.394381
17.159526,45.389187
17.164821,45.394149
17.164448,45.392747
17.159293,45.388761
17.163684,45.392195
17.163839,45.392415
17.159289,45.388644
17.163186,45.391982
17.159151,45.388589
17.162936,45.39183
17.159001,45.388365
17.162225,45.391502
17.159031,45.388213
17.161751,45.391147
17.158946,45.388094
17.158736,45.387912
17.158666,45.387782
17.160546,45.389798
17.158569,45.387659
17.158319,45.387413
17.15837,45.387533
17.160676,45.388809
17.15813,45.387236
17.159974,45.388593
17.160004,45.388362
17.157913,45.387059
17.160317,45.388177
17.15776,45.387006
17.157518,45.386744
17.159655,45.387895
17.156809,45.386791
17.158996,45.387482
17.156769,45.386213
17.158971,45.38737
17.15878,45.387121
17.156528,45.386186
17.156325,45.385907
17.158192,45.386853
17.156007,45.38569
17.155721,45.385556
17.155506,45.385459
17.154417,45.384672
17.154199,45.384529
17.15412,45.384336
17.156981,45.38592
17.154054,45.384063
17.156786,45.385526
17.156674,45.385466
17.153327,45.383977
17.156396,45.385334
17.153066,45.383896
17.156045,45.385137
17.155773,45.385009
17.155513,45.384915
17.154796,45.384089
17.155344,45.384772
17.154509,45.383842
17.154231,45.383623
17.153213,45.382848
17.153673,45.381586
17.154051,45.378999
17.154654,45.378282
17.154838,45.378087
17.156155,45.376295
17.154813,45.378825
17.158082,45.374756
17.159003,45.37426
17.156841,45.37615
17.158093,45.375239
17.158681,45.374964
17.168258,45.403066
17.168721,45.40302
17.16937,45.40333
17.168916,45.403029
17.169537,45.403287
17.169354,45.402995
17.169985,45.403265
17.170235,45.403259
17.169922,45.402764
17.169838,45.402966
17.170474,45.403212
17.170047,45.402905
17.170181,45.402836
17.170899,45.403206
17.171307,45.403151
17.17148,45.403126
17.171731,45.403126
17.171933,45.403114
17.172251,45.402821
17.172834,45.402764
17.173518,45.402964
17.173493,45.402609
17.174263,45.402496
17.174677,45.402324
17.17533,45.402579
17.175618,45.402535
17.175393,45.402248
17.176094,45.402483
17.176574,45.402362
17.176437,45.402094
17.176887,45.402402
17.176661,45.402034
17.176893,45.402059
17.177319,45.402449
17.177146,45.40209
17.177859,45.402478
17.178375,45.402183
17.179827,45.402465
17.179332,45.402147
17.180113,45.40236
17.181156,45.401965
17.182035,45.401598
17.18256,45.401392
17.18213,45.401143
17.149386,45.394525
17.149331,45.395094
17.149991,45.395269
17.144267,45.392752
17.144376,45.393027
17.144311,45.393357
17.144054,45.393569
17.143983,45.394067
17.144307,45.394273
17.144615,45.39462
17.145014,45.394852
17.145293,45.395639
17.144116,45.396722
17.143816,45.396527
17.143579,45.396364
17.142813,45.395662
17.142541,45.396279
17.141566,45.395804
17.164747,45.395839
17.165185,45.395752
17.158254,45.38583
17.15765,45.385981
17.162907,45.385146
17.15738,45.385813
17.163131,45.384896
17.157729,45.38589
17.15822,45.385063
17.161095,45.385209
17.163403,45.384291
17.15269,45.381274
17.152643,45.381764
17.152307,45.38178
17.150385,45.383128
17.150626,45.383145
17.145598,45.381979
17.137692,45.38136
17.165269,45.393545
17.164833,45.392968
17.165705,45.393544
17.165151,45.39316
17.166787,45.393892
17.16548,45.393206
17.165694,45.393274
17.168174,45.394273
17.167274,45.393764
17.174021,45.419879
17.174147,45.419978
17.174245,45.42011
17.174434,45.420183
17.174549,45.420285
17.174663,45.420386
17.17483,45.42048
17.174961,45.420584
17.1751,45.420684
17.175197,45.4208
17.175485,45.420985
17.175344,45.421356
17.176185,45.421406
17.176328,45.421557
17.176586,45.421773
17.176762,45.421855
17.176843,45.42199
17.177008,45.422056
17.177116,45.422171
17.177253,45.422257
17.177432,45.422332
17.177685,45.42253
17.177813,45.422651
17.177927,45.422764
17.178124,45.422833
17.178264,45.422917
17.178408,45.423014
17.178527,45.423115
17.178771,45.423329
17.178843,45.423463
17.179027,45.423532
17.179213,45.423585
17.179385,45.423692
17.179479,45.42387
17.179889,45.424112
17.179802,45.425221
17.181313,45.425154
17.18153,45.425265
17.181729,45.425522
17.182047,45.425846
17.182163,45.425962
17.182239,45.42616
17.182771,45.426684
17.182932,45.426923
17.183062,45.427052
17.182495,45.42738
17.183447,45.427794
17.172668,45.419088
17.172665,45.41956
17.172581,45.419189
17.172482,45.419743
17.172364,45.419318
17.17231,45.419846
17.172142,45.419374
17.172133,45.419514
17.172053,45.42004
17.171935,45.41956
17.171857,45.420137
17.172001,45.420142
17.171868,45.419685
17.171752,45.420429
17.171305,45.420541
17.171598,45.419921
17.171157,45.420659
17.171467,45.420014
17.171076,45.420735
17.17092,45.420869
17.171052,45.42019
17.170774,45.420902
17.170782,45.420219
17.170957,45.420362
17.170599,45.420986
17.170795,45.420464
17.170538,45.4212
17.170597,45.420584
17.17014,45.421286
17.170241,45.420837
17.169874,45.421481
17.170009,45.42096
17.169724,45.421595
17.16985,45.421013
17.169562,45.421668
17.169726,45.421172
17.16948,45.421803
17.169516,45.421283
17.169335,45.421883
17.169224,45.421427
17.169193,45.421995
17.169167,45.421565
17.169042,45.421658
17.16886,45.422134
17.168871,45.421767
17.168597,45.422325
17.168708,45.421823
17.168374,45.422552
17.168587,45.421913
17.168459,45.422026
17.168305,45.422123
17.167593,45.423002
17.168176,45.422208
17.167464,45.423107
17.167997,45.422255
17.16733,45.423197
17.16772,45.422459
17.167869,45.422386
17.167181,45.423288
17.167583,45.422601
17.167035,45.42338
17.1673,45.422765
17.167127,45.423629
17.16716,45.422855
17.166766,45.423593
17.167047,45.422919
17.166582,45.423656
17.16673,45.423154
17.166273,45.423825
17.166592,45.423227
17.166138,45.423914
17.166014,45.424012
17.166212,45.423476
17.165736,45.42421
17.165562,45.424311
17.165904,45.423703
17.165764,45.423806
17.165512,45.424487
17.165368,45.424548
17.16523,45.424097
17.165164,45.424221
17.164927,45.424761
17.164795,45.424355
17.164709,45.424883
17.16444,45.425072
17.16416,45.425212
17.164034,45.425318
17.163872,45.425393
17.163755,45.425501
17.163603,45.425592
17.163344,45.425249
17.163201,45.425342
17.162897,45.425599
17.172604,45.421736
17.170214,45.423859
17.172274,45.422503
17.17191,45.422182
17.171178,45.42265
17.170499,45.423129
17.169046,45.424047
17.168397,45.424358
17.167466,45.425079
17.18,45.476556
17.177928,45.477379
17.176987,45.477768
17.176768,45.477799
17.17925,45.476813
17.175782,45.478593
17.17688,45.477398
17.175254,45.479071
17.174944,45.479784
17.175332,45.478464
17.174254,45.480463
17.174709,45.48024
17.173312,45.481416
17.170504,45.482614
17.174178,45.481462
17.173697,45.481563
17.16686,45.48435
17.166721,45.484583
17.172103,45.482535
17.171657,45.482969
17.166775,45.485169
17.16665,45.485476
17.166045,45.486036
17.165812,45.486187
17.170885,45.482966
17.165469,45.486424
17.165283,45.486592
17.167652,45.483948
17.165143,45.486726
17.167377,45.484096
17.164829,45.486931
17.167253,45.48485
17.164355,45.487208
17.16722,45.485053
17.164309,45.487367
17.167115,45.48525
17.164025,45.487613
17.167028,45.48557
17.163806,45.48777
17.166891,45.485794
17.163531,45.487794
17.166754,45.485977
17.163135,45.488009
17.166593,45.486062
17.162758,45.488063
17.16243,45.488246
17.166374,45.486264
17.166097,45.486419
17.165525,45.48016
17.165713,45.486763
17.16295,45.479329
17.165411,45.48698
17.162413,45.479075
17.165219,45.487145
17.161925,45.478805
17.164734,45.487554
17.161764,45.478704
17.164006,45.487976
17.160787,45.47814
17.163676,45.488102
17.163349,45.488245
17.167416,45.479384
17.165817,45.481257
17.165745,45.480491
17.166392,45.475108
17.162805,45.479621
17.166206,45.480606
17.169672,45.48171
17.169308,45.481577
17.171364,45.482199
17.169579,45.481297
17.171828,45.48175
17.174021,45.478762
17.121796,45.415585
17.114045,45.413585
17.113615,45.413782
17.114418,45.414721
17.114113,45.415744
17.114474,45.415985
17.114557,45.416165
17.114108,45.416088
17.114091,45.416574
17.113956,45.417017
17.111627,45.415578
17.111326,45.415557
17.11139,45.416273
17.110961,45.416243
17.1105,45.416061
17.110443,45.416144
17.110323,45.416256
17.110689,45.416369
17.110121,45.41653
17.110428,45.416674
17.110308,45.416771
17.1103,45.416961
17.110137,45.417093
17.109967,45.417287
17.109419,45.417168
17.11023,45.418091
17.110981,45.418281
17.109635,45.417553
17.109163,45.417631
17.109461,45.417754
17.109347,45.417875
17.108805,45.417881
17.109003,45.418153
17.108467,45.418136
17.108787,45.418272
17.108141,45.418675
17.108018,45.418433
17.107743,45.418594
17.10756,45.418672
17.107792,45.418884
17.107401,45.419111
17.105869,45.419348
17.105418,45.41971
17.105464,45.41933
17.104924,45.419888
17.105151,45.420259
17.104633,45.420039
17.104248,45.420296
17.104131,45.420884
17.104789,45.42052
17.104026,45.420391
17.105233,45.415511
17.102282,45.416901
17.101524,45.417218
17.103583,45.418086
17.100165,45.417833
17.099837,45.417916
17.099045,45.418065
17.387964,45.453372
17.387757,45.452971
17.386818,45.451764
17.381273,45.450315
17.38117,45.450129
17.379872,45.449926
17.379242,45.450259
17.379529,45.450127
17.380204,45.451268
17.379073,45.450879
17.37905,45.450427
17.381796,45.448619
17.098547,45.500246
17.098915,45.500459
17.099284,45.500706
17.099621,45.500906
17.101688,45.501745
17.100253,45.501497
17.102106,45.502085
17.101068,45.501875
17.102404,45.502261
17.10192,45.50232
17.102514,45.502733
17.102735,45.502863
17.10355,45.503018
17.103068,45.503088
17.103753,45.50312
17.10329,45.503184
17.104058,45.503318
17.104321,45.503483
17.104575,45.503592
17.104974,45.504275
17.104826,45.503818
17.105493,45.504633
17.106136,45.504968
17.10673,45.505011
17.106841,45.505427
17.108016,45.506264
17.108305,45.506334
17.083156,45.417962
17.082128,45.417624
17.082366,45.417378
17.081762,45.417005
17.081605,45.416906
17.080905,45.416274
17.080701,45.416065
17.079403,45.414912
17.078646,45.414009
17.075375,45.412895
17.07494,45.41276
17.074569,45.412542
17.071851,45.41201
17.075503,45.412556
17.084254,45.416673
17.084745,45.416775
17.08532,45.41784
17.435757,45.480212
17.435604,45.480502
17.4355,45.480698
17.43516,45.481225
17.434928,45.481674
17.4388,45.48294
17.438298,45.483067
17.436796,45.48357
17.436974,45.483527
17.436878,45.483711
17.434484,45.483413
17.434537,45.483973
17.434538,45.484178
17.434779,45.484441
17.434468,45.484562
17.434302,45.484914
17.43427,45.485211
17.434013,45.485467
17.433997,45.485653
17.433838,45.485833
17.433904,45.485986
17.152399,45.37958
17.152731,45.378093
17.152319,45.379237
17.152417,45.377486
17.152927,45.376357
17.152019,45.376569
17.153185,45.376075
17.152792,45.375212
17.151935,45.374507
17.151711,45.374198
17.150754,45.37421
17.150863,45.374172
17.150658,45.374096
17.151938,45.373807
17.151811,45.373683
17.151684,45.373434
17.150987,45.373582
17.150782,45.373392
17.151112,45.373179
17.150588,45.373033
17.150512,45.372908
17.150811,45.372299
17.149329,45.372196
17.148958,45.37185
17.148745,45.371478
17.148569,45.371362
17.148307,45.371036
17.147838,45.371431
17.14755,45.371141
17.147301,45.371406
17.067576,45.460132
17.067899,45.459896
17.067234,45.459686
17.066218,45.459724
17.065841,45.459522
17.06638,45.458523
17.065523,45.459427
17.065311,45.459368
17.065945,45.459262
17.065475,45.459101
17.064645,45.458612
17.064762,45.459137
17.063989,45.458662
17.063124,45.45864
17.060886,45.458899
17.061968,45.458646
17.061768,45.458672
17.058665,45.458715
17.060528,45.458609
17.058236,45.458684
17.06042,45.458613
17.059419,45.458584
17.114731,45.430334
17.113117,45.432004
17.114853,45.430831
17.112791,45.432369
17.112639,45.432498
17.114557,45.431066
17.112493,45.432679
17.114274,45.431376
17.112288,45.432734
17.113993,45.431745
17.112209,45.432992
17.116334,45.435642
17.111153,45.434038
17.113738,45.431983
17.110684,45.43453
17.113493,45.432234
17.113322,45.432418
17.112906,45.432953
17.110347,45.434875
17.112735,45.433032
17.110175,45.434951
17.112487,45.433226
17.110057,45.435123
17.109212,45.435906
17.111295,45.434525
17.110407,45.435318
17.108774,45.436358
17.110107,45.435547
17.108642,45.436487
17.108527,45.436604
17.108412,45.436737
17.109189,45.436436
17.109257,45.436529
17.108221,45.4369
17.108086,45.436961
17.107942,45.437087
17.107877,45.437283
17.108569,45.437069
17.107684,45.437403
17.107607,45.437497
17.107029,45.438656
17.107466,45.437646
17.106917,45.438759
17.10731,45.437797
17.106569,45.43898
17.107131,45.437937
17.106193,45.439348
17.105597,45.439975
17.105979,45.439051
17.105011,45.440289
17.105866,45.439111
17.104545,45.440637
17.105725,45.439245
17.105614,45.43939
17.101956,45.442521
17.101504,45.442673
17.105228,45.439735
17.101284,45.442861
17.101011,45.443027
17.100895,45.44319
17.100751,45.443249
17.100612,45.443324
17.099846,45.443872
17.100985,45.442521
17.09942,45.444094
17.100858,45.442684
17.099198,45.444238
17.099002,45.444325
17.100413,45.442963
17.098161,45.444947
17.100191,45.443137
17.098012,45.445069
17.09961,45.443574
17.097829,45.445176
17.099451,45.443645
17.099013,45.443974
17.097257,45.445645
17.096839,45.446509
17.09536,45.447197
17.097935,45.44459
17.097705,45.444871
17.094527,45.447411
17.097367,45.445077
17.094435,45.447429
17.097169,45.445215
17.094322,45.447495
17.096736,45.44531
17.096511,45.445615
17.096392,45.445655
17.093157,45.448309
17.094727,45.446823
17.096183,45.445824
17.092506,45.44918
17.094558,45.447
17.092001,45.449101
17.094216,45.447179
17.09163,45.449379
17.093728,45.447492
17.093333,45.447762
17.090848,45.449831
17.090589,45.450197
17.090411,45.450363
17.088669,45.451724
17.09061,45.449571
17.088052,45.452257
17.090443,45.449762
17.090272,45.449863
17.090164,45.449925
17.086612,45.455035
17.089271,45.450743
17.088825,45.451063
17.080748,45.457411
17.088464,45.451211
17.080587,45.457467
17.086594,45.453145
17.07952,45.457644
17.079158,45.457735
17.079724,45.45726
17.078843,45.45788
17.078537,45.457898
17.078726,45.457549
17.078332,45.458024
17.077515,45.45788
17.076965,45.458049
17.076781,45.458496
17.075679,45.458388
17.075813,45.458726
17.075564,45.458783
17.075372,45.458539
17.075091,45.458636
17.075025,45.458917
17.07469,45.458714
17.074312,45.458841
17.074406,45.459166
17.074184,45.458848
17.074011,45.458831
17.073081,45.459627
17.073013,45.459201
17.072391,45.459671
17.07267,45.459287
17.072257,45.45973
17.072305,45.459373
17.070384,45.460348
17.070169,45.460379
17.069829,45.460433
17.071088,45.45965
17.071276,45.459568
17.070957,45.459731
17.069024,45.460783
17.068881,45.460842
17.070653,45.459642
17.068709,45.460994
17.070218,45.459933
17.069877,45.460075
17.068076,45.461267
17.069598,45.460171
17.067864,45.461377
17.069267,45.460286
17.067578,45.461535
17.067396,45.461589
17.067708,45.461015
17.066541,45.462208
17.067117,45.461447
17.065775,45.462848
17.066754,45.461661
17.065492,45.463136
17.066357,45.461873
17.066093,45.462102
17.063875,45.464416
17.065898,45.462259
17.062829,45.464765
17.062353,45.464769
17.061866,45.46517
17.08965,45.447053
17.089804,45.446331
17.089465,45.446721
17.089631,45.446038
17.089231,45.445908
17.089488,45.445662
17.089114,45.445624
17.088924,45.444067
17.089454,45.445404
17.088942,45.445189
17.088758,45.443885
17.088333,45.442893
17.088473,45.444195
17.088364,45.443948
17.087894,45.442921
17.087905,45.44189
17.087682,45.441296
17.087659,45.442299
17.087514,45.442054
17.087524,45.440798
17.087474,45.441914
17.087398,45.440606
17.086966,45.440619
17.087115,45.440029
17.086938,45.439633
17.086676,45.43997
17.086734,45.439117
17.086691,45.438923
17.086068,45.438796
17.086519,45.438585
17.086055,45.438616
17.086371,45.438457
17.085919,45.438296
17.085842,45.438155
17.086333,45.438295
17.08535,45.437172
17.08528,45.43695
17.085888,45.437168
17.08535,45.436271
17.082962,45.435797
17.085046,45.435614
17.095372,45.450573
17.096121,45.451258
17.097357,45.455033
17.096854,45.453006
17.096294,45.451593
17.096954,45.453653
17.098817,45.456414
17.099219,45.456832
17.097318,45.454254
17.100986,45.457692
17.097981,45.455354
17.098089,45.455515
17.098469,45.455796
17.103341,45.445282
17.103671,45.445934
17.104585,45.446445
17.106321,45.448863
17.104679,45.446576
17.105181,45.44701
17.105741,45.447704
17.106608,45.448628
17.081234,45.457043
17.081811,45.456924
17.081185,45.456772
17.081738,45.456418
17.082715,45.456368
17.082168,45.456229
17.082393,45.456171
17.082607,45.456054
17.083863,45.45574
17.084452,45.454858
17.161241,45.415528
17.161327,45.415838
17.161517,45.415993
17.160712,45.415325
17.161586,45.416201
17.162008,45.416639
17.160894,45.415788
17.162102,45.416876
17.162206,45.416986
17.162211,45.417117
17.161236,45.416248
17.161081,45.416299
17.162437,45.417205
17.162436,45.417337
17.161372,45.416566
17.161496,45.416636
17.16259,45.41756
17.161616,45.416806
17.162614,45.417696
17.161771,45.417011
17.16282,45.41794
17.162913,45.418138
17.161861,45.417246
17.163038,45.418248
17.162007,45.417348
17.163003,45.418342
17.162126,45.417515
17.163138,45.418428
17.162258,45.417726
17.162308,45.417832
17.16347,45.418857
17.162412,45.418038
17.163559,45.418997
17.16254,45.418131
17.163663,45.419107
17.163755,45.419193
17.162601,45.418274
17.16388,45.419294
17.16267,45.41838
17.164016,45.419351
17.162728,45.418474
17.164251,45.4194
17.162806,45.418583
17.164275,45.419526
17.162886,45.41871
17.162946,45.418852
17.163114,45.419
17.163181,45.419122
17.16319,45.419274
17.163552,45.419492
17.163814,45.419664
17.163921,45.419745
17.16403,45.419817
17.1634,45.420307
17.162872,45.415195
17.162812,45.414933
17.163042,45.415272
17.162991,45.414982
17.16375,45.415475
17.163473,45.414907
17.163483,45.415089
17.163483,45.414977
17.163674,45.415154
17.16373,45.415062
17.163972,45.415489
17.164133,45.415644
17.164402,45.415611
17.164522,45.415659
17.164124,45.415293
17.16465,45.415693
17.164228,45.41529
17.164771,45.415803
17.165021,45.41583
17.165178,45.41587
17.164978,45.415496
17.165859,45.416108
17.165121,45.415397
17.166027,45.41635
17.165363,45.415615
17.166217,45.416237
17.165684,45.415666
17.166352,45.416324
17.16668,45.416159
17.166552,45.416091
17.166347,45.416543
17.166556,45.416399
17.166836,45.4162
17.166856,45.416509
17.167087,45.416332
17.166896,45.416738
17.166982,45.416608
17.167271,45.416393
17.167474,45.416487
17.167316,45.416913
17.167597,45.416867
17.1678,45.416612
17.167789,45.416919
17.168134,45.416754
17.16772,45.417236
17.168344,45.416745
17.168122,45.417065
17.168442,45.416847
17.168259,45.417157
17.168614,45.416907
17.168466,45.417173
17.168428,45.41726
17.168797,45.416924
17.168847,45.417031
17.168628,45.417243
17.169091,45.417102
17.168741,45.417295
17.168551,45.417573
17.168914,45.417436
17.169479,45.417119
17.169377,45.417243
17.169144,45.41746
17.169511,45.417296
17.169312,45.417526
17.16961,45.41733
17.169421,45.417611
17.169863,45.417413
17.169631,45.417628
17.17001,45.417492
17.170411,45.417475
17.16997,45.417791
17.170554,45.417568
17.170323,45.417918
17.170689,45.417617
17.170581,45.418014
17.170738,45.418101
17.171277,45.417965
17.170887,45.418181
17.171432,45.418031
17.170988,45.418175
17.171619,45.418077
17.171154,45.418259
17.171756,45.418166
17.171306,45.418441
17.171979,45.418125
17.171529,45.418432
17.171701,45.418508
17.17235,45.418438
17.172476,45.418508
17.171918,45.418743
17.172709,45.418632
17.172162,45.418746
17.172888,45.418737
17.172314,45.418827
17.17248,45.418925
17.172573,45.418975
17.161044,45.417248
17.156917,45.40822
17.157261,45.408294
17.157235,45.408448
17.15682,45.408454
17.157208,45.40863
17.157116,45.408769
17.15675,45.40867
17.156674,45.408839
17.156223,45.409028
17.155492,45.408891
17.162154,45.409536
17.162364,45.40953
17.162543,45.409589
17.162684,45.409536
17.162967,45.409568
17.163524,45.409522
17.16483,45.41134
17.164921,45.411493
17.165576,45.412221
17.166347,45.412505
17.166427,45.412731
17.16652,45.412635
17.168534,45.414557
17.16705,45.40773
17.167375,45.407991
17.166959,45.407792
17.167234,45.40807
17.167108,45.408158
17.141135,45.414351
17.13959,45.41545
17.141641,45.414856
17.168841,45.41963
17.16913,45.419519
17.168991,45.419726
17.169318,45.41967
17.169133,45.419848
17.169476,45.419808
17.169225,45.419946
17.16982,45.420083
17.169614,45.420239
17.169988,45.42021
17.170141,45.420345
17.169906,45.420499
17.158012,45.414466
17.158682,45.414538
17.158109,45.414626
17.15877,45.414638
17.158931,45.414901
17.158329,45.414974
17.159051,45.415012
17.158512,45.415032
17.159301,45.415323
17.158657,45.415184
17.159429,45.415413
17.158736,45.415316
17.15951,45.41553
17.159655,45.415659
17.159015,45.415567
17.159705,45.415779
17.159831,45.41603
17.159286,45.415892
17.15994,45.416153
17.159348,45.415975
17.160086,45.416278
17.15943,45.416077
17.160093,45.41641
17.159521,45.416191
17.160166,45.416531
17.15952,45.416384
17.15959,45.416484
17.160317,45.416791
17.159711,45.416568
17.160486,45.416878
17.159769,45.416666
17.160557,45.417003
17.159788,45.416805
17.159897,45.416902
17.160535,45.417158
17.16009,45.417052
17.160609,45.417376
17.160757,45.417593
17.160146,45.417245
17.160869,45.417691
17.160239,45.417515
17.160295,45.417646
17.160317,45.417744
17.160384,45.417814
17.160352,45.418143
17.160586,45.418252
17.160821,45.41844
17.160882,45.418568
17.161055,45.418792
17.16109,45.418893
17.161245,45.419235
17.161532,45.419565
17.161417,45.419809
17.157463,45.413892
17.157771,45.413515
17.157373,45.413609
17.157327,45.413475
17.157661,45.413235
17.157609,45.413093
17.157224,45.413241
17.157015,45.413281
17.15752,45.412971
17.157129,45.413108
17.157475,45.412823
17.157412,45.412684
17.157047,45.412874
17.157368,45.412565
17.157345,45.412495
17.15698,45.412724
17.156935,45.412621
17.157288,45.412288
17.15686,45.412421
17.156614,45.412328
17.157545,45.411416
17.157088,45.411242
17.157959,45.411296
17.156748,45.412202
17.156672,45.411973
17.156558,45.412032
17.152158,45.415833
17.152303,45.416025
17.152731,45.415939
17.152571,45.416206
17.152918,45.416041
17.15315,45.416103
17.152828,45.416421
17.153404,45.416312
17.153076,45.416475
17.153223,45.416621
17.153307,45.416731
17.153624,45.416688
17.153413,45.416845
17.153707,45.416792
17.153868,45.416903
17.153599,45.417034
17.154072,45.417122
17.153663,45.417196
17.154207,45.417263
17.153826,45.417284
17.154326,45.417439
17.153986,45.41742
17.154425,45.417567
17.154151,45.417609
17.154552,45.417721
17.15469,45.417841
17.154445,45.417908
17.15482,45.417966
17.155078,45.418049
17.155102,45.418193
17.155545,45.418384
17.165611,45.406107
17.164945,45.406316
17.165773,45.406201
17.165978,45.406261
17.166146,45.406405
17.165688,45.40653
17.166313,45.406558
17.166599,45.406742
17.167014,45.407068
17.167277,45.407268
17.167425,45.407371
17.167558,45.407472
17.167974,45.40777
17.168588,45.408266
17.166173,45.406846
17.166173,45.407221
17.165938,45.407063
17.166047,45.407328
17.16581,45.407137
17.165636,45.407249
17.165519,45.407326
17.165361,45.407412
17.165294,45.407891
17.165077,45.407615
17.165182,45.408045
17.16473,45.408233
17.165325,45.408754
17.161146,45.40891
17.161209,45.408791
17.161588,45.409285
17.161171,45.408387
17.161395,45.40836
17.161665,45.408773
17.161652,45.408092
17.161871,45.407853
17.161948,45.407716
17.162071,45.407604
17.162166,45.408045
17.162258,45.407496
17.162379,45.407958
17.162426,45.407346
17.162712,45.407016
17.162623,45.407599
17.16286,45.406902
17.162747,45.407454
17.163792,45.406215
17.164101,45.406114
17.164219,45.40606
17.163145,45.407056
17.164537,45.405786
17.16417,45.40656
17.164832,45.405802
17.165376,45.406035
17.164985,45.405705
17.165603,45.40586
17.165705,45.405803
17.165115,45.40542
17.165788,45.405746
17.165406,45.405446
17.165842,45.405127
17.165996,45.405018
17.166365,45.404743
17.166485,45.404592
17.166528,45.404475
17.166548,45.404326
17.166659,45.40439
17.166981,45.403983
17.167239,45.403725
17.166417,45.415254
17.166746,45.415139
17.166267,45.415022
17.167159,45.41494
17.16725,45.414796
17.166889,45.414685
17.167064,45.414613
17.161016,45.413729
17.160274,45.413309
17.161662,45.414325
17.161536,45.413343
17.160829,45.413515
17.160765,45.413275
17.162141,45.414157
17.16102,45.4119
17.161873,45.41011
17.161683,45.410015
17.162254,45.412887
17.161635,45.409967
17.162338,45.412612
17.160383,45.41013
17.162441,45.41224
17.16023,45.41019
17.162815,45.412039
17.162463,45.412128
17.162569,45.411736
17.162648,45.411347
17.157868,45.409799
17.157631,45.410077
17.159959,45.409711
17.159647,45.409677
17.158783,45.409666
17.158714,45.40779
17.158872,45.408058
17.15864,45.407794
17.158691,45.408101
17.158466,45.408093
17.158266,45.40811
17.158068,45.408136
17.157681,45.4079
17.157675,45.408182
17.156966,45.408095
17.156874,45.407835
17.156537,45.40773
17.156019,45.407889
17.155239,45.407608
17.155758,45.407468
17.169524,45.417988
17.169529,45.41852
17.169486,45.418725
17.169321,45.418935
17.169161,45.419161
17.168766,45.419054
17.16904,45.41927
17.168701,45.419193
17.168645,45.419686
17.168324,45.419513
17.168272,45.419921
17.168095,45.419953
17.1679,45.419665
17.167784,45.420125
17.1676,45.419806
17.167596,45.420157
17.167452,45.419874
17.167414,45.420272
17.158193,45.406565
17.158011,45.406326
17.157971,45.406559
17.15737,45.406386
17.157298,45.406493
17.157625,45.406865
17.157271,45.406701
17.157641,45.40699
17.157156,45.407176
17.150661,45.415131
17.150342,45.415324
17.150645,45.414977
17.150358,45.415176
17.150653,45.414846
17.150349,45.414897
17.150269,45.414729
17.150721,45.414221
17.150257,45.414506
17.150583,45.414276
17.15035,45.414235
17.150139,45.414174
17.1503,45.413565
17.149979,45.414136
17.148916,45.414345
17.149803,45.41409
17.14934,45.413947
17.148969,45.413936
17.148012,45.413941
17.147806,45.414021
17.147598,45.414017
17.165682,45.41547
17.165616,45.415312
17.166074,45.415506
17.165431,45.414876
17.165355,45.41472
17.165204,45.414602
17.165899,45.415055
17.165242,45.414416
17.165202,45.414329
17.165774,45.414804
17.16509,45.414198
17.165757,45.414612
17.166017,45.414554
17.164956,45.414059
17.164793,45.413932
17.164748,45.413766
17.165574,45.414182
17.164676,45.413671
17.165303,45.413866
17.165337,45.413655
17.163957,45.41272
17.164961,45.413328
17.164641,45.413028
17.163225,45.411344
17.164578,45.412917
17.164531,45.412777
17.164097,45.412173
17.163906,45.411268
17.151715,45.411877
17.148952,45.410828
17.153627,45.41084
17.1611,45.409017
17.160655,45.409014
17.160836,45.408809
17.161002,45.408595
17.160636,45.408572
17.160589,45.408534
17.159978,45.408715
17.160469,45.408468
17.160509,45.408282
17.160306,45.408298
17.159778,45.408284
17.160211,45.408216
17.159697,45.408145
17.159598,45.408047
17.159535,45.407919
17.159887,45.407906
17.159813,45.407822
17.159327,45.407644
17.159836,45.407585
17.15983,45.407478
17.159099,45.407246
17.159618,45.407371
17.158919,45.407259
17.159002,45.407069
17.159428,45.407125
17.159272,45.407003
17.15913,45.406858
17.158682,45.406645
17.159076,45.406607
17.158953,45.406472
17.158911,45.406394
17.15887,45.406231
17.158351,45.405904
17.158282,45.405782
17.158655,45.405999
17.158223,45.405624
17.158601,45.405466
17.158168,45.40531
17.158414,45.404987
17.156999,45.404239
17.158458,45.404707
17.156614,45.404086
17.157969,45.404559
17.146772,45.397878
17.162398,45.416535
17.161935,45.416385
17.162584,45.416526
17.162121,45.416352
17.162804,45.4165
17.162317,45.4163
17.162918,45.416468
17.162524,45.41629
17.163103,45.416447
17.162728,45.416234
17.163703,45.416447
17.164214,45.416264
17.16437,45.416347
17.164046,45.416546
17.164534,45.416416
17.164239,45.416657
17.164681,45.416499
17.164396,45.416738
17.16482,45.41658
17.165631,45.417614
17.167078,45.418144
17.167343,45.418231
17.165152,45.416748
17.165284,45.416823
17.16786,45.418486
17.165591,45.416979
17.168261,45.418658
17.165744,45.417049
17.168419,45.418752
17.165901,45.417136
17.168627,45.418824
17.166079,45.417234
17.166362,45.41714
17.166486,45.417265
17.166565,45.417411
17.16669,45.417526
17.166854,45.417607
17.167026,45.417692
17.167175,45.417782
17.167358,45.417873
17.167551,45.417976
17.168008,45.418215
17.168228,45.418292
17.168598,45.418449
17.163349,45.415623
17.163737,45.415647
17.16341,45.415758
17.163253,45.415912
17.16342,45.415906
17.163776,45.415895
17.163356,45.41605
17.163799,45.416056
17.162419,45.414685
17.162719,45.415152
17.162827,45.414781
17.162352,45.415142
17.161649,45.41463
17.161655,45.415136
17.161207,45.41514
17.162448,45.413225
17.16245,45.413382
17.162655,45.413209
17.163085,45.412614
17.162926,45.413249
17.163239,45.413001
17.163411,45.412983
17.163471,45.412847
17.163638,45.412802
17.164974,45.41893
17.165028,45.419027
17.166583,45.418479
17.165088,45.419104
17.164856,45.419276
17.164687,45.419396
17.165972,45.418882
17.165606,45.419137
17.165455,45.41918
17.165174,45.419399
17.16509,45.419512
17.164812,45.419655
17.164706,45.419711
17.163547,45.414609
17.164638,45.414867
17.16404,45.414886
17.158811,45.41372
17.158434,45.413637
17.15853,45.41337
17.158623,45.414213
17.159149,45.414327
17.159265,45.414732
17.159292,45.414333
17.404542,45.480251
17.404233,45.481045
17.404593,45.481361
17.404299,45.481521
17.404379,45.481785
17.404335,45.482003
17.404682,45.482379
17.405572,45.485504
17.183282,45.493643
17.182546,45.494471
17.183959,45.493236
17.184508,45.49274
17.183147,45.493066
17.184905,45.492333
17.184477,45.492053
17.185032,45.492219
17.185128,45.492065
17.185297,45.491992
17.184115,45.491455
17.184021,45.491359
17.18616,45.491422
17.1855,45.491815
17.183935,45.491305
17.186349,45.491292
17.183755,45.491048
17.187097,45.490904
17.187433,45.490698
17.182761,45.48983
17.182592,45.489656
17.192162,45.485992
17.182433,45.489494
17.192449,45.485459
17.181787,45.488994
17.192645,45.485027
17.181516,45.488762
17.193048,45.484043
17.180947,45.488468
17.193126,45.483272
17.193117,45.483604
17.180278,45.48831
17.193269,45.482781
17.179637,45.488196
17.179276,45.488223
17.193112,45.482478
17.178589,45.48846
17.177971,45.488783
17.192973,45.48213
17.176803,45.488983
17.192871,45.481995
17.193,45.48151
17.177661,45.488673
17.189273,45.476664
17.177766,45.488632
17.188751,45.476559
17.177966,45.488508
17.187421,45.476718
17.178831,45.488021
17.179354,45.487889
17.186782,45.475971
17.179701,45.487825
17.185258,45.475141
17.180133,45.487983
17.180559,45.488124
17.180447,45.476563
17.181009,45.488265
17.18175,45.488558
17.182888,45.489553
17.183555,45.490213
17.183883,45.49062
17.183955,45.490704
17.184252,45.490914
17.184383,45.491237
17.184511,45.491409
17.18466,45.49163
17.185191,45.491563
17.185263,45.491499
17.186873,45.490632
17.187319,45.490245
17.187111,45.490026
17.187492,45.489895
17.187758,45.490198
17.188511,45.489848
17.190058,45.488254
17.19075,45.48741
17.192098,45.484471
17.192335,45.484525
17.19196,45.484441
17.191308,45.484269
17.191204,45.484205
17.190596,45.477995
17.189797,45.477295
17.189631,45.477209
17.189157,45.476941
17.188461,45.476833
17.187547,45.477027
17.186393,45.476077
17.186186,45.475964
17.18544,45.475558
17.182147,45.476263
17.181987,45.476363
17.128512,45.497071
17.128068,45.497356
17.127047,45.497372
17.127114,45.497121
17.126511,45.497424
17.126491,45.497014
17.126171,45.49748
17.126187,45.497162
17.126041,45.497505
17.126029,45.497222
17.125901,45.497187
17.125396,45.497657
17.125662,45.497296
17.125292,45.497652
17.125532,45.497308
17.124787,45.497746
17.125141,45.497382
17.124278,45.497857
17.124803,45.497429
17.124205,45.497359
17.123991,45.497898
17.123973,45.4976
17.123758,45.497927
17.123782,45.497648
17.123584,45.49802
17.123684,45.497698
17.123172,45.498072
17.123448,45.497765
17.123218,45.497762
17.122424,45.498269
17.123065,45.497859
17.122274,45.498251
17.12288,45.497726
17.121894,45.498431
17.121739,45.498334
17.12255,45.497889
17.121522,45.498377
17.122314,45.497985
17.121097,45.498507
17.121967,45.498077
17.120938,45.498567
17.121788,45.498102
17.121606,45.498128
17.120341,45.498637
17.120907,45.498261
17.119633,45.498755
17.120626,45.498318
17.118951,45.498952
17.119296,45.498843
17.120444,45.498373
17.118567,45.499189
17.118781,45.499016
17.120314,45.498368
17.118316,45.499048
17.117917,45.499155
17.119852,45.49845
17.117735,45.499174
17.119755,45.498481
17.117553,45.499218
17.119295,45.498578
17.117424,45.499266
17.116987,45.499358
17.11874,45.498687
17.118466,45.498776
17.116598,45.499432
17.118173,45.498574
17.116047,45.499541
17.115702,45.499606
17.115411,45.499668
17.117445,45.498982
17.114993,45.499745
17.117308,45.499005
17.116704,45.499156
17.116515,45.499191
17.116335,45.499227
17.116211,45.499228
17.115979,45.49922
17.115604,45.499203
17.11541,45.499398
17.11511,45.499427
17.114525,45.499584
17.114073,45.499665
17.421201,45.447853
17.420644,45.447822
17.420448,45.447495
17.419737,45.447447
17.419912,45.447183
17.418854,45.447016
17.418983,45.446834
17.418687,45.446695
17.418392,45.446865
17.418327,45.446548
17.417869,45.446185
17.417558,45.446426
17.417025,45.446492
17.417039,45.446325
17.416579,45.446374
17.416321,45.446188
17.416476,45.446072
17.416099,45.446609
17.415853,45.446084
17.416718,45.445619
17.417105,45.445675
17.416446,45.445547
17.416176,45.445382
17.416444,45.445323
17.41667,45.445159
17.382231,45.43855
17.38227,45.438148
17.380522,45.437974
17.380203,45.436817
17.379392,45.437433
17.379017,45.438127
17.379662,45.43855
17.37968,45.438753
17.380101,45.438876
17.378139,45.440087
17.377427,45.439876
17.377913,45.440125
17.377241,45.439732
17.376913,45.43964
17.3757,45.439232
17.377617,45.440186
17.37715,45.44038
17.377063,45.440546
17.37684,45.440873
17.376353,45.440463
17.376506,45.44075
17.376418,45.440864
17.376161,45.440912
17.375861,45.441065
17.375697,45.441352
17.375542,45.441121
17.364293,45.447191
17.18638,45.400324
17.187361,45.400438
17.191358,45.402055
17.19171,45.402327
17.193008,45.40237
17.19336,45.403244
17.193454,45.402614
17.194239,45.402312
17.208049,45.399674
17.207995,45.399488
17.208163,45.399393
17.210213,45.399257
17.21061,45.398814
17.21151,45.399209
17.211721,45.399271
17.213807,45.399491
17.21436,45.399179
17.219131,45.399232
17.215513,45.392999
17.211826,45.387158
17.083778,45.491456
17.078336,45.488007
17.081443,45.489767
17.081208,45.489541
17.080809,45.489353
17.080291,45.489019
17.079649,45.488543
17.079351,45.488333
17.079132,45.488119
17.078528,45.487789
17.078338,45.487621
17.077987,45.487339
17.07737,45.485744
17.077243,45.485393
17.077225,45.485208
17.076546,45.482496
17.07652,45.48214
17.432003,45.448636
17.432379,45.448582
17.43508,45.448264
17.436135,45.448336
17.436493,45.448979
17.436629,45.449115
17.436762,45.449271
17.437101,45.449512
17.437107,45.448445
17.437989,45.448248
17.438528,45.447214
17.438398,45.447127
17.438149,45.44699
17.438909,45.448207
17.438921,45.448647
17.439286,45.448199
17.438769,45.448584
17.440067,45.448841
17.439142,45.44868
17.43901,45.447881
17.439293,45.447815
17.439849,45.448019
17.440218,45.44832
17.440341,45.448496
17.44058,45.448131
17.440769,45.448586
17.440538,45.449306
17.440616,45.448475
17.440786,45.448449
17.441133,45.448281
17.440366,45.448973
17.440379,45.449171
17.441489,45.448366
17.442088,45.448204
17.441944,45.448908
17.442238,45.448361
17.442554,45.448433
17.442314,45.448843
17.442019,45.448777
17.442368,45.449092
17.443048,45.449103
17.161391,45.488836
17.161874,45.488964
17.162341,45.488727
17.161142,45.488969
17.161399,45.489193
17.161747,45.489137
17.160653,45.48915
17.160777,45.489522
17.160485,45.489309
17.160344,45.489395
17.159593,45.490259
17.15864,45.490534
17.158373,45.490564
17.159957,45.489588
17.159377,45.48939
17.15822,45.490595
17.159206,45.490077
17.157782,45.490693
17.157346,45.490857
17.158638,45.490077
17.157104,45.490849
17.158411,45.490263
17.156648,45.490919
17.158218,45.49028
17.157969,45.490349
17.156452,45.491143
17.157565,45.490447
17.156607,45.489176
17.156106,45.49098
17.157149,45.490507
17.15588,45.491126
17.156714,45.490603
17.155579,45.49113
17.155469,45.491143
17.155917,45.490756
17.155253,45.491203
17.15542,45.490835
17.155015,45.490932
17.154217,45.491433
17.154555,45.490959
17.153853,45.491481
17.154163,45.491077
17.15337,45.491581
17.153344,45.491254
17.152542,45.491831
17.152173,45.491862
17.153103,45.491316
17.151781,45.49201
17.152914,45.491397
17.151533,45.492024
17.152073,45.491589
17.151423,45.491195
17.151059,45.491186
17.150905,45.492328
17.151028,45.49192
17.150645,45.492393
17.150735,45.492032
17.150008,45.492678
17.150096,45.492059
17.149863,45.492372
17.149636,45.492889
17.1492,45.493034
17.148669,45.493319
17.148918,45.493201
17.148073,45.493592
17.147845,45.49373
17.413578,45.477513
17.414145,45.479213
17.414883,45.481065
17.413676,45.484414
17.409404,45.489881
17.173395,45.419481
17.193047,45.508491
17.118062,45.428528
17.162475,45.414787
17.182306,45.489547
17.989676,45.341889
17.162103,45.420141
17.98942,45.353507
17.9864,45.351235
17.946898,45.308564
17.988342,45.35731
17.97658,45.388666
17.989096,45.346524
17.989642,45.34246
17.983179,45.351889
17.949673,45.307757
17.985867,45.346109
18.07015,45.383612
17.989133,45.350952
18.070609,45.331593
17.974029,45.389761
17.987542,45.348768
17.98844,45.344105
17.950632,45.305859
17.974225,45.388199
17.989162,45.348396
18.013837,45.365315
17.949506,45.309606
17.983448,45.351853
17.989299,45.35174
17.986797,45.346707
17.9801,45.352445
17.98582,45.345894
17.979937,45.35222
17.989708,45.353771
17.989301,45.353701
17.948134,45.30873
17.949198,45.307832
17.990053,45.353068
17.950589,45.309656
17.979088,45.352626
17.991599,45.349853
18.059654,45.382584
17.985849,45.359102
17.987929,45.350408
17.974005,45.389101
18.017305,45.366976
18.058825,45.382224
17.989021,45.342129
17.990318,45.349514
17.98749,45.349425
17.973948,45.387576
17.991186,45.353835
17.981905,45.351915
17.949046,45.308967
17.983493,45.352229
17.986672,45.347601
17.977912,45.352563
17.951637,45.309999
17.949157,45.308348
17.977131,45.387144
17.990599,45.35251
17.949083,45.308606
17.980935,45.352251
17.985548,45.357991
17.985638,45.351461
17.992672,45.343151
17.974121,45.39045
17.988859,45.354516
18.059759,45.382692
17.974322,45.38923
17.988823,45.358298
17.989202,45.344051
17.949843,45.306873
17.949091,45.308844
17.985803,45.358113
17.987909,45.348535
17.974478,45.390615
17.950074,45.307287
18.016901,45.365147
17.982339,45.352165
17.97966,45.352245
17.951347,45.305625
17.987174,45.348821
17.989693,45.343238
17.947843,45.308719
17.973998,45.389566
17.988788,45.357463
17.987362,45.351328
17.98876,45.345723
17.949475,45.307955
17.97216,45.386932
17.97814,45.35278
17.988366,45.358952
17.988283,45.35667
17.974132,45.387591
17.986492,45.347257
17.977606,45.387739
18.071016,45.331524
17.985895,45.351655
17.926891,45.32909
18.060644,45.383386
17.988799,45.35791
17.989927,45.347657
17.989834,45.343582
17.988586,45.343933
17.974238,45.388482
17.982584,45.352127
17.991429,45.342744
17.947645,45.308344
17.950237,45.306592
17.991101,45.355281
17.975532,45.385595
17.973995,45.389453
18.057749,45.381397
17.991301,45.354335
17.988963,45.341452
17.988346,45.357601
17.94999,45.307483
17.986938,45.351426
17.945706,45.308622
17.981832,45.352172
17.987374,45.352001
17.986977,45.348231
17.989119,45.355744
17.976314,45.388845
17.98989,45.353653
17.973708,45.387935
17.973878,45.390086
17.988296,45.357071
17.950824,45.306452
17.990529,45.348192
17.980907,45.35202
17.98875,45.34499
17.99179,45.354259
17.948871,45.309925
17.989957,45.351705
17.991017,45.343051
17.974703,45.389845
17.989023,45.341992
18.076197,45.325775
17.989886,45.347348
17.949707,45.307186
18.015668,45.364845
17.989817,45.343028
17.973099,45.387137
18.062462,45.384973
17.988888,45.356008
17.987087,45.351123
17.97389,45.388899
17.988798,45.358506
17.977144,45.388358
17.985746,45.351775
17.989556,45.341534
17.946635,45.308577
17.988693,45.357321
17.989611,45.355317
17.986672,45.351154
17.976057,45.38875
17.951402,45.305974
17.949777,45.307637
17.974302,45.389655
17.981983,45.352169
17.988953,45.346321
17.974102,45.388078
17.98616,45.346505
17.988729,45.350702
17.974024,45.389924
18.069832,45.383742
17.98793,45.350338
17.989562,45.347078
18.070209,45.331863
17.974178,45.388308
17.950943,45.306267
17.990665,45.353903
17.989266,45.35546
17.9497,45.309417
17.982188,45.352122
17.987122,45.34902
17.935125,45.336857
17.989566,45.353871
17.985756,45.345645
17.980314,45.352095
17.972716,45.387276
17.987089,45.347353
17.989533,45.342559
17.98824,45.356848
17.98667,45.348035
17.989858,45.352504
17.951222,45.309679
17.987857,45.35019
17.986513,45.347496
17.990221,45.351818
17.98797,45.351257
17.990071,45.349082
17.978487,45.352515
17.991122,45.353711
17.973608,45.387715
18.016841,45.366975
17.98873,45.356195
17.989088,45.344363
17.991343,45.353941
17.981092,45.352228
17.989932,45.352402
17.992352,45.34314
17.984184,45.352206
17.974386,45.390259
17.988638,45.356679
17.950556,45.306784
17.983045,45.352244
17.988375,45.358355
17.98786,45.350773
17.950238,45.307102
17.985882,45.358616
17.973967,45.389358
17.988318,45.35804
17.97419,45.390802
18.059063,45.382516
17.990157,45.347828
17.974312,45.389
17.989799,45.352715
17.949092,45.308681
17.973673,45.387264
18.057202,45.380528
17.989053,45.340919
17.982437,45.351916
17.990823,45.353383
17.978704,45.352695
17.95273,45.309941
17.945698,45.308933
17.987754,45.348744
17.990771,45.348309
17.990048,45.353453
17.987276,45.352139
17.989847,45.351557
17.988195,45.344708
17.973585,45.390313
17.975358,45.386407
17.95073,45.306645
17.980266,45.352449
17.992064,45.354738
17.988826,45.344589
17.991221,45.34277
17.988658,45.356843
17.948973,45.309527
17.979326,45.352316
17.988438,45.348992
17.950712,45.309478
17.989078,45.341686
17.989463,45.348642
17.94951,45.307271
17.97343,45.387238
18.017112,45.366638
17.989169,45.353925
17.988657,45.351135
17.987073,45.348411
17.98778,45.350964
18.061723,45.384436
17.976217,45.389112
17.99034,45.348001
17.950361,45.306305
17.979194,45.352616
17.990262,45.347946
17.987791,45.348345
17.973655,45.38785
17.987164,45.348603
17.989591,45.35286
17.98874,45.357646
18.058238,45.381904
17.950896,45.309522
17.977465,45.387205
18.071094,45.383208
17.926524,45.325813
17.988827,45.345563
17.974248,45.388638
17.988799,45.358746
17.989164,45.343132
17.948718,45.309086
17.949316,45.308185
17.98128,45.351979
17.986032,45.346682
17.989442,45.354129
18.076937,45.32943
18.059966,45.383023
17.990149,45.353104
17.989465,45.343787
17.95009,45.309652
17.97939,45.352624
17.983962,45.351673
17.948056,45.308424
17.990085,45.349683
17.988255,45.357426
17.988434,45.350308
17.986287,45.358086
17.986694,45.352589
17.949718,45.307869
17.989453,45.353152
17.986402,45.351541
17.976512,45.388462
18.070399,45.331542
17.991695,45.348946
17.95086,45.305843
17.973158,45.389874
17.989128,45.346806
17.949459,45.307322
17.988758,45.345859
17.988236,45.344492
17.991066,45.348515
17.987411,45.349204
18.070233,45.382917
17.949899,45.309647
17.988793,45.351521
17.985687,45.345763
17.973839,45.388495
18.063408,45.384271
17.98971,45.348392
17.972974,45.387353
17.98928,45.348491
17.979607,45.352513
17.949087,45.309548
17.986744,45.347728
17.951544,45.309731
17.975721,45.388258
17.981604,45.351908
17.978844,45.352698
17.991005,45.353628
17.989461,45.343632
17.984714,45.351923
17.948774,45.307988
17.98876,45.356262
17.97644,45.38707
18.081359,45.331951
17.989084,45.344189
17.988855,45.358052
17.989186,45.342868
17.974367,45.390413
17.950049,45.306814
17.987792,45.348167
17.974026,45.387865
17.97435,45.389816
17.949258,45.308274
17.977116,45.387735
17.98272,45.351759
17.987518,45.351882
17.983991,45.352209
17.990459,45.35219
17.989334,45.354749
18.057979,45.381689
18.076737,45.329009
17.988883,45.354269
17.988375,45.358622
17.973852,45.388685
17.989107,45.351513
17.991579,45.354043
17.948643,45.309272
17.980541,45.352345
17.988358,45.350126
17.986407,45.347052
17.987921,45.348703
17.977521,45.388403
17.974414,45.389511
17.978397,45.352763
17.952396,45.305241
17.981589,45.35214
17.99054,45.353302
17.952877,45.310175
17.945359,45.308935
17.98813,45.356571
17.985352,45.351815
17.988695,45.343769
17.980645,45.352039
17.989656,45.351475
17.989736,45.348882
17.97267,45.386882
17.948348,45.308691
17.95031,45.306404
17.98929,45.35442
17.991709,45.343083
17.985629,45.345472
17.973331,45.390491
17.975479,45.38585
17.985359,45.351492
18.060758,45.383542
17.173913,45.420069
17.172858,45.421279
17.1833,45.427491
17.080851,45.489667
17.103419,45.503298
17.108132,45.506271
17.16341,45.425863
17.173527,45.422247
17.91162,45.326367
17.912009,45.326692
17.911769,45.326261
17.911611,45.32581
17.912235,45.32549
17.912379,45.325353
17.913035,45.326166
17.912534,45.32634
17.91251,45.325731
17.913017,45.325143
17.912989,45.325354
17.911324,45.324601
17.909872,45.325497
17.910746,45.324576
17.910496,45.324435
17.909453,45.325417
17.909142,45.325424
17.908676,45.325403
17.908419,45.325336
18.094477,45.308018
17.189043,45.512026
17.183882,45.519002
17.175873,45.532725
17.178463,45.532839
17.185792,45.533106
17.970305,45.371796
17.986798,45.351512
17.983731,45.352216
17.982115,45.351852
17.989507,45.354332
17.987128,45.310423
17.109138,45.418017
18.002864,45.314789
18.088577,45.372402
18.094507,45.368984
17.152241,45.379482
17.153019,45.377953
17.105412,45.447851
17.107478,45.454429
17.083549,45.455944
17.089587,45.445897
17.088452,45.444549
17.088029,45.451589
17.119902,45.41367
17.365556,45.399846
17.144319,45.393261
17.148947,45.394508
17.151652,45.394001
17.151331,45.39461
17.959229,45.389745
17.961215,45.381569
17.126675,45.419771
17.186783,45.400005
17.191843,45.401439
17.193018,45.402756
17.212861,45.399422
17.184051,45.495197
17.183958,45.492374
17.184275,45.492246
17.187372,45.47704
17.181347,45.488361
17.996734,45.337661
17.167096,45.480873
17.166895,45.480792
17.166804,45.484994
17.16449,45.487739
17.155722,45.412207
17.152515,45.413494
17.164048,45.410428
17.163703,45.416674
17.168422,45.418376
17.163711,45.420967
17.124486,45.50647
17.127215,45.503797
17.137608,45.497576
17.148483,45.489109
17.146269,45.493946
17.134353,45.494657
17.169073,45.41868
17.168899,45.41881
17.16985,45.417717
17.158042,45.406656
17.157396,45.407706
17.16598,45.423588
17.146241,45.397846
17.162271,45.407291
17.166378,45.393383
17.162316,45.420363
17.197377,45.383976
17.197682,45.383897
17.193453,45.386048
17.198565,45.384053
17.185828,45.3858
17.185043,45.384444
17.175214,45.402311
17.176299,45.402402
17.157275,45.386967
17.156416,45.386042
17.212551,45.386347
17.110433,45.507578
17.168834,45.418529
17.082088,45.49015
17.081769,45.489949
17.164594,45.415979
17.162669,45.410789
17.169005,45.42204
17.18932,45.514978
17.434342,45.48509
17.434325,45.485974
17.17323,45.531938
17.175092,45.520328
17.178466,45.519657
17.202846,45.513986
17.100364,45.500939
17.174036,45.402854
17.9844,45.351706
17.163372,45.412611
17.163434,45.4126
17.163462,45.412552
17.163403,45.412447
17.163369,45.412526
17.986776,45.352095
17.167372,45.404864
17.177655,45.402141
17.124837,45.504469
17.134031,45.500226
18.012897,45.37869
17.986186,45.306785
17.980741,45.363433
18.065078,45.35234
18.008376,45.322768
17.163338,45.413143
17.186695,45.516522
18.0372,45.304871
17.156686,45.412424
17.173092,45.42147
17.172397,45.420997
17.172688,45.42117
17.173358,45.421688
17.173196,45.418946
17.173317,45.419032
17.173576,45.419229
17.173774,45.419322
17.173096,45.41927
17.173347,45.419427
17.173533,45.419583
17.173726,45.419685
17.188503,45.515336
17.188233,45.515455
17.187993,45.515566
17.187756,45.515662
17.187504,45.515776
17.187291,45.515882
17.187071,45.515973
17.192762,45.484762
17.163001,45.416132
17.150688,45.412768
17.167848,45.403963
17.165946,45.410666
17.168607,45.408817
17.166358,45.410377
17.166281,45.410005
17.167228,45.409745
17.165697,45.410876
17.166749,45.410261
17.165928,45.410262
17.165725,45.410529
17.168432,45.408916
17.168905,45.408625
17.167457,45.409561
17.168733,45.408342
17.166985,45.409979
17.167572,45.409105
17.165828,45.410458
17.167903,45.409238
17.166513,45.410271
17.168077,45.408729
17.1659,45.410834
17.16796,45.408813
17.16904,45.408538
17.167794,45.40932
17.167672,45.409402
17.165481,45.410694
17.166885,45.409629
17.166311,45.410548
17.165208,45.4108
17.167431,45.409145
17.168291,45.409008
17.167005,45.409542
17.166742,45.409738
17.169215,45.408449
17.16713,45.409457
17.166189,45.410176
17.162618,45.410181
17.129497,45.502569
17.953011,45.310161
17.161934,45.413979
17.165644,45.41444
17.950137,45.309418
17.161901,45.4211
17.163914,45.411574
17.990281,45.355132
17.168754,45.408732
17.982085,45.362395
17.063074,45.46458
17.991337,45.343098
17.169147,45.403065
17.981898,45.362531
17.980275,45.363911
17.980281,45.363745
17.979944,45.364022
17.155385,45.414313
17.155181,45.414331
17.154666,45.414531
17.154137,45.414954
17.152228,45.415179
17.151936,45.41557
17.147184,45.416089
17.156891,45.413971
17.151522,45.415347
17.150825,45.415392
17.149422,45.41589
17.155338,45.414593
17.157371,45.414254
17.150632,45.415892
17.149987,45.416063
17.155886,45.414474
17.154222,45.415025
17.157029,45.414362
17.148755,45.416067
17.152392,45.415127
17.155005,45.414429
17.147536,45.415441
17.150129,45.415725
17.152171,45.415501
17.152006,45.415708
17.145605,45.417505
17.156468,45.414306
17.155543,45.414541
17.156047,45.414088
17.151834,45.415212
17.153201,45.415229
17.153178,45.414898
17.149223,45.415841
17.156336,45.414363
17.151903,45.415994
17.156679,45.414263
17.151371,45.415372
17.149452,45.416205
17.156228,45.414056
17.142439,45.416997
17.148676,45.416443
17.152503,45.415554
17.155004,45.41482
17.144827,45.417164
17.150787,45.415891
17.151664,45.415314
17.149801,45.41611
17.155686,45.414126
17.153647,45.415175
17.155885,45.414125
17.148511,45.416142
17.149606,45.416168
17.149631,45.415776
17.156463,45.413997
17.15467,45.414838
17.157579,45.414268
17.153822,45.414675
17.153453,45.415226
17.151094,45.415435
17.154707,45.415096
17.150998,45.415452
17.154427,45.414514
17.148945,45.416339
17.132338,45.418947
17.152827,45.415029
17.151249,45.415417
17.154083,45.414696
17.155594,45.414246
17.157164,45.414238
17.154841,45.414461
17.975515,45.36718
17.176376,45.532799
18.003335,45.315549
18.004041,45.332594
17.16976,45.418002
17.123614,45.504904
17.106119,45.438914
17.988254,45.349572
17.192823,45.513338
17.994583,45.308143
17.134406,45.419615
17.194557,45.508153
17.158906,45.414274
17.117877,45.498849
17.99022,45.352865
18.038921,45.305277
17.998638,45.311717
17.380848,45.43721
17.156483,45.385987
17.152047,45.415214
18.022657,45.385726
17.159963,45.414501
17.130542,45.421227
17.131076,45.420794
17.131131,45.420509
17.130542,45.420287
17.130337,45.420396
17.143491,45.49536
17.147663,45.493834
17.120017,45.498693
17.181205,45.526155
17.192772,45.512822
17.120543,45.498612
17.120796,45.498569
17.166878,45.404235
17.182155,45.528645
17.118981,45.498566
17.178092,45.519828
17.165562,45.423926
17.166433,45.418593
17.166226,45.418674
18.077383,45.355335
17.125509,45.504166
17.16839,45.404426
17.977787,45.352867
17.187032,45.476862
18.011782,45.377455
17.164835,45.396084
17.166557,45.483038
17.150237,45.413795
17.150245,45.413741
17.192541,45.391477
17.144415,45.495381
17.986359,45.352669
17.16292,45.414106
17.189956,45.51413
17.109756,45.435323
17.71763,45.418332
17.122813,45.498171
17.163733,45.415772
17.160856,45.409255
17.157263,45.40681
17.169705,45.418322
17.127493,45.418329
17.146827,45.41527
17.151399,45.415711
17.15418,45.414534
17.154261,45.414443
17.144059,45.495508
17.07259,45.411246
17.98739,45.349837
17.181753,45.522939
17.148813,45.415898
17.160634,45.414892
17.16085,45.414984
17.161016,45.415932
17.16271,45.417831
17.402509,45.427514
17.973382,45.368806
17.973551,45.368776
17.157517,45.407247
17.10833,45.418277
17.165508,45.406466
17.152889,45.414937
17.163697,45.413019
17.104195,45.503774
17.161002,45.418683
17.210181,45.485239
17.210395,45.485226
18.043882,45.344901
17.171296,45.42017
17.16099,45.416025
17.222384,45.493208
17.149815,45.492767
17.988426,45.349765
18.059113,45.28857
17.149233,45.414453
17.157016,45.414217
17.988294,45.349885
17.122534,45.424471
17.162078,45.408164
17.169335,45.407374
17.158374,45.414188
17.163989,45.414699
17.164478,45.414411
17.163367,45.414322
17.163812,45.413558
17.163105,45.41383
17.163608,45.413325
17.163024,45.413531
17.165318,45.4193
17.16177,45.416413
17.161138,45.416153
17.163249,45.418685
17.164394,45.419646
17.163693,45.419577
17.164158,45.415522
17.164631,45.415866
17.165472,45.415939
17.165664,45.416036
17.167179,45.416672
17.168245,45.417459
17.158306,45.41479
17.159785,45.415886
17.166443,45.406647
17.166744,45.406849
17.165896,45.410392
17.169347,45.420057
17.159484,45.414911
17.160243,45.416657
17.167582,45.409491
17.167987,45.409155
17.168188,45.408613
17.168345,45.408554
17.165907,45.407404
17.163092,45.407163
17.157768,45.414164
17.155134,45.414682
17.154335,45.414903
17.151785,45.415623
17.15038,45.415636
17.151146,45.415815
17.149121,45.415984
17.150329,45.415967
17.150158,45.415996
17.149689,45.416116
17.14918,45.416283
17.15574,45.407713
17.155178,45.407331
17.168585,45.41929
17.168089,45.419628
17.16775,45.419725
17.157248,45.406926
17.164074,45.412876
17.16307,45.41238
17.163133,45.412125
17.164381,45.412536
17.15853,45.406369
17.163321,45.416431
17.163484,45.416422
17.164038,45.416135
17.163875,45.416454
17.16498,45.416674
17.167638,45.41837
17.167841,45.418124
17.162208,45.415022
17.162042,45.414975
17.162674,45.412758
17.150979,45.415845
17.157667,45.404298
17.162584,45.417436
17.167643,45.416554
17.1692,45.417185
17.170942,45.41773
17.173036,45.418842
17.165409,45.412132
17.166795,45.407922
17.166671,45.408003
17.169656,45.419938
17.161818,45.418904
17.157723,45.413368
17.157153,45.412143
17.153454,45.416432
17.165906,45.406628
17.167182,45.407634
17.161617,45.408928
17.164953,45.408805
17.165569,45.407629
17.166076,45.410559
17.167538,45.407895
17.166882,45.406957
17.166483,45.407094
17.160358,45.414705
17.158546,45.405392
17.162605,45.415341
17.158758,45.406115
17.158409,45.406118
17.158442,45.406269
17.158911,45.406967
17.15924,45.407407
17.160031,45.407977
17.161711,45.409482
17.161939,45.408293
17.162595,45.407715
17.162808,45.407389
17.165103,45.40564
17.165267,45.405534
17.153839,45.415141
17.160676,45.408621
17.160338,45.408776
17.160421,45.408917
17.160938,45.408898
17.160598,45.409222
17.152802,45.415335
17.15083,45.415512
17.165742,45.405216
17.166116,45.404687
17.166161,45.41511
17.166724,45.414776
17.161985,45.413398
17.161341,45.409975
17.162306,45.412427
17.159645,45.410054
17.162529,45.410258
17.15704,45.413845
17.156282,45.413958
17.15689,45.414221
17.156081,45.414494
17.148782,45.416396
17.157885,45.408122
17.157328,45.407903
17.156652,45.407777
17.156311,45.407678
17.155862,45.407523
17.157285,45.406557
17.149583,45.414
17.149243,45.413783
17.165502,45.415046
17.165825,45.414929
17.165852,45.414298
17.164275,45.413117
17.164916,45.413185
17.162815,45.410291
17.164254,45.414274
17.164065,45.413881
17.161595,45.414857
17.161742,45.414941
17.16805,45.418585
17.165438,45.416895
17.166292,45.415878
17.156121,45.407439
17.167355,45.409639
17.162204,45.419636
17.1721,45.418322
17.163236,45.41503
17.924082,45.391828
17.924139,45.397421
17.922218,45.396921
17.922024,45.396867
17.926316,45.397829
17.926399,45.39558
17.925163,45.398852
17.920505,45.396053
17.92127,45.396507
17.920765,45.396172
17.921675,45.396644
17.921745,45.396199
17.922037,45.396379
17.921371,45.395961
17.923013,45.396731
17.92414,45.397025
17.924458,45.396861
17.922555,45.397009
17.9247,45.397245
17.925022,45.397271
17.922933,45.397196
17.925236,45.397349
17.9232,45.397216
17.923452,45.39726
17.923738,45.39733
17.923997,45.397388
17.924343,45.397519
17.924554,45.397512
17.924773,45.397564
17.924898,45.398265
17.924875,45.398406
17.925254,45.398672
17.925387,45.398589
17.926075,45.39661
17.925311,45.398457
17.925467,45.397712
17.926258,45.396115
17.926179,45.398025
17.926315,45.395843
17.926471,45.397847
17.92633,45.395206
17.926624,45.397855
17.926229,45.394996
17.926798,45.397874
17.926251,45.394807
17.92699,45.397881
17.926262,45.394623
17.925723,45.394527
17.925832,45.394518
17.925185,45.394426
17.925047,45.394418
17.924912,45.394395
17.924724,45.39438
17.924657,45.394223
17.924638,45.393971
17.924516,45.393414
17.924461,45.39332
17.92422,45.393161
17.923352,45.392961
17.92331,45.392137
17.923275,45.391867
17.923114,45.391448
17.923137,45.391268
17.923321,45.390613
17.924197,45.396721
17.92644,45.39749
17.927805,45.397619
17.928036,45.397604
17.928361,45.397545
17.928682,45.397533
17.928885,45.39759
17.929588,45.397473
17.929991,45.397149
17.930271,45.396726
17.927603,45.397967
17.927833,45.39793
17.928106,45.397985
17.929233,45.398587
17.929604,45.397875
17.928867,45.397975
17.929132,45.397901
17.930499,45.397358
17.931086,45.396539
17.930779,45.396914
17.931419,45.396238
17.931061,45.39644
17.926414,45.397163
17.926349,45.396918
17.926468,45.396668
17.926711,45.396374
17.926665,45.396144
17.926695,45.395981
17.926818,45.395435
17.926718,45.395323
17.926629,45.395082
17.926682,45.394882
17.925451,45.394186
17.925193,45.394224
17.926562,45.393968
17.924997,45.394027
17.926486,45.39382
17.925004,45.393744
17.927077,45.393707
17.924914,45.393459
17.927017,45.3936
17.924817,45.393199
17.924618,45.393053
17.926359,45.393176
17.924535,45.392908
17.926287,45.393063
17.924415,45.392732
17.926111,45.392758
17.924147,45.392815
17.925348,45.392271
17.923621,45.392148
17.924772,45.392208
17.923754,45.391821
17.924469,45.392262
17.923652,45.391678
17.923884,45.392221
17.923537,45.391421
17.92355,45.391302
17.923529,45.390995
17.92377,45.390813
17.923587,45.390339
17.923598,45.390189
17.926858,45.394369
17.926988,45.394114
17.927376,45.393987
17.926615,45.392916
17.926543,45.392622
17.926234,45.392415
17.926204,45.392337
17.925929,45.392122
17.925382,45.392057
17.925216,45.392002
17.924898,45.392002
17.930365,45.396473
17.926861,45.395677
17.92828,45.397894
17.930408,45.397819
17.923811,45.393052
17.892958,45.382684
17.891983,45.382158
17.891161,45.382772
17.887238,45.383442
17.887096,45.382994
17.892789,45.383835
17.892108,45.382659
17.889135,45.383016
17.886643,45.383203
17.898743,45.381168
17.893677,45.381946
17.885434,45.38392
17.885677,45.383463
17.898602,45.38166
17.897686,45.382003
17.896207,45.382071
17.891942,45.386288
17.892259,45.38462
17.892716,45.382095
17.891367,45.382258
17.893661,45.382398
17.893344,45.383549
17.893005,45.38321
17.88953,45.382535
17.889224,45.382585
17.885817,45.383776
17.885248,45.38393
17.89946,45.381538
17.899166,45.381645
17.897247,45.381391
17.893944,45.381828
17.890748,45.382816
17.895771,45.382129
17.89483,45.381783
17.894264,45.381798
17.893197,45.383811
17.892385,45.382589
17.891689,45.382223
17.890459,45.382411
17.88482,45.384077
17.89742,45.381927
17.897852,45.381284
17.895302,45.382211
17.895582,45.38163
17.895007,45.381759
17.891608,45.386139
17.901324,45.379669
17.891296,45.382836
17.884472,45.383822
17.91085,45.383923
17.89665,45.38145
17.893049,45.384015
17.893115,45.380483
17.900384,45.381309
17.892626,45.382782
17.888916,45.382633
17.888672,45.383124
17.88811,45.383125
17.887959,45.382811
17.886085,45.383703
17.899596,45.381599
17.898297,45.381782
17.89663,45.381953
17.897562,45.381398
17.891677,45.385925
17.893108,45.380183
17.900133,45.38039
17.891066,45.382316
17.889709,45.382947
17.889822,45.382516
17.88487,45.383677
17.904388,45.38188
17.89632,45.38207
17.891231,45.386861
17.900504,45.380997
17.900146,45.381022
17.892293,45.382118
17.891014,45.382897
17.90326,45.381807
17.899318,45.381614
17.894367,45.381784
17.892315,45.385386
17.890931,45.38234
17.890771,45.382324
17.88897,45.383034
17.899617,45.381064
17.898887,45.381716
17.898002,45.381819
17.898158,45.381254
17.897227,45.381921
17.894701,45.382321
17.895172,45.38172
17.894118,45.383222
17.892889,45.384326
17.892999,45.383374
17.891279,45.386662
17.888619,45.382595
17.895283,45.381712
17.900657,45.380726
17.890207,45.382898
17.889985,45.382908
17.890154,45.382462
17.889425,45.382927
17.887429,45.382948
17.885328,45.383451
17.901095,45.382135
17.898468,45.38116
17.896781,45.381461
17.894539,45.381765
17.893064,45.383032
17.892019,45.38523
17.891611,45.382667
17.887788,45.382829
17.886497,45.383227
17.89903,45.381152
17.89618,45.381544
17.894998,45.382251
17.892158,45.385872
17.893156,45.382889
17.89296,45.383514
17.892647,45.379682
17.900221,45.380627
17.892937,45.382038
17.890638,45.382816
17.886464,45.383604
17.884625,45.383715
17.899337,45.381108
17.89798,45.381267
17.895624,45.382169
17.89546,45.381689
17.893394,45.381996
17.893426,45.38322
17.892867,45.383697
17.891899,45.385459
17.89317,45.380599
17.893074,45.38032
17.900521,45.380879
17.900494,45.379972
17.884622,45.384139
17.885207,45.383565
17.884041,45.384352
17.891376,45.386417
17.970992,45.370768
17.125664,45.497678
17.158815,45.414788
17.16497,45.419593
17.141785,45.415653
17.151634,45.415637
17.148353,45.41615
17.93368,45.361473
17.933492,45.361662
17.932792,45.361746
17.932355,45.362226
17.934483,45.359786
17.933185,45.361897
17.932185,45.36246
17.933824,45.360483
17.93324,45.361165
17.931759,45.36295
17.932702,45.361872
17.934335,45.359908
17.93189,45.362787
17.932875,45.361632
17.932624,45.36199
17.931995,45.362611
17.931466,45.363267
17.924471,45.372276
17.929145,45.365856
17.923611,45.372909
17.924072,45.372863
17.925336,45.369846
17.92526,45.371019
17.927358,45.366575
17.92817,45.367514
17.925102,45.365542
17.923524,45.373795
17.92344,45.373242
17.925726,45.370223
17.926864,45.36633
17.925293,45.365663
17.926447,45.36932
17.925806,45.365885
17.929301,45.366523
17.927326,45.365957
17.923631,45.373603
17.923943,45.373113
17.926528,45.368393
17.928464,45.366564
17.92804,45.367617
17.925515,45.36974
17.92615,45.369654
17.92692,45.368929
17.927414,45.368337
17.927588,45.366683
17.92527,45.365066
17.926463,45.368778
17.928122,45.366905
17.927837,45.367898
17.927965,45.367779
17.923734,45.372454
17.92628,45.369471
17.925579,45.365741
17.92802,45.366293
17.926433,45.365614
17.924925,45.370923
17.927053,45.368753
17.924909,45.365474
17.926942,45.365853
17.925456,45.365195
17.923754,45.364515
17.925598,45.370351
17.924497,45.36523
17.923819,45.364957
17.923476,45.364592
17.925065,45.370689
17.92693,45.368795
17.926322,45.365506
17.922943,45.373968
17.9248,45.371171
17.924837,45.371628
17.925101,45.371252
17.925976,45.369324
17.927749,45.366135
17.924668,45.365316
17.924461,45.371631
17.924704,45.371322
17.926967,45.36811
17.925662,45.365276
17.927686,45.367513
17.926592,45.369305
17.926791,45.368962
17.925889,45.365397
17.924367,45.372547
17.92498,45.371411
17.925273,45.370194
17.927162,45.368001
17.927985,45.367122
17.928712,45.366393
17.924184,45.372688
17.92569,45.369565
17.927509,45.367694
17.927141,45.368677
17.928472,45.36732
17.928623,45.367084
17.926095,45.365978
17.926652,45.369127
17.89984,45.359511
17.899734,45.359934
17.899333,45.359849
17.899371,45.359556
17.899862,45.35915
17.899397,45.358895
17.899453,45.35909
17.899813,45.358614
17.899467,45.358584
17.899169,45.358715
17.899801,45.358303
17.899457,45.358172
17.899853,45.358121
17.899467,45.35778
17.899895,45.357697
17.899522,45.357468
17.900071,45.356865
17.899981,45.357144
17.899477,45.35717
17.900112,45.356734
17.899584,45.356867
17.900185,45.356517
17.899696,45.356448
17.899655,45.356603
17.900232,45.355882
17.899822,45.355862
17.900239,45.355438
17.899815,45.35569
17.900285,45.355132
17.900513,45.35476
17.899859,45.355179
17.900738,45.354089
17.90058,45.354433
17.899928,45.354917
17.901162,45.354453
17.900185,45.354225
17.901101,45.353677
17.901326,45.353406
17.900995,45.352919
17.901377,45.353194
17.901152,45.352508
17.901545,45.352745
17.901248,45.352322
17.901617,45.352537
17.901745,45.35221
17.90178,45.352077
17.902417,45.351308
17.901887,45.351881
17.902644,45.351273
17.902103,45.35171
17.89572,45.356091
17.896211,45.355911
17.897086,45.354865
17.896353,45.355372
17.896359,45.355691
17.897702,45.354094
17.89722,45.355173
17.897825,45.353847
17.897439,45.355091
17.897877,45.353642
17.898212,45.354001
17.898024,45.353413
17.898359,45.353579
17.898078,45.353206
17.898581,45.353259
17.898349,45.353396
17.89821,45.352833
17.898459,45.352501
17.898407,45.352259
17.89888,45.352502
17.898496,45.351976
17.898871,45.352363
17.898583,45.351738
17.898879,45.352222
17.898635,45.351498
17.898811,45.351064
17.898951,45.351972
17.898882,45.351829
17.899047,45.351414
17.902244,45.351356
17.898299,45.353712
17.954889,45.391842
17.948918,45.394866
17.949067,45.39494
17.94183,45.402736
17.941696,45.399195
17.941994,45.403612
17.942104,45.402583
17.942099,45.402769
17.942285,45.404956
17.942083,45.404132
17.942333,45.403267
17.942703,45.406218
17.942659,45.406655
17.942578,45.404856
17.943344,45.405949
17.942526,45.407402
17.94434,45.405918
17.943347,45.407195
17.943461,45.406192
17.942511,45.403937
17.943498,45.406304
17.944345,45.404384
17.944708,45.404531
17.94505,45.404705
17.943755,45.406889
17.945195,45.404777
17.94567,45.405087
17.944573,45.404148
17.945378,45.40453
17.945935,45.404692
17.946559,45.402151
17.946469,45.40301
17.946692,45.406318
17.948613,45.40705
17.948458,45.407226
17.941283,45.39894
17.946217,45.401293
17.946732,45.402019
17.946907,45.402125
17.947139,45.403133
17.94711,45.40237
17.951178,45.393384
17.95109,45.393217
17.951472,45.393584
17.952465,45.393742
17.954028,45.393536
17.954676,45.392814
17.951606,45.395738
17.951605,45.395467
17.951366,45.395855
17.950203,45.39578
17.954352,45.392315
17.950484,45.396634
17.950721,45.396931
17.950053,45.39688
17.954977,45.392013
17.955601,45.391943
17.955344,45.391986
17.951715,45.397313
17.95245,45.397838
17.955206,45.400549
17.948194,45.394213
17.949464,45.394854
17.950348,45.395897
17.951072,45.39547
17.951015,45.395974
17.951607,45.396807
17.951757,45.396985
17.952593,45.396841
17.95247,45.397398
17.952742,45.397611
17.95279,45.397773
17.953006,45.397884
17.953417,45.39815
17.953474,45.398428
17.943536,45.406067
17.942086,45.402063
17.942253,45.403034
17.942283,45.403557
17.942156,45.406469
17.942385,45.404174
17.942343,45.404525
17.942612,45.407048
17.942825,45.40744
17.943494,45.407422
17.943903,45.407094
17.945445,45.404928
17.944041,45.403869
17.946074,45.405463
17.944688,45.404243
17.948117,45.406826
17.946276,45.405078
17.946611,45.402336
17.946327,45.405249
17.946667,45.405421
17.948542,45.406622
17.945994,45.400413
17.9464,45.401637
17.951169,45.393706
17.952143,45.393716
17.952433,45.394111
17.952323,45.394492
17.944497,45.398354
17.94946,45.395128
17.949775,45.395389
17.951871,45.393205
17.950464,45.396112
17.950584,45.396287
17.954759,45.392041
17.951333,45.397072
17.951394,45.397333
17.955749,45.392168
17.955934,45.392381
17.956171,45.39264
17.952144,45.397516
17.951828,45.395941
17.951636,45.395997
17.948992,45.394621
17.949868,45.394694
17.949752,45.394897
17.949902,45.395176
17.950202,45.395411
17.950661,45.395901
17.951913,45.397125
17.953165,45.398039
17.941995,45.403771
17.943638,45.406596
17.945833,45.405199
17.946349,45.405554
17.953972,45.392871
17.952072,45.397465
17.951149,45.396506
17.950342,45.395547
17.952267,45.397122
17.946813,45.402764
17.948242,45.394568
17.954217,45.399166
17.941842,45.399417
17.959754,45.394732
17.942791,45.407544
17.942077,45.401857
17.727939,45.395158
17.727759,45.395172
17.728383,45.392425
17.728509,45.391726
17.7287,45.390698
17.729189,45.389584
17.728522,45.39609
17.728006,45.394831
17.728587,45.393915
17.728294,45.392897
17.728506,45.391993
17.729312,45.390127
17.728324,45.395352
17.728834,45.393272
17.728768,45.392894
17.728616,45.390899
17.728975,45.391628
17.729101,45.390923
17.729379,45.390041
17.72806,45.39354
17.728695,45.393524
17.728135,45.393048
17.728676,45.391371
17.729023,45.389879
17.729593,45.389649
17.730101,45.38895
17.728012,45.3945
17.728679,45.393597
17.728517,45.391883
17.729141,45.3892
17.729433,45.390613
17.728631,45.394073
17.728896,45.392502
17.72871,45.391208
17.729974,45.387618
17.730224,45.387036
17.728523,45.396711
17.728507,45.397189
17.727845,45.395983
17.728216,45.39318
17.729461,45.388736
17.72977,45.38846
17.727972,45.395809
17.727968,45.395467
17.727925,45.395254
17.728466,45.395004
17.729097,45.391226
17.729247,45.390463
17.729257,45.390307
17.728753,45.396925
17.728159,45.39368
17.728986,45.392324
17.728824,45.390483
17.729697,45.389468
17.729044,45.391929
17.729004,45.391773
17.729348,45.389094
17.728813,45.397351
17.728709,45.393353
17.728273,45.392613
17.729042,45.391548
17.728794,45.39313
17.728814,45.392593
17.728877,45.392408
17.728891,45.392107
17.729066,45.391455
17.729187,45.390698
17.728351,45.392296
17.729303,45.389427
17.729846,45.388034
17.73013,45.388837
17.729799,45.38925
17.728397,45.395622
17.728054,45.394302
17.728503,45.394573
17.728528,45.394744
17.728141,45.393468
17.728883,45.392187
17.728383,45.395844
17.728327,45.395206
17.728648,45.391532
17.72841,45.395991
17.728107,45.394008
17.728453,45.394481
17.729139,45.389728
17.730586,45.388079
17.728923,45.393783
17.728646,45.391027
17.695011,45.386109
17.695156,45.386575
17.69524,45.387105
17.695316,45.387329
17.695036,45.386355
17.705334,45.399109
17.705483,45.399052
17.701928,45.392884
17.700749,45.392491
17.70085,45.396169
17.699255,45.391925
17.699457,45.392033
17.699582,45.392131
17.699863,45.392355
17.700417,45.392768
17.700679,45.392967
17.700835,45.393115
17.701118,45.393431
17.701401,45.393573
17.701649,45.393808
17.70223,45.394508
17.70231,45.394656
17.703239,45.395991
17.702918,45.395948
17.702786,45.395984
17.702477,45.396006
17.702296,45.396021
17.702089,45.39607
17.701556,45.396109
17.701404,45.396112
17.701232,45.396131
17.700525,45.396165
17.700356,45.396153
17.700023,45.396172
17.699924,45.396225
17.699517,45.396224
17.699352,45.396274
17.69946,45.396545
17.699626,45.396555
17.700303,45.397457
17.700447,45.397761
17.700925,45.397764
17.700469,45.397419
17.700444,45.397315
17.700048,45.396549
17.700287,45.396533
17.700638,45.396466
17.700824,45.396492
17.700977,45.396435
17.70125,45.396508
17.701412,45.396523
17.701729,45.396417
17.70206,45.396384
17.702367,45.396394
17.70268,45.396363
17.702846,45.396325
17.703015,45.396331
17.703209,45.396331
17.704087,45.397206
17.703448,45.396325
17.704345,45.39756
17.704304,45.397411
17.70448,45.397685
17.704754,45.398057
17.704803,45.39814
17.704895,45.398253
17.705072,45.398452
17.70514,45.398712
17.705259,45.39881
17.705346,45.398884
17.705662,45.399318
17.705775,45.399555
17.706135,45.400091
17.705996,45.399764
17.706383,45.400385
17.706483,45.400496
17.706583,45.400654
17.706551,45.400905
17.706857,45.401035
17.706934,45.40115
17.707351,45.401753
17.707612,45.402263
17.706103,45.401951
17.705915,45.403073
17.706745,45.403183
17.706636,45.403388
17.706736,45.402702
17.697998,45.390317
17.699203,45.391232
17.699644,45.391409
17.700288,45.392111
17.699308,45.391348
17.701502,45.393188
17.701886,45.393011
17.701759,45.393172
17.701693,45.393308
17.701823,45.393458
17.702243,45.393615
17.702327,45.393857
17.702393,45.394015
17.702482,45.394157
17.702636,45.394346
17.70267,45.394466
17.702791,45.394611
17.70294,45.394906
17.703222,45.395188
17.703122,45.395045
17.703237,45.395304
17.703278,45.395376
17.703428,45.395488
17.703446,45.39563
17.703522,45.395745
17.703733,45.396009
17.703856,45.396132
17.704095,45.396553
17.704193,45.396706
17.704276,45.396824
17.70452,45.397135
17.704892,45.397493
17.705172,45.398036
17.705356,45.398285
17.705437,45.398434
17.705644,45.39864
17.70582,45.39882
17.705942,45.399133
17.706276,45.399382
17.706409,45.399803
17.706615,45.400055
17.706744,45.400213
17.706791,45.400368
17.706972,45.400573
17.707229,45.400808
17.70726,45.401009
17.707529,45.401397
17.707708,45.40164
17.708236,45.40233
17.708483,45.402589
17.708778,45.402889
17.699079,45.391102
17.701764,45.39603
17.70396,45.396377
17.693102,45.442277
17.690485,45.43545
17.690775,45.435441
17.691216,45.435459
17.691462,45.436027
17.691501,45.436248
17.691921,45.435914
17.691982,45.436122
17.691548,45.436422
17.691973,45.436378
17.69167,45.436751
17.692098,45.436482
17.691706,45.436899
17.692062,45.436582
17.69176,45.437156
17.692071,45.436681
17.691823,45.437291
17.69207,45.43679
17.691941,45.437657
17.692172,45.43721
17.691938,45.437778
17.692235,45.437396
17.691975,45.437906
17.692248,45.437603
17.692,45.438045
17.692059,45.438492
17.692232,45.438937
17.69242,45.438024
17.692297,45.439061
17.692393,45.438207
17.692335,45.439211
17.692358,45.439324
17.692488,45.438312
17.692397,45.439449
17.692496,45.438408
17.692415,45.439569
17.692545,45.438487
17.692441,45.439677
17.69259,45.438597
17.692509,45.439799
17.692508,45.43996
17.692598,45.438801
17.692585,45.440051
17.69258,45.438875
17.692628,45.440138
17.692644,45.440272
17.692674,45.4392
17.692657,45.440572
17.692784,45.440896
17.692713,45.439292
17.692869,45.441146
17.692811,45.439474
17.692838,45.441229
17.692798,45.439614
17.692933,45.441449
17.6929,45.439832
17.692973,45.441565
17.692971,45.439976
17.693033,45.440215
17.692952,45.44177
17.693128,45.440338
17.692894,45.441892
17.693217,45.440642
17.693036,45.442007
17.693352,45.440838
17.693058,45.442128
17.693269,45.440966
17.693266,45.441129
17.693367,45.441265
17.693011,45.442428
17.693371,45.441396
17.69309,45.44257
17.693447,45.441545
17.693169,45.442681
17.69307,45.443
17.693472,45.44177
17.69302,45.443164
17.693492,45.441966
17.693078,45.443326
17.693605,45.442089
17.693023,45.443639
17.693568,45.442243
17.694286,45.440965
17.693596,45.442372
17.693634,45.442512
17.693642,45.442638
17.693668,45.442771
17.693655,45.442915
17.69372,45.443101
17.693542,45.443361
17.693613,45.443503
17.695116,45.440134
17.695327,45.440067
17.694805,45.44054
17.695105,45.441073
17.695162,45.4413
17.695288,45.441377
17.695197,45.441481
17.695201,45.441594
17.69526,45.441742
17.695058,45.441989
17.694954,45.441778
17.699887,45.434492
17.700825,45.434321
17.699867,45.434656
17.700319,45.434492
17.699716,45.43492
17.699756,45.435077
17.699757,45.435264
17.699749,45.43544
17.699861,45.436999
17.699762,45.436852
17.699754,45.435804
17.69968,45.435637
17.700239,45.434599
17.699878,45.437646
17.699917,45.437756
17.699954,45.43785
17.700011,45.438058
17.700233,45.434906
17.699969,45.438751
17.700143,45.438903
17.700225,45.435065
17.700081,45.439079
17.7003,45.435369
17.700299,45.435503
17.700328,45.435934
17.700268,45.435215
17.700496,45.437468
17.70051,45.437682
17.700231,45.439261
17.700476,45.438085
17.700122,45.439417
17.700524,45.438504
17.700253,45.439684
17.700524,45.438605
17.699406,45.439724
17.700589,45.43895
17.699127,45.439723
17.700651,45.439089
17.698974,45.439681
17.700688,45.439232
17.698765,45.439778
17.701461,45.439185
17.698528,45.439756
17.70068,45.439349
17.700741,45.439504
17.698262,45.439768
17.700935,45.439589
17.698257,45.439599
17.701294,45.439533
17.701599,45.439539
17.698095,45.439784
17.701806,45.439594
17.697453,45.439885
17.697185,45.439923
17.700897,45.439961
17.696792,45.439932
17.696634,45.439966
17.700928,45.440052
17.696574,45.440302
17.700937,45.440142
17.696722,45.440289
17.701219,45.440534
17.701257,45.44069
17.701215,45.440821
17.69734,45.440224
17.701349,45.441108
17.69762,45.440199
17.697501,45.440213
17.697802,45.440195
17.701455,45.441433
17.69797,45.440159
17.701401,45.441555
17.698162,45.440128
17.701414,45.441731
17.698326,45.440104
17.701475,45.441903
17.698591,45.44011
17.701566,45.442113
17.69888,45.440003
17.702193,45.442417
17.702173,45.442683
17.699178,45.439979
17.699498,45.439919
17.699755,45.439958
17.700395,45.4401
17.700496,45.440204
17.700632,45.440532
17.700681,45.440641
17.70067,45.440781
17.700734,45.440892
17.700288,45.441159
17.700663,45.441014
17.700842,45.441284
17.700898,45.44151
17.701122,45.442011
17.701013,45.441906
17.70149,45.442701
17.70177,45.442706
17.698387,45.43979
17.690298,45.435561
17.695692,45.440112
17.159043,45.414465
17.700803,45.439749
17.706648,45.403091
17.971512,45.37024
17.082808,45.491077
18.021914,45.383471
17.991939,45.348411
17.999082,45.380572
17.925634,45.397384
17.925991,45.397398
18.022552,45.384382
17.971364,45.370507
17.158903,45.415453
17.991536,45.348731
17.98733,45.348037
18.037304,45.34659
18.03704,45.346513
17.991214,45.308325
17.922694,45.396688
17.165756,45.419013
17.925808,45.325812
17.925914,45.325956
17.926178,45.325967
17.41299,45.48798
17.186341,45.391581
17.066731,45.459851
17.063467,45.458955
17.187367,45.534902
17.189129,45.512748
17.002251,45.502469
17.002122,45.500678
17.002506,45.502355
17.001968,45.499516
17.002179,45.49927
17.002159,45.498975
17.002647,45.498197
17.002673,45.500157
17.002752,45.497925
17.003029,45.49743
17.002686,45.499882
17.003489,45.496952
17.002656,45.499609
17.003702,45.496722
17.00319,45.498291
16.994369,45.494649
16.993862,45.494705
16.994502,45.494836
16.994055,45.494948
16.994185,45.495006
16.994201,45.495212
16.994856,45.495371
16.994852,45.495702
16.994971,45.495946
16.994406,45.495587
16.995049,45.49624
16.995242,45.496781
16.995788,45.497827
16.994596,45.496283
16.996022,45.498046
16.994716,45.496572
16.996242,45.49827
16.994771,45.496851
16.994838,45.497097
16.995276,45.497841
16.996557,45.498767
16.996684,45.499162
16.99578,45.498529
16.997186,45.499427
16.998167,45.500459
16.995989,45.498958
16.998319,45.500584
16.998732,45.500892
16.996243,45.499151
16.998928,45.500971
16.996414,45.499435
16.999022,45.501205
16.996572,45.499709
16.999364,45.50139
16.996845,45.499819
16.997377,45.5003
16.997618,45.500474
17.001545,45.502774
16.997895,45.500728
17.00221,45.503437
16.998087,45.501001
16.99856,45.5014
17.002449,45.503775
16.998836,45.50161
17.002565,45.504137
16.999457,45.501982
17.000069,45.502301
17.000375,45.502442
16.996418,45.493847
16.998729,45.494057
17.000209,45.494358
16.99907,45.494482
17.000387,45.494502
17.000954,45.494987
17.000716,45.494447
17.001413,45.495042
17.004618,45.495781
16.98934,45.492238
16.989458,45.492518
16.990305,45.493747
16.990732,45.494495
16.991007,45.494979
16.995178,45.494002
16.993831,45.493911
16.994181,45.494007
16.995601,45.493362
16.994819,45.493847
16.995176,45.493323
17.000115,45.492504
16.995739,45.491819
17.000914,45.492422
16.996994,45.492124
17.001143,45.492413
17.001546,45.492411
17.000121,45.492145
17.001728,45.492488
17.00091,45.492102
17.00217,45.492602
17.00167,45.492047
17.002096,45.492057
17.003612,45.491981
17.004227,45.491873
17.00366,45.492344
17.004641,45.491893
17.004174,45.492298
17.005229,45.492228
17.005544,45.491731
17.006593,45.491934
17.006347,45.492032
17.005911,45.491722
17.006956,45.491871
17.006482,45.491571
17.007459,45.491451
16.986409,45.480151
16.986322,45.480445
16.985892,45.480601
16.986442,45.481024
16.98589,45.480819
16.986666,45.481544
16.986456,45.481314
16.985993,45.481071
16.98661,45.48214
16.986651,45.482285
16.986697,45.482536
16.985923,45.481241
16.985997,45.481388
16.986569,45.482958
16.986006,45.481919
16.98649,45.483228
16.986121,45.482167
16.986444,45.483511
16.986152,45.482268
16.986373,45.48383
16.986132,45.482809
16.986412,45.484145
16.986036,45.48306
16.986282,45.484481
16.986074,45.483304
16.986289,45.484726
16.985985,45.483776
16.986162,45.485007
16.985824,45.484283
16.98613,45.485302
16.985778,45.484675
16.986183,45.485552
16.985705,45.485077
16.98576,45.484935
16.986235,45.486106
16.98567,45.485256
16.985687,45.485631
16.986239,45.48637
16.985679,45.485856
16.986285,45.486667
16.985755,45.48639
16.986291,45.486988
16.985832,45.486634
16.986255,45.487273
16.985819,45.487148
16.986299,45.487468
16.985944,45.487743
16.986424,45.48792
16.985924,45.488041
16.986142,45.488618
16.986633,45.488429
16.986409,45.488862
16.986692,45.488595
16.986552,45.48912
16.98696,45.488944
16.986825,45.489465
16.987477,45.489527
16.986922,45.489627
16.987622,45.489782
16.987056,45.489856
16.987774,45.490023
16.98839,45.49043
16.98883,45.490599
16.98892,45.491155
16.989429,45.490706
16.991069,45.49249
16.989653,45.490938
16.991455,45.492801
16.990708,45.491869
16.991759,45.493008
16.991672,45.492492
16.992492,45.49358
16.99191,45.49269
16.992719,45.493712
16.992154,45.492843
16.992988,45.493924
16.99292,45.494269
16.992823,45.494116
16.993094,45.494407
16.998958,45.49738
16.998632,45.499022
16.999144,45.496832
16.998909,45.49855
16.999,45.498271
16.999841,45.49541
16.999157,45.49797
16.99995,45.496486
17.000413,45.495478
17.166544,45.369154
17.166939,45.368899
17.168618,45.36873
17.169039,45.367914
17.172545,45.364963
17.172293,45.365076
17.172275,45.364683
17.17279,45.36469
17.173995,45.364166
17.174817,45.364325
17.175781,45.364324
17.176512,45.364359
17.172783,45.363271
17.173422,45.363073
17.17237,45.361821
17.172938,45.360728
17.173666,45.362851
17.173975,45.362255
17.175464,45.361008
17.174211,45.361797
17.174797,45.361081
17.172864,45.362353
17.175487,45.358395
17.178991,45.356538
17.053947,45.489999
17.054305,45.489892
17.054624,45.491638
17.054663,45.49182
17.054661,45.492177
17.054698,45.492385
17.058029,45.495065
17.05492,45.492747
17.055108,45.492888
17.060924,45.497142
17.060866,45.496968
17.05535,45.493137
17.055577,45.493316
17.056657,45.494318
17.062083,45.497597
17.056982,45.494605
17.062471,45.497729
17.05743,45.495005
17.057729,45.49533
17.062857,45.498166
17.057822,45.495543
17.057903,45.495702
17.057748,45.495899
17.063127,45.498574
17.058005,45.496183
17.058278,45.496443
17.06354,45.498936
17.058292,45.496743
17.063734,45.499173
17.058286,45.496905
17.064226,45.499775
17.057471,45.497625
17.064702,45.499917
17.064333,45.49999
17.060839,45.497377
17.064399,45.500447
17.061453,45.49784
17.061812,45.497885
17.064528,45.500775
17.062288,45.49823
17.064778,45.501042
17.062549,45.498539
17.064694,45.501361
17.064748,45.501501
17.06271,45.498831
17.064655,45.50187
17.06431,45.502605
17.064124,45.503031
17.063732,45.500031
17.063972,45.503427
17.064042,45.500713
17.063855,45.503611
17.064253,45.501103
17.063638,45.5042
17.064251,45.502021
17.063435,45.505309
17.063846,45.502592
17.063595,45.502907
17.063021,45.50618
17.063411,45.503569
17.063044,45.505189
17.06314,45.504965
17.062912,45.505429
17.062883,45.50577
17.062684,45.505955
17.057803,45.458359
17.056964,45.458314
17.056354,45.458425
17.054762,45.458359
17.054519,45.458482
17.053931,45.458552
17.053168,45.458691
17.052637,45.458786
17.052255,45.458865
17.051903,45.458962
17.050848,45.45903
17.054518,45.458797
17.0494,45.459097
17.053939,45.458881
17.048567,45.459011
17.046352,45.459025
17.052099,45.459256
17.046081,45.459058
17.05162,45.459298
17.043936,45.45903
17.050952,45.459325
17.042231,45.458929
17.049068,45.459384
17.040719,45.458784
17.041273,45.458931
17.048713,45.459485
17.038963,45.458486
17.046379,45.45934
17.036577,45.456976
17.044973,45.459374
17.036151,45.456805
17.043227,45.459366
17.035201,45.455927
17.042731,45.459292
17.042339,45.459234
17.032065,45.454307
17.041383,45.459464
17.040831,45.459219
17.038526,45.458899
17.029058,45.452108
17.038348,45.458841
17.028922,45.451935
17.03805,45.458787
17.030122,45.45123
17.037892,45.458625
17.031921,45.450675
17.033509,45.449869
17.037052,45.458016
17.036828,45.457798
17.035327,45.445175
17.035636,45.456825
17.037138,45.445212
17.034817,45.44481
17.035257,45.45639
17.03437,45.444265
17.035122,45.45623
17.034274,45.444158
17.034204,45.455676
17.033677,45.455425
17.032586,45.455008
17.031621,45.454595
17.031468,45.454412
17.030744,45.45393
17.02994,45.453533
17.029546,45.453036
17.025527,45.456837
17.029076,45.452552
17.028876,45.452393
17.02817,45.452092
17.023053,45.452986
17.023874,45.452525
17.027903,45.451853
17.028389,45.451619
17.029005,45.451376
17.028658,45.451359
17.029686,45.451152
17.029882,45.451049
17.03027,45.450916
17.030934,45.450707
17.033588,45.449524
17.034645,45.448994
17.035102,45.448856
17.035237,45.446916
17.034919,45.445526
17.034781,45.445377
17.034741,45.445239
17.034271,45.444899
17.033726,45.4443
17.017361,45.427617
17.018438,45.428596
17.020514,45.429339
17.020228,45.429281
17.023762,45.428155
17.024493,45.42792
17.025144,45.427765
17.025335,45.427936
17.027377,45.42804
17.031292,45.426717
17.030983,45.426968
17.031096,45.426523
17.030732,45.426625
17.030945,45.426314
17.030595,45.42557
17.02997,45.424407
17.029452,45.423753
17.024498,45.476968
17.024406,45.476554
17.024605,45.47719
17.024202,45.476763
17.024869,45.47744
17.024658,45.477733
17.025734,45.477987
17.024924,45.477876
17.027862,45.479256
17.028135,45.479212
17.026717,45.479084
17.029812,45.478819
17.02846,45.479626
17.028825,45.479475
17.030014,45.479421
17.031965,45.47824
17.031704,45.478899
17.034259,45.478117
17.032,45.478741
17.032185,45.47876
17.035299,45.478232
17.033201,45.478587
17.035617,45.478226
17.033894,45.478452
17.036082,45.478356
17.034227,45.478438
17.036544,45.478387
17.034611,45.478434
17.034792,45.47842
17.035114,45.478534
17.037812,45.478683
17.035401,45.478521
17.035512,45.478773
17.038185,45.478687
17.038679,45.478799
17.039071,45.478775
17.039279,45.478873
17.037023,45.47886
17.040002,45.478978
17.0396,45.478935
17.03723,45.478943
17.040287,45.47897
17.037947,45.479028
17.038263,45.479084
17.040787,45.478858
17.03882,45.479153
17.039416,45.479314
17.039625,45.47944
17.039701,45.479472
17.040895,45.479777
17.04151,45.479689
17.040809,45.479301
17.041206,45.479922
17.041885,45.479786
17.042205,45.479951
17.024309,45.477924
17.024315,45.478295
17.024046,45.478048
17.023997,45.478448
17.023935,45.478151
17.023799,45.478667
17.023416,45.478278
17.023397,45.47847
17.023545,45.478733
17.02302,45.478427
17.023324,45.478933
17.022754,45.47886
17.023054,45.479074
17.022115,45.479302
17.02185,45.479488
17.022811,45.479315
17.021494,45.479809
17.022674,45.47957
17.021344,45.479922
17.022289,45.479627
17.021144,45.480012
17.020969,45.480157
17.022099,45.479964
17.021697,45.480076
17.020712,45.480639
17.02135,45.48033
17.021277,45.480698
17.021185,45.481142
17.020568,45.481013
17.02084,45.481481
17.02018,45.48155
17.020249,45.481805
17.020667,45.481987
17.020066,45.482629
17.020475,45.482667
17.020013,45.482881
17.020422,45.482986
17.020163,45.483193
17.020797,45.483156
17.025784,45.480402
17.027776,45.479889
17.025396,45.480576
17.027633,45.48003
17.024593,45.480973
17.027429,45.480161
17.024322,45.481369
17.027015,45.480329
17.023988,45.481581
17.026822,45.480438
17.023139,45.481862
17.023736,45.481746
17.023187,45.48219
17.02635,45.480796
17.023067,45.482475
17.025751,45.481066
17.023078,45.483924
17.025373,45.481283
17.025173,45.481404
17.024956,45.481497
17.024778,45.481609
17.024482,45.481774
17.024004,45.482917
17.023917,45.483666
17.034056,45.478016
17.033974,45.477862
17.031802,45.477029
17.032281,45.47751
17.033629,45.477786
17.031695,45.476664
17.03347,45.477615
17.031447,45.476492
17.033106,45.477461
17.03113,45.476146
17.03297,45.477277
17.032736,45.477134
17.030532,45.475536
17.030772,45.475761
17.030359,45.475315
17.03253,45.476861
17.029846,45.474892
17.029662,45.474596
17.032041,45.476554
17.029427,45.474401
17.031975,45.476447
17.029158,45.474141
17.031828,45.476331
17.028823,45.473971
17.031486,45.476052
17.028371,45.473591
17.031456,45.475838
17.031213,45.475773
17.030925,45.475523
17.030649,45.475084
17.03049,45.474966
17.030431,45.474781
17.030307,45.474638
17.029788,45.474204
17.030137,45.474444
17.029929,45.47432
17.02905,45.473659
17.009267,45.471441
17.007211,45.469639
17.179118,45.380605
17.184201,45.378392
17.184635,45.378242
17.185331,45.377613
17.189732,45.375726
17.190162,45.375401
17.193657,45.374338
17.195358,45.374721
17.19517,45.375227
17.196442,45.374119
17.196572,45.374093
17.196866,45.373912
17.194556,45.374005
17.195233,45.373576
17.195231,45.373314
17.19548,45.373111
17.196591,45.372259
17.196933,45.371982
17.197318,45.37206
17.197164,45.371858
17.197529,45.371946
17.197458,45.37176
17.197913,45.37169
17.198243,45.371819
17.198229,45.37156
17.1987,45.371771
17.198834,45.371535
17.199564,45.371871
17.199338,45.371946
17.199258,45.371535
17.199514,45.371531
17.19964,45.371458
17.200113,45.371702
17.200228,45.369248
17.199997,45.369012
17.098182,45.382093
17.0956,45.382109
17.094921,45.382259
17.092349,45.382751
17.091286,45.383247
17.087899,45.384797
16.953712,45.489524
16.954589,45.49054
16.955294,45.492101
16.95414,45.490417
16.955573,45.492337
16.954786,45.491929
16.954689,45.49167
16.956719,45.493045
16.955009,45.492275
16.957572,45.493438
16.960359,45.494658
16.960692,45.494784
16.961104,45.49506
16.955614,45.49273
16.962507,45.496622
16.962553,45.496931
16.962639,45.497133
16.956232,45.493226
16.962669,45.497369
16.962655,45.49766
16.957111,45.493511
16.962682,45.497997
16.962708,45.498242
16.957886,45.493906
16.95762,45.493763
16.962657,45.49841
16.959045,45.49438
16.962694,45.498547
16.959481,45.494558
16.962836,45.498952
16.960018,45.494777
16.962777,45.499225
16.960459,45.495044
16.962738,45.499467
16.962982,45.499642
16.96082,45.495267
16.963014,45.499836
16.961502,45.495736
16.963002,45.499956
16.961698,45.496009
16.961528,45.49605
16.961941,45.496269
16.961943,45.496751
16.963274,45.499916
16.961999,45.497058
16.963381,45.50032
16.962311,45.497228
16.96223,45.497751
16.964247,45.500761
16.962319,45.498081
16.964473,45.500903
16.962299,45.498218
16.964689,45.501042
16.964871,45.50114
16.965056,45.50128
16.962295,45.499004
16.962346,45.499219
16.965736,45.501707
16.965845,45.501854
16.962482,45.499669
16.965979,45.501976
16.966107,45.50214
16.966376,45.502106
16.966418,45.502402
16.962536,45.500311
16.966494,45.502514
16.963087,45.500463
16.966631,45.502784
16.963581,45.500668
16.967038,45.503195
16.963758,45.500827
16.967251,45.503334
16.964039,45.500959
16.96749,45.503601
16.96753,45.503673
16.964079,45.501101
16.967749,45.503755
16.964272,45.501147
16.967842,45.503982
16.964371,45.501169
16.964518,45.501474
16.964636,45.501635
16.965265,45.501812
16.969139,45.504454
16.965488,45.502141
16.969572,45.50492
16.969968,45.505146
16.965964,45.502535
16.970526,45.505347
16.966262,45.502846
16.97176,45.505551
16.966387,45.503022
16.966628,45.503268
16.972145,45.506142
16.966817,45.503431
16.972906,45.507056
16.966956,45.503573
16.967095,45.504057
16.973159,45.507733
16.96744,45.504053
16.96756,45.50438
16.973731,45.508585
16.973939,45.508759
16.967962,45.504498
16.974301,45.509108
16.96822,45.504634
16.974479,45.509565
16.968499,45.50476
16.974892,45.509985
16.975351,45.510227
16.968857,45.504907
16.976107,45.51069
16.97618,45.510813
16.969374,45.505183
16.969753,45.50547
16.976359,45.511021
16.970164,45.505649
16.97731,45.512359
16.971929,45.506689
16.978605,45.513835
16.97227,45.507309
16.972791,45.508042
16.978961,45.514164
16.972852,45.508511
16.97311,45.508543
16.973384,45.508837
16.97345,45.509168
16.973616,45.509536
16.973817,45.509624
16.97415,45.509845
16.974042,45.509755
16.974224,45.510083
16.974769,45.510548
16.974857,45.510694
16.97531,45.510816
16.975338,45.510996
16.975781,45.51119
16.976113,45.511593
16.976399,45.512042
16.97676,45.512216
16.979415,45.46417
16.980325,45.463995
16.979958,45.464063
16.980367,45.464138
16.979913,45.464369
16.980386,45.464295
16.980405,45.464445
16.980044,45.465106
16.980553,45.464921
16.980753,45.465544
16.980719,45.465295
16.980745,45.465936
16.980233,45.465877
16.980191,45.466209
16.980363,45.466545
16.980824,45.466754
16.98036,45.466857
16.980914,45.467091
16.980448,45.467136
16.980995,45.467513
16.980072,45.468272
16.981355,45.468895
16.981402,45.469335
16.980689,45.468676
16.981397,45.470913
16.980742,45.468894
16.981358,45.471109
16.980654,45.469542
16.981204,45.471653
16.980949,45.470386
16.98131,45.472199
16.980967,45.470861
16.981715,45.473085
16.981859,45.473293
16.98098,45.471178
16.980721,45.472157
16.980986,45.472526
16.98116,45.472881
16.982804,45.47417
16.983034,45.474325
16.982668,45.474059
16.981577,45.473554
16.983444,45.474769
16.983715,45.474916
16.981706,45.473683
16.983878,45.47511
16.981796,45.473826
16.983988,45.475278
16.982078,45.474052
16.984194,45.475545
16.98224,45.474165
16.982312,45.474552
16.982591,45.474653
16.983101,45.47507
16.98304,45.475531
16.982945,45.474833
16.983806,45.475684
16.983844,45.475749
16.983999,45.47597
16.984122,45.47637
16.98414,45.47611
16.984369,45.476472
16.984565,45.476825
16.984555,45.477134
16.98465,45.477207
16.984741,45.477354
16.98482,45.477495
16.985151,45.478007
16.985134,45.478247
16.985113,45.47845
16.985224,45.478688
16.985456,45.479081
16.979079,45.469485
16.978834,45.469765
16.978693,45.468645
16.978422,45.469385
16.978409,45.468243
16.97844,45.469151
16.978183,45.467928
16.97817,45.468632
16.978057,45.468358
16.97779,45.467081
16.977729,45.468141
16.977757,45.467757
16.977313,45.466497
16.977575,45.467392
16.976649,45.465981
16.976563,45.46572
16.977464,45.467112
16.977295,45.466946
16.977137,45.46679
16.975937,45.465298
16.975873,45.465063
16.977028,45.466625
16.975649,45.465043
16.976771,45.466482
16.976605,45.466384
16.976579,45.466242
16.976039,45.465713
16.9757,45.465618
16.975396,45.465222
16.982803,45.469354
16.982911,45.469495
16.98218,45.469066
16.982266,45.469236
16.98273,45.469213
16.982634,45.469044
16.98189,45.468319
16.982518,45.46886
16.981925,45.467135
16.982359,45.468681
16.98186,45.46696
16.982766,45.468441
16.981866,45.466726
16.981771,45.466567
16.981731,45.466006
16.982318,45.468261
16.982112,45.465211
16.981964,45.465585
16.98202,45.465398
16.982319,45.467964
16.982303,45.467216
16.982212,45.466696
16.982378,45.467567
16.982382,45.467071
16.982134,45.466461
16.982269,45.466208
16.982643,45.465405
16.982581,45.465107
16.982572,45.465002
16.98252,45.464698
16.982569,45.464508
16.982556,45.464312
16.973671,45.465752
16.97358,45.465482
16.973265,45.465494
16.974073,45.465489
16.973768,45.465271
16.974199,45.4653
16.974635,45.464787
16.974557,45.465263
16.975193,45.464829
16.975358,45.464783
16.974849,45.465177
16.975006,45.465058
16.976408,45.464053
16.975092,45.465088
16.977394,45.463581
16.975899,45.464676
16.977867,45.463516
16.976804,45.464169
16.978914,45.463196
16.977392,45.463925
16.978615,45.464221
16.979313,45.463219
16.981932,45.463313
16.982163,45.463264
16.97879,45.463438
16.984467,45.462332
16.980293,45.463621
16.981065,45.463544
16.981552,45.463627
16.98352,45.462789
16.984536,45.462779
16.984941,45.462848
16.985946,45.462759
16.986309,45.462806
16.986674,45.462931
16.986867,45.463027
16.987289,45.46335
16.987637,45.463259
16.987616,45.463342
16.965824,45.465092
16.970281,45.464727
16.969903,45.464622
16.969662,45.464857
16.970619,45.465005
16.970044,45.465037
16.970992,45.465171
16.970351,45.465188
16.971332,45.46527
16.972213,45.465554
16.970689,45.465332
16.972677,45.465917
16.970876,45.46542
16.973589,45.466249
16.971378,45.465648
16.971756,45.465826
16.974886,45.467797
16.975309,45.468117
16.974561,45.467711
16.973333,45.466992
16.97542,45.468323
16.973293,45.467376
16.975529,45.468441
16.97576,45.468662
16.975295,45.468897
16.975853,45.46917
16.975432,45.469169
16.976205,45.46981
16.97716,45.47012
16.97672,45.469868
16.975489,45.469376
16.978849,45.470017
16.975765,45.469794
16.976081,45.470284
16.983606,45.469617
16.97631,45.47032
16.976767,45.470511
16.983708,45.469585
16.977139,45.470538
16.998991,45.469288
16.977559,45.470521
16.977968,45.470526
16.978965,45.470319
16.978512,45.470608
16.979969,45.470209
16.979771,45.470146
16.980434,45.47012
16.980894,45.470142
16.982209,45.470096
16.986518,45.469207
16.983408,45.469973
16.984422,45.470122
16.984097,45.470545
16.983796,45.470747
16.984314,45.470597
16.983967,45.470922
16.984369,45.470837
16.984106,45.471092
16.984459,45.471029
16.984223,45.471235
16.984756,45.471263
16.984978,45.47158
16.984676,45.47183
16.985076,45.471733
16.984894,45.472177
16.985097,45.471914
16.985159,45.472447
16.985213,45.472073
16.985558,45.472354
16.985689,45.47249
16.985834,45.472633
16.986405,45.47315
16.986611,45.473276
17.11947,45.380659
17.126587,45.380483
17.125551,45.380394
17.126407,45.380238
17.128208,45.380311
17.136263,45.379762
17.12871,45.380249
17.129382,45.380148
17.131876,45.380618
17.132204,45.380652
17.109908,45.382291
17.108225,45.3803
17.10953,45.382385
17.118793,45.381487
17.119364,45.381081
17.119209,45.381522
17.119241,45.385231
17.118846,45.385254
17.119863,45.386531
17.120013,45.386201
17.120413,45.386779
17.120592,45.387796
17.121562,45.388959
17.122409,45.398216
17.123607,45.3916
17.12396,45.393754
17.127348,45.403569
17.123473,45.394587
17.128747,45.408754
17.127881,45.409546
17.128587,45.410213
17.13127,45.411839
17.131437,45.411959
17.131542,45.411635
17.131934,45.413117
17.131927,45.411878
17.118762,45.380813
17.117483,45.381218
17.116872,45.38083
17.115829,45.381445
17.114158,45.379854
17.122212,45.400269
17.122536,45.401908
17.121994,45.401847
17.122124,45.40241
17.120262,45.406175
17.121324,45.404917
17.117532,45.407466
17.117068,45.407688
17.045684,45.45938
17.046924,45.459079
16.982416,45.473799
17.194998,45.374753
17.197062,45.374069
17.197053,45.373774
17.173972,45.362611
17.174071,45.36197
17.182804,45.35109
17.129054,45.410595
17.130125,45.411167
17.130283,45.411285
17.132262,45.412688
17.132675,45.412269
17.130807,45.411186
16.994198,45.495401
17.006318,45.491604
17.007286,45.491781
17.00247,45.502466
16.990848,45.494674
17.026599,45.479197
17.028678,45.47955
17.038466,45.479142
17.020481,45.480702
17.020468,45.481424
17.031707,45.47614
17.027481,45.472919
16.957358,45.493619
16.96222,45.498316
16.96494,45.50166
16.966859,45.50293
16.973206,45.507848
17.054422,45.49203
17.063716,45.500313
17.063617,45.50306
17.053571,45.458919
17.037537,45.457951
17.036032,45.456671
17.035966,45.456582
17.038648,45.456061
17.030138,45.453025
17.035058,45.446231
16.981801,45.469798
16.983269,45.469618
16.97554,45.465484
16.976418,45.465536
16.973725,45.465173
16.987102,45.463128
16.982689,45.462612
16.9839,45.474965
16.988121,45.46861
16.983892,45.469942
16.981196,45.473017
16.982873,45.474736
16.979958,45.464628
16.979951,45.464775
16.980024,45.46492
16.980105,45.465639
16.980109,45.465355
16.980159,45.46546
17.024867,45.476432
16.962264,45.499907
16.980184,45.466473
16.981429,45.466298
16.982325,45.465692
16.960601,45.495119
16.98199,45.464607
17.002708,45.499709
16.990893,45.492368
16.98074,45.465754
17.034267,45.444023
17.035624,45.446617
17.035684,45.447006
17.035981,45.448995
17.032965,45.450175
17.032762,45.450329
17.029683,45.452693
17.030413,45.45337
17.030276,45.453203
17.030602,45.453496
17.030171,45.453585
17.03107,45.453692
17.030494,45.453771
17.030991,45.454107
17.031849,45.454705
17.032083,45.454771
17.032804,45.4548
17.032946,45.4549
17.032334,45.454907
17.032821,45.45511
17.033067,45.455203
17.033963,45.455529
17.038054,45.456319
17.035481,45.456161
17.034519,45.455912
17.035493,45.456601
17.036005,45.457183
17.03657,45.457581
17.037138,45.457593
17.037339,45.458197
17.037561,45.45841
17.057592,45.458634
17.057239,45.45864
17.05703,45.458656
17.055409,45.45868
17.056378,45.458669
17.055704,45.458684
17.05514,45.458716
17.040158,45.458863
17.038832,45.458933
17.05616,45.458866
17.039235,45.459004
17.042621,45.458988
17.053097,45.45903
17.048057,45.4591
17.040579,45.459135
17.039712,45.459182
17.041898,45.459323
17.044464,45.459308
17.042088,45.459234
17.046689,45.459336
17.050588,45.459328
17.047001,45.459342
17.042968,45.459387
17.048092,45.459372
17.041635,45.459426
17.038192,45.458447
16.982195,45.473721
17.037585,45.478976
17.025358,45.478474
16.977935,45.467413
16.977721,45.467615
17.020656,45.482387
16.975897,45.469973
16.969156,45.505098
17.02918,45.479405
16.974088,45.466932
16.994386,45.49576
16.980369,45.468049
16.985884,45.487508
17.026604,45.478557
17.036335,45.478686
17.036022,45.478641
17.034622,45.478141
16.985892,45.480229
17.041542,45.479152
17.04199,45.479924
17.118682,45.406945
16.979531,45.469917
16.979329,45.469769
17.064073,45.502301
17.0265,45.480663
17.063349,45.505857
17.060397,45.496787
17.061623,45.497332
17.063197,45.498687
17.063901,45.499394
17.062678,45.498641
17.063536,45.49956
17.064312,45.501609
16.982059,45.473482
16.988268,45.490727
17.030867,45.478411
17.031113,45.478621
17.035126,45.4491
16.976022,45.466156
16.96523,45.501439
16.979466,45.47036
17.061245,45.497072
17.063222,45.50456
17.065191,45.496054
17.063818,45.504222
17.057675,45.49828
17.057507,45.49816
17.05875,45.496396
17.063938,45.50385
17.03295,45.478056
16.975627,45.464518
17.109639,45.384981
17.051536,45.458972
17.032518,45.450068
17.029253,45.47426
17.196804,45.507408
17.18817,45.476811
17.931369,45.409268
17.933604,45.360791
17.082979,45.491221
17.169167,45.405967
17.433425,45.448306
17.436811,45.448437
17.380155,45.438374
17.420033,45.44749
17.421436,45.448136
17.422434,45.44903
16.981826,45.46869
17.190827,45.484133
17.163061,45.412706
17.165596,45.405283
17.163164,45.409742
17.378446,45.451108
17.379387,45.450827
17.379865,45.450572
17.387111,45.452201
17.379991,45.45005
17.380169,45.450741
17.380257,45.450483
17.381867,45.450262
17.382108,45.450483
17.123948,45.39385
17.127455,45.380295
17.380216,45.438143
17.375276,45.439021
17.376028,45.439343
17.376572,45.439489
17.376721,45.439546
17.37707,45.440033
17.377997,45.439691
17.378516,45.439303
17.379092,45.439609
17.383011,45.440428
17.379327,45.439669
17.379634,45.439194
17.379815,45.439385
17.380257,45.438469
17.218142,45.493409
17.215066,45.486818
17.034693,45.455661
17.434727,45.481282
17.435079,45.481475
17.435067,45.480817
17.437088,45.483314
17.382614,45.450358
17.386303,45.451447
17.385899,45.451228
17.386568,45.451477
17.387243,45.451643
17.382477,45.449641
17.381766,45.44948
17.379001,45.450737
17.082186,45.456804
17.002119,45.500093
16.975409,45.473385
17.026418,45.471249
17.166214,45.415612
17.049626,45.459424
17.98553,45.345256
18.035336,45.304385
17.129264,45.50281
18.051091,45.358379
17.709321,45.416052
17.025297,45.478133
17.902778,45.381238
17.124509,45.421846
17.149783,45.412738
16.979714,45.468734
16.980824,45.466259
17.125935,45.423414
17.900047,45.380895
16.97807,45.468789
16.978256,45.468916
17.984654,45.306539
17.988816,45.350247
17.168756,45.404628
18.054702,45.394348
17.944041,45.307015
16.98148,45.470259
17.970651,45.371052
17.076639,45.45816
17.154035,45.415079
17.157847,45.407845
17.158271,45.407825
17.14364,45.396753
17.998928,45.311983
17.422087,45.448624
16.95069,45.492119
17.988153,45.351255
17.171121,45.423245
17.986676,45.306631
18.012033,45.377736
18.001477,45.334675
17.991589,45.355159
17.945873,45.308879
18.043763,45.344524
18.095052,45.363578
17.144297,45.394041
17.991657,45.348635
17.927784,45.367263
17.999962,45.335564
16.994533,45.496005
17.061855,45.497473
17.892599,45.382095
17.700321,45.435775
17.929734,45.397352
17.948897,45.307878
17.948607,45.308115
17.69264,45.441034
17.70363,45.395868
17.993302,45.309187
17.098905,45.443976
16.963871,45.500525
17.708262,45.402947
17.912473,45.380516
16.982544,45.464881
17.02662,45.45811
17.036849,45.457409
17.701425,45.393668
17.926949,45.328606
17.191927,45.390063
17.728175,45.393382
17.72274,45.436066
17.721763,45.43782
17.729997,45.434948
17.723297,45.435407
17.724505,45.435763
17.723835,45.436255
17.723296,45.436351
17.723201,45.436982
17.72375,45.437363
17.721332,45.437671
17.721271,45.438147
17.728962,45.435132
17.723267,45.43669
17.722904,45.437758
17.727463,45.434873
17.727576,45.435256
17.728067,45.4361
17.728236,45.437349
17.728591,45.436986
17.72863,45.437843
17.725617,45.434339
17.725633,45.434649
17.723197,45.435897
17.723709,45.435799
17.723723,45.436461
17.723782,45.436629
17.722375,45.437743
17.727179,45.434557
17.728222,45.436822
17.728394,45.435884
17.728572,45.436501
17.728208,45.43873
17.728557,45.437314
17.726266,45.435072
17.717721,45.433914
17.723234,45.434843
17.72129,45.437999
17.72367,45.435163
17.723047,45.435042
17.724583,45.435613
17.722266,45.436057
17.723676,45.435607
17.724619,45.438257
17.723277,45.434115
17.72767,45.434632
17.728269,45.435751
17.728629,45.436838
17.724932,45.43443
17.723298,45.436458
17.72185,45.437505
17.723281,45.43775
17.723156,45.437771
17.722742,45.437752
17.723267,45.435096
17.722059,45.43747
17.721199,45.438512
17.721778,45.437729
17.723219,45.434283
17.727333,45.434672
17.727919,45.43505
17.728251,45.437143
17.7173,45.434005
17.729475,45.43615
17.730117,45.435212
17.724611,45.43869
17.727094,45.434246
17.727295,45.433974
17.728004,45.435969
17.728565,45.437966
17.728649,45.438548
17.723719,45.437079
17.72376,45.437767
17.721638,45.439341
17.727432,45.434122
17.728202,45.438236
17.728188,45.43858
17.728636,45.439054
17.730328,45.434836
17.723231,45.435715
17.723948,45.437814
17.721983,45.43772
17.723228,45.433966
17.727711,45.435397
17.727971,45.435162
17.728604,45.438948
17.729441,45.435351
17.723786,45.436108
17.723284,45.436808
17.723288,45.437194
17.721166,45.438373
17.723429,45.437766
17.722139,45.437724
17.723875,45.43406
17.726926,45.433879
17.728358,45.436047
17.728673,45.438681
17.728651,45.439286
17.723707,45.435341
17.723671,45.435461
17.723276,45.437086
17.727793,45.435674
17.728425,45.436161
17.71733,45.434173
17.729274,45.435381
17.721244,45.437838
17.721724,45.437945
17.72489,45.433676
17.728109,45.435306
17.725855,45.434511
17.717383,45.434611
17.729715,45.434907
17.723719,45.43593
17.723649,45.43676
17.723285,45.437466
17.723597,45.437773
17.72433,45.437682
17.72699,45.434008
17.728126,45.43625
17.7282,45.437998
17.728625,45.438274
17.723995,45.434449
17.724307,45.434439
17.723308,45.435282
17.722257,45.436196
17.722364,45.437533
17.724088,45.437819
17.722494,45.437745
17.724438,45.438001
17.727043,45.43409
17.727929,45.435822
17.723662,45.437488
17.727562,45.435133
17.727488,45.434243
17.727811,45.434865
17.728179,45.436933
17.728246,45.435633
17.728572,45.437543
17.72626,45.434821
17.724533,45.434459
17.727242,45.433825
17.727626,45.434468
17.726463,45.433647
17.728154,45.436653
17.728152,45.43786
17.728208,45.438386
17.72866,45.436694
17.728708,45.438836
17.725474,45.43464
17.728126,45.436411
17.728242,45.43769
17.728604,45.437136
17.725182,45.434139
17.724725,45.434439
17.725233,45.434411
17.721774,45.43847
17.724492,45.4381
17.721741,45.438901
17.728489,45.43627
17.728231,45.437213
17.719546,45.422937
17.720781,45.426191
17.720273,45.424802
17.720064,45.42429
17.733922,45.4263
17.721246,45.426179
17.721146,45.425844
17.720971,45.425543
17.720825,45.424948
17.719419,45.422659
17.721047,45.425709
17.720598,45.423586
17.720905,45.426311
17.720373,45.425086
17.71992,45.424043
17.721235,45.426011
17.720985,45.425351
17.720684,45.425901
17.720558,45.425625
17.72089,45.425181
17.720442,45.425234
17.727896,45.425875
17.720593,45.42448
17.719766,45.425383
17.71972,45.42332
17.719062,45.42178
17.728207,45.426324
17.721349,45.426445
17.720475,45.424219
17.719813,45.423776
17.734859,45.425833
17.720744,45.424835
17.720927,45.426466
17.720444,45.423967
17.71948,45.4231
17.735631,45.425921
17.72033,45.42492
17.720508,45.425498
17.721332,45.426323
17.720738,45.42462
17.720358,45.423765
17.720304,45.423451
17.725546,45.42638
17.719963,45.422649
17.720062,45.423
17.719875,45.423902
17.719574,45.421862
17.719598,45.422012
17.713281,45.432689
17.716157,45.432109
17.714843,45.432461
17.713721,45.432937
17.714912,45.432906
17.715122,45.432887
17.71525,45.432438
17.714733,45.432918
17.71535,45.43285
17.715584,45.432826
17.732591,45.434589
17.734547,45.433734
17.735086,45.433703
17.735905,45.43366
17.735155,45.433947
17.737111,45.435582
17.731321,45.427939
17.731564,45.435266
17.735794,45.433914
17.73687,45.434063
17.73077,45.435058
17.731749,45.435959
17.734897,45.433686
17.730787,45.434787
17.730955,45.43474
17.731793,45.434428
17.733526,45.43405
17.73406,45.434211
17.734201,45.434144
17.731056,45.434704
17.733917,45.433933
17.733769,45.434286
17.735561,45.433662
17.734339,45.434158
17.73304,45.427487
17.733952,45.434276
17.731448,45.434888
17.73232,45.435965
17.733788,45.433936
17.732827,45.434497
17.734386,45.433798
17.735349,45.433553
17.737163,45.434157
17.73701,45.434785
17.731792,45.434817
17.731257,45.434517
17.731941,45.434748
17.733084,45.434458
17.734591,45.434073
17.734849,45.434036
17.737311,45.434079
17.731694,45.427734
17.731736,45.427723
17.733569,45.427195
17.732208,45.435859
17.731901,45.435198
17.731968,45.435377
17.733667,45.43396
17.737161,45.433746
17.735987,45.433948
17.736831,45.434287
17.734655,45.426766
17.733147,45.434202
17.732948,45.426893
17.732182,45.434686
17.737156,45.435023
17.73719,45.435371
17.731418,45.435418
17.733957,45.437582
17.732376,45.434268
17.732729,45.434269
17.73574,45.433614
17.736978,45.434603
17.731713,45.435682
17.733363,45.434012
17.732377,45.434607
17.733399,45.434367
17.737031,45.432462
17.737195,45.435162
17.733891,45.426471
17.732011,45.435623
17.737003,45.434443
17.727177,45.427955
17.723119,45.430782
17.724672,45.432668
17.724649,45.429171
17.721468,45.427791
17.721277,45.427417
17.723128,45.429525
17.723342,45.429368
17.721456,45.426759
17.722663,45.431259
17.722392,45.430368
17.722214,45.429996
17.721366,45.427618
17.728209,45.42839
17.724822,45.431518
17.723303,45.43358
17.718618,45.430603
17.728217,45.430609
17.728768,45.430076
17.725903,45.432022
17.721705,45.429648
17.726089,45.427834
17.725029,45.42881
17.72374,45.429558
17.721955,45.429076
17.720985,45.427111
17.728719,45.428093
17.728283,45.428844
17.723305,45.433342
17.721373,45.432253
17.718093,45.429985
17.729114,45.430335
17.728089,45.430145
17.728739,45.429767
17.726543,45.432505
17.718362,45.43301
17.723823,45.429192
17.723361,45.430651
17.722908,45.431717
17.722369,45.43022
17.729021,45.428759
17.727674,45.427788
17.728145,45.42674
17.723178,45.432626
17.723736,45.432272
17.72034,45.432241
17.719698,45.432003
17.718664,45.431419
17.727113,45.430882
17.724805,45.432363
17.724088,45.429298
17.72346,45.429392
17.726452,45.428383
17.723626,45.429306
17.723954,45.429139
17.722729,45.431423
17.728647,45.427621
17.728172,45.428037
17.725392,45.43174
17.720039,45.431831
17.718644,45.431023
17.718636,45.430738
17.728421,45.430258
17.729733,45.42951
17.726893,45.433163
17.726082,45.42885
17.724676,45.428761
17.722363,45.428989
17.727116,45.428835
17.723218,45.431165
17.722288,45.428851
17.721756,45.427263
17.72156,45.427964
17.721104,45.426922
17.723273,45.432999
17.724327,45.433124
17.718805,45.432062
17.718618,45.430877
17.727733,45.43061
17.727981,45.430476
17.726622,45.43054
17.725804,45.431924
17.724175,45.428941
17.724915,45.428641
17.726788,45.428671
17.722465,45.429354
17.722101,45.428196
17.721911,45.427851
17.72173,45.428339
17.728767,45.429326
17.724119,45.432211
17.724275,45.433048
17.72421,45.432971
17.724132,45.432858
17.726198,45.431909
17.727009,45.433364
17.727092,45.433561
17.717619,45.433357
17.717125,45.433277
17.717158,45.433428
17.723083,45.430531
17.722629,45.430967
17.722485,45.430529
17.722248,45.429803
17.728166,45.428266
17.728739,45.426793
17.724356,45.43208
17.722493,45.432313
17.722462,45.431951
17.719575,45.432037
17.718326,45.432118
17.724446,45.432477
17.722976,45.429624
17.723846,45.429431
17.725232,45.428441
17.722633,45.429505
17.727615,45.428099
17.724581,45.431652
17.724443,45.43328
17.719422,45.432345
17.718197,45.430716
17.727253,45.430844
17.726244,45.431402
17.726056,45.431722
17.726233,45.432073
17.726421,45.432262
17.726201,45.427992
17.725129,45.432368
17.724786,45.428956
17.72496,45.428413
17.725439,45.428358
17.726359,45.428235
17.722178,45.429677
17.721947,45.429626
17.720952,45.426694
17.728274,45.429224
17.728695,45.427802
17.71812,45.430237
17.71799,45.429266
17.725721,45.430089
17.726076,45.432766
17.726461,45.432389
17.722974,45.42989
17.725267,45.428747
17.723484,45.431774
17.723364,45.431451
17.723377,45.430556
17.722451,45.429143
17.722266,45.428733
17.721437,45.426604
17.72808,45.429429
17.723167,45.433173
17.72158,45.432262
17.720007,45.432252
17.721363,45.431824
17.718211,45.431032
17.726769,45.433614
17.7266,45.432629
17.727297,45.433672
17.718704,45.432989
17.723443,45.431623
17.723115,45.43095
17.722885,45.431553
17.728671,45.428698
17.72869,45.427947
17.72862,45.428488
17.724701,45.432092
17.724088,45.431855
17.724023,45.432526
17.717176,45.432245
17.718044,45.429606
17.729192,45.429267
17.726126,45.433027
17.725708,45.428053
17.724065,45.429081
17.72162,45.427095
17.728629,45.429136
17.720954,45.432233
17.718833,45.432629
17.716935,45.432266
17.721639,45.429511
17.724304,45.429246
17.724448,45.428883
17.728267,45.427784
17.722763,45.432228
17.728983,45.430891
17.725394,45.431243
17.728284,45.429909
17.722131,45.428392
17.7226,45.430715
17.723131,45.432243
17.721884,45.431955
17.722931,45.432014
17.7215,45.431935
17.720759,45.43195
17.718021,45.432134
17.719126,45.432099
17.719404,45.432945
17.721218,45.429778
17.728244,45.428974
17.728226,45.428536
17.723619,45.431919
17.722982,45.432512
17.723233,45.432787
17.720156,45.432269
17.719127,45.432341
17.716621,45.432292
17.718664,45.431213
17.718173,45.430537
17.727533,45.430689
17.726083,45.433202
17.726008,45.432223
17.726659,45.432749
17.726796,45.432965
17.720944,45.429767
17.728735,45.426658
17.719765,45.432285
17.720242,45.431922
17.717463,45.432216
17.718682,45.431543
17.718234,45.431465
17.729963,45.429383
17.726453,45.432169
17.727487,45.429043
17.727329,45.428929
17.719828,45.430168
17.721646,45.428727
17.729516,45.429666
17.72814,45.426859
17.718526,45.42952
17.720754,45.429783
17.720912,45.429133
17.728909,45.429982
17.729086,45.429877
17.725408,45.432135
17.732665,45.447276
17.719393,45.449356
17.719833,45.449483
17.750822,45.421735
17.746576,45.423736
17.744636,45.423267
17.743521,45.423043
17.743735,45.423122
17.755942,45.420032
17.746677,45.423868
17.746773,45.424165
17.750156,45.421965
17.746811,45.424272
17.74643,45.423125
17.745616,45.422643
17.745506,45.422671
17.746814,45.42265
17.744555,45.422962
17.745734,45.422957
17.74588,45.422573
17.74415,45.423074
17.754278,45.420559
17.746894,45.423016
17.74708,45.423464
17.744323,45.423357
17.743544,45.423144
17.746536,45.422357
17.746892,45.423165
17.745053,45.422804
17.744889,45.423294
17.750241,45.420419
17.740973,45.448373
17.742326,45.44794
17.748923,45.445126
17.749385,45.444672
17.751838,45.444024
17.749107,45.445183
17.752118,45.443997
17.75065,45.444998
17.752784,45.443729
17.75265,45.443831
17.750972,45.444516
17.754387,45.443652
17.751201,45.444444
17.754915,45.443643
17.751603,45.444354
17.755118,45.443592
17.751692,45.444333
17.755495,45.443567
17.752143,45.444244
17.75597,45.443518
17.754103,45.443907
17.756438,45.443576
17.755406,45.443839
17.756071,45.443787
17.756458,45.443771
17.75577,45.443931
17.756379,45.444278
17.756388,45.444453
17.755973,45.444304
17.756489,45.444679
17.755954,45.44445
17.756478,45.444766
17.756444,45.444878
17.755996,45.444565
17.756436,45.445046
17.756017,45.444814
17.756491,45.445233
17.756034,45.444956
17.75598,45.44537
17.741757,45.448772
17.740169,45.447376
17.740433,45.447087
17.740967,45.447537
17.741112,45.448614
17.741161,45.448696
17.741195,45.447908
17.741221,45.449059
17.741448,45.449215
17.742167,45.448974
17.74161,45.449665
17.741544,45.449482
17.742106,45.449325
17.74212,45.449175
17.741696,45.449783
17.742197,45.449611
17.741921,45.450528
17.742145,45.449927
17.741949,45.450739
17.741999,45.448498
17.741951,45.448682
17.741982,45.450882
17.742171,45.44825
17.742122,45.451167
17.742247,45.448104
17.741964,45.451247
17.742367,45.448706
17.742349,45.447743
17.742459,45.448582
17.74254,45.447402
17.743616,45.446326
17.742594,45.448478
17.743844,45.446503
17.742491,45.447312
17.744473,45.446185
17.742606,45.447093
17.744836,45.446075
17.742809,45.446919
17.742816,45.446694
17.745215,45.446005
17.743183,45.446188
17.745425,45.445982
17.74309,45.445797
17.743142,45.44552
17.745779,45.445911
17.743002,45.445043
17.743932,45.446044
17.746398,45.445795
17.744146,45.44594
17.746581,45.445737
17.746888,45.445666
17.744477,45.445915
17.744703,45.44584
17.747339,45.44552
17.745414,45.445758
17.745195,45.445203
17.744987,45.444648
17.744905,45.444297
17.74497,45.444416
17.745396,45.444811
17.745211,45.444241
17.746213,45.445597
17.746814,45.445018
17.747518,45.444871
17.747061,45.445342
17.747297,45.44526
17.747853,45.445148
17.747982,45.445102
17.744963,45.445832
17.753593,45.443627
17.753405,45.443667
17.741481,45.449344
17.742694,45.447952
17.752655,45.444327
17.741486,45.448389
17.739896,45.447169
17.740695,45.447938
17.740611,45.447842
18.097922,45.312256
18.097784,45.31231
17.734946,45.427536
16.956064,45.493032
17.701,45.393243
17.164407,45.410885
18.04183,45.345294
17.972491,45.370138
18.029613,45.297219
17.729296,45.429787
17.888109,45.382756
17.746756,45.422376
17.71835,45.428943
17.122463,45.505452
17.982442,45.362124
18.00248,45.314944
17.414846,45.481454
17.41486,45.481687
16.962112,45.495902
17.960036,45.385182
17.96015,45.388696
17.172174,45.419916
17.158769,45.406755
17.162725,45.488597
17.162399,45.420942
17.208323,45.513923
17.062599,45.498027
17.06292,45.498329
17.062954,45.498476
17.062422,45.4984
17.063557,45.504934
17.063237,45.499202
17.002719,45.500999
17.030241,45.474519
17.956252,45.348358
17.162296,45.413657
17.718262,45.431695
18.028687,45.364096
17.170265,45.406765
18.001373,45.335132
18.006229,45.328668
17.021737,45.428957
17.950266,45.309458
17.173858,45.419788
18.024774,45.364571
17.692165,45.438805
17.725576,45.43356
17.728224,45.427295
17.16628,45.415304
17.191449,45.401179
17.073341,45.459063
17.948451,45.308711
17.116897,45.429027
17.116765,45.429091
17.116594,45.429149
17.117038,45.428888
16.977682,45.466675
17.128948,45.410095
17.162131,45.488865
17.989129,45.3423
17.989157,45.342544
17.141542,45.419339
17.164974,45.413462
17.728794,45.428549
17.172833,45.363991
17.031483,45.454036
17.002602,45.5004
17.002561,45.500562
16.995552,45.498279
16.999544,45.496048
17.17297,45.361106
17.033252,45.428064
17.030337,45.426124
17.003277,45.492306
17.72867,45.427273
17.149642,45.372299
17.155151,45.37521
17.190015,45.392153
16.965843,45.502349
17.986831,45.306877
17.934046,45.360082
17.185961,45.385729
17.187351,45.394632
17.190256,45.388595
17.190349,45.388069
17.190602,45.388452
17.197785,45.384158
17.198679,45.383984
17.13202,45.420816
17.126027,45.423355
17.717846,45.434527
17.124806,45.423944
17.121197,45.427325
17.120895,45.426958
17.165631,45.396058
17.730298,45.388417
17.178088,45.402479
17.144978,45.395718
17.154104,45.383306
18.001107,45.335365
18.005237,45.332107
17.157737,45.375702
17.156094,45.386802
17.159989,45.388975
17.955486,45.338984
18.073706,45.286987
18.071213,45.35412
17.196776,45.513198
17.193781,45.374553
17.194098,45.374435
17.198642,45.371641
17.179322,45.381484
18.031556,45.29932
17.173917,45.419422
17.178668,45.423205
17.192423,45.400177
17.193323,45.403773
17.126505,45.416654
17.960423,45.385966
18.026814,45.36425
17.692816,45.441011
17.037105,45.478431
17.037399,45.47841
17.020613,45.480469
17.038419,45.478767
17.021499,45.480218
17.693439,45.441647
17.700474,45.440304
17.701333,45.441224
17.696813,45.440225
17.701016,45.441736
17.728129,45.393839
17.729241,45.388934
17.732251,45.434386
17.728916,45.438421
17.931054,45.396721
17.92483,45.397783
17.182632,45.426476
17.127143,45.403002
17.123079,45.396037
17.129661,45.410408
17.119062,45.383308
16.978947,45.469268
17.123874,45.38109
17.138708,45.380858
17.128459,45.380179
17.129204,45.380155
17.12449,45.380529
17.160402,45.388433
17.946461,45.308584
17.085447,45.436429
17.729158,45.391135
18.014267,45.379861
16.983659,45.470387
16.983703,45.470566
17.147796,45.416287
17.692298,45.437692
17.692307,45.437835
17.165677,45.413928
17.196131,45.384184
17.187205,45.383801
17.186582,45.393209
17.126037,45.418722
17.148787,45.396482
17.194457,45.374125
17.118426,45.384518
17.107954,45.382904
17.10647,45.383038
17.169404,45.395102
17.166248,45.430454
17.173724,45.403003
17.990317,45.352632
17.72824,45.439215
17.356638,45.428602
17.356932,45.428812
17.988107,45.344886
17.898611,45.350499
17.073572,45.459055
17.067038,45.461847
17.172939,45.532165
17.196644,45.51725
17.196667,45.516932
17.189155,45.513726
17.180931,45.524442
17.206856,45.51385
17.209972,45.514335
17.192245,45.516766
17.191099,45.516358
17.989621,45.351849
17.730538,45.434767
17.082439,45.456464
18.041725,45.345273
18.041548,45.345339
18.041457,45.34533
17.396135,45.435913
17.396674,45.436051
17.742067,45.447561
17.106643,45.448425
17.105653,45.44741
17.082874,45.455884
17.002293,45.498845
17.110765,45.386354
17.725095,45.432605
18.070465,45.331781
16.956721,45.493321
17.726303,45.428138
17.393775,45.436345
17.414162,45.483352
17.406457,45.486782
17.213265,45.452555
17.813505,45.340481
17.109072,45.435982
17.671149,45.326444
17.638313,45.298887
17.635345,45.442854
17.675395,45.43614
17.509965,45.341715
17.495871,45.413001
17.509739,45.341734
16.944388,45.517421
16.942198,45.519594
16.942248,45.518826
16.94183,45.520156
16.941646,45.520269
16.940914,45.519921
16.941184,45.520204
16.940728,45.52003
16.941106,45.520248
16.941028,45.520291
16.940886,45.520393
16.940808,45.520436
16.936822,45.520919
16.940731,45.520483
17.823293,45.370779
17.881126,45.429313
17.880878,45.429381
17.640183,45.343539
17.640054,45.343629
17.660379,45.457782
17.56284,45.395258
17.658904,45.328187
17.665959,45.434665
17.665872,45.435807
17.668321,45.436752
17.665938,45.434969
17.665835,45.435131
17.667902,45.436828
17.665825,45.435307
17.665918,45.435685
17.668121,45.436787
17.66592,45.434827
17.285871,45.512194
17.255428,45.509697
17.760547,45.352237
17.604178,45.446294
17.913262,45.383403
17.159667,45.408585
17.159662,45.408441
17.684032,45.324127
17.891647,45.32166
17.655368,45.340375
17.67725,45.333876
17.877066,45.25508
17.157653,45.406598
17.659722,45.401793
17.659619,45.401778
18.035691,45.304584
18.035517,45.304533
17.204664,45.426684
17.764665,45.322163
17.954468,45.345854
17.650208,45.473514
17.668358,45.433484
17.190389,45.437712
17.759255,45.264245
17.765174,45.355801
17.70594,45.380939
17.705893,45.380795
17.705859,45.380664
17.705748,45.380425
17.822037,45.372148
17.423744,45.477644
17.769831,45.359446
18.070355,45.33179
17.661157,45.442909
17.661328,45.442879
17.656661,45.32864
17.604294,45.440179
17.666588,45.339936
17.463715,45.380356
17.796272,45.417651
17.663759,45.330617
17.663797,45.330452
17.642357,45.342851
17.642109,45.342911
17.641923,45.34293
17.642604,45.342911
17.609737,45.325217
17.515173,45.545927
17.505617,45.545649
17.468516,45.447333
17.193958,45.447286
17.522899,45.479178
17.785478,45.361609
17.706119,45.332705
17.147758,45.412474
17.149408,45.411714
17.150851,45.410995
17.669308,45.320505
17.669333,45.320385
17.669297,45.320556
17.763703,45.365685
17.165259,45.415334
17.46589,45.355492
17.465927,45.355384
17.652124,45.343868
17.890518,45.319108
17.857797,45.432328
17.503824,45.472002
17.552752,45.336538
17.552979,45.33645
17.540052,45.42794
17.184801,45.49176
17.557134,45.420534
17.65383,45.341031
17.72332,45.436024
17.846455,45.382552
17.846279,45.382348
17.787432,45.281907
17.51659,45.546631
17.719315,45.429901
17.718588,45.429924
17.571934,45.47498
17.520304,45.370149
17.53406,45.338906
17.516076,45.373758
17.647223,45.442473
17.679025,45.335281
17.687944,45.334054
17.688008,45.333845
17.765304,45.36418
17.765173,45.364103
17.779486,45.227354
17.165463,45.412541
17.677074,45.33082
17.792207,45.300316
17.88264,45.430775
17.667023,45.327913
17.722676,45.330739
16.97622,45.465396
17.669705,45.333878
17.725883,45.432786
17.69227,45.332762
17.632227,45.321785
17.65333,45.341712
17.653307,45.341777
17.808954,45.290691
17.641179,45.356273
17.707042,45.332141
17.891807,45.386595
17.158675,45.386927
17.790962,45.417911
17.158496,45.386885
17.67094,45.341385
17.692384,45.339857
17.705892,45.402459
17.76153,45.35169
17.782962,45.414197
17.219057,45.454141
17.215716,45.453322
17.960201,45.389141
17.194234,45.439392
17.194147,45.439456
17.21045,45.445619
17.635563,45.439798
17.869095,45.299872
17.868336,45.298839
17.86815,45.298811
17.867963,45.298645
17.867692,45.298566
17.86744,45.298819
17.86739,45.298483
17.867371,45.298762
17.86842,45.294359
17.861966,45.29783
17.86207,45.297821
17.862112,45.297536
17.862334,45.297863
17.862169,45.297868
17.861813,45.297824
17.861664,45.297786
17.861726,45.29751
17.861197,45.297793
17.861165,45.29747
17.861336,45.297769
17.861509,45.297773
17.860911,45.297729
17.861113,45.297759
17.863581,45.297614
17.863781,45.297642
17.863912,45.297899
17.863926,45.297629
17.863255,45.297626
17.86292,45.297579
17.862762,45.297874
17.862429,45.297562
17.862545,45.297538
17.864065,45.297621
17.864368,45.2989
17.864206,45.29757
17.864622,45.297997
17.86475,45.297585
17.865057,45.298111
17.866453,45.295899
17.866532,45.296882
17.866525,45.296164
17.866692,45.296679
17.866866,45.298227
17.867114,45.298413
17.866649,45.298127
17.866513,45.298569
17.866412,45.29844
17.866276,45.296669
17.866271,45.296373
17.866133,45.29688
17.865953,45.29731
17.865896,45.29825
17.864388,45.30313
17.860678,45.297423
17.860619,45.297707
17.860552,45.29742
17.860376,45.29771
17.860008,45.297383
17.860072,45.297696
17.860224,45.297671
17.859512,45.297359
17.859675,45.29731
17.859792,45.297382
17.859422,45.297607
17.859355,45.297325
17.859203,45.297571
17.859045,45.297624
17.858827,45.297564
17.858332,45.297553
17.858316,45.297256
17.858502,45.297286
17.858476,45.297623
17.85863,45.297536
17.858625,45.297306
17.857892,45.297239
17.858043,45.297247
17.85812,45.297558
17.85773,45.297198
17.857696,45.297454
17.857565,45.297206
17.857571,45.299502
17.856789,45.299652
17.857428,45.297437
17.857339,45.297566
17.857225,45.298196
17.857191,45.298617
17.85722,45.298361
17.857172,45.298911
17.857169,45.29879
17.857118,45.299195
17.857127,45.299289
17.856758,45.299411
17.856844,45.29855
17.856702,45.297463
17.856971,45.297919
17.856949,45.298101
17.856998,45.297814
17.856955,45.297416
17.856912,45.29715
17.85673,45.297103
17.857084,45.297053
17.857405,45.29717
17.855807,45.297055
17.856093,45.29703
17.856576,45.297072
17.856374,45.297086
17.856244,45.297093
17.856245,45.29739
17.856408,45.29737
17.856556,45.297419
17.856137,45.29934
17.856067,45.297377
17.855949,45.297363
17.855876,45.299369
17.855666,45.29736
17.855085,45.297319
17.855395,45.297347
17.855269,45.297031
17.855097,45.297018
17.855391,45.297036
17.85566,45.297057
17.854476,45.29701
17.854877,45.297009
17.854757,45.297263
17.854894,45.297287
17.854348,45.29728
17.835212,45.296361
17.834908,45.296323
17.834652,45.296281
17.840507,45.296124
17.841008,45.296213
17.840714,45.29668
17.833786,45.296158
17.834057,45.296195
17.834267,45.296216
17.833046,45.296125
17.853406,45.297368
17.853741,45.296899
17.853559,45.296925
17.853397,45.296879
17.853956,45.296947
17.853976,45.297222
17.854114,45.297193
17.854128,45.296958
17.852643,45.297201
17.852809,45.29688
17.852855,45.297185
17.85328,45.296911
17.853166,45.297191
17.852944,45.296867
17.853029,45.297163
17.852073,45.296856
17.851844,45.296732
17.851794,45.29713
17.852209,45.296829
17.852277,45.297124
17.852354,45.296838
17.852525,45.296886
17.851305,45.297122
17.851289,45.29681
17.851613,45.296795
17.851507,45.297126
17.851022,45.297365
17.850933,45.29749
17.850436,45.296792
17.850339,45.297024
17.850214,45.296757
17.850188,45.297045
17.850552,45.296783
17.850689,45.296765
17.850797,45.297103
17.849272,45.296676
17.849302,45.297106
17.849457,45.296695
17.849572,45.297038
17.849931,45.297068
17.849804,45.296669
17.849729,45.297006
17.848632,45.296948
17.848482,45.296654
17.848874,45.296977
17.849046,45.297013
17.849092,45.296681
17.849206,45.297002
17.847662,45.296913
17.847828,45.296934
17.847757,45.296623
17.848034,45.29663
17.848449,45.296946
17.848282,45.296964
17.848222,45.296624
17.848106,45.296976
17.842575,45.29633
17.842338,45.296283
17.84156,45.296288
17.841918,45.296222
17.841702,45.296825
17.842855,45.296357
17.843653,45.296819
17.844264,45.296774
17.843954,45.296343
17.845444,45.296516
17.845506,45.29678
17.845827,45.296814
17.844963,45.296771
17.844715,45.296458
17.844499,45.296748
17.847451,45.296607
17.847307,45.296584
17.847339,45.296899
17.84716,45.296895
17.846858,45.296564
17.847002,45.296888
17.84686,45.296925
17.846137,45.296817
17.846153,45.29654
17.846408,45.2968
17.846667,45.296562
17.846744,45.296864
17.609218,45.324935
17.712987,45.204828
17.715234,45.205562
17.719111,45.20758
17.719362,45.207455
17.719516,45.20806
17.719712,45.20775
17.721615,45.208191
17.721137,45.207873
17.720999,45.208212
17.720378,45.207943
17.720239,45.207912
17.718188,45.207184
17.71627,45.206332
17.715963,45.20652
17.715149,45.206224
17.715646,45.20605
17.716265,45.210903
17.716704,45.211445
17.708503,45.201822
17.74237,45.21702
17.742442,45.216295
17.741619,45.217339
17.741424,45.21707
17.741066,45.216889
17.74114,45.217522
17.740706,45.217216
17.740692,45.216874
17.740553,45.216793
17.739997,45.216531
17.739889,45.216475
17.739719,45.216792
17.739497,45.216296
17.739516,45.216682
17.738997,45.216389
17.739084,45.216496
17.73911,45.216674
17.739142,45.216017
17.739333,45.216569
17.739262,45.216197
17.738954,45.215933
17.738738,45.215799
17.73857,45.216291
17.738246,45.215701
17.738335,45.216115
17.738352,45.215759
17.738509,45.216187
17.738473,45.216125
17.737419,45.215332
17.73758,45.215258
17.737612,45.215145
17.737936,45.215553
17.737749,45.21546
17.737794,45.215838
17.738069,45.215624
17.738138,45.215977
17.737655,45.21576
17.737261,45.215231
17.737265,45.215585
17.736985,45.215402
17.736835,45.21535
17.736755,45.215033
17.73653,45.214911
17.736891,45.215867
17.735901,45.214595
17.736121,45.214697
17.736201,45.21504
17.736418,45.214734
17.734907,45.214109
17.735185,45.214539
17.735277,45.214201
17.7351,45.214188
17.735578,45.214444
17.726953,45.210262
17.726758,45.210672
17.726776,45.210153
17.727124,45.210701
17.727206,45.21028
17.727278,45.210831
17.727774,45.210622
17.727881,45.211138
17.727625,45.210581
17.727502,45.210891
17.728019,45.211151
17.728155,45.210856
17.727882,45.210728
17.72507,45.209348
17.725252,45.20916
17.725271,45.209278
17.725346,45.209441
17.725433,45.209514
17.725652,45.209527
17.725614,45.209949
17.725756,45.209678
17.726062,45.209524
17.726177,45.209825
17.726028,45.209768
17.726344,45.209977
17.726398,45.20984
17.726497,45.210062
17.726624,45.210412
17.724841,45.209252
17.724537,45.209067
17.724231,45.209249
17.723865,45.20909
17.723318,45.208473
17.723223,45.208229
17.722918,45.208214
17.722538,45.208113
17.722281,45.208
17.72203,45.207913
17.721858,45.207911
17.723555,45.208601
17.723768,45.208628
17.724338,45.208701
17.728476,45.210889
17.728625,45.21109
17.72876,45.211161
17.728704,45.211465
17.728823,45.211488
17.7289,45.211217
17.728482,45.211329
17.729811,45.212009
17.729254,45.211727
17.729141,45.211328
17.729406,45.211384
17.729383,45.211774
17.730683,45.212067
17.73052,45.212417
17.730199,45.211804
17.729956,45.211708
17.731177,45.212292
17.731358,45.212758
17.731029,45.212706
17.73105,45.212279
17.730851,45.212638
17.730805,45.212129
17.732259,45.212595
17.731926,45.213033
17.731957,45.212523
17.731644,45.212517
17.731629,45.212866
17.732775,45.2134
17.733142,45.213575
17.733138,45.213274
17.732809,45.213108
17.732721,45.213066
17.732665,45.212811
17.733349,45.21369
17.733562,45.213789
17.733757,45.213532
17.73392,45.213637
17.733847,45.213919
17.734034,45.214363
17.73402,45.213986
17.734093,45.213715
17.734174,45.214026
17.734276,45.213798
17.734643,45.213971
17.734778,45.21438
17.730344,45.211905
17.740311,45.217071
17.742178,45.227591
17.753792,45.222927
17.753658,45.222881
17.753689,45.223154
17.753416,45.222798
17.753307,45.223028
17.753274,45.222735
17.76303,45.226858
17.761789,45.226372
17.761625,45.226288
17.761284,45.227042
17.756105,45.224065
17.756234,45.223792
17.755993,45.224081
17.755931,45.223677
17.755724,45.223646
17.755486,45.223555
17.755513,45.223881
17.755624,45.223878
17.754977,45.223651
17.75468,45.223533
17.754738,45.223265
17.754917,45.223332
17.755199,45.223428
17.755102,45.223374
17.755196,45.223841
17.755365,45.223797
17.755354,45.223499
17.756616,45.223966
17.756617,45.224353
17.757023,45.224127
17.756917,45.224085
17.75682,45.224282
17.756757,45.223994
17.757402,45.224576
17.757176,45.22415
17.757116,45.224452
17.757893,45.224435
17.757727,45.224371
17.757538,45.224322
17.759248,45.225008
17.75937,45.22509
17.759273,45.224766
17.758931,45.224861
17.758385,45.224942
17.758341,45.22462
17.758566,45.224992
17.758718,45.224757
17.758117,45.22454
17.748053,45.220467
17.748191,45.22055
17.748239,45.220877
17.748142,45.220842
17.748355,45.220615
17.748636,45.221057
17.748853,45.220865
17.748727,45.221141
17.748688,45.220782
17.749346,45.221124
17.749499,45.221515
17.749643,45.221261
17.749193,45.221369
17.749236,45.221028
17.749121,45.220982
17.749026,45.221254
17.74902,45.220834
17.7502,45.221409
17.750295,45.221886
17.750028,45.22142
17.749776,45.221319
17.749883,45.221716
17.750502,45.222155
17.750686,45.221564
17.750729,45.222041
17.750891,45.222102
17.751094,45.222169
17.751212,45.22222
17.751319,45.222003
17.752119,45.22229
17.751501,45.222008
17.751427,45.222319
17.751698,45.222391
17.752055,45.222541
17.752225,45.222606
17.752648,45.222475
17.753045,45.222959
17.752872,45.222497
17.752225,45.222278
17.753988,45.223271
17.754153,45.223015
17.754079,45.222933
17.754488,45.223171
17.742041,45.217925
17.742239,45.218034
17.742616,45.218154
17.742828,45.218271
17.742924,45.217979
17.742949,45.218694
17.743106,45.218431
17.743325,45.218648
17.743384,45.218188
17.743527,45.218299
17.74369,45.21876
17.743795,45.218441
17.744052,45.218562
17.744001,45.21889
17.744262,45.218647
17.744445,45.218721
17.744629,45.218823
17.744812,45.218928
17.744988,45.219307
17.74513,45.219061
17.745525,45.219097
17.745497,45.219559
17.745203,45.2191
17.745695,45.219374
17.745829,45.219373
17.745892,45.21944
17.746384,45.22
17.746022,45.219794
17.747061,45.220347
17.746767,45.219718
17.746644,45.220117
17.746527,45.219751
17.74644,45.2197
17.746899,45.219928
17.747101,45.220041
17.747242,45.22006
17.747338,45.220169
17.747349,45.220449
17.747616,45.220564
17.747681,45.220314
17.747971,45.220747
17.74787,45.22038
17.747945,45.220438
17.741697,45.21772
17.764059,45.227512
17.764159,45.227561
17.810462,45.365815
17.822095,45.24313
17.822117,45.24272
17.821873,45.243354
17.8215,45.24376
17.82116,45.244068
17.821032,45.244178
17.820824,45.24411
17.820644,45.244134
17.820656,45.243876
17.81867,45.244245
17.818601,45.243913
17.818449,45.243915
17.818512,45.244175
17.818123,45.243772
17.818196,45.24425
17.818051,45.24425
17.817741,45.244212
17.817813,45.243908
17.817596,45.24389
17.817653,45.244235
17.817475,45.244208
17.817346,45.244203
17.817247,45.243934
17.81709,45.244217
17.817112,45.243938
17.818735,45.243777
17.819118,45.243922
17.819251,45.244205
17.819518,45.244175
17.819634,45.243958
17.819801,45.244198
17.820033,45.244208
17.820081,45.243976
17.820287,45.244186
17.814071,45.24388
17.814117,45.243553
17.814265,45.243644
17.814348,45.243908
17.814508,45.243646
17.814616,45.243971
17.81492,45.244009
17.81492,45.243771
17.815053,45.244068
17.815102,45.243827
17.815251,45.2437
17.815235,45.244092
17.816904,45.243954
17.816789,45.244233
17.816684,45.24393
17.816596,45.244252
17.816388,45.243952
17.816307,45.244248
17.816155,45.244221
17.816174,45.24395
17.815844,45.244187
17.816002,45.243927
17.815615,45.243857
17.815487,45.243805
17.815454,45.244144
17.813678,45.243766
17.813471,45.243469
17.813328,45.243813
17.812555,45.243315
17.812756,45.243348
17.812553,45.24364
17.8123,45.243585
17.812118,45.243567
17.811925,45.243529
17.811887,45.24323
17.811357,45.24356
17.811578,45.243163
17.811681,45.243171
17.811012,45.24311
17.811163,45.24297
17.811308,45.243133
17.811236,45.243511
17.810921,45.243432
17.81083,45.243448
17.810868,45.243015
17.810676,45.24307
17.810502,45.243374
17.80845,45.242894
17.808493,45.24258
17.808676,45.242611
17.80861,45.242927
17.808067,45.242476
17.80814,45.242802
17.808282,45.242816
17.808347,45.242528
17.808001,45.242761
17.807827,45.242761
17.807702,45.242665
17.807276,45.242565
17.80737,45.242619
17.807529,45.242623
17.80759,45.242342
17.807392,45.242248
17.807782,45.242312
17.808937,45.242693
17.808972,45.243036
17.809145,45.242741
17.809306,45.242783
17.809415,45.243129
17.8093,45.243113
17.809632,45.243201
17.809529,45.242761
17.809828,45.243603
17.80976,45.244574
17.809776,45.244348
17.809823,45.244029
17.8098,45.243836
17.809891,45.243283
17.809927,45.242942
17.810266,45.24301
17.81021,45.243464
17.804234,45.241873
17.804103,45.241861
17.804047,45.241529
17.804645,45.241638
17.804652,45.241976
17.804464,45.24196
17.804495,45.241624
17.805126,45.24172
17.805157,45.242067
17.804878,45.241677
17.8048,45.242013
17.805511,45.242153
17.805495,45.241827
17.805341,45.242129
17.805341,45.24178
17.806562,45.242052
17.806612,45.242391
17.807072,45.242181
17.806877,45.242125
17.806823,45.242468
17.806962,45.242563
17.807112,45.242538
17.80638,45.242001
17.806327,45.242334
17.806201,45.241945
17.806017,45.241889
17.806192,45.24229
17.805875,45.242235
17.805656,45.241855
17.805761,45.24218
17.803425,45.2417
17.803275,45.241662
17.803119,45.241268
17.80336,45.241337
17.803472,45.24135
17.803599,45.241769
17.803701,45.241425
17.803792,45.241474
17.803919,45.241812
17.802446,45.241788
17.802534,45.241062
17.802489,45.240311
17.802593,45.240518
17.802902,45.241048
17.801678,45.241521
17.80188,45.241477
17.801232,45.241578
17.798206,45.241704
17.190645,45.508097
17.819007,45.263247
17.823828,45.260815
17.822196,45.26099
17.823328,45.260938
17.820667,45.261635
17.822809,45.260796
17.819521,45.26291
17.822494,45.260805
17.815744,45.264782
17.819091,45.262778
17.816403,45.264677
17.821481,45.261336
17.816562,45.264639
17.825099,45.260089
17.820899,45.262061
17.820438,45.262342
17.820743,45.2622
17.818304,45.263426
17.821969,45.261415
17.815557,45.264749
17.819882,45.262202
17.819848,45.262342
17.820077,45.262033
17.821979,45.261044
17.820534,45.261898
17.816289,45.264698
17.818807,45.263028
17.814639,45.264978
17.818554,45.263147
17.819231,45.262668
17.82294,45.262211
17.817603,45.264306
17.812505,45.266878
17.822843,45.261135
17.820009,45.262588
17.820137,45.262511
17.821774,45.2616
17.823675,45.26052
17.819396,45.263868
17.821186,45.261919
17.816828,45.264479
17.822491,45.261243
17.81968,45.262799
17.815228,45.264804
17.817384,45.264332
17.818174,45.263811
17.821063,45.262048
17.819008,45.26282
17.822302,45.261299
17.817606,45.264697
17.822916,45.260664
17.819558,45.262552
17.825417,45.259876
17.814754,45.264905
17.822915,45.261088
17.819358,45.263043
17.823632,45.260874
17.818682,45.2631
17.832357,45.255254
17.831644,45.256306
17.824263,45.260686
17.831107,45.256941
17.825795,45.259824
17.828619,45.258766
17.829685,45.257986
17.826304,45.259694
17.831073,45.256254
17.831347,45.25583
17.826969,45.259309
17.829747,45.257477
17.830556,45.257325
17.824452,45.260598
17.82405,45.260455
17.826119,45.259707
17.831969,45.255889
17.827497,45.259523
17.827513,45.259016
17.828114,45.258565
17.830892,45.256561
17.827242,45.259193
17.829256,45.258285
17.825287,45.260027
17.828736,45.258554
17.825604,45.261949
17.829974,45.257311
17.825634,45.259866
17.826638,45.259553
17.824951,45.260426
17.830777,45.2571
17.829544,45.258176
17.828414,45.258885
17.826832,45.259442
17.832196,45.254925
17.823201,45.26101
17.81609,45.264613
17.821144,45.261384
17.812269,45.266952
17.818932,45.264092
17.818384,45.2636
17.823507,45.260562
17.815008,45.264872
17.819738,45.262414
17.817259,45.264864
17.819411,45.262654
17.822642,45.261162
17.821644,45.261833
17.821254,45.261276
17.816788,45.264912
17.820626,45.261807
17.814154,45.265309
17.821574,45.261257
17.821755,45.261133
17.820851,45.261616
17.820067,45.262182
17.817058,45.264861
17.818844,45.262845
17.817858,45.264098
17.82326,45.262645
17.815397,45.26478
17.819872,45.264528
17.817322,45.26478
17.820999,45.261522
17.815956,45.264758
17.819239,45.26313
17.822713,45.260821
17.817168,45.264511
17.821362,45.261822
17.819889,45.262738
17.820388,45.261954
17.820549,45.262287
17.821677,45.261646
17.814396,45.265142
17.816717,45.264622
17.820234,45.262422
17.823326,45.260652
17.816586,45.265061
17.818189,45.264328
17.818592,45.264187
17.823158,45.260659
17.828928,45.2547
17.83225,45.255591
17.82479,45.260518
17.827177,45.259274
17.8323,45.254811
17.831611,45.256396
17.827674,45.259401
17.831825,45.256174
17.827769,45.25929
17.827979,45.259095
17.832118,45.255105
17.826169,45.260025
17.830175,45.257633
17.827186,45.259677
17.826423,45.259584
17.832398,45.255197
17.824182,45.260408
17.832367,45.254681
17.826403,45.259968
17.831843,45.255426
17.830372,45.257116
17.826959,45.259864
17.828716,45.258151
17.829847,45.257864
17.829328,45.257766
17.830649,45.257258
17.825586,45.260252
17.826094,45.262068
17.825747,45.260182
17.831512,45.256538
17.825994,45.259816
17.832991,45.254496
17.825391,45.260334
17.828166,45.258965
17.827397,45.259085
17.824044,45.260751
17.823916,45.260479
17.830296,45.257528
17.831501,45.255667
17.829547,45.257602
17.829681,45.257514
17.830299,45.257732
17.831996,45.255736
17.827787,45.259173
17.830524,45.257012
17.832003,45.255169
17.826715,45.259974
17.828955,45.258009
17.830653,45.256806
17.82477,45.260205
17.829161,45.258501
17.838432,45.249746
17.839272,45.247606
17.80604,45.289765
17.899422,45.358458
17.899458,45.358286
17.64393,45.339708
17.790265,45.302951
17.829148,45.343495
17.560875,45.38973
18.018846,45.380921
17.648875,45.423637
17.794457,45.284116
17.852277,45.367559
17.85258,45.368084
17.85251,45.367933
17.852342,45.367742
17.852438,45.368783
17.852994,45.368761
17.853235,45.369473
17.852708,45.368429
17.852626,45.368263
17.861756,45.36003
17.861808,45.360235
17.861866,45.360332
17.862108,45.360021
17.86215,45.360163
17.86218,45.360346
17.862027,45.360839
17.862041,45.360995
17.86214,45.361215
17.862014,45.360705
17.861894,45.360545
17.856353,45.36037
17.85612,45.3601
17.855752,45.36083
17.855817,45.36009
17.855723,45.36094
17.85565,45.361154
17.855738,45.361714
17.855802,45.361869
17.855914,45.362311
17.855892,45.362191
17.855832,45.362042
17.856015,45.362813
17.85588,45.362537
17.855779,45.363259
17.85578,45.363428
17.866309,45.361684
17.865516,45.361382
17.865758,45.361677
17.865474,45.361742
17.864704,45.361844
17.864998,45.361833
17.864192,45.361575
17.86431,45.361643
17.864423,45.361817
17.863741,45.361925
17.863219,45.361597
17.862612,45.361638
17.862433,45.360827
17.862289,45.360579
17.862976,45.361383
17.84788,45.359312
17.84792,45.359476
17.848477,45.36056
17.848382,45.360341
17.848837,45.361119
17.848888,45.362128
17.848821,45.362712
17.848197,45.361012
17.848291,45.360161
17.84807,45.359791
17.848027,45.359607
17.847679,45.359922
17.84751,45.359783
17.847348,45.359443
17.847162,45.359099
17.846785,45.358299
17.846735,45.357384
17.846871,45.357727
17.847055,45.358853
17.846371,45.357569
17.846525,45.357782
17.846462,45.356869
17.846499,45.356735
17.8463,45.356418
17.846158,45.357142
17.850056,45.364424
17.850228,45.364677
17.850284,45.364962
17.850399,45.365083
17.850472,45.364278
17.850985,45.365268
17.855115,45.364159
17.855212,45.364247
17.855211,45.364353
17.855634,45.364639
17.855653,45.364173
17.855643,45.363835
17.855746,45.363607
17.855409,45.363419
17.855529,45.363057
17.855514,45.362138
17.855546,45.3624
17.855556,45.362559
17.855696,45.36153
17.855571,45.360307
17.855499,45.360461
17.855303,45.360802
17.855335,45.36097
17.855443,45.360693
17.855314,45.361162
17.855421,45.361451
17.855142,45.361289
17.855014,45.360335
17.855291,45.363581
17.855179,45.363777
17.855198,45.363955
17.854388,45.362957
17.854076,45.362194
17.854315,45.360502
17.855249,45.357383
17.855344,45.357954
17.855346,45.357812
17.855442,45.358172
17.855324,45.358866
17.855477,45.356543
17.855336,45.356975
17.855336,45.357146
17.855363,45.356818
17.853075,45.358966
17.853101,45.359124
17.853111,45.359405
17.853461,45.358888
17.853354,45.359999
17.853492,45.361734
17.853631,45.359831
17.853749,45.359971
17.854001,45.360129
17.853922,45.361734
17.854004,45.362628
17.853658,45.362465
17.853667,45.362219
17.853566,45.361983
17.853109,45.359631
17.850282,45.363774
17.849872,45.362943
17.849356,45.363144
17.849223,45.362028
17.84918,45.361845
17.861016,45.354335
17.861015,45.35416
17.860601,45.355382
17.860625,45.355823
17.860747,45.356219
17.861317,45.358298
17.861254,45.358117
17.861246,45.356919
17.861089,45.356094
17.861162,45.356721
17.861049,45.356547
17.860903,45.356398
17.860958,45.355841
17.860969,45.355675
17.860949,45.355496
17.860961,45.355328
17.861247,45.354892
17.861368,45.356994
17.861711,45.356823
17.861721,45.357231
17.86181,45.357428
17.861725,45.357675
17.861727,45.357833
17.861922,45.359204
17.861913,45.359073
17.861878,45.358897
17.861851,45.358689
17.861838,45.358612
17.861727,45.358446
17.861736,45.358165
17.861747,45.358014
17.861441,45.357539
17.861388,45.357235
17.861359,45.357129
17.86145,45.357321
17.861416,45.357835
17.861375,45.357941
17.86135,45.35805
17.86146,45.358416
17.861431,45.358617
17.861512,45.358919
17.861556,45.359254
17.861584,45.359161
17.861418,45.358815
17.861635,45.359606
17.861681,45.359429
17.861695,45.359745
17.861971,45.359342
17.861945,45.359703
17.861971,45.359571
17.855868,45.356538
17.855623,45.357367
17.855747,45.358011
17.855697,45.357903
17.855661,45.357795
17.855662,45.358744
17.855738,45.359131
17.855856,45.358273
17.855987,45.359145
17.856031,45.359346
17.856202,45.356175
17.85657,45.355707
17.856046,45.359544
17.855755,45.359848
17.855686,45.359474
17.504358,45.471356
18.022363,45.385614
17.828002,45.425196
17.828343,45.425121
17.633612,45.318286
17.633763,45.318059
17.810621,45.356784
17.810303,45.357084
17.811151,45.357708
17.811073,45.357924
17.811141,45.356866
17.811212,45.357221
17.81126,45.357503
17.81145,45.35686
17.81153,45.357392
17.811592,45.356835
17.811752,45.357082
17.811911,45.357382
17.811524,45.358124
17.813008,45.357644
17.812493,45.357226
17.812321,45.357422
17.812344,45.357234
17.81286,45.3573
17.812904,45.357518
17.813227,45.357599
17.813343,45.357592
17.813512,45.357418
17.813947,45.357553
17.813673,45.357809
17.813799,45.357821
17.813946,45.358825
17.813846,45.359414
17.813589,45.359168
17.814653,45.358643
17.814514,45.357928
17.814451,45.357615
17.814283,45.359216
17.814152,45.359392
17.814131,45.35789
17.814322,45.358378
17.814366,45.358136
17.814314,45.357627
17.814801,45.357562
17.815023,45.35749
17.814881,45.358288
17.815841,45.357287
17.815743,45.357095
17.815613,45.35741
17.634555,45.378373
17.634333,45.37863
17.633944,45.378274
17.634115,45.378261
17.634129,45.378824
17.634886,45.378134
17.629431,45.383225
17.629426,45.383326
17.630043,45.382958
17.63251,45.377418
17.63233,45.377793
17.632914,45.380117
17.632991,45.379383
17.633521,45.37892
17.633746,45.378623
17.633652,45.378878
17.633734,45.379251
17.63353,45.379418
17.633291,45.379657
17.633381,45.379571
17.633199,45.379789
17.632666,45.380318
17.632485,45.380485
17.632355,45.380631
17.632108,45.377666
17.631497,45.388607
17.631062,45.389118
17.632223,45.38919
17.632221,45.388348
17.632316,45.388194
17.632353,45.387883
17.63238,45.387723
17.632145,45.387292
17.632125,45.387492
17.632016,45.387806
17.632019,45.389186
17.631778,45.389071
17.631714,45.388558
17.631866,45.388015
17.632254,45.386474
17.632234,45.386722
17.632306,45.386354
17.632356,45.386233
17.632617,45.386495
17.632676,45.386359
17.632518,45.386962
17.632485,45.386734
17.632458,45.386039
17.632461,45.387133
17.632476,45.387297
17.632447,45.387551
17.632821,45.38617
17.632864,45.386038
17.632778,45.385743
17.632828,45.385639
17.633063,45.38597
17.633449,45.385571
17.624096,45.376607
17.624333,45.3773
17.624174,45.37747
17.624177,45.377095
17.624125,45.376946
17.624072,45.377186
17.624033,45.377245
17.624528,45.376581
17.62481,45.376799
17.625143,45.376656
17.623076,45.378209
17.622992,45.37825
17.622827,45.378434
17.62243,45.379194
17.622626,45.378637
17.622701,45.3789
17.623593,45.377739
17.623397,45.377943
17.623281,45.37806
17.623299,45.37836
17.623563,45.378123
17.623894,45.377449
17.623884,45.377828
17.623709,45.377923
17.621017,45.379916
17.621197,45.379787
17.622113,45.379129
17.62238,45.378902
17.622216,45.379041
17.621926,45.379329
17.621682,45.379491
17.620793,45.380399
17.620351,45.380134
17.620501,45.380317
17.602451,45.370125
17.602122,45.371087
17.602099,45.371257
17.601843,45.371223
17.604778,45.368871
17.604521,45.369106
17.600246,45.371719
17.60023,45.371419
17.600723,45.371025
17.600377,45.371268
17.600209,45.371104
17.599885,45.372247
17.600144,45.371847
17.600405,45.372103
17.598728,45.373438
17.599193,45.373171
17.599159,45.373323
17.599245,45.372991
17.599394,45.37278
17.598256,45.374572
17.598492,45.373761
17.598351,45.375326
17.598234,45.37558
17.598025,45.375245
17.598213,45.375002
17.598188,45.374798
17.597866,45.376852
17.598341,45.37644
17.598293,45.376137
17.598544,45.376411
17.598584,45.376113
17.597737,45.37705
17.619138,45.367037
17.618871,45.366718
17.616164,45.363589
17.616067,45.3631
17.616472,45.363424
17.616946,45.364046
17.617527,45.363244
17.617386,45.36463
17.617426,45.364773
17.617579,45.365584
17.61778,45.365247
17.617656,45.363129
17.618081,45.365544
17.61828,45.365918
17.618448,45.366102
17.618534,45.366247
17.661845,45.376601
17.66168,45.376628
17.66181,45.379276
17.661857,45.379852
17.661883,45.379744
17.661989,45.379546
17.662076,45.378943
17.662114,45.379413
17.6622,45.379293
17.662141,45.378885
17.662422,45.379263
17.662283,45.378766
17.662043,45.376605
17.662101,45.376409
17.662073,45.37546
17.662593,45.376416
17.662436,45.376389
17.662439,45.376635
17.662636,45.376745
17.662692,45.377465
17.663019,45.376775
17.663215,45.377209
17.662948,45.378023
17.663226,45.37835
17.663129,45.378562
17.662708,45.378347
17.662724,45.378799
17.662481,45.37903
17.662625,45.378891
17.661555,45.380724
17.661642,45.38053
17.661651,45.380198
17.661271,45.379493
17.661521,45.37671
17.661552,45.376119
17.661547,45.375742
17.661542,45.375652
17.661367,45.375835
17.661338,45.376335
17.661281,45.376003
17.661203,45.3766
17.661,45.376642
17.661138,45.376129
17.660955,45.376276
17.66079,45.376645
17.661068,45.379232
17.660973,45.379174
17.660659,45.378861
17.660595,45.378791
17.660511,45.378684
17.660537,45.378743
17.660722,45.376375
17.660718,45.375913
17.660494,45.376512
17.660194,45.377185
17.660193,45.376749
17.660341,45.377009
17.660061,45.377317
17.660008,45.377397
17.660006,45.378312
17.660367,45.378558
17.660213,45.37845
17.6649,45.378252
17.663317,45.378289
17.663299,45.37811
17.663371,45.377884
17.663366,45.378036
17.663544,45.376709
17.663296,45.377644
17.663274,45.37754
17.663266,45.377367
17.663321,45.377113
17.663305,45.376881
17.663307,45.376225
17.663298,45.375872
17.6632,45.375718
17.663199,45.375549
17.663193,45.37541
17.663635,45.376338
17.663921,45.376337
17.664398,45.377346
17.664156,45.376723
17.664462,45.376877
17.647335,45.375399
17.647976,45.375209
17.648068,45.375101
17.648369,45.375162
17.64993,45.37476
17.649993,45.37452
17.650094,45.374645
17.649615,45.374471
17.649245,45.374581
17.649195,45.374902
17.648985,45.374972
17.648881,45.37477
17.648831,45.374872
17.648843,45.37504
17.648775,45.375094
17.648524,45.375616
17.648726,45.375604
17.648892,45.375702
17.64889,45.375914
17.64908,45.375955
17.649511,45.375812
17.649811,45.375799
17.649918,45.376037
17.648444,45.375837
17.648321,45.375839
17.648282,45.375523
17.648127,45.375728
17.647964,45.375611
17.647908,45.375564
17.659724,45.378459
17.659715,45.378221
17.659743,45.377805
17.659777,45.377699
17.659829,45.378536
17.659922,45.378643
17.659886,45.377126
17.659835,45.377244
17.659596,45.377493
17.659519,45.377658
17.659346,45.378307
17.658936,45.378895
17.65894,45.378312
17.659084,45.378109
17.659119,45.37794
17.65816,45.378904
17.658271,45.379226
17.658302,45.378863
17.662338,45.372567
17.663162,45.375265
17.662928,45.37498
17.662798,45.374944
17.662526,45.374824
17.662376,45.375113
17.662297,45.375252
17.662357,45.374785
17.662024,45.374989
17.662154,45.374679
17.662117,45.373996
17.662228,45.373778
17.661887,45.372508
17.661684,45.374229
17.661685,45.373977
17.661695,45.373472
17.661814,45.373777
17.661928,45.375177
17.661838,45.37526
17.661761,45.376029
17.661737,45.375911
17.661786,45.375429
17.66194,45.37569
17.646058,45.374681
17.643556,45.371149
17.643698,45.371046
17.64425,45.371275
17.641926,45.37185
17.641982,45.372393
17.642134,45.372286
17.642211,45.372102
17.64236,45.37201
17.642513,45.371912
17.641655,45.372068
17.64177,45.371985
17.64186,45.37139
17.640735,45.370937
17.640332,45.371496
17.640248,45.371868
17.64029,45.373003
17.640493,45.372838
17.640452,45.371391
17.640579,45.371262
17.640828,45.371583
17.6409,45.372532
17.641062,45.372432
17.63687,45.375725
17.63684,45.376245
17.635856,45.376551
17.635615,45.376793
17.634626,45.377822
17.634946,45.377415
17.635258,45.377071
17.637788,45.375513
17.637159,45.376011
17.640162,45.373117
17.640197,45.371593
17.64003,45.373222
17.639755,45.371757
17.639519,45.37361
17.639564,45.37403
17.639667,45.373901
17.639599,45.373517
17.639756,45.373426
17.639855,45.373308
17.63928,45.373772
17.638927,45.374041
17.652405,45.363578
17.653061,45.362815
17.652915,45.36369
17.652897,45.363036
17.652793,45.363159
17.652784,45.363826
17.652379,45.36429
17.651973,45.364843
17.651956,45.36472
17.652231,45.364611
17.652323,45.364489
17.652252,45.36378
17.652154,45.363903
17.65165,45.364205
17.651847,45.364937
17.651256,45.364918
17.650879,45.365641
17.650906,45.365133
17.650652,45.365218
17.65073,45.365732
17.650433,45.365914
17.650127,45.366089
17.649853,45.365856
17.64971,45.365943
17.647071,45.367701
17.647882,45.368437
17.64758,45.367304
17.655056,45.360972
17.654912,45.36113
17.654812,45.361329
17.654698,45.362192
17.654554,45.36177
17.653997,45.361666
17.65396,45.362447
17.653386,45.363124
17.653271,45.363227
17.65372,45.362066
17.653741,45.36271
17.653658,45.362862
17.65389,45.362581
17.653846,45.361931
17.653892,45.3618
17.653744,45.361034
17.654248,45.361462
17.654411,45.361282
17.654613,45.360982
17.654684,45.361541
17.691701,45.382958
17.682886,45.380027
17.682684,45.375217
17.68258,45.375319
17.682285,45.375649
17.68206,45.375846
17.682348,45.378126
17.682324,45.378049
17.681825,45.376041
17.681778,45.376069
17.681633,45.376168
17.681399,45.376327
17.681206,45.376458
17.680192,45.377517
17.680033,45.377658
17.679982,45.377849
17.680264,45.377412
17.680769,45.376808
17.680671,45.376926
17.680495,45.377104
17.680998,45.376593
17.68212,45.374994
17.682599,45.374371
17.682604,45.374517
17.68276,45.375104
17.683975,45.374766
17.68393,45.375088
17.683843,45.374912
17.682922,45.374869
17.682871,45.374976
17.683225,45.375691
17.683964,45.375537
17.683952,45.375261
17.684419,45.376546
17.684958,45.37907
17.689533,45.387779
17.674773,45.381762
17.675305,45.383437
17.675247,45.38412
17.675231,45.384297
17.675287,45.383994
17.675384,45.383851
17.675436,45.383557
17.675466,45.38341
17.675429,45.383676
17.675496,45.383244
17.675426,45.383133
17.675467,45.382564
17.675436,45.382234
17.675465,45.382159
17.675516,45.382413
17.675533,45.382698
17.67552,45.38127
17.675494,45.381387
17.675467,45.38153
17.675454,45.381996
17.675254,45.38117
17.675689,45.38091
17.675713,45.380772
17.675715,45.380616
17.675744,45.380435
17.675749,45.380282
17.675813,45.380153
17.675855,45.379915
17.675866,45.38004
17.675976,45.381248
17.675954,45.381336
17.675967,45.381437
17.675935,45.382006
17.675845,45.382114
17.67584,45.381756
17.675659,45.381043
17.675781,45.382248
17.675641,45.384438
17.675709,45.384211
17.675914,45.383512
17.67584,45.383663
17.675872,45.383893
17.675926,45.383381
17.676014,45.383102
17.675961,45.382748
17.675933,45.382864
17.675947,45.383228
17.675894,45.382621
17.675909,45.38249
17.675967,45.381122
17.676104,45.380732
17.676108,45.38098
17.676069,45.380861
17.676254,45.379954
17.676243,45.380118
17.676179,45.380505
17.676271,45.379766
17.67617,45.379558
17.67615,45.379158
17.676208,45.378716
17.676081,45.378866
17.676141,45.379399
17.675797,45.379557
17.675648,45.379272
17.675675,45.379708
17.675672,45.37981
17.675671,45.379077
17.675687,45.378913
17.675718,45.378742
17.675611,45.378381
17.675744,45.37767
17.675742,45.378507
17.675744,45.375379
17.675693,45.376295
17.675334,45.374752
17.675406,45.37398
17.676392,45.376896
17.676481,45.378442
17.675599,45.385327
17.675626,45.385168
17.675588,45.384619
17.675587,45.384926
17.67551,45.384749
17.675199,45.385724
17.675216,45.385841
17.67519,45.385601
17.675146,45.385359
17.675051,45.384929
17.675077,45.385045
17.675128,45.385249
17.674905,45.384738
17.674917,45.384617
17.674884,45.384492
17.672688,45.37988
17.673074,45.380936
17.672954,45.380823
17.672905,45.379265
17.672865,45.379387
17.67282,45.379538
17.672406,45.377866
17.672263,45.379346
17.674039,45.372917
17.674569,45.372826
17.674561,45.372974
17.674565,45.373476
17.674519,45.373286
17.674487,45.37395
17.674427,45.375006
17.67447,45.37517
17.674021,45.373102
17.673985,45.373403
17.673954,45.373721
17.673987,45.374128
17.673972,45.374292
17.673854,45.374973
17.673896,45.374731
17.673729,45.374866
17.673314,45.375109
17.673795,45.37559
17.673776,45.375787
17.673798,45.375881
17.673791,45.376072
17.673644,45.376765
17.673689,45.37662
17.673563,45.377379
17.673576,45.377214
17.673636,45.376926
17.673623,45.376854
17.673551,45.377498
17.673494,45.377701
17.673541,45.377573
17.673522,45.377807
17.673496,45.378014
17.673482,45.377896
17.673776,45.377565
17.673762,45.377724
17.673781,45.377864
17.673672,45.378854
17.673616,45.379057
17.673596,45.379204
17.673483,45.379588
17.673558,45.379354
17.673486,45.37972
17.673457,45.378089
17.673292,45.378282
17.673228,45.378451
17.673169,45.378581
17.673074,45.37882
17.673342,45.380437
17.673376,45.380216
17.673405,45.380008
17.673499,45.380742
17.673361,45.380606
17.673411,45.381536
17.673499,45.381028
17.673484,45.381183
17.673445,45.381697
17.673321,45.381413
17.673198,45.381082
17.673619,45.382235
17.673877,45.382753
17.673855,45.382898
17.673585,45.38189
17.673583,45.38128
17.673642,45.381392
17.674313,45.381971
17.674133,45.382083
17.674116,45.381759
17.67406,45.382313
17.674079,45.382446
17.674104,45.383298
17.674076,45.383196
17.674131,45.383399
17.67439,45.383786
17.674231,45.382782
17.674268,45.382913
17.674521,45.383919
17.674594,45.383377
17.674696,45.383542
17.674695,45.383628
17.674753,45.384188
17.674803,45.384407
17.674647,45.378375
17.674494,45.378378
17.674473,45.378143
17.674295,45.378334
17.67404,45.378114
17.674218,45.37672
17.674121,45.376885
17.674086,45.376997
17.674016,45.377431
17.67402,45.377271
17.674053,45.377116
17.67383,45.375396
17.673818,45.375289
17.674229,45.376324
17.674376,45.37528
17.674355,45.375875
17.674196,45.376467
17.675281,45.375316
17.675184,45.376492
17.675147,45.378166
17.67514,45.378498
17.674988,45.378164
17.674869,45.378415
17.678116,45.378159
17.678139,45.378512
17.678045,45.378567
17.678004,45.378171
17.678308,45.378511
17.678231,45.378166
17.678556,45.378386
17.679461,45.37845
17.679452,45.378217
17.679127,45.378251
17.678819,45.378369
17.677703,45.378724
17.67789,45.378609
17.677178,45.377915
17.677448,45.378191
17.677085,45.378833
17.676938,45.379027
17.676746,45.378157
17.676807,45.377647
17.677129,45.378207
17.675805,45.39061
17.675916,45.390369
17.675769,45.3897
17.676041,45.389188
17.676013,45.389432
17.676052,45.390169
17.67613,45.389806
17.676118,45.389525
17.676075,45.389272
17.67571,45.387349
17.67587,45.388785
17.675906,45.388651
17.675825,45.388433
17.675588,45.388938
17.675499,45.388777
17.675402,45.388645
17.675392,45.388545
17.675389,45.388393
17.675371,45.388139
17.675379,45.388032
17.67558,45.386915
17.675589,45.386843
17.675681,45.386591
17.675619,45.38647
17.675225,45.386578
17.675187,45.386419
17.67518,45.387302
17.675175,45.387145
17.675169,45.38702
17.675166,45.386858
17.675228,45.387505
17.675279,45.387715
17.675007,45.390107
17.67495,45.39046
17.67498,45.391337
17.675018,45.391231
17.675129,45.390694
17.675198,45.391032
17.675254,45.39055
17.675376,45.38908
17.675457,45.389918
17.675507,45.389148
17.67561,45.389237
17.675682,45.389402
17.675666,45.389586
17.675736,45.389849
17.675561,45.39035
17.67542,45.390803
17.674892,45.391452
17.674786,45.391645
17.674725,45.391857
17.674585,45.391392
17.674688,45.392148
17.67458,45.39227
17.674576,45.392365
17.674485,45.392569
17.674197,45.393117
17.674308,45.392805
17.674446,45.392739
17.674273,45.391974
17.674304,45.391713
17.674307,45.390963
17.674631,45.391212
17.674841,45.390746
17.674842,45.390852
17.674892,45.390571
17.674936,45.390344
17.674867,45.390205
17.674047,45.392487
17.674105,45.392366
17.674004,45.392685
17.674089,45.393291
17.673982,45.393523
17.673786,45.392926
17.673575,45.393315
17.673634,45.393179
17.673723,45.393015
17.673417,45.393421
17.67361,45.395304
17.673629,45.39541
17.673485,45.395765
17.673431,45.395892
17.673841,45.394797
17.673812,45.394645
17.673876,45.394295
17.673381,45.39602
17.673323,45.396205
17.673252,45.39663
17.673128,45.396374
17.672993,45.3958
17.672998,45.395442
17.67288,45.395914
17.673013,45.394031
17.673174,45.394545
17.673025,45.39572
17.673103,45.395577
17.673152,45.395356
17.673199,45.395093
17.673275,45.394907
17.673225,45.39521
17.673288,45.394705
17.673221,45.394344
17.673277,45.394142
17.673067,45.393652
17.673244,45.393836
17.673346,45.393557
17.626682,45.352715
17.626465,45.353176
17.626491,45.353906
17.626296,45.354302
17.62637,45.353489
17.626195,45.35292
17.625586,45.355353
17.626374,45.352383
17.626398,45.352649
17.627753,45.353092
17.627125,45.352426
17.626905,45.352508
17.627242,45.35295
17.627511,45.353011
17.624594,45.389105
17.621281,45.393119
17.621785,45.393764
17.622076,45.392617
17.622234,45.392462
17.62264,45.39253
17.622443,45.392698
17.62363,45.39098
17.623366,45.390386
17.623196,45.390633
17.623092,45.390844
17.623224,45.391609
17.62284,45.391498
17.618562,45.397008
17.618535,45.397186
17.619042,45.396514
17.619242,45.396298
17.61734,45.398619
17.617397,45.39772
17.616571,45.399254
17.616402,45.399417
17.616364,45.399637
17.615523,45.401484
17.615758,45.400301
17.615484,45.400576
17.615587,45.399679
17.615504,45.399918
17.615857,45.39945
17.616238,45.399701
17.616245,45.39975
17.616081,45.399919
17.614951,45.400503
17.614874,45.400783
17.614423,45.402186
17.614443,45.401145
17.613908,45.40233
17.613958,45.402165
17.613834,45.401972
17.19123,45.438599
17.810928,45.365479
17.621296,45.418406
17.624522,45.416478
17.62431,45.416622
17.624089,45.416707
17.623713,45.416935
17.623385,45.417139
17.623192,45.417272
17.623004,45.417379
17.622831,45.417489
17.621639,45.418323
17.622245,45.41782
17.62265,45.416134
17.62547,45.415901
17.625066,45.416127
17.626334,45.415029
17.626223,45.415146
17.625627,45.415434
17.625833,45.415362
17.625981,45.415228
17.626996,45.414675
17.627059,45.41495
17.626764,45.415137
17.626519,45.414938
17.626401,45.415362
17.627412,45.415583
17.627359,45.414786
17.627393,45.41442
17.627246,45.414835
17.627637,45.414275
17.627583,45.414626
17.627745,45.41456
17.627844,45.41419
17.62798,45.414056
17.631136,45.412217
17.630882,45.41234
17.630631,45.412407
17.62966,45.41295
17.62998,45.413215
17.630164,45.412797
17.630181,45.413122
17.630273,45.412633
17.630447,45.413062
17.63051,45.412577
17.630563,45.412898
17.630741,45.412731
17.63095,45.412685
17.631085,45.412543
17.629627,45.413428
17.629559,45.413117
17.629355,45.413589
17.629344,45.413204
17.629213,45.413364
17.628952,45.413516
17.628673,45.414011
17.628441,45.414153
17.628263,45.41426
17.628411,45.413844
17.628173,45.413977
17.628014,45.414389
17.632809,45.411527
17.632623,45.411648
17.632493,45.411342
17.632418,45.411755
17.632231,45.411867
17.632022,45.411961
17.631859,45.412095
17.631886,45.411762
17.631978,45.411177
17.631738,45.410675
17.63167,45.411885
17.63166,45.412217
17.631464,45.411988
17.631495,45.412286
17.631292,45.41244
17.631318,45.412108
17.631444,45.410622
17.632858,45.411145
17.633007,45.411415
17.633203,45.41131
17.633372,45.411185
17.633578,45.411035
17.633382,45.410191
17.633753,45.410639
17.633768,45.410962
17.634007,45.410823
17.633966,45.410497
17.6342,45.410342
17.635042,45.410274
17.634565,45.410562
17.636094,45.409136
17.700092,45.338162