17.693612,45.743486
17.687488,45.745214
17.692269,45.740742
17.692978,45.738647
17.692341,45.741091
17.692892,45.738801
17.692454,45.741341
17.692319,45.741453
17.692949,45.738975
17.692849,45.739087
17.692632,45.741735
17.692828,45.739233
17.692674,45.741893
17.692784,45.739315
17.692711,45.742061
17.692829,45.739431
17.692759,45.742202
17.692724,45.739582
17.692827,45.742491
17.692638,45.739747
17.692916,45.742606
17.692597,45.73996
17.692907,45.742823
17.6926,45.740229
17.693043,45.742926
17.692588,45.740448
17.69298,45.743131
17.692623,45.740588
17.693058,45.743361
17.692637,45.740693
17.69312,45.743551
17.692745,45.740815
17.693025,45.743787
17.692708,45.740921
17.692916,45.743995
17.692911,45.744131
17.692882,45.744285
17.692844,45.744379
17.692951,45.741425
17.692783,45.744455
17.692984,45.741611
17.692754,45.744659
17.693161,45.741853
17.692721,45.744772
17.693116,45.741974
17.692651,45.74489
17.693197,45.742145
17.69264,45.745
17.693268,45.742416
17.692616,45.745109
17.693334,45.742563
17.692707,45.74543
17.692224,45.747
17.693405,45.74269
17.691852,45.748013
17.6935,45.742907
17.691863,45.748179
17.693655,45.743048
17.691916,45.748264
17.693543,45.743248
17.691856,45.748422
17.693643,45.743386
17.69174,45.748688
17.691654,45.749029
17.693665,45.743648
17.691634,45.749214
17.693583,45.743791
17.691564,45.749262
17.693641,45.744123
17.693544,45.744257
17.693449,45.744406
17.693487,45.744643
17.693306,45.744815
17.693221,45.745076
17.693185,45.745155
17.693199,45.745295
17.693115,45.745445
17.693099,45.745661
17.693014,45.745773
17.693009,45.745919
17.692973,45.74609
17.69291,45.74632
17.692835,45.746509
17.69284,45.74667
17.692768,45.746787
17.692717,45.746939
17.692709,45.747057
17.692615,45.747203
17.692582,45.747365
17.69251,45.747488
17.692457,45.747729
17.692412,45.747842
17.692387,45.748009
17.692626,45.749036
17.690621,45.737747
17.691122,45.737861
17.690682,45.737911
17.690787,45.739333
17.69074,45.738019
17.690662,45.738116
17.690684,45.739771
17.690627,45.738215
17.690604,45.738347
17.690376,45.740464
17.690531,45.738454
17.690338,45.740963
17.69048,45.738633
17.690213,45.741114
17.690152,45.738672
17.690242,45.741233
17.690354,45.738795
17.690151,45.741441
17.690411,45.73894
17.690078,45.741632
17.690109,45.741518
17.690311,45.739039
17.6901,45.741809
17.690244,45.739271
17.690024,45.741965
17.690204,45.739422
17.689923,45.742102
17.690257,45.739624
17.689979,45.742272
17.69016,45.739766
17.68994,45.742402
17.689866,45.742529
17.689867,45.74042
17.689721,45.742814
17.689976,45.740569
17.689713,45.743033
17.689905,45.740705
17.689647,45.743307
17.689883,45.740886
17.689554,45.74338
17.689778,45.741019
17.689515,45.743697
17.689438,45.74386
17.689687,45.741338
17.689432,45.744141
17.689688,45.741462
17.689394,45.7443
17.689612,45.741566
17.689354,45.74444
17.689615,45.741694
17.689501,45.74184
17.688639,45.744795
17.689521,45.741945
17.688252,45.745026
17.688442,45.744918
17.689502,45.742032
17.688061,45.745188
17.68953,45.742123
17.689356,45.742466
17.686509,45.746196
17.689411,45.74256
17.685405,45.746968
17.689379,45.742648
17.685134,45.747138
17.689316,45.742803
17.683915,45.747935
17.68929,45.742894
17.689278,45.742981
17.689272,45.743091
17.689189,45.743312
17.689035,45.743537
17.689054,45.743767
17.689036,45.743922
17.688913,45.744039
17.688843,45.744192
17.688529,45.744422
17.688402,45.744582
17.687983,45.744823
17.687798,45.744911
17.687642,45.745008
17.687519,45.745109
17.687358,45.745301
17.687127,45.745399
17.686949,45.745524
17.686786,45.745647
17.686578,45.745827
17.686422,45.745917
17.685993,45.746116
17.685077,45.745685
17.684959,45.746201
17.684911,45.746365
17.684933,45.746597
17.684901,45.746785
17.684738,45.746909
17.684551,45.747011
17.684374,45.747188
17.68404,45.747342
17.683862,45.747522
17.688922,45.744828
17.689266,45.744911
17.68946,45.744914
17.689654,45.744954
17.69015,45.745027
17.690302,45.745035
17.690385,45.745079
17.690633,45.745091
17.690835,45.745135
17.69097,45.74523
17.691145,45.745217
17.691586,45.74527
17.69187,45.745368
17.692063,45.745334
17.692263,45.745337
17.692428,45.745372
17.691067,45.738028
17.691799,45.738124
17.691888,45.738113
17.692131,45.738194
17.692333,45.738224
17.692501,45.73823
17.692687,45.738208
17.692984,45.738346
17.693185,45.738316
17.69347,45.738333
17.693693,45.73841
17.694063,45.73843
17.694972,45.738565
17.689653,45.767946
17.689608,45.768156
17.689578,45.768342
17.932578,45.518177
17.932946,45.52128
17.934633,45.52091
17.933689,45.521105
17.932657,45.519159
17.932073,45.519882
17.932405,45.520191
17.932548,45.520484
17.932681,45.520988
17.932575,45.521307
17.932109,45.521407
17.931562,45.521524
17.930698,45.521196
17.931293,45.521598
17.931065,45.521651
17.93058,45.521048
17.930574,45.521695
17.930359,45.520838
17.930396,45.521397
17.93023,45.521178
17.930307,45.520738
17.930132,45.521069
17.930169,45.520501
17.929819,45.5207
17.930068,45.520428
17.929648,45.520613
17.93001,45.520368
17.92935,45.5204
17.929835,45.520246
17.929284,45.520262
17.929226,45.520155
17.92914,45.520052
17.929743,45.52008
17.929043,45.519975
17.929646,45.519968
17.928891,45.519882
17.929443,45.519768
17.928784,45.519765
17.928709,45.519696
17.929169,45.519461
17.928583,45.519589
17.928367,45.51954
17.92896,45.519389
17.928302,45.51941
17.928829,45.519338
17.928223,45.519263
17.928725,45.519128
17.927919,45.519081
17.928622,45.518929
17.928397,45.518932
17.928342,45.518823
17.92756,45.518586
17.92818,45.518735
17.927434,45.518453
17.92708,45.518142
17.928136,45.518671
17.927182,45.517582
17.927757,45.518202
17.928802,45.515641
17.927637,45.518118
17.928546,45.51522
17.927681,45.517905
17.927758,45.517789
17.436193,45.815679
17.435839,45.815602
17.435758,45.815446
17.435546,45.815278
17.43542,45.81509
17.435285,45.814933
17.435146,45.814818
17.435,45.814514
17.434992,45.814189
17.434797,45.814101
17.435196,45.813863
17.434802,45.813877
17.435042,45.813636
17.434629,45.813742
17.434875,45.813383
17.434586,45.813604
17.434742,45.81322
17.434616,45.81305
17.434489,45.812835
17.434259,45.813169
17.434369,45.812679
17.434172,45.812997
17.434251,45.812507
17.434052,45.812837
17.434005,45.812776
17.433917,45.812646
17.433805,45.812477
17.433629,45.812322
17.44011,45.814449
17.439767,45.814705
17.440023,45.814271
17.439695,45.814459
17.439926,45.8141
17.439505,45.814217
17.439832,45.81393
17.43944,45.813991
17.439719,45.813735
17.439165,45.813518
17.438996,45.813217
17.439442,45.813216
17.438914,45.813065
17.439349,45.813025
17.439306,45.812829
17.438772,45.812733
17.439153,45.812663
17.439028,45.812423
17.438561,45.812386
17.438907,45.812216
17.438474,45.812228
17.438831,45.812071
17.438759,45.811926
17.438729,45.811871
17.438269,45.811855
17.438646,45.811742
17.438193,45.811695
17.438643,45.811559
17.438065,45.811587
17.438546,45.811398
17.437961,45.811297
17.437282,45.815383
17.437516,45.814813
17.43717,45.815193
17.437328,45.814641
17.437258,45.814468
17.437046,45.8141
17.436914,45.813766
17.436915,45.814708
17.436787,45.813629
17.436836,45.814531
17.436598,45.814362
17.436611,45.813309
17.436648,45.814195
17.436566,45.813137
17.436521,45.814044
17.436376,45.813816
17.436359,45.813644
17.436276,45.813497
17.436175,45.813296
17.43606,45.813061
17.436106,45.812331
17.435965,45.812887
17.436073,45.812244
17.435865,45.812689
17.436,45.812112
17.435732,45.812433
17.435639,45.812253
17.435856,45.811852
17.435421,45.811829
17.438738,45.81363
17.438112,45.813455
17.437766,45.81276
17.437678,45.812601
17.437476,45.812189
17.437335,45.811954
17.431875,45.817813
17.431657,45.817849
17.431436,45.817809
17.43077,45.81745
17.432203,45.81776
17.431004,45.817406
17.432803,45.817634
17.431831,45.817195
17.432995,45.817617
17.432049,45.817173
17.43362,45.817458
17.43225,45.817139
17.434203,45.817254
17.432788,45.816781
17.434454,45.817216
17.433347,45.817025
17.435057,45.816981
17.435268,45.816971
17.435549,45.816849
17.436037,45.816727
17.43413,45.816714
17.436585,45.817042
17.434262,45.816487
17.437656,45.81633
17.433909,45.816031
17.434723,45.816304
17.438054,45.816179
17.438186,45.816169
17.43618,45.816109
17.438286,45.816114
17.436369,45.816059
17.438631,45.816022
17.436546,45.816021
17.436736,45.815962
17.4395,45.815795
17.436949,45.815926
17.437133,45.815848
17.437313,45.815786
17.437493,45.815739
17.440664,45.815426
17.437835,45.815638
17.440821,45.815402
17.438058,45.815559
17.441031,45.815417
17.438256,45.81552
17.441275,45.815172
17.442372,45.814917
17.438477,45.815452
17.443403,45.814705
17.443867,45.814572
17.444381,45.814528
17.439241,45.815224
17.444853,45.814433
17.439434,45.815172
17.445501,45.814372
17.439577,45.815118
17.445792,45.814289
17.439974,45.814978
17.446061,45.814239
17.44128,45.81464
17.446282,45.814185
17.442071,45.814482
17.446718,45.814213
17.44236,45.814385
17.447249,45.814109
17.442691,45.814314
17.447628,45.813951
17.447862,45.81398
17.443286,45.814092
17.448435,45.813828
17.443703,45.814213
17.448837,45.813772
17.449073,45.813794
17.443936,45.814153
17.449256,45.813679
17.444132,45.814126
17.445052,45.813946
17.445504,45.813875
17.446328,45.813817
17.446569,45.813799
17.447415,45.81357
17.447599,45.813547
17.447832,45.813504
17.448037,45.813463
17.448251,45.813396
17.448997,45.813266
17.747736,45.755114
17.745424,45.75517
17.745159,45.754865
17.745179,45.755158
17.748359,45.752753
17.748351,45.752339
17.748731,45.756218
17.748749,45.756668
17.748047,45.758553
17.748365,45.763157
17.748343,45.763965
17.920057,45.548798
17.923171,45.549023
17.926483,45.549004
17.926848,45.549059
17.927192,45.54907
17.927613,45.549075
17.92474,45.549222
17.928051,45.549156
17.924959,45.549172
17.925783,45.549294
17.928364,45.549174
17.926119,45.549309
17.926623,45.549405
17.926997,45.549376
17.928994,45.549227
17.927354,45.549433
17.929192,45.549287
17.927683,45.549417
17.929437,45.549208
17.927912,45.54947
17.928252,45.54949
17.92857,45.549567
17.929865,45.549334
17.928934,45.549543
17.930495,45.549259
17.929374,45.549735
17.930668,45.549399
17.929655,45.549623
17.931265,45.549495
17.929893,45.549683
17.931489,45.549469
17.930129,45.549725
17.931687,45.549529
17.930516,45.549743
17.931896,45.549517
17.930936,45.549769
17.931148,45.549759
17.932297,45.54959
17.931327,45.549857
17.932554,45.549557
17.931534,45.54983
17.932762,45.549586
17.931712,45.54986
17.931942,45.549861
17.93303,45.549592
17.932153,45.549854
17.93263,45.55003
17.93375,45.549678
17.933326,45.549951
17.934062,45.549719
17.933739,45.550046
17.934228,45.549675
17.934821,45.549745
17.935387,45.549878
17.93457,45.550078
17.935642,45.549858
17.934763,45.550125
17.936254,45.549852
17.936533,45.549856
17.936688,45.549961
17.935449,45.550191
17.9369,45.549986
17.935899,45.550209
17.937131,45.550015
17.936511,45.550285
17.937327,45.550057
17.936857,45.550323
17.937211,45.550381
17.937522,45.550051
17.937376,45.550416
17.937761,45.55002
17.938129,45.550049
17.938501,45.550077
17.937559,45.550391
17.938815,45.550155
17.937796,45.55038
17.939453,45.550162
17.938021,45.550412
17.939802,45.550259
17.93839,45.550474
17.940025,45.550246
17.938791,45.550502
17.940315,45.550273
17.93917,45.550534
17.940469,45.550321
17.939532,45.550563
17.940606,45.550305
17.939903,45.550612
17.940888,45.550196
17.940264,45.550683
17.941337,45.550353
17.94064,45.550687
17.941759,45.550443
17.941006,45.550742
17.941256,45.550703
17.942063,45.550456
17.941416,45.550744
17.942746,45.550458
17.941796,45.550794
17.943194,45.550555
17.942143,45.550812
17.943675,45.550594
17.942506,45.550854
17.943966,45.55066
17.942708,45.550863
17.944262,45.550607
17.942911,45.550896
17.944605,45.550693
17.943248,45.550955
17.944814,45.550701
17.944042,45.550958
17.945335,45.550748
17.944282,45.55097
17.945814,45.550804
17.94662,45.550855
17.946829,45.550855
17.944908,45.551063
17.94556,45.551102
17.946126,45.551145
17.947157,45.55091
17.946372,45.551203
17.947941,45.550987
17.946638,45.551201
17.94691,45.551264
17.94816,45.551032
17.947211,45.551244
17.948453,45.551026
17.947554,45.551265
17.950567,45.55126
17.951055,45.551425
17.8605,45.545411
17.860129,45.545804
17.860332,45.545834
17.860993,45.545345
17.860801,45.545191
17.859897,45.54548
17.860495,45.545252
17.859713,45.545377
17.860023,45.545023
17.859489,45.54515
17.859496,45.544829
17.859326,45.54508
17.858783,45.544892
17.859293,45.544743
17.858572,45.544766
17.859068,45.544631
17.858863,45.544543
17.857434,45.544074
17.858677,45.54444
17.857319,45.544017
17.857055,45.543944
17.857033,45.543816
17.858192,45.544145
17.856868,45.543771
17.856868,45.543528
17.857935,45.543953
17.856517,45.543472
17.857562,45.543591
17.856677,45.543307
17.85703,45.54316
17.856549,45.543156
17.856857,45.543031
17.856193,45.542769
17.856775,45.542628
17.859095,45.540425
17.859745,45.54039
17.858855,45.540743
17.85957,45.540558
17.858569,45.540955
17.858437,45.54104
17.857579,45.541052
17.859497,45.540667
17.859273,45.540843
17.857932,45.541371
17.857838,45.541554
17.859098,45.540946
17.85893,45.541226
17.857595,45.541637
17.858109,45.541796
17.857563,45.541929
17.855737,45.542443
17.854628,45.541074
17.854475,45.540814
17.854307,45.540623
17.853955,45.540344
17.855688,45.541848
17.853787,45.54025
17.855217,45.541438
17.854209,45.540057
17.855264,45.541157
17.853906,45.539556
17.854981,45.540961
17.853643,45.539375
17.854682,45.540045
17.853457,45.539109
17.854494,45.539843
17.852761,45.538072
17.852533,45.53783
17.852927,45.538817
17.852805,45.538626
17.852461,45.53761
17.852424,45.538297
17.852223,45.537461
17.851972,45.537098
17.851398,45.53654
17.851082,45.536018
17.850864,45.535889
17.852156,45.537963
17.850193,45.535453
17.850132,45.535336
17.850058,45.535238
17.851742,45.537515
17.849927,45.535089
17.849925,45.534947
17.850391,45.536071
17.855813,45.54276
17.85497,45.54233
17.855321,45.542607
17.854299,45.542223
17.854261,45.542458
17.85484,45.542609
17.854203,45.542596
17.853669,45.542673
17.853948,45.54268
17.858627,45.541794
17.861717,45.54382
17.861761,45.543694
17.861573,45.544093
17.858826,45.541851
17.858872,45.542033
17.859123,45.541904
17.859478,45.542031
17.859642,45.5422
17.859767,45.542286
17.860049,45.542402
17.860373,45.542365
17.85999,45.542694
17.860366,45.542735
17.860465,45.543084
17.860836,45.543135
17.861232,45.544004
17.860909,45.544284
17.860688,45.544466
17.860082,45.543923
17.863417,45.51513
17.863291,45.514975
17.863265,45.51453
17.863026,45.515216
17.863007,45.515011
17.86304,45.514729
17.862958,45.514653
17.863011,45.514295
17.863109,45.514157
17.863968,45.516243
17.864867,45.517466
17.867258,45.514698
17.86714,45.51496
17.867138,45.514663
17.865916,45.515494
17.865177,45.515574
17.865917,45.514903
17.864867,45.515553
17.865834,45.515345
17.864571,45.515146
17.864009,45.515461
17.864387,45.51508
17.864153,45.514937
17.864092,45.514879
17.863541,45.515783
17.863973,45.51529
17.863893,45.515351
17.863676,45.515407
17.865122,45.516158
17.872553,45.519785
17.871755,45.520299
17.871777,45.51923
17.870123,45.519624
17.869607,45.518885
17.869535,45.519153
17.867732,45.51488
17.868842,45.519163
17.867804,45.514731
17.867991,45.514693
17.866899,45.515346
17.869367,45.514321
17.867333,45.515189
17.869876,45.513874
17.867512,45.514656
17.870003,45.513692
17.867579,45.514587
17.870214,45.513499
17.867612,45.5144
17.870328,45.513258
17.870539,45.51312
17.868224,45.514336
17.87085,45.512806
17.868303,45.514249
17.870873,45.512534
17.868564,45.51403
17.871215,45.512102
17.868973,45.514146
17.871714,45.511763
17.869031,45.51409
17.87188,45.511313
17.868923,45.513761
17.871841,45.511105
17.869409,45.513558
17.87206,45.511026
17.869593,45.513435
17.871846,45.510869
17.86979,45.513151
17.869917,45.513054
17.870301,45.512685
17.870991,45.511841
17.865445,45.515056
17.865056,45.515129
17.865264,45.514949
17.864051,45.514676
17.865055,45.514896
17.863766,45.514319
17.865078,45.514581
17.863425,45.514283
17.865368,45.514102
17.86333,45.51393
17.864493,45.514644
17.862908,45.514034
17.864209,45.514466
17.862888,45.513846
17.863863,45.514197
17.862961,45.513753
17.863681,45.513911
17.862944,45.513515
17.863711,45.513699
17.86274,45.513344
17.863416,45.513594
17.862764,45.512933
17.86232,45.512735
17.862649,45.512791
17.862278,45.51264
17.862691,45.512707
17.862293,45.512206
17.862679,45.512617
17.862572,45.512233
17.862279,45.513608
17.862628,45.513719
17.861797,45.513626
17.861504,45.513696
17.873767,45.519742
17.873346,45.519396
17.874441,45.519691
17.874078,45.519427
17.874767,45.519687
17.874581,45.519371
17.875253,45.519678
17.87533,45.518855
17.875516,45.519649
17.877089,45.519419
17.875971,45.519721
17.877394,45.519492
17.883994,45.517719
17.585183,45.82009
17.585553,45.819832
17.585325,45.820242
17.585203,45.820412
17.585763,45.820295
17.585342,45.820551
17.585822,45.820493
17.585466,45.820928
17.585898,45.820693
17.585469,45.821198
17.586014,45.820867
17.585514,45.821437
17.586069,45.821378
17.585588,45.821564
17.58621,45.821765
17.586329,45.822195
17.586131,45.822404
17.585608,45.82184
17.586163,45.822562
17.585581,45.821954
17.586227,45.822853
17.585717,45.822272
17.586244,45.823006
17.585725,45.822459
17.585748,45.822618
17.58579,45.822868
17.586371,45.823987
17.58579,45.823128
17.586455,45.824333
17.586579,45.824062
17.585832,45.823476
17.585902,45.823613
17.586552,45.824696
17.58587,45.823785
17.586453,45.82483
17.585878,45.824034
17.586409,45.824934
17.585943,45.824171
17.586383,45.825096
17.58632,45.825516
17.586003,45.82459
17.586254,45.825632
17.585638,45.825823
17.586296,45.825744
17.585493,45.825815
17.586248,45.825859
17.585043,45.825695
17.586194,45.826131
17.584812,45.825623
17.586074,45.826237
17.584502,45.825626
17.586393,45.826443
17.584311,45.825498
17.58602,45.826653
17.584121,45.825531
17.583995,45.825469
17.586042,45.826923
17.58348,45.825332
17.586071,45.827042
17.583206,45.825298
17.586084,45.827263
17.582988,45.825218
17.586126,45.827395
17.586091,45.82752
17.58254,45.825115
17.586096,45.827642
17.582308,45.824996
17.586094,45.827752
17.582085,45.824984
17.586055,45.827897
17.581829,45.824814
17.586062,45.828046
17.581968,45.825685
17.586093,45.82831
17.583628,45.825812
17.586184,45.828593
17.583871,45.825854
17.584093,45.825976
17.586256,45.828897
17.584251,45.825969
17.584386,45.826064
17.584677,45.826033
17.586362,45.829286
17.586437,45.829421
17.585183,45.826171
17.586438,45.829549
17.58564,45.826197
17.58642,45.829691
17.585327,45.826745
17.586465,45.82997
17.586498,45.830633
17.585481,45.827281
17.585247,45.827409
17.585453,45.827593
17.585414,45.827733
17.585466,45.828186
17.585559,45.828454
17.585482,45.828631
17.585496,45.828789
17.585588,45.829141
17.585661,45.829351
17.585597,45.82951
17.585638,45.829743
17.585646,45.82988
17.5854,45.830119
17.585383,45.830257
17.591591,45.836814
17.592056,45.836725
17.591736,45.837014
17.591924,45.837165
17.5929,45.837569
17.593109,45.837728
17.593399,45.838134
17.592546,45.837866
17.592879,45.838172
17.593763,45.838437
17.593083,45.83836
17.593177,45.838518
17.593948,45.838582
17.594734,45.839432
17.595417,45.840754
17.598557,45.843888
17.595944,45.840614
17.596086,45.840784
17.5963,45.841037
17.332126,45.826485
17.33229,45.826737
17.332913,45.82749
17.333151,45.827991
17.333955,45.828739
17.334219,45.829089
17.334361,45.829217
17.333687,45.828452
17.334734,45.829654
17.331412,45.828861
17.334509,45.829447
17.331248,45.828918
17.334443,45.829324
17.331993,45.826507
17.331524,45.82668
17.331291,45.826814
17.331718,45.826977
17.331522,45.827062
17.331192,45.827196
17.330914,45.827343
17.330734,45.82738
17.33048,45.827494
17.330248,45.827609
17.330027,45.827665
17.329812,45.827727
17.329646,45.827817
17.329185,45.827973
17.327988,45.828465
17.327782,45.828563
17.331062,45.826853
17.32739,45.828734
17.330473,45.827015
17.330289,45.826989
17.330254,45.827059
17.327194,45.828804
17.329993,45.82736
17.329749,45.827446
17.329452,45.827265
17.326986,45.828884
17.326863,45.828956
17.328874,45.827802
17.328604,45.827863
17.326665,45.829065
17.328127,45.828098
17.326453,45.829194
17.32622,45.829242
17.326038,45.829339
17.325915,45.829371
17.327191,45.8285
17.32694,45.828447
17.325175,45.827384
17.325651,45.829508
17.325064,45.829741
17.32463,45.83003
17.324119,45.830178
17.323708,45.830349
17.323521,45.830449
17.323377,45.830497
17.32321,45.830615
17.323191,45.830925
17.322748,45.830779
17.322244,45.830893
17.321887,45.831115
17.321647,45.83116
17.321408,45.831216
17.321261,45.831306
17.321117,45.831379
17.325874,45.829073
17.325136,45.829382
17.325001,45.829425
17.320824,45.831462
17.32055,45.831532
17.32033,45.831611
17.320124,45.831679
17.319749,45.831873
17.322909,45.827099
17.319285,45.832132
17.322421,45.826979
17.321849,45.826462
17.321674,45.825904
17.322051,45.825908
17.321803,45.825142
17.321267,45.825687
17.320323,45.824909
17.324289,45.829746
17.321305,45.830384
17.320547,45.831196
17.31986,45.831388
17.31824,45.830651
17.317757,45.830795
17.3173,45.830094
17.316941,45.829155
17.316887,45.829055
17.31682,45.828871
17.316046,45.828714
17.316282,45.827582
17.316811,45.827465
17.31918,45.831315
17.319217,45.831591
17.319001,45.831862
17.329403,45.827932
17.732388,45.74484
17.731897,45.745595
17.730915,45.745627
17.728209,45.745673
17.723,45.747751
17.725762,45.745945
17.724946,45.746325
17.721391,45.748317
17.961123,45.54925
17.961333,45.548714
17.96108,45.549845
17.961551,45.548956
17.962193,45.550655
17.961707,45.549214
17.963189,45.552085
17.961874,45.549486
17.962004,45.549678
17.962172,45.549883
17.962262,45.550092
17.962479,45.550308
17.962668,45.55052
17.962817,45.550756
17.962988,45.550982
17.963329,45.551495
17.329193,45.860378
17.326269,45.861574
17.325861,45.861802
17.325562,45.86189
17.325265,45.862048
17.324791,45.862252
17.324589,45.862499
17.324198,45.862634
17.323734,45.862625
17.323198,45.862983
17.333148,45.850964
17.333736,45.850759
17.333421,45.85105
17.333924,45.850898
17.333548,45.85125
17.334025,45.851043
17.333713,45.851377
17.334219,45.851193
17.333785,45.851594
17.334267,45.851365
17.334902,45.852663
17.33447,45.851482
17.335149,45.852909
17.334547,45.851663
17.3353,45.853053
17.334734,45.851815
17.33548,45.853296
17.334918,45.851955
17.335581,45.853488
17.335002,45.852121
17.335732,45.853647
17.335155,45.852269
17.335851,45.853795
17.335251,45.852437
17.335462,45.852558
17.335549,45.852733
17.335651,45.852869
17.335878,45.853017
17.335982,45.853174
17.336124,45.853333
17.336224,45.85348
17.336388,45.853614
17.33103,45.859685
17.331342,45.860242
17.332086,45.860975
17.332184,45.861159
17.332389,45.861487
17.333197,45.862485
17.333396,45.862877
17.333529,45.86316
17.334057,45.863775
17.334186,45.86399
17.335375,45.865815
17.335485,45.866001
17.335658,45.866294
17.333028,45.861324
17.335835,45.866514
17.336035,45.866798
17.336085,45.867056
17.333201,45.861634
17.336239,45.867273
17.336498,45.867626
17.336447,45.867779
17.336792,45.868271
17.337018,45.869278
17.333929,45.862719
17.337178,45.869406
17.337309,45.86983
17.337388,45.870155
17.339464,45.875434
17.334325,45.863269
17.335719,45.865317
17.336071,45.865577
17.336061,45.865814
17.336277,45.866189
17.336261,45.86639
17.336753,45.867094
17.337023,45.867659
17.337036,45.867781
17.337253,45.867986
17.337288,45.86818
17.337437,45.868665
17.337615,45.868953
17.337583,45.869185
17.337671,45.869563
17.331377,45.853367
17.328262,45.853253
17.331686,45.853066
17.331871,45.853
17.332091,45.852975
17.329621,45.853467
17.332242,45.852882
17.32984,45.853498
17.332635,45.852686
17.330051,45.853537
17.332863,45.852533
17.330659,45.853616
17.333039,45.852517
17.331021,45.853668
17.333402,45.852381
17.330642,45.853925
17.333613,45.852287
17.333691,45.851994
17.33127,45.854297
17.331902,45.853477
17.331445,45.854505
17.332087,45.853751
17.331424,45.854773
17.331971,45.854332
17.331919,45.854559
17.33201,45.85472
17.332568,45.854831
17.332478,45.855544
17.332379,45.855748
17.331968,45.856864
17.332478,45.856051
17.332549,45.856175
17.33256,45.857505
17.332931,45.85707
17.333081,45.857307
17.333157,45.85746
17.331228,45.858627
17.331671,45.858839
17.329988,45.848983
17.329761,45.848586
17.32959,45.848202
17.329501,45.847688
17.329427,45.847521
17.329266,45.847392
17.329162,45.847015
17.329044,45.846653
17.328923,45.846569
17.328734,45.846235
17.956036,45.542069
17.95652,45.541822
17.957678,45.543131
17.957672,45.54342
17.958481,45.544009
17.959783,45.544192
17.960062,45.537091
17.960305,45.536667
17.561375,45.701275
17.559513,45.699953
17.747224,45.736471
17.74738,45.736826
17.747651,45.736545
17.747577,45.736727
17.747101,45.736552
17.747147,45.736978
17.746997,45.736647
17.746797,45.737146
17.746883,45.736767
17.746608,45.737204
17.746529,45.736918
17.746254,45.737369
17.746342,45.737001
17.746036,45.737415
17.746182,45.737082
17.74588,45.737514
17.745824,45.737218
17.745664,45.737585
17.745555,45.737282
17.745397,45.737693
17.74503,45.737881
17.745141,45.737401
17.744787,45.737698
17.74468,45.737787
17.744548,45.737884
17.744295,45.738069
17.749695,45.736044
17.750267,45.735697
17.749764,45.736517
17.750213,45.735942
17.749493,45.737629
17.750179,45.736106
17.749526,45.738065
17.750141,45.736175
17.749557,45.738247
17.75011,45.73641
17.749441,45.73837
17.750077,45.736555
17.75011,45.736676
17.750019,45.737131
17.749425,45.738837
17.749137,45.739241
17.748644,45.741557
17.749928,45.738481
17.749836,45.738624
17.749899,45.738758
17.749742,45.739036
17.749782,45.739367
17.749419,45.736863
17.749589,45.737377
17.748634,45.736932
17.747763,45.73608
17.747918,45.736644
17.747796,45.736477
17.747452,45.736325
17.746515,45.735766
17.744224,45.735012
17.743884,45.734609
17.743162,45.734449
17.742936,45.73435
17.73495,45.730352
17.73428,45.729777
17.748071,45.736197
17.747908,45.735933
17.748163,45.7361
17.747946,45.735844
17.748288,45.735994
17.748172,45.735674
17.748411,45.735925
17.748405,45.735503
17.748657,45.735353
17.7485,45.735812
17.748808,45.735256
17.748972,45.735653
17.748938,45.735167
17.749079,45.735484
17.749214,45.735025
17.749325,45.735332
17.749557,45.734842
17.749633,45.734769
17.749892,45.73498
17.749805,45.734517
17.750099,45.734797
17.750094,45.734399
17.750418,45.734594
17.750177,45.734229
17.750531,45.73447
17.750328,45.734167
17.75075,45.734289
17.750745,45.733787
17.750953,45.734092
17.750965,45.733565
17.751117,45.733961
17.751027,45.733487
17.7512,45.733808
17.751347,45.733727
17.751254,45.733337
17.75153,45.733517
17.751586,45.733062
17.751683,45.733339
17.751813,45.732885
17.751909,45.733196
17.752195,45.732671
17.752161,45.733015
17.752332,45.732888
17.752579,45.732842
17.752391,45.732494
17.752618,45.732696
17.753149,45.732342
17.753407,45.732189
17.753039,45.731981
17.753549,45.732102
17.753236,45.73194
17.753832,45.731954
17.753448,45.731688
17.754164,45.731826
17.753658,45.731572
17.754454,45.731579
17.754056,45.731418
17.754889,45.731342
17.754328,45.731278
17.754559,45.731009
17.75556,45.730306
17.756252,45.730274
17.754832,45.730707
17.543929,45.8017
17.543594,45.801457
17.544272,45.801351
17.543821,45.80133
17.543965,45.801213
17.544611,45.800983
17.544352,45.800778
17.544737,45.800896
17.544448,45.800645
17.544447,45.800511
17.545253,45.800234
17.545483,45.800287
17.544645,45.800078
17.544725,45.799914
17.546074,45.800448
17.543451,45.798881
17.542674,45.79864
17.546296,45.800517
17.542049,45.798355
17.546485,45.800592
17.541817,45.798328
17.539565,45.797639
17.5469,45.800544
17.54002,45.796072
17.547075,45.800545
17.544823,45.799604
17.547249,45.800591
17.54495,45.799676
17.547444,45.800564
17.545092,45.799741
17.545266,45.799732
17.545379,45.799927
17.545722,45.800047
17.548241,45.800614
17.546132,45.800145
17.549111,45.800576
17.546324,45.800203
17.546603,45.800205
17.549753,45.803013
17.54681,45.800202
17.550084,45.803104
17.550272,45.80315
17.547035,45.800195
17.550468,45.803189
17.547353,45.800251
17.549965,45.802801
17.547651,45.800272
17.550074,45.802651
17.550389,45.802173
17.548241,45.800296
17.550748,45.801553
17.548439,45.800275
17.550809,45.801389
17.548634,45.800279
17.550918,45.801237
17.54903,45.800309
17.549836,45.800008
17.551199,45.800874
17.549991,45.800041
17.5512,45.800754
17.550256,45.800175
17.551369,45.800612
17.550431,45.800245
17.551499,45.800276
17.550511,45.800295
17.551721,45.799943
17.550791,45.800422
17.55104,45.800467
17.552028,45.799496
17.552855,45.797287
17.552095,45.799327
17.552691,45.796985
17.553324,45.796602
17.552586,45.798548
17.553384,45.796468
17.553026,45.797751
17.554542,45.79448
17.553127,45.7976
17.55466,45.794338
17.553223,45.797442
17.553515,45.796917
17.553952,45.796175
17.928344,45.522302
17.928648,45.522528
17.926476,45.523209
17.928721,45.522942
17.926032,45.52342
17.925767,45.523527
17.928089,45.522938
17.925598,45.523525
17.927025,45.52343
17.92542,45.523467
17.925716,45.523941
17.925098,45.523632
17.925543,45.523918
17.924978,45.523785
17.925302,45.524039
17.924837,45.523849
17.924913,45.524182
17.924705,45.523892
17.924709,45.524226
17.924567,45.523893
17.924316,45.523822
17.924213,45.523968
17.924272,45.524355
17.924033,45.524381
17.924061,45.524011
17.923811,45.524428
17.923903,45.52402
17.923706,45.524507
17.923783,45.524101
17.923396,45.524609
17.923223,45.524247
17.923016,45.524296
17.922777,45.524302
17.923122,45.524677
17.922432,45.524149
17.922936,45.524682
17.92237,45.524346
17.922706,45.524705
17.921891,45.524417
17.922531,45.524737
17.921626,45.52445
17.922388,45.524769
17.921024,45.524313
17.921943,45.524766
17.920538,45.524316
17.921711,45.524758
17.920368,45.524223
17.921508,45.524684
17.920128,45.52428
17.921316,45.524714
17.919793,45.524318
17.9192,45.524326
17.920625,45.524639
17.919013,45.52442
17.920427,45.524674
17.918558,45.524499
17.919953,45.524617
17.918357,45.524555
17.919696,45.524711
17.918125,45.524614
17.919461,45.524675
17.918865,45.524771
17.918526,45.525065
17.917662,45.524848
17.917922,45.525109
17.917677,45.52516
17.917101,45.52488
17.917434,45.525267
17.917007,45.525047
17.916875,45.525134
17.916368,45.525321
17.91644,45.525611
17.916141,45.525425
17.916078,45.525734
17.915886,45.525828
17.915866,45.525513
17.915663,45.525949
17.915694,45.525566
17.915488,45.525584
17.91511,45.525738
17.91489,45.525766
17.914483,45.525825
17.91393,45.525982
17.913796,45.526005
17.913295,45.526133
17.913055,45.526197
17.910375,45.526699
17.91015,45.52626
17.909869,45.525953
17.909655,45.525951
17.910473,45.52548
17.911062,45.525222
17.772248,45.740057
17.778332,45.742778
17.778056,45.742767
17.77487,45.743159
17.776565,45.74323
17.777708,45.742688
17.777899,45.742767
17.774529,45.743137
17.77738,45.742691
17.777086,45.742674
17.777263,45.742683
17.774182,45.743117
17.774379,45.743212
17.776798,45.742742
17.773968,45.743135
17.776455,45.742686
17.776658,45.742728
17.773785,45.743134
17.776181,45.742723
17.77567,45.742717
17.775379,45.742683
17.773422,45.743151
17.773593,45.743136
17.773299,45.743111
17.773486,45.742658
17.773061,45.743137
17.773101,45.742652
17.772871,45.743152
17.772972,45.742639
17.772716,45.74311
17.772851,45.742427
17.772345,45.743111
17.772529,45.743147
17.772585,45.742674
17.772015,45.743125
17.772227,45.743189
17.772396,45.742625
17.77207,45.742416
17.771483,45.743134
17.771523,45.742645
17.771133,45.743074
17.771169,45.742632
17.770745,45.743075
17.77098,45.743073
17.770438,45.74263
17.770231,45.743077
17.770077,45.742601
17.770018,45.743049
17.769704,45.742625
17.769875,45.743043
17.769357,45.742594
17.769643,45.743021
17.768962,45.742568
17.769518,45.743047
17.768587,45.742592
17.76913,45.743034
17.768227,45.742544
17.768908,45.743062
17.767876,45.742558
17.767716,45.742566
17.768492,45.74303
17.76713,45.742576
17.767371,45.742521
17.76839,45.74304
17.766785,45.742547
17.768185,45.743031
17.766613,45.742588
17.766433,45.742563
17.767822,45.743014
17.766274,45.742556
17.767604,45.742982
17.766028,45.742545
17.767266,45.742961
17.766662,45.743026
17.766275,45.74306
17.765672,45.742553
17.765834,45.742929
17.765319,45.742532
17.765337,45.742933
17.765107,45.742521
17.76494,45.742481
17.764778,45.742544
17.76436,45.742505
17.764113,45.742515
17.763971,45.742524
17.763704,45.742498
17.763479,45.742488
17.763105,45.742449
17.762969,45.742486
17.762736,45.742448
17.76227,45.742375
17.761986,45.742407
17.761691,45.74247
17.573231,45.704752
17.574686,45.810304
17.575598,45.810232
17.575183,45.810137
17.574803,45.810014
17.575115,45.81041
17.576062,45.810376
17.575409,45.810497
17.575495,45.810576
17.576309,45.810442
17.575654,45.810573
17.576574,45.810506
17.575897,45.81065
17.576038,45.810733
17.577002,45.81065
17.576655,45.810854
17.577273,45.810656
17.576877,45.810924
17.577397,45.810756
17.577165,45.811005
17.577547,45.810819
17.577469,45.811129
17.577656,45.811181
17.577949,45.810888
17.577817,45.811262
17.578183,45.810932
17.578357,45.811019
17.578521,45.811127
17.578487,45.811397
17.578715,45.811437
17.578772,45.811171
17.57926,45.811618
17.579206,45.81129
17.579465,45.811687
17.579352,45.811373
17.579733,45.811749
17.580119,45.81186
17.580292,45.811973
17.579975,45.811515
17.580402,45.811977
17.580123,45.811502
17.580686,45.812017
17.580407,45.811681
17.580581,45.811666
17.581532,45.812291
17.580832,45.811773
17.580995,45.811826
17.581284,45.811833
17.582923,45.812678
17.581575,45.811978
17.583229,45.81277
17.581829,45.811942
17.582115,45.81209
17.583442,45.812833
17.58243,45.812188
17.583641,45.812879
17.582688,45.812298
17.583983,45.812999
17.583055,45.812398
17.583399,45.812504
17.584737,45.813306
17.583572,45.812523
17.584021,45.812625
17.583764,45.812611
17.585226,45.813349
17.584309,45.812769
17.584492,45.812792
17.585336,45.813375
17.585467,45.813384
17.585012,45.812941
17.585623,45.813609
17.585189,45.813023
17.58542,45.81308
17.585999,45.813198
17.586749,45.813792
17.586429,45.81325
17.586912,45.813821
17.586538,45.813299
17.586619,45.813398
17.58725,45.813943
17.586858,45.813469
17.587608,45.814023
17.587841,45.814086
17.587051,45.81354
17.588064,45.814149
17.587406,45.813643
17.588277,45.814214
17.587784,45.813759
17.588506,45.81428
17.588709,45.814353
17.587975,45.813786
17.588838,45.814409
17.58817,45.813829
17.588347,45.813891
17.589015,45.814465
17.588547,45.813889
17.589393,45.814627
17.588917,45.814051
17.589594,45.814653
17.589295,45.814181
17.589788,45.814641
17.589585,45.814267
17.589962,45.814695
17.589812,45.814333
17.590175,45.814767
17.590024,45.814389
17.590183,45.814451
17.590709,45.814944
17.590406,45.814511
17.590844,45.814954
17.590777,45.814609
17.59098,45.814678
17.591481,45.815144
17.591122,45.814749
17.591844,45.815223
17.592595,45.81548
17.592322,45.815402
17.591312,45.81476
17.594145,45.815979
17.593828,45.815782
17.593097,45.815607
17.591592,45.81486
17.594435,45.815968
17.59178,45.814796
17.594624,45.815976
17.591864,45.814896
17.591976,45.814952
17.593103,45.815245
17.593325,45.815318
17.593556,45.815365
17.59409,45.815499
17.594323,45.815543
17.594526,45.815616
17.594787,45.815655
17.595233,45.815802
17.522614,45.7602
17.5137,45.743251
17.522541,45.760374
17.517035,45.75155
17.517269,45.751771
17.522944,45.760691
17.519329,45.753408
17.52297,45.760793
17.523307,45.761156
17.519691,45.753721
17.52034,45.754144
17.523628,45.76138
17.520415,45.754355
17.523428,45.757723
17.526588,45.763736
17.527258,45.766558
17.527292,45.766891
17.526892,45.764406
17.527796,45.767349
17.527097,45.767182
17.527235,45.766997
17.52737,45.767501
17.527003,45.767346
17.52706,45.767725
17.526826,45.767919
17.526632,45.767947
17.526456,45.767696
17.526557,45.767989
17.526355,45.767786
17.526272,45.768192
17.526113,45.768349
17.525256,45.76877
17.525409,45.768629
17.525656,45.76805
17.52506,45.768802
17.524846,45.76892
17.525095,45.768478
17.524404,45.769192
17.524771,45.76863
17.524129,45.769352
17.524281,45.768909
17.52385,45.769522
17.524026,45.769008
17.523389,45.769767
17.523501,45.769315
17.523167,45.769843
17.523195,45.769394
17.522895,45.769952
17.522812,45.769561
17.522665,45.769525
17.52249,45.770216
17.522427,45.769603
17.525557,45.780016
17.521877,45.769564
17.519717,45.769884
17.519594,45.769938
17.519194,45.770264
17.522487,45.771787
17.51901,45.770304
17.522394,45.771373
17.518717,45.770513
17.521678,45.769921
17.518026,45.770091
17.517922,45.769939
17.521126,45.770001
17.520666,45.770218
17.520456,45.770294
17.517725,45.771173
17.518109,45.77087
17.520238,45.770395
17.517529,45.771296
17.519993,45.770526
17.51742,45.77144
17.517281,45.771562
17.519785,45.770799
17.519456,45.770839
17.516997,45.771731
17.519049,45.771039
17.5165,45.771934
17.518681,45.771233
17.515949,45.772257
17.518441,45.771319
17.515784,45.772332
17.518245,45.771414
17.515655,45.772373
17.515047,45.772517
17.517809,45.771658
17.514677,45.772555
17.517606,45.771736
17.514376,45.772575
17.517427,45.771825
17.514053,45.771563
17.517242,45.771916
17.513794,45.771383
17.513858,45.772621
17.513359,45.772746
17.513229,45.772755
17.516578,45.772245
17.513058,45.772783
17.516269,45.772426
17.512734,45.772833
17.512478,45.772868
17.515666,45.772758
17.512104,45.772944
17.51537,45.772887
17.5119,45.77292
17.515226,45.772983
17.511772,45.77297
17.515048,45.773086
17.515339,45.773476
17.511385,45.773046
17.515211,45.773577
17.51115,45.773101
17.515014,45.773493
17.510886,45.773133
17.514801,45.7732
17.510641,45.773167
17.514642,45.773204
17.510396,45.773221
17.509958,45.773287
17.514138,45.773343
17.509714,45.773359
17.513958,45.773234
17.509435,45.773386
17.513796,45.773207
17.509188,45.773391
17.513583,45.773254
17.509002,45.77343
17.508873,45.773436
17.513365,45.773254
17.508551,45.773476
17.512948,45.773285
17.508321,45.773527
17.512644,45.773338
17.508163,45.773586
17.512187,45.773375
17.507987,45.773588
17.511886,45.773476
17.507556,45.773668
17.511602,45.773466
17.511362,45.773515
17.507081,45.773743
17.506836,45.773812
17.510538,45.77367
17.510145,45.773769
17.506642,45.773793
17.50999,45.773794
17.509873,45.773801
17.506435,45.773844
17.509373,45.773878
17.509192,45.773968
17.506198,45.773251
17.508896,45.773975
17.508617,45.773988
17.508393,45.77405
17.508223,45.774067
17.507787,45.774134
17.506508,45.771825
17.507526,45.774157
17.507303,45.774172
17.507108,45.774199
17.506827,45.770933
17.506849,45.774232
17.506225,45.773917
17.505863,45.773911
17.505335,45.774367
17.505596,45.773936
17.504996,45.774408
17.505351,45.773963
17.521383,45.769942
17.504768,45.774483
17.505063,45.773968
17.504475,45.77384
17.504117,45.774535
17.503884,45.77406
17.503958,45.774567
17.50373,45.774583
17.503012,45.774102
17.503152,45.774634
17.50282,45.774156
17.502666,45.774674
17.502637,45.774175
17.502489,45.774702
17.502442,45.774148
17.502244,45.774667
17.502264,45.774221
17.502157,45.774618
17.502034,45.774226
17.501729,45.774749
17.501189,45.773132
17.501343,45.774529
17.501441,45.774139
17.501186,45.774443
17.500616,45.773587
17.501036,45.774397
17.500382,45.773568
17.500878,45.774354
17.499849,45.772954
17.500547,45.774335
17.49977,45.772711
17.500229,45.774315
17.499599,45.772425
17.500019,45.774358
17.499427,45.772068
17.499774,45.774404
17.499346,45.771281
17.499444,45.774512
17.500712,45.774087
17.500424,45.774038
17.499894,45.774057
17.49911,45.774697
17.499595,45.77412
17.497861,45.774744
17.498671,45.774796
17.497438,45.774938
17.498447,45.774869
17.49691,45.774659
17.496222,45.774693
17.497331,45.774973
17.497958,45.775052
17.497646,45.775165
17.497396,45.77524
17.496893,45.775429
17.345621,45.825533
17.344797,45.825496
17.345399,45.825671
17.344442,45.825648
17.34521,45.825701
17.345031,45.825819
17.344832,45.8259
17.343373,45.826039
17.344652,45.825984
17.344487,45.826109
17.34291,45.826261
17.344123,45.82625
17.342724,45.82629
17.343755,45.826553
17.342595,45.826414
17.34341,45.826514
17.342435,45.826503
17.343095,45.826682
17.342262,45.826601
17.342891,45.826782
17.342105,45.826684
17.342612,45.826923
17.34278,45.826871
17.341958,45.826772
17.342529,45.826951
17.341784,45.826833
17.342352,45.827019
17.341646,45.826915
17.342192,45.82707
17.341416,45.827003
17.341214,45.827125
17.341647,45.827424
17.340997,45.827243
17.341347,45.82758
17.340814,45.827338
17.34104,45.827704
17.340567,45.827417
17.340783,45.827896
17.340103,45.82778
17.339892,45.827897
17.34004,45.828306
17.33971,45.828003
17.33966,45.828552
17.339385,45.828138
17.339392,45.828612
17.339143,45.828243
17.339263,45.828674
17.338999,45.828337
17.339096,45.828777
17.338838,45.828385
17.338662,45.828467
17.33879,45.82896
17.338403,45.82856
17.3381,45.828762
17.337523,45.828975
17.336857,45.829239
17.336625,45.829386
17.336339,45.82947
17.3368,45.829904
17.336571,45.829881
17.335517,45.829876
17.346631,45.824699
17.346392,45.823868
17.346312,45.824771
17.346052,45.824671
17.345889,45.824732
17.345684,45.824741
17.345392,45.824666
17.345287,45.824977
17.345233,45.825095
17.345457,45.82519
17.34545,45.825337
17.345836,45.825462
17.345943,45.825416
17.346156,45.825329
17.346416,45.82523
17.346602,45.825209
17.34422,45.825411
17.344069,45.825231
17.343722,45.824908
17.343652,45.825127
17.343446,45.825591
17.343086,45.825662
17.343362,45.825429
17.342954,45.825459
17.342799,45.825276
17.343037,45.825107
17.342683,45.825197
17.342902,45.824987
17.342566,45.825066
17.342303,45.824758
17.341993,45.824489
17.344386,45.826502
17.344455,45.827152
17.344583,45.827271
17.344389,45.827302
17.344624,45.826774
17.344808,45.826876
17.344659,45.827401
17.344901,45.827101
17.344769,45.827534
17.345087,45.827253
17.345221,45.8272
17.345146,45.827553
17.345354,45.827164
17.345504,45.827071
17.345607,45.827372
17.345713,45.827064
17.345816,45.827297
17.345879,45.82699
17.346078,45.82697
17.346287,45.826898
17.346648,45.826819
17.348345,45.826651
17.344894,45.827969
17.34513,45.82794
17.345701,45.828147
17.345255,45.828098
17.345843,45.828261
17.345909,45.828394
17.34745,45.825003
17.34699,45.824713
17.347674,45.824996
17.347198,45.824685
17.347924,45.824972
17.347332,45.82468
17.34833,45.825035
17.347561,45.824694
17.348799,45.825052
17.347489,45.823709
17.348895,45.824921
17.347746,45.824663
17.349082,45.824899
17.347975,45.824683
17.349356,45.824855
17.348293,45.824643
17.349595,45.824857
17.348473,45.82462
17.349863,45.824826
17.348674,45.82455
17.350173,45.824813
17.34899,45.824549
17.348697,45.823112
17.350426,45.824769
17.349336,45.824539
17.350599,45.824765
17.349528,45.824578
17.350747,45.824765
17.349752,45.824526
17.350993,45.824773
17.348789,45.822966
17.349642,45.82327
17.350319,45.824483
17.350543,45.824385
17.351009,45.824406
17.347061,45.825429
17.347391,45.825675
17.347762,45.825572
17.348482,45.825456
17.347987,45.825649
17.348983,45.825688
17.348435,45.825847
17.349351,45.825804
17.348623,45.825953
17.34892,45.826032
17.349861,45.826032
17.349055,45.826107
17.349206,45.826161
17.350417,45.826235
17.349301,45.826197
17.350678,45.826351
17.349444,45.826268
17.350936,45.826425
17.349645,45.826336
17.351121,45.826505
17.349843,45.826417
17.351328,45.826553
17.350115,45.82655
17.350304,45.826649
17.33938,45.827535
17.338697,45.827338
17.338559,45.827153
17.338888,45.826885
17.338029,45.826117
17.337259,45.82659
17.351785,45.826471
17.351766,45.826305
17.352134,45.826202
17.351716,45.826083
17.35213,45.826043
17.351681,45.825912
17.352188,45.825927
17.351698,45.825764
17.351634,45.825525
17.352102,45.825647
17.351491,45.825438
17.352096,45.825422
17.351423,45.825328
17.351994,45.825274
17.351956,45.825137
17.351579,45.82516
17.351559,45.824976
17.351905,45.824895
17.351525,45.824789
17.351868,45.824787
17.351389,45.824409
17.351904,45.824679
17.351619,45.824004
17.351836,45.824381
17.351732,45.823782
17.3519,45.824273
17.35177,45.823708
17.352014,45.824075
17.351871,45.823536
17.352038,45.823932
17.352318,45.823712
17.345066,45.82484
17.344941,45.824495
17.344939,45.824787
17.344551,45.824328
17.344381,45.824614
17.344328,45.824527
17.344077,45.824231
17.343414,45.82416
17.343365,45.824463
17.343065,45.823657
17.343126,45.824488
17.343191,45.824149
17.342741,45.824427
17.342471,45.824108
17.341949,45.82428
17.342281,45.824022
17.341572,45.824313
17.34209,45.824061
17.341377,45.824265
17.341818,45.824076
17.341162,45.824245
17.340627,45.824148
17.341138,45.823942
17.340794,45.824673
17.340102,45.824322
17.339786,45.823164
17.338998,45.823474
17.338248,45.823714
17.339217,45.824174
17.337824,45.823993
17.338456,45.824109
17.337569,45.823965
17.337078,45.82416
17.338045,45.824249
17.336573,45.824462
17.337618,45.824383
17.337554,45.824469
17.336108,45.824539
17.337438,45.824462
17.337297,45.824487
17.335781,45.824822
17.337233,45.824598
17.336938,45.824668
17.335279,45.824948
17.336804,45.824779
17.336398,45.824864
17.334473,45.82525
17.336226,45.824919
17.334264,45.825427
17.334072,45.825381
17.33593,45.825112
17.333199,45.825049
17.333486,45.82581
17.335645,45.825242
17.335385,45.825283
17.333094,45.825948
17.334823,45.825603
17.332607,45.826224
17.334667,45.825662
17.332492,45.826243
17.334502,45.825736
17.334335,45.825805
17.334844,45.82674
17.333912,45.825958
17.333594,45.826154
17.33342,45.826222
17.333293,45.826343
17.332964,45.826366
17.332795,45.82646
17.332556,45.826614
17.344925,45.824027
17.345003,45.823934
17.344648,45.823675
17.344956,45.823783
17.344794,45.822767
17.34497,45.823199
17.345036,45.823096
17.343876,45.822856
17.343746,45.822605
17.343852,45.822592
17.346117,45.822178
17.344824,45.822537
17.345796,45.82193
17.345988,45.821897
17.346299,45.821381
17.34317,45.822543
17.342992,45.822358
17.342876,45.822433
17.342947,45.821579
17.343019,45.821157
17.343289,45.821049
17.343362,45.82096
17.341164,45.823605
17.341451,45.823551
17.340377,45.822643
17.334137,45.82827
17.33452,45.828769
17.334756,45.829075
17.335384,45.829663
17.34426,45.824286
17.635441,45.70485
17.635157,45.704744
17.633562,45.703592
17.630837,45.7024
17.630125,45.701937
17.632945,45.703149
17.945157,45.530896
17.948492,45.531002
17.945718,45.531346
17.942679,45.533011
17.945424,45.532111
17.945119,45.531513
17.944991,45.531364
17.944908,45.530621
17.944669,45.531075
17.944743,45.530451
17.944619,45.530277
17.944426,45.530819
17.944298,45.529928
17.94438,45.530712
17.944241,45.530611
17.943987,45.529466
17.944045,45.530448
17.943716,45.529312
17.943587,45.52918
17.943834,45.530152
17.943457,45.529005
17.943518,45.529765
17.942685,45.528189
17.943276,45.529608
17.942572,45.527909
17.943196,45.529296
17.942994,45.527244
17.943062,45.529166
17.942899,45.529043
17.942373,45.527037
17.942667,45.528732
17.942457,45.528501
17.942028,45.526949
17.942245,45.528281
17.942041,45.528008
17.941817,45.526818
17.941466,45.527036
17.941172,45.527
17.941355,45.526627
17.940743,45.526764
17.941169,45.526559
17.94076,45.526393
17.940262,45.526516
17.939988,45.526476
17.940185,45.526095
17.939951,45.526044
17.93989,45.525852
17.939567,45.526281
17.939378,45.525729
17.939376,45.526171
17.939093,45.525675
17.939229,45.526105
17.938882,45.525641
17.939095,45.525996
17.938687,45.525504
17.938626,45.525854
17.938351,45.525767
17.938109,45.525292
17.938206,45.525636
17.937834,45.525233
17.93775,45.525514
17.940329,45.525164
17.939647,45.525396
17.940539,45.525135
17.939682,45.525256
17.940668,45.525107
17.940136,45.524026
17.940012,45.523882
17.941245,45.524939
17.940123,45.523558
17.940545,45.524717
17.940702,45.52409
17.940127,45.523109
17.940555,45.523965
17.940034,45.52298
17.94054,45.523781
17.940011,45.522845
17.940667,45.523479
17.940003,45.522638
17.940542,45.5232
17.940002,45.522352
17.939769,45.522211
17.940534,45.523018
17.939806,45.522005
17.939939,45.52179
17.939843,45.521427
17.93987,45.521303
17.939629,45.520941
17.292299,45.909518
17.490971,45.798401
17.490943,45.798099
17.490748,45.798386
17.490646,45.797935
17.490567,45.79824
17.490485,45.797884
17.490268,45.79817
17.490348,45.797846
17.490066,45.798027
17.490192,45.797657
17.489951,45.797666
17.489625,45.797859
17.489732,45.797628
17.48963,45.797567
17.488916,45.797722
17.488318,45.797994
17.48953,45.797513
17.488523,45.797495
17.489264,45.797414
17.488314,45.797386
17.488869,45.797252
17.487998,45.79725
17.487878,45.797196
17.488626,45.797076
17.487696,45.797025
17.488456,45.796867
17.487529,45.796968
17.488119,45.796902
17.487328,45.796867
17.487872,45.796803
17.487087,45.796765
17.487636,45.796685
17.486895,45.796798
17.487401,45.796572
17.486771,45.796729
17.487152,45.796496
17.486562,45.796637
17.486879,45.796407
17.486338,45.796527
17.486305,45.79613
17.486131,45.796449
17.485941,45.796351
17.485838,45.796312
17.500356,45.800926
17.500753,45.800741
17.494949,45.801484
17.493981,45.801804
17.493734,45.801916
17.494634,45.801803
17.494453,45.801591
17.493314,45.801702
17.49312,45.801623
17.493943,45.801549
17.492866,45.801497
17.493096,45.801062
17.492707,45.801448
17.492841,45.801186
17.492512,45.801326
17.492632,45.80111
17.492265,45.801291
17.492183,45.800976
17.491633,45.801114
17.492058,45.800948
17.491455,45.801031
17.491941,45.800785
17.491357,45.80099
17.491759,45.800739
17.491139,45.800983
17.491418,45.800698
17.491068,45.800866
17.491234,45.800622
17.490875,45.800782
17.491059,45.800531
17.490832,45.80042
17.490679,45.800735
17.49064,45.800384
17.490477,45.800311
17.490323,45.800577
17.490109,45.800164
17.489886,45.80006
17.489606,45.800304
17.489605,45.799976
17.489357,45.799834
17.489255,45.800149
17.48911,45.799728
17.488934,45.799995
17.488653,45.799515
17.48858,45.799981
17.488537,45.799423
17.488524,45.799846
17.488288,45.799354
17.488392,45.799781
17.488092,45.799267
17.488185,45.799703
17.48793,45.799185
17.488106,45.799658
17.487764,45.799106
17.487988,45.799584
17.487798,45.799457
17.487445,45.798973
17.487339,45.799442
17.487256,45.79888
17.487314,45.799294
17.486996,45.79876
17.486845,45.798667
17.486765,45.799026
17.353499,45.816754
17.353507,45.81665
17.353547,45.816533
17.353644,45.816277
17.353599,45.816019
17.353682,45.815861
17.353591,45.815501
17.354214,45.815506
17.359122,45.814434
17.35926,45.814083
17.359782,45.813908
17.360805,45.813673
17.356933,45.815903
17.356624,45.815822
17.356691,45.815006
17.355141,45.814252
17.354038,45.814294
17.353384,45.813575
17.353328,45.813396
17.352801,45.812356
17.352658,45.812046
17.351239,45.809963
17.353138,45.812491
17.356807,45.820261
17.356735,45.820508
17.356531,45.820406
17.356392,45.820315
17.356241,45.820183
17.356076,45.819283
17.354257,45.8182
17.355245,45.819268
17.353955,45.817842
17.355212,45.81877
17.35406,45.817535
17.354946,45.818737
17.353732,45.817758
17.35302,45.819153
17.363565,45.81681
17.363227,45.816788
17.363522,45.816527
17.363257,45.816554
17.363165,45.816323
17.36345,45.816011
17.36311,45.816155
17.363348,45.815645
17.363049,45.815943
17.362973,45.81572
17.362937,45.81538
17.365687,45.815002
17.365349,45.814033
17.362697,45.814646
17.361972,45.814531
17.362508,45.814324
17.362025,45.813985
17.361843,45.813886
17.361527,45.81363
17.360977,45.81328
17.361554,45.812644
17.360894,45.812476
17.36055,45.811762
17.355519,45.821405
17.355362,45.821237
17.355594,45.82095
17.355414,45.820817
17.355146,45.820361
17.355266,45.820164
17.353958,45.82007
17.35436,45.820425
17.354526,45.820989
17.35319,45.820851
17.352558,45.820844
17.360054,45.816306
17.359212,45.816006
17.358939,45.815809
17.361046,45.815515
17.360361,45.815139
17.358096,45.815534
17.36003,45.815369
17.35845,45.815218
17.359648,45.815598
17.357392,45.814749
17.35806,45.814312
17.356968,45.814449
17.357372,45.813843
17.356824,45.81427
17.357098,45.813588
17.357617,45.813304
17.49128,45.798051
17.486554,45.79857
17.486354,45.798494
17.485747,45.798151
17.485584,45.79852
17.485277,45.798382
17.485152,45.798286
17.485178,45.797973
17.484901,45.798216
17.484754,45.798124
17.484479,45.797655
17.484321,45.797923
17.483728,45.797642
17.496424,45.802148
17.496616,45.802186
17.496109,45.802417
17.496348,45.80247
17.497004,45.802261
17.496532,45.802496
17.496725,45.80255
17.497541,45.802371
17.496973,45.802551
17.497708,45.802398
17.497229,45.802609
17.497912,45.802405
17.497376,45.802663
17.498074,45.802468
17.497629,45.802665
17.498272,45.802509
17.497864,45.802733
17.498362,45.802799
17.498701,45.802538
17.498665,45.802882
17.498875,45.802596
17.498827,45.802946
17.499083,45.802646
17.499063,45.802913
17.49934,45.802574
17.499462,45.802586
17.499248,45.802907
17.499726,45.80266
17.499498,45.803016
17.499892,45.802719
17.499778,45.803026
17.499951,45.80305
17.500683,45.802952
17.501161,45.803127
17.500436,45.803371
17.501408,45.803154
17.500712,45.803326
17.501649,45.803227
17.500975,45.803342
17.501205,45.803539
17.502164,45.80334
17.501477,45.803497
17.502295,45.803426
17.50165,45.803563
17.50248,45.803476
17.501827,45.80363
17.502674,45.803526
17.502125,45.803725
17.502348,45.803792
17.503123,45.803596
17.502503,45.803839
17.505652,45.804416
17.502692,45.803896
17.505879,45.8045
17.506079,45.80458
17.506679,45.804758
17.504068,45.804296
17.506815,45.804785
17.504374,45.804394
17.507054,45.804788
17.50465,45.804513
17.504915,45.804609
17.507551,45.804837
17.505335,45.804696
17.505627,45.8048
17.508113,45.805197
17.506309,45.805009
17.50828,45.80525
17.506438,45.805199
17.508502,45.805265
17.506829,45.805172
17.508762,45.805327
17.508987,45.805334
17.50704,45.805208
17.507237,45.805244
17.507415,45.805269
17.509679,45.805659
17.50765,45.805382
17.509999,45.805734
17.507806,45.805432
17.508059,45.805507
17.510498,45.805867
17.508267,45.805564
17.356249,45.81352
17.35637,45.813362
17.357983,45.812979
17.355981,45.812936
17.356008,45.812835
17.35634,45.812946
17.355912,45.812519
17.355608,45.811584
17.355617,45.810561
17.35578,45.810154
17.355822,45.809698
17.363342,45.817145
17.363121,45.817194
17.362874,45.817175
17.362395,45.817277
17.362137,45.817279
17.361844,45.8173
17.361666,45.817325
17.361505,45.817379
17.359884,45.81818
17.359764,45.81829
17.359623,45.818384
17.358679,45.819229
17.35809,45.818521
17.358483,45.819262
17.358363,45.819334
17.358197,45.819637
17.357525,45.818727
17.357992,45.819773
17.357001,45.82059
17.356721,45.820836
17.356191,45.821217
17.35607,45.821348
17.355478,45.821892
17.354952,45.822075
17.354792,45.822145
17.354547,45.822205
17.354411,45.822318
17.354137,45.822247
17.35402,45.822427
17.353531,45.82268
17.353398,45.822753
17.353282,45.822809
17.353084,45.822873
17.352834,45.822917
17.352467,45.823153
17.352166,45.823045
17.352027,45.823152
17.510753,45.805976
17.508532,45.805643
17.510986,45.806009
17.509194,45.805817
17.511294,45.806123
17.509548,45.805911
17.511544,45.806201
17.509798,45.806002
17.51001,45.806054
17.510207,45.806121
17.510352,45.806162
17.510572,45.806303
17.51094,45.8064
17.511151,45.806439
17.490301,45.796984
17.48982,45.79675
17.490391,45.796731
17.489975,45.796505
17.49057,45.796565
17.490087,45.796399
17.49072,45.796408
17.490315,45.796237
17.49087,45.796264
17.490428,45.796115
17.490482,45.796066
17.49103,45.796063
17.490627,45.795904
17.491245,45.795893
17.49074,45.795707
17.491718,45.795803
17.491042,45.795569
17.491432,45.795701
17.491315,45.795359
17.491586,45.795564
17.491691,45.795458
17.491807,45.795001
17.491825,45.795328
17.491992,45.794854
17.491926,45.795239
17.492134,45.794762
17.492118,45.795093
17.492331,45.794604
17.492405,45.794904
17.492744,45.794257
17.492668,45.79475
17.492932,45.794135
17.493091,45.793881
17.493076,45.794441
17.493447,45.79426
17.493109,45.793498
17.485405,45.795735
17.485488,45.795603
17.484921,45.795528
17.484915,45.79588
17.484717,45.795812
17.484528,45.795353
17.483306,45.795238
17.484219,45.795238
17.483975,45.795141
17.483475,45.794866
17.481421,45.79444
17.481589,45.794154
17.480714,45.794122
17.481406,45.794017
17.480096,45.793934
17.480433,45.793647
17.479976,45.793786
17.480077,45.793483
17.479579,45.793615
17.47993,45.793411
17.47935,45.793516
17.479722,45.793305
17.479513,45.793222
17.479323,45.793116
17.478559,45.792733
17.477918,45.792523
17.498339,45.800188
17.498675,45.800242
17.497694,45.799131
17.498698,45.800025
17.498917,45.79998
17.498644,45.799702
17.499197,45.799973
17.499168,45.799767
17.501493,45.797257
17.499363,45.799666
17.501599,45.797089
17.499689,45.799522
17.501644,45.796892
17.500042,45.799353
17.500365,45.79919
17.502024,45.796764
17.500434,45.799153
17.502348,45.796674
17.5007,45.799028
17.502604,45.796561
17.500871,45.798915
17.50307,45.796322
17.501032,45.79882
17.503397,45.796173
17.501329,45.798686
17.501388,45.798555
17.501494,45.798428
17.503921,45.795829
17.501614,45.79817
17.501739,45.797717
17.50488,45.795476
17.504998,45.79532
17.501954,45.797385
17.502274,45.797199
17.505593,45.795098
17.502353,45.797074
17.502666,45.796957
17.505961,45.794942
17.502897,45.796844
17.506359,45.794798
17.506859,45.794406
17.503969,45.796598
17.507083,45.794428
17.504017,45.796416
17.507246,45.794283
17.504187,45.796249
17.507282,45.794097
17.504362,45.796209
17.507628,45.794111
17.50486,45.796012
17.507883,45.794052
17.505978,45.795477
17.508026,45.793955
17.508228,45.793869
17.506854,45.79507
17.508515,45.793757
17.507106,45.795061
17.508837,45.793596
17.50759,45.794784
17.509023,45.793518
17.509757,45.793166
17.508034,45.79452
17.50987,45.793097
17.508368,45.794335
17.510119,45.792981
17.508582,45.794152
17.509245,45.793973
17.510436,45.792784
17.509527,45.793843
17.510613,45.792713
17.510778,45.792588
17.51093,45.792462
17.510047,45.793601
17.51058,45.793354
17.511882,45.7921
17.51083,45.793171
17.512146,45.791973
17.511843,45.792767
17.513545,45.791297
17.512191,45.792817
17.513808,45.791189
17.512235,45.792598
17.514116,45.791026
17.512478,45.792475
17.51462,45.790772
17.514816,45.790587
17.513514,45.792016
17.515002,45.790571
17.51402,45.79176
17.515632,45.790275
17.514302,45.791664
17.516219,45.78997
17.51446,45.791471
17.516626,45.789845
17.515328,45.791113
17.517057,45.78966
17.515802,45.790843
17.517256,45.78958
17.516281,45.790783
17.517636,45.789324
17.516572,45.790562
17.516889,45.790411
17.517717,45.790219
17.518505,45.789012
17.51871,45.788919
17.518895,45.788785
17.518798,45.789441
17.519499,45.788456
17.519012,45.789382
17.519204,45.78931
17.519865,45.788305
17.519464,45.789167
17.520007,45.789103
17.520268,45.788116
17.519976,45.788923
17.520208,45.788793
17.520943,45.787869
17.521097,45.787783
17.520676,45.788521
17.521356,45.787707
17.521559,45.787512
17.521307,45.788214
17.521563,45.788095
17.521939,45.787349
17.521895,45.787952
17.52213,45.787281
17.522499,45.78777
17.522625,45.787579
17.523296,45.786604
17.523531,45.786384
17.524082,45.786358
17.524272,45.786171
17.524473,45.786097
17.524606,45.786033
17.524517,45.786885
17.524785,45.785954
17.525055,45.786475
17.525491,45.786316
17.526599,45.785086
17.534416,45.78205
17.504485,45.805203
17.50489,45.805147
17.504721,45.805333
17.504618,45.805466
17.490629,45.805747
17.490915,45.805912
17.488448,45.794537
17.488536,45.794388
17.488654,45.794228
17.488966,45.792414
17.488788,45.794091
17.489301,45.792276
17.488838,45.793943
17.489707,45.792119
17.490121,45.792225
17.488338,45.79322
17.488507,45.793031
17.488855,45.792973
17.490371,45.792307
17.488855,45.792726
17.490936,45.792484
17.489159,45.792645
17.491655,45.792699
17.492006,45.79275
17.490231,45.792494
17.492236,45.792882
17.49263,45.792923
17.500919,45.801882
17.500819,45.802123
17.500451,45.801748
17.500609,45.802041
17.499957,45.801609
17.500376,45.801986
17.49957,45.801509
17.500218,45.801957
17.499927,45.80189
17.499259,45.801744
17.501652,45.795897
17.501487,45.795783
17.501255,45.79577
17.500726,45.795591
17.500467,45.795436
17.49948,45.795127
17.499218,45.795031
17.496348,45.794137
17.497929,45.803367
17.498442,45.803586
17.497931,45.803507
17.497968,45.803644
17.498441,45.803967
17.49786,45.80377
17.49845,45.804044
17.498471,45.804275
17.498554,45.804497
17.498553,45.804626
17.498563,45.804767
17.497741,45.804436
17.498628,45.805021
17.498162,45.804713
17.498671,45.805194
17.49828,45.804993
17.498705,45.805392
17.498218,45.805234
17.498743,45.805645
17.498231,45.805599
17.498763,45.805822
17.498343,45.805871
17.498435,45.806327
17.498471,45.80657
17.498911,45.806461
17.498513,45.806731
17.498892,45.80669
17.498522,45.806906
17.49892,45.806895
17.49855,45.807149
17.498952,45.807039
17.498986,45.807254
17.498546,45.807425
17.499008,45.807501
17.498598,45.807562
17.499012,45.807612
17.498545,45.807804
17.499123,45.807764
17.498572,45.807974
17.4991,45.807925
17.498609,45.808084
17.499113,45.80816
17.498568,45.808216
17.499141,45.808351
17.498605,45.808377
17.500154,45.814895
17.500193,45.815228
17.498972,45.810352
17.49898,45.810484
17.500701,45.818561
17.500803,45.819308
17.500847,45.8195
17.500875,45.819752
17.499634,45.814878
17.501007,45.820631
17.499781,45.81622
17.501446,45.82265
17.501415,45.823158
17.500261,45.819119
17.500274,45.820162
17.5092,45.822662
17.501247,45.825659
17.501294,45.825822
17.501367,45.826063
17.501522,45.827218
17.501563,45.827494
17.50159,45.827767
17.501595,45.828047
17.498761,45.800779
17.498825,45.800443
17.499412,45.801071
17.499671,45.801212
17.499936,45.801304
17.499374,45.800741
17.500276,45.801391
17.500557,45.801472
17.499764,45.800845
17.500825,45.801565
17.501091,45.801632
17.502099,45.801678
17.50235,45.801689
17.511667,45.806638
17.511938,45.806233
17.511867,45.806672
17.512497,45.806454
17.512085,45.806716
17.512325,45.806798
17.512692,45.806571
17.512773,45.806941
17.513059,45.806636
17.512988,45.807044
17.513263,45.806553
17.513455,45.807191
17.513961,45.806895
17.513641,45.807216
17.514185,45.807033
17.513886,45.807308
17.514625,45.806965
17.514089,45.807368
17.514657,45.807147
17.514316,45.807499
17.514784,45.807222
17.515053,45.807313
17.514765,45.807696
17.515378,45.807402
17.514989,45.807694
17.515665,45.807432
17.515198,45.807758
17.51603,45.807604
17.515874,45.808017
17.516427,45.807754
17.516327,45.8082
17.516673,45.807834
17.516873,45.808294
17.517,45.807879
17.517221,45.808448
17.517328,45.808499
17.517708,45.807982
17.517647,45.808608
17.518007,45.808156
17.517887,45.808628
17.518267,45.808166
17.518366,45.808749
17.518544,45.808744
17.498731,45.808967
17.518632,45.808268
17.518963,45.808315
17.519978,45.809026
17.520824,45.808708
17.520215,45.809073
17.521043,45.808744
17.520479,45.809161
17.520722,45.809178
17.521132,45.809195
17.521942,45.808917
17.521692,45.809299
17.521873,45.809337
17.52274,45.809056
17.522183,45.809401
17.522932,45.809097
17.522397,45.809464
17.524029,45.809326
17.522668,45.809474
17.524538,45.809424
17.522842,45.8095
17.523145,45.809584
17.523389,45.809592
17.523863,45.80969
17.524614,45.809805
17.524994,45.809888
17.486425,45.795897
17.486613,45.795823
17.486779,45.795464
17.486858,45.795281
17.487001,45.79504
17.487082,45.794944
17.487451,45.794341
17.487534,45.794158
17.487686,45.793997
17.48712,45.794099
17.491888,45.797941
17.492368,45.797437
17.49251,45.797295
17.492651,45.797131
17.492818,45.796951
17.492938,45.796814
17.493055,45.796473
17.508795,45.806338
17.508707,45.806476
17.508556,45.80663
17.507806,45.806877
17.485453,45.794689
17.485984,45.79396
17.48606,45.793865
17.486113,45.79368
17.486332,45.793503
17.486728,45.792903
17.48681,45.792693
17.486903,45.792598
17.487097,45.7924
17.487219,45.792174
17.487243,45.792096
17.487395,45.791708
17.495669,45.800238
17.495502,45.800174
17.495393,45.800132
17.495194,45.800064
17.494729,45.799505
17.495112,45.800041
17.494471,45.799443
17.494937,45.799954
17.494127,45.799309
17.494829,45.799914
17.494595,45.799885
17.493792,45.799196
17.494358,45.799778
17.49365,45.79915
17.493588,45.799448
17.493541,45.799106
17.493413,45.799397
17.493317,45.799015
17.493176,45.799329
17.493014,45.798864
17.492997,45.799252
17.492782,45.798809
17.49273,45.799335
17.492646,45.799103
17.492504,45.798608
17.492467,45.799066
17.49231,45.798632
17.492285,45.798978
17.492065,45.798915
17.491764,45.798797
17.49152,45.79831
17.491532,45.798644
17.491318,45.798145
17.359543,45.817699
17.358731,45.817253
17.358948,45.818067
17.35767,45.816759
17.359312,45.81763
17.356712,45.816209
17.358258,45.8173
17.357835,45.817069
17.357633,45.816999
17.364256,45.81752
17.363624,45.817131
17.363835,45.817035
17.364279,45.817022
17.364452,45.816923
17.369288,45.813659
17.365271,45.816343
17.36864,45.812847
17.365937,45.816795
17.368335,45.81249
17.366168,45.816777
17.367771,45.811746
17.365988,45.815521
17.367602,45.811611
17.366959,45.816649
17.367468,45.811432
17.367089,45.816619
17.367422,45.811291
17.367212,45.816468
17.367292,45.811153
17.367475,45.816576
17.367129,45.810903
17.367587,45.816386
17.367021,45.810753
17.367762,45.816223
17.366941,45.81062
17.367735,45.815765
17.367642,45.814782
17.366628,45.809836
17.368182,45.81542
17.366255,45.809638
17.368558,45.81496
17.366259,45.809375
17.366022,45.809346
17.365554,45.808643
17.367971,45.812582
17.365447,45.808502
17.365383,45.808333
17.366959,45.812892
17.366901,45.813637
17.365097,45.807878
17.366224,45.813514
17.364884,45.807736
17.365705,45.813181
17.364812,45.807613
17.364697,45.807512
17.364473,45.807263
17.365398,45.812798
17.366319,45.812817
17.36768,45.812433
17.367562,45.812123
17.36731,45.811743
17.366734,45.810936
17.366614,45.810767
17.366404,45.810534
17.366283,45.810276
17.364,45.810608
17.363459,45.810783
17.36339,45.811051
17.363357,45.811529
17.362285,45.810537
17.365981,45.809864
17.36574,45.809629
17.364303,45.809657
17.36552,45.809174
17.365188,45.808627
17.363491,45.808798
17.362333,45.808546
17.361834,45.807935
17.364344,45.807779
17.363877,45.807232
17.36321,45.806844
17.351381,45.798942
17.325785,45.799797
17.307363,45.795986
17.357467,45.819308
17.357021,45.819042
17.35699,45.818612
17.356224,45.818582
17.356486,45.818909
17.356008,45.818555
17.355955,45.818722
17.35583,45.817934
17.355421,45.817536
17.35502,45.817803
17.354854,45.817583
17.354765,45.817428
17.927998,45.509236
17.927533,45.511548
17.927943,45.511901
17.927647,45.507806
17.927371,45.508216
17.927099,45.507075
17.92701,45.507526
17.927067,45.506971
17.926391,45.506792
17.927064,45.506796
17.926056,45.506715
17.927409,45.506563
17.925435,45.506431
17.926251,45.506475
17.925269,45.506186
17.925994,45.506341
17.924615,45.505796
17.925543,45.505999
17.920917,45.506127
17.924948,45.505653
17.920889,45.504715
17.924831,45.505255
17.921129,45.504807
17.923304,45.50417
17.922618,45.503739
17.918419,45.50183
17.919862,45.502675
17.918073,45.501016
17.919541,45.502413
17.92205,45.501578
17.920752,45.50182
17.921537,45.501791
17.557465,45.823728
17.558959,45.823655
17.559189,45.823618
17.558257,45.823479
17.559965,45.823361
17.560325,45.823258
17.561973,45.822477
17.560765,45.823118
17.56089,45.823057
17.561108,45.823033
17.56408,45.821749
17.561581,45.8229
17.561837,45.822838
17.562093,45.822759
17.555978,45.824545
17.556633,45.824612
17.556238,45.824809
17.556834,45.824833
17.556349,45.825062
17.556941,45.825042
17.556297,45.825157
17.557163,45.825464
17.556568,45.825479
17.557269,45.825701
17.556702,45.825684
17.557393,45.825931
17.556806,45.825911
17.557533,45.826116
17.556961,45.826079
17.557595,45.826338
17.557098,45.826332
17.557772,45.826588
17.557188,45.826552
17.557909,45.826767
17.55733,45.826765
17.558012,45.826997
17.557347,45.826931
17.557568,45.827186
17.557656,45.827391
17.558371,45.827634
17.557749,45.827596
17.55793,45.827841
17.55875,45.828309
17.558123,45.828263
17.558888,45.82852
17.558518,45.828877
17.559108,45.828978
17.55866,45.829097
17.559243,45.829237
17.558788,45.829331
17.558989,45.829651
17.559839,45.830139
17.559067,45.829875
17.559898,45.830296
17.55929,45.830211
17.560265,45.830741
17.559341,45.830405
17.560414,45.830804
17.559397,45.830581
17.559543,45.830849
17.55973,45.831231
17.553975,45.824991
17.750582,45.744591
17.751274,45.74501
17.749989,45.746453
17.750891,45.746225
17.438302,45.811096
17.451261,45.793049
17.590583,45.814559
17.338291,45.827077
17.327601,45.828624
17.470119,45.781411
17.841259,45.524909
17.454614,45.790866
17.504664,45.795575
17.470954,45.781207
17.455019,45.790672
17.47425,45.764719
17.909308,45.526714
17.44017,45.797163
17.440368,45.814672
17.828865,45.52274
17.744656,45.738165
17.331299,45.854074
17.348654,45.825568
17.870876,45.519014
17.458938,45.786383
17.467581,45.782227
17.32991,45.829427
17.455983,45.790008
17.467242,45.782227
17.357813,45.815987
17.330986,45.854974
17.477309,45.779608
17.449609,45.793012
17.435043,45.814638
17.469723,45.781489
17.441415,45.796588
17.453041,45.790874
17.455558,45.783119
17.835754,45.523613
17.455633,45.790302
17.452197,45.780909
17.329863,45.847801
17.490951,45.805442
17.337806,45.826905
17.466131,45.782714
17.337594,45.826749
17.355266,45.814573
17.449066,45.789712
17.440255,45.796956
17.457555,45.789033
17.478335,45.770248
17.521924,45.769945
17.851224,45.535544
17.458321,45.787186
17.332267,45.828468
17.749822,45.734668
17.755402,45.730621
17.743511,45.734506
17.745104,45.737503
17.688428,45.73979
17.774099,45.742589
17.48222,45.772692
17.480957,45.772113
17.480476,45.771874
17.480019,45.771654
17.47991,45.771559
17.479251,45.771142
17.479057,45.770725
17.4789,45.770828
17.478594,45.770551
17.477845,45.768663
17.478895,45.767346
17.479372,45.76757
17.481626,45.768573
17.481911,45.768582
17.482302,45.768586
17.482754,45.768607
17.48303,45.768612
17.483605,45.768613
17.483905,45.768657
17.484541,45.768384
17.485703,45.768278
17.486042,45.768285
17.486354,45.768293
17.477089,45.765959
17.485294,45.768523
17.476552,45.763946
17.475467,45.764577
17.47819,45.769652
17.481229,45.768533
17.486898,45.768288
17.44077,45.796897
17.440494,45.796929
17.438844,45.797671
17.438677,45.797832
17.437489,45.798388
17.437452,45.798751
17.441587,45.796507
17.455871,45.790116
17.455758,45.790185
17.454877,45.790793
17.45419,45.791071
17.453978,45.791134
17.452661,45.791155
17.4521,45.791456
17.451715,45.79162
17.450888,45.792165
17.44984,45.792876
17.449521,45.793088
17.449357,45.79323
17.448649,45.79357
17.448546,45.793677
17.44833,45.793767
17.447186,45.794109
17.446885,45.794069
17.450137,45.791399
17.450086,45.791073
17.449578,45.79065
17.448307,45.790818
17.44827,45.790682
17.447971,45.790367
17.448835,45.789994
17.44762,45.789003
17.447723,45.788338
17.447693,45.787904
17.44748,45.787694
17.447402,45.786941
17.448435,45.789346
17.44926,45.789863
17.462993,45.784085
17.635825,45.705019
17.463528,45.783936
17.463815,45.783872
17.635172,45.705238
17.464731,45.783804
17.464414,45.78368
17.464827,45.783574
17.465115,45.783552
17.46595,45.783334
17.465926,45.783165
17.466389,45.783007
17.466885,45.782958
17.467059,45.782889
17.467443,45.782701
17.467735,45.782617
17.467922,45.7826
17.468035,45.782454
17.468621,45.782257
17.468788,45.782245
17.468968,45.782196
17.46919,45.782106
17.469689,45.781957
17.470056,45.781864
17.470274,45.781799
17.470497,45.781693
17.470956,45.781612
17.471446,45.78144
17.471916,45.781232
17.484662,45.785281
17.472949,45.780995
17.474677,45.7804
17.47488,45.78032
17.475554,45.78012
17.475845,45.780039
17.477569,45.779509
17.465402,45.786851
17.460227,45.78585
17.460024,45.786047
17.459871,45.786161
17.459666,45.786412
17.459573,45.786517
17.459476,45.786613
17.459295,45.7868
17.459215,45.78697
17.459139,45.787022
17.459106,45.787127
17.45904,45.787202
17.458968,45.787286
17.458868,45.78737
17.458805,45.787562
17.458691,45.787649
17.458587,45.78774
17.4584,45.787946
17.458264,45.788104
17.458106,45.788346
17.457914,45.788537
17.457444,45.789098
17.457217,45.789338
17.457095,45.789498
17.457028,45.789574
17.456999,45.789699
17.456791,45.78986
17.456756,45.79011
17.456479,45.790178
17.456387,45.790289
17.455958,45.790763
17.455798,45.790874
17.455433,45.791306
17.455126,45.79134
17.45501,45.791398
17.454896,45.79151
17.454637,45.791582
17.454547,45.791726
17.45369,45.791967
17.453362,45.792117
17.453078,45.79221
17.45284,45.79237
17.452581,45.792454
17.451764,45.792794
17.451459,45.792908
17.450134,45.794145
17.449404,45.793914
17.448279,45.794509
17.446465,45.79503
17.455542,45.782881
17.455873,45.78279
17.455416,45.783538
17.454707,45.783907
17.454093,45.781538
17.453766,45.781446
17.453411,45.781739
17.45379,45.781168
17.452457,45.780886
17.452028,45.781302
17.452392,45.78131
17.452726,45.781477
17.45308,45.780753
17.450885,45.779955
17.460013,45.785196
17.459784,45.785378
17.459572,45.785762
17.459312,45.785902
17.459264,45.786048
17.459133,45.786219
17.458147,45.787437
17.458021,45.78756
17.457814,45.787778
17.45774,45.787894
17.457388,45.788185
17.457249,45.788445
17.457036,45.788757
17.456829,45.788945
17.456731,45.789143
17.456519,45.789269
17.456459,45.789459
17.456241,45.789635
17.456033,45.789871
17.458884,45.786499
17.45867,45.786776
17.458772,45.786657
17.458206,45.787324
17.462625,45.783709
17.463874,45.783291
17.4645,45.783272
17.464747,45.783183
17.464875,45.783128
17.465156,45.783032
17.465311,45.782979
17.465472,45.782663
17.466502,45.782553
17.466899,45.782422
17.467038,45.782394
17.467422,45.782251
17.467834,45.782117
17.46797,45.78204
17.468399,45.781869
17.468606,45.781829
17.468756,45.781817
17.468907,45.781754
17.46953,45.78157
17.46994,45.781416
17.470395,45.781311
17.470682,45.781284
17.471205,45.781167
17.471368,45.781073
17.471705,45.780977
17.472082,45.780878
17.472214,45.780843
17.472452,45.780813
17.472591,45.78075
17.473028,45.780628
17.473911,45.780328
17.474213,45.780191
17.474332,45.780144
17.47448,45.78006
17.474916,45.779959
17.47507,45.779896
17.475523,45.77975
17.475924,45.779609
17.47612,45.77948
17.478175,45.777719
17.463554,45.781973
17.462479,45.781452
17.463838,45.78128
17.462505,45.781231
17.462486,45.780972
17.46346,45.780623
17.463978,45.780518
17.467879,45.77964
17.468598,45.779501
17.46731,45.779159
17.467289,45.778865
17.467843,45.779013
17.467931,45.778435
17.468474,45.778465
17.468429,45.777916
17.470674,45.779374
17.471895,45.778925
17.473841,45.778147
17.475089,45.776475
17.460803,45.785345
17.452886,45.79102
17.463492,45.782228
17.480774,45.775869
17.482924,45.773296
17.470244,45.779484
17.468425,45.779765
17.439934,45.797279
17.329636,45.860223
17.441485,45.818366
17.441979,45.818258
17.441992,45.818537
17.322735,45.826888
17.322722,45.826145
17.321995,45.825697
17.321896,45.82554
17.322213,45.825189
17.321169,45.825214
17.321064,45.824931
17.321209,45.824842
17.321529,45.82436
17.322226,45.826711
17.321709,45.82608
17.321587,45.825779
17.321389,45.825738
17.322631,45.828672
17.322579,45.828551
17.323387,45.828424
17.323451,45.828267
17.323282,45.828197
17.323222,45.828095
17.322584,45.827866
17.322574,45.827342
17.320726,45.825315
17.319785,45.825488
17.31884,45.82408
17.501975,45.827278
17.499733,45.815897
17.590384,45.814872
17.591391,45.815702
17.316582,45.828249
17.325156,45.827618
17.325086,45.827265
17.519648,45.809583
17.521327,45.808809
17.325316,45.829689
17.32068,45.831162
17.323487,45.830063
17.325572,45.829163
17.326412,45.828572
17.327371,45.828379
17.328337,45.827948
17.334626,45.829556
17.333705,45.828594
17.333547,45.828342
17.333244,45.828043
17.517374,45.751831
17.485493,45.798025
17.485016,45.79787
17.522108,45.769555
17.508678,45.77348
17.498873,45.809345
17.498845,45.809691
17.318916,45.830668
17.317183,45.828858
17.316997,45.828269
17.316766,45.827312
17.316672,45.827108
17.316471,45.826734
17.316289,45.826382
17.31623,45.82726
17.319981,45.824821
17.49016,45.80535
17.496243,45.798594
17.490981,45.796184
17.497238,45.775439
17.498188,45.77466
17.559721,45.829936
17.560472,45.831016
17.499361,45.801437
17.501028,45.80108
17.501338,45.800987
17.361392,45.814712
17.50185,45.795974
17.49616,45.794063
17.499208,45.800616
17.501848,45.797889
17.501893,45.797793
17.511237,45.793046
17.505334,45.79513
17.486385,45.793029
17.519298,45.788567
17.517404,45.790197
17.585982,45.821015
17.585325,45.826999
17.463895,45.782925
17.944117,45.529667
17.956597,45.541777
17.960728,45.549843
17.910547,45.525773
17.926978,45.522913
17.914357,45.526412
17.933177,45.521154
17.932482,45.520998
17.934106,45.51663
17.934687,45.517115
17.930147,45.521395
17.861109,45.546505
17.919231,45.501918
17.871174,45.519092
17.870942,45.519785
17.868464,45.518849
17.866793,45.515469
17.867831,45.514456
17.883962,45.518646
17.328792,45.852825
17.331673,45.854033
17.332631,45.856315
17.332831,45.856407
17.436994,45.8149
17.436311,45.812631
17.435714,45.811606
17.43758,45.813876
17.437944,45.813772
17.438372,45.813787
17.438565,45.813673
17.437735,45.813534
17.437668,45.813397
17.437573,45.813225
17.437115,45.811507
17.438649,45.812549
17.438357,45.812083
17.439691,45.813591
17.438408,45.811226
17.439287,45.813769
17.333691,45.862344
17.337311,45.868388
17.326978,45.861386
17.357791,45.819955
17.357659,45.820072
17.357522,45.820165
17.357415,45.820269
17.357158,45.82023
17.840051,45.524633
17.839473,45.524442
17.839175,45.524286
17.831389,45.523581
17.828036,45.522963
17.826328,45.522025
17.825808,45.521868
17.834467,45.523255
17.836854,45.524036
17.833526,45.524016
17.832316,45.522832
17.836754,45.52331
17.361449,45.81682
17.362116,45.816063
17.329581,45.847914
17.359792,45.81617
17.356117,45.813974
17.356298,45.813808
17.355505,45.810713
17.327637,45.853154
17.330866,45.85521
17.812119,45.536194
17.812261,45.535571
17.814062,45.534195
17.812198,45.534557
17.812217,45.534195
17.812343,45.533703
17.811561,45.530937
17.811503,45.530851
17.811134,45.530538
17.811455,45.531404
17.81184,45.531902
17.810719,45.530348
17.436214,45.812523
17.930186,45.549306
17.433474,45.817562
17.434004,45.817322
17.441164,45.815271
17.442789,45.814836
17.43876,45.815357
17.443193,45.814152
17.449329,45.813221
17.826538,45.522101
17.926265,45.523839
17.433837,45.817372
17.438413,45.816088
17.363553,45.814522
17.361777,45.814622
17.355691,45.818719
17.355464,45.819015
17.351177,45.82441
17.343817,45.823611
17.338112,45.823863
17.343674,45.825859
17.340276,45.828204
17.33903,45.829007
17.346467,45.826872
17.345396,45.828603
17.343069,45.826187
17.334414,45.828558
17.335061,45.825539
17.336567,45.824907
17.357004,45.818042
17.356875,45.81735
17.356632,45.817247
17.356206,45.816481
17.355951,45.817207
17.35585,45.816385
17.355407,45.816954
17.364358,45.816577
17.367642,45.812786
17.364987,45.809235
17.364682,45.808094
17.362944,45.814882
17.36092,45.811575
17.360812,45.813534
17.569009,45.70419
17.559989,45.699975
17.355805,45.818659
17.334715,45.823368
17.33531,45.822461
17.448322,45.787078
17.500466,45.817
17.559894,45.823441
17.86879,45.518083
17.869873,45.519317
17.316447,45.82797
17.328877,45.829915
17.321445,45.830915
17.32098,45.830992
17.361699,45.8086
17.36027,45.811406
17.360109,45.81125
17.359929,45.810786
17.359881,45.810559
17.36016,45.810212
17.359743,45.810045
17.355792,45.816223
17.357324,45.815569
17.351735,45.811304
17.36007,45.812182
17.317268,45.829061
17.492328,45.793172
17.356704,45.81441
17.924342,45.549103
17.487988,45.797372
17.434284,45.813338
17.512924,45.806603
17.492431,45.792912
17.339152,45.82004
17.328996,45.829842
17.320359,45.831262
17.351503,45.819636
17.750141,45.73692
17.338486,45.82181
17.133342,45.918136
17.337867,45.829308
17.339736,45.822305
17.339746,45.821515
17.360592,45.816744
17.498495,45.774424
17.36394,45.809812
17.928415,45.522643
17.772252,45.741611
17.437077,45.815034
17.352503,45.816449
17.441034,45.81666
17.363968,45.813231
17.323193,45.823821
17.335409,45.824041
17.502121,45.796013
17.328797,45.826927
17.728776,45.745652
17.479166,45.793454
17.749034,45.742634
17.749374,45.743645
17.749348,45.743798
17.749474,45.744118
17.749389,45.744292
17.749424,45.744447
17.749245,45.746021
17.748759,45.746189
17.748754,45.746648
17.747943,45.746431
17.75042,45.746207
17.750636,45.746232
17.750381,45.746506
17.75063,45.746518
17.750817,45.746569
17.751169,45.746586
17.751414,45.746602
17.753087,45.746907
17.753698,45.74723
17.753716,45.748349
17.749614,45.743252
17.750022,45.743788
17.750177,45.743958
17.750225,45.744131
17.750369,45.744257
17.750414,45.74438
17.750492,45.744495
17.749513,45.742584
17.750372,45.743614
17.750569,45.743886
17.751181,45.743078
17.75067,45.744111
17.751116,45.744774
17.751449,45.745265
17.751615,45.745466
17.751769,45.745707
17.751943,45.745918
17.732073,45.744888
17.731794,45.744918
17.731501,45.744985
17.731335,45.744951
17.730876,45.745017
17.730622,45.745066
17.729689,45.745107
17.729349,45.745164
17.729047,45.745158
17.728105,45.745347
17.727653,45.745412
17.726423,45.745674
17.725986,45.745806
17.72546,45.746008
17.725101,45.746087
17.724718,45.746483
17.724282,45.74665
17.72391,45.746855
17.72368,45.746969
17.723408,45.747147
17.723113,45.747278
17.722649,45.747447
17.722463,45.747582
17.722336,45.74767
17.722086,45.747774
17.721603,45.748102
17.721236,45.748495
17.721099,45.748711
17.720946,45.749003
17.732123,45.745424
17.73163,45.745231
17.732517,45.745134
17.730592,45.745385
17.728547,45.745645
17.728028,45.745664
17.727758,45.745701
17.726096,45.746179
17.725596,45.74646
17.725075,45.746657
17.723785,45.747276
17.722145,45.74819
17.762359,45.742479
17.7712,45.750041
17.761284,45.746916
17.76957,45.742599
17.771739,45.739963
17.771681,45.740764
17.771848,45.73981
17.771874,45.739604
17.771875,45.739444
17.771889,45.73923
17.771898,45.738965
17.771967,45.738056
17.771982,45.737876
17.771968,45.737611
17.772024,45.737409
17.772045,45.737216
17.77199,45.737007
17.772044,45.736871
17.771982,45.736713
17.772103,45.736238
17.772288,45.739499
17.77236,45.738654
17.77239,45.738503
17.571339,45.705006
17.772408,45.738291
17.772388,45.738165
17.772527,45.738089
17.772448,45.737912
17.772443,45.737716
17.772509,45.737523
17.77245,45.737156
17.772474,45.736985
17.747749,45.764239
17.748277,45.754781
17.748229,45.755109
17.748013,45.754806
17.747962,45.755119
17.747756,45.754812
17.747494,45.754761
17.747239,45.754804
17.747229,45.755118
17.746963,45.754826
17.746958,45.755107
17.746727,45.754828
17.746708,45.755165
17.746471,45.754832
17.746422,45.755149
17.746215,45.754833
17.746172,45.755156
17.745932,45.754831
17.745939,45.755146
17.745698,45.754835
17.745681,45.755154
17.745403,45.754856
17.744904,45.75517
17.744861,45.754869
17.744655,45.755187
17.748296,45.75604
17.748411,45.753488
17.748331,45.753192
17.748364,45.752932
17.748289,45.752555
17.748217,45.756279
17.748283,45.75647
17.748287,45.756673
17.748264,45.756909
17.74825,45.757134
17.748251,45.757243
17.748239,45.75734
17.748058,45.757564
17.748189,45.757804
17.748183,45.75799
17.74804,45.758363
17.748122,45.758778
17.748158,45.759023
17.748139,45.759391
17.748035,45.759937
17.748046,45.760413
17.747989,45.76063
17.748041,45.760844
17.748051,45.761055
17.748019,45.761263
17.747973,45.761511
17.747932,45.761694
17.747908,45.761912
17.747988,45.76253
17.747987,45.762737
17.74788,45.762975
17.747896,45.763193
17.74782,45.763392
17.747803,45.763609
17.747843,45.763808
17.747826,45.764004
17.74782,45.764486
17.747794,45.764797
17.748221,45.766014
17.748337,45.764508
17.748341,45.764319
17.748327,45.764158
17.74835,45.763771
17.74842,45.763612
17.748379,45.762972
17.748377,45.762446
17.74849,45.761365
17.748488,45.761164
17.748534,45.760956
17.74855,45.760798
17.748623,45.760338
17.74869,45.759043
17.748604,45.758816
17.748663,45.757302
17.748747,45.757093
17.748712,45.756933
17.748733,45.756427
17.748777,45.756026
17.748934,45.755236
17.749448,45.754189
17.749533,45.747312
17.458455,45.787002
17.33464,45.822994
17.360357,45.79865
17.138403,45.919548
17.332628,45.827959
17.332477,45.828386
17.32456,45.826407
17.462386,45.783796
17.632745,45.703068
17.409629,45.833657
17.408848,45.834113
17.413587,45.834204
17.415768,45.834711
17.420416,45.835975
17.422162,45.836044
17.414221,45.8348
17.418306,45.835568
17.418957,45.835691
17.413341,45.834696
17.420639,45.83607
17.422397,45.836444
17.417668,45.835491
17.413134,45.834258
17.41272,45.834248
17.412188,45.834192
17.422917,45.836551
17.41238,45.834237
17.420927,45.836069
17.421651,45.836218
17.422746,45.836526
17.41049,45.833814
17.402861,45.833632
17.413385,45.834257
17.419579,45.835515
17.413936,45.834291
17.421762,45.83599
17.417297,45.835027
17.420547,45.835671
17.416895,45.834964
17.417468,45.835468
17.413874,45.834426
17.415117,45.834592
17.416144,45.835245
17.413085,45.834554
17.413795,45.834742
17.421217,45.836238
17.415928,45.83514
17.414824,45.834424
17.413567,45.8347
17.415997,45.834759
17.411979,45.834244
17.419332,45.835426
17.414825,45.834899
17.42233,45.836107
17.421975,45.835998
17.41672,45.835308
17.411832,45.834234
17.412748,45.834525
17.416493,45.834913
17.422023,45.836361
17.411138,45.83446
17.402259,45.83256
17.413999,45.834768
17.422273,45.836425
17.410371,45.834207
17.412312,45.834529
17.41633,45.835262
17.417038,45.835356
17.422931,45.836295
17.411511,45.834197
17.417097,45.834999
17.418187,45.835551
17.403617,45.833539
17.484299,45.797509
17.330029,45.827143
17.497117,45.798394
17.408251,45.834101
17.342442,45.824879
17.490254,45.800268
17.509775,45.793722
17.353761,45.815777
17.47779,45.775819
17.31817,45.856446
17.338258,45.848046
17.329017,45.851989
17.322781,45.854495
17.323461,45.854226
17.313452,45.858579
17.322392,45.854675
17.321178,45.855807
17.340011,45.847289
17.334279,45.850409
17.333225,45.850202
17.341273,45.847496
17.333428,45.850116
17.334719,45.849498
17.341139,45.846889
17.319675,45.856006
17.311303,45.859387
17.336737,45.848701
17.332023,45.850692
17.329965,45.851592
17.331133,45.851709
17.332333,45.851244
17.311696,45.859085
17.343967,45.845551
17.329435,45.851736
17.333833,45.849929
17.335949,45.84904
17.337793,45.848311
17.320178,45.855677
17.325848,45.853909
17.314554,45.858029
17.338967,45.848465
17.325629,45.854002
17.332602,45.850435
17.320382,45.856078
17.317619,45.857224
17.313205,45.858633
17.336336,45.848871
17.336522,45.849428
17.340603,45.84712
17.320328,45.856474
17.310642,45.859627
17.321509,45.855575
17.338345,45.84868
17.340155,45.847967
17.338409,45.84798
17.321314,45.855219
17.325796,45.851828
17.330551,45.852169
17.338094,45.848179
17.313988,45.858204
17.339993,45.848038
17.336966,45.848685
17.334919,45.85013
17.340417,45.847179
17.319251,45.856128
17.316039,45.85738
17.317383,45.857465
17.337289,45.848474
17.338769,45.848545
17.339475,45.848204
17.313889,45.858388
17.339132,45.847724
17.312837,45.858783
17.320564,45.855554
17.334486,45.850336
17.317064,45.856983
17.310482,45.859764
17.318388,45.856333
17.337939,45.84832
17.309657,45.860051
17.313645,45.858478
17.332989,45.850302
17.339034,45.84705
17.337375,45.849118
17.339512,45.847573
17.332409,45.85055
17.31791,45.857129
17.329284,45.851883
17.335907,45.849694
17.338543,45.84795
17.330964,45.851752
17.320901,45.855369
17.340957,45.84764
17.334303,45.849722
17.335455,45.849882
17.341436,45.847431
17.339317,45.84736
17.334721,45.85022
17.336291,45.849533
17.339812,45.848108
17.319007,45.856202
17.321107,45.855277
17.328754,45.852083
17.309307,45.859859
17.34085,45.847686
17.335744,45.849141
17.336048,45.848863
17.341905,45.847588
17.337973,45.848849
17.337137,45.849201
17.341182,45.847603
17.320731,45.85554
17.324751,45.854387
17.314748,45.857838
17.339836,45.847449
17.316808,45.857018
17.314981,45.857901
17.317438,45.856748
17.323239,45.85506
17.335539,45.849241
17.331452,45.850954
17.321645,45.855532
17.312998,45.85869
17.319431,45.856627
17.33086,45.851259
17.339716,45.847478
17.319395,45.85602
17.335655,45.849798
17.323015,45.85444
17.323205,45.854345
17.320844,45.856035
17.325173,45.854188
17.32838,45.852222
17.321413,45.855698
17.332526,45.851187
17.314441,45.858128
17.334485,45.849021
17.321518,45.855048
17.333927,45.849902
17.336523,45.848803
17.326242,45.852899
17.31109,45.859516
17.337884,45.849038
17.331803,45.850928
17.338152,45.84877
17.316564,45.856993
17.341105,45.846462
17.326779,45.854715
17.319857,45.855772
17.321957,45.854857
17.340745,45.84705
17.33224,45.85058
17.33854,45.848607
17.329635,45.851665
17.340308,45.847902
17.319991,45.855703
17.326056,45.853816
17.315411,45.857704
17.340966,45.846958
17.338838,45.847855
17.322571,45.854557
17.319074,45.856637
17.334097,45.849788
17.322404,45.855311
17.332755,45.850376
17.335199,45.849994
17.31525,45.857845
17.317217,45.856839
17.331301,45.851112
17.336095,45.849618
17.334496,45.849619
17.315606,45.857636
17.31251,45.858662
17.33678,45.849322
17.322922,45.855091
17.318783,45.856307
17.311971,45.859199
17.331112,45.851184
17.333644,45.850038
17.324938,45.854314
17.338957,45.84781
17.337608,45.849033
17.386059,45.816278
17.388179,45.812953
17.386798,45.819196
17.375047,45.819371
17.397364,45.824312
17.386626,45.822636
17.396226,45.813475
17.400099,45.820226
17.397396,45.812869
17.393051,45.809604
17.393527,45.81555
17.397056,45.816388
17.397052,45.809403
17.386249,45.818603
17.382098,45.821432
17.399788,45.819242
17.387696,45.816377
17.386631,45.825387
17.397239,45.812287
17.398636,45.817732
17.399437,45.82021
17.398087,45.816085
17.388523,45.811338
17.387802,45.817372
17.387658,45.815504
17.387666,45.815241
17.389948,45.810269
17.397332,45.816317
17.39967,45.818923
17.38689,45.823804
17.386705,45.816394
17.392341,45.819401
17.387183,45.810262
17.387827,45.812008
17.398182,45.815522
17.397285,45.812477
17.397171,45.815771
17.397466,45.822283
17.388327,45.812315
17.397259,45.812363
17.398676,45.81785
17.378612,45.817558
17.399249,45.814098
17.397801,45.8121
17.400176,45.822731
17.387756,45.818516
17.397942,45.812583
17.375848,45.818376
17.388634,45.810829
17.388388,45.812179
17.386223,45.818079
17.386639,45.815163
17.386532,45.810362
17.400778,45.822602
17.399752,45.819096
17.397377,45.814574
17.395698,45.813675
17.398201,45.819945
17.399739,45.821196
17.397803,45.814181
17.387109,45.818252
17.396663,45.813927
17.378887,45.817297
17.388866,45.813261
17.386605,45.822942
17.386514,45.812882
17.387954,45.820089
17.397755,45.814011
17.398646,45.818132
17.400706,45.813797
17.396095,45.81409
17.400028,45.82222
17.389654,45.810615
17.398922,45.818698
17.385914,45.815323
17.388198,45.812828
17.398607,45.817041
17.388958,45.812403
17.39346,45.822066
17.387661,45.814106
17.396525,45.813504
17.398678,45.815351
17.400087,45.820098
17.386163,45.81397
17.386819,45.81639
17.387918,45.818522
17.387686,45.812519
17.396048,45.813458
17.378044,45.818677
17.398561,45.816853
17.381051,45.819832
17.376136,45.819342
17.387406,45.817379
17.386607,45.814542
17.387585,45.819285
17.387362,45.817668
17.379014,45.818605
17.38885,45.813456
17.397259,45.820175
17.399434,45.818111
17.396529,45.815818
17.399775,45.821378
17.398499,45.814889
17.392881,45.823847
17.397973,45.812818
17.394635,45.82501
17.39735,45.810649
17.390765,45.821377
17.388277,45.8124
17.380454,45.819023
17.385907,45.815163
17.395923,45.813483
17.387306,45.810148
17.399532,45.820497
17.381344,45.820049
17.386273,45.819076
17.387595,45.820101
17.387558,45.812859
17.387086,45.816381
17.399233,45.813602
17.396712,45.824643
17.400705,45.813221
17.38757,45.813614
17.387767,45.818811
17.386581,45.812623
17.400322,45.821406
17.386195,45.813778
17.386708,45.824977
17.400215,45.820745
17.397182,45.822747
17.38771,45.813631
17.396038,45.825815
17.388106,45.810824
17.398293,45.813914
17.398639,45.817445
17.380695,45.820507
17.38823,45.812742
17.386625,45.825308
17.388576,45.811044
17.39942,45.820132
17.389338,45.80961
17.400314,45.821312
17.383279,45.821103
17.388564,45.813544
17.397376,45.813863
17.386415,45.813456
17.398091,45.815381
17.397619,45.813867
17.400933,45.812666
17.398078,45.81522
17.387004,45.818259
17.387333,45.819294
17.386994,45.815525
17.375214,45.820276
17.397087,45.813468
17.386976,45.810969
17.397747,45.811912
17.392711,45.823239
17.379326,45.816925
17.393494,45.822319
17.397309,45.812684
17.389726,45.811262
17.399252,45.819508
17.386586,45.819536
17.386959,45.813372
17.399295,45.817694
17.386845,45.819533
17.399221,45.817437
17.396373,45.81613
17.395757,45.813839
17.388171,45.810582
17.386646,45.815257
17.398048,45.813109
17.374725,45.820543
17.399422,45.820423
17.398628,45.817121
17.381176,45.819294
17.396761,45.813871
17.39711,45.809699
17.392374,45.817861
17.386105,45.816888
17.387124,45.813923
17.387057,45.810817
17.374769,45.819146
17.387106,45.814644
17.386697,45.813926
17.386125,45.817138
17.396537,45.810563
17.39915,45.819226
17.386669,45.812184
17.38881,45.812746
17.394028,45.818101
17.377904,45.818362
17.3808,45.820837
17.38767,45.81515
17.39195,45.821913
17.387659,45.814462
17.386971,45.819527
17.399525,45.818515
17.388774,45.813006
17.387461,45.819493
17.386366,45.81587
17.391822,45.823295
17.39769,45.815741
17.387049,45.817253
17.398666,45.817927
17.385972,45.815928
17.375159,45.819655
17.387043,45.810679
17.386238,45.818232
17.378698,45.817913
17.386254,45.811456
17.38701,45.815839
17.398619,45.815196
17.389067,45.810997
17.40073,45.81277
17.400857,45.81314
17.400256,45.821128
17.397717,45.81499
17.386728,45.812042
17.38783,45.817599
17.387509,45.817623
17.387085,45.81447
17.398723,45.81549
17.386412,45.813228
17.39886,45.81863
17.380877,45.819583
17.387658,45.814642
17.39229,45.826431
17.396865,45.820654
17.387657,45.814273
17.399151,45.814239
17.39655,45.810642
17.400151,45.820373
17.386284,45.817974
17.399272,45.817233
17.382775,45.820951
17.398778,45.815643
17.390302,45.824104
17.38815,45.813042
17.387073,45.819293
17.393509,45.822625
17.398421,45.82093
17.396355,45.814096
17.396869,45.816409
17.397311,45.810514
17.398656,45.81765
17.389101,45.811427
17.397859,45.816065
17.397417,45.812944
17.386291,45.818908
17.388047,45.810708
17.392124,45.825941
17.387667,45.81484
17.400222,45.821008
17.381066,45.820789
17.378701,45.817819
17.386179,45.817693
17.397658,45.811634
17.398677,45.818054
17.386243,45.818313
17.397154,45.814586
17.386363,45.815565
17.389631,45.809571
17.387608,45.812971
17.389457,45.81265
17.37888,45.818299
17.395214,45.826137
17.396435,45.81587
17.387344,45.81552
17.386368,45.810775
17.397621,45.811498
17.39683,45.821224
17.389694,45.82147
17.399822,45.821492
17.3872,45.816417
17.39679,45.815719
17.387857,45.811906
17.399115,45.819069
17.374573,45.819312
17.401566,45.822126
17.399639,45.813796
17.388012,45.819447
17.388478,45.811991
17.387261,45.825841
17.400144,45.820485
17.386948,45.8111
17.387827,45.819256
17.396637,45.813507
17.396346,45.813469
17.386227,45.818525
17.39681,45.811325
17.388778,45.810508
17.386318,45.811019
17.399415,45.817856
17.397113,45.809965
17.397804,45.812238
17.386701,45.814019
17.396942,45.811523
17.396814,45.811408
17.386137,45.817265
17.399637,45.818795
17.39902,45.818888
17.380529,45.820502
17.386657,45.814928
17.38595,45.814977
17.398838,45.818503
17.396478,45.816292
17.396658,45.810827
17.398739,45.81824
17.397324,45.813406
17.373507,45.819318
17.400016,45.813492
17.397127,45.809825
17.398413,45.816352
17.375399,45.820274
17.392066,45.821133
17.375361,45.817062
17.387842,45.81888
17.38109,45.820426
17.387654,45.812737
17.399898,45.821748
17.386179,45.814055
17.388741,45.811968
17.397552,45.811206
17.399029,45.816719
17.386483,45.810532
17.400458,45.821928
17.386055,45.814385
17.389337,45.813148
17.399588,45.818651
17.386594,45.810086
17.389047,45.812001
17.38668,45.824382
17.38668,45.814231
17.388981,45.812322
17.396914,45.811605
17.386872,45.811425
17.400162,45.820565
17.38905,45.811216
17.387664,45.814924
17.387395,45.818526
17.388982,45.810215
17.388843,45.812614
17.398948,45.816258
17.386706,45.816737
17.386117,45.81697
17.386087,45.816706
17.398768,45.818312
17.399412,45.813987
17.387981,45.811359
17.387764,45.818678
17.40013,45.813456
17.386997,45.816711
17.386305,45.819274
17.386173,45.815568
17.389288,45.810314
17.38635,45.819833
17.389925,45.810103
17.381401,45.82045
17.38705,45.815108
17.380716,45.819215
17.398994,45.816611
17.387722,45.816672
17.397516,45.820552
17.396818,45.821371
17.397076,45.81199
17.38705,45.815211
17.381245,45.820728
17.392564,45.82542
17.400521,45.813267
17.387752,45.816974
17.398294,45.813774
17.386642,45.823223
17.396669,45.82106
17.389613,45.81218
17.399499,45.818247
17.396992,45.811716
17.395785,45.813921
17.386459,45.810661
17.399845,45.819576
17.386261,45.818765
17.386839,45.818574
17.399106,45.814844
17.398517,45.816739
17.378103,45.81877
17.382559,45.821006
17.385939,45.81488
17.396619,45.810751
17.393643,45.82148
17.397232,45.821721
17.398494,45.816657
17.380458,45.819721
17.387259,45.819508
17.38937,45.822199
17.386185,45.817773
17.387334,45.813327
17.399714,45.821114
17.396475,45.814055
17.387094,45.810485
17.379228,45.817061
17.386823,45.817654
17.387132,45.813353
17.397303,45.812552
17.399664,45.813312
17.39777,45.814363
17.386773,45.811762
17.390111,45.823323
17.395795,45.813617
17.388246,45.813466
17.387635,45.820542
17.399816,45.813635
17.395985,45.814092
17.398614,45.817324
17.387139,45.818537
17.382974,45.820899
17.39744,45.813265
17.386299,45.81122
17.398436,45.816472
17.392948,45.821799
17.386646,45.823513
17.3971,45.811908
17.388237,45.812612
17.397859,45.81242
17.389656,45.81106
17.399831,45.819402
17.38745,45.826567
17.398918,45.815924
17.38666,45.814629
17.387157,45.813665
17.400205,45.813019
17.386887,45.817409
17.398175,45.813399
17.398891,45.816109
17.377944,45.818435
17.386227,45.817448
17.397231,45.810132
17.398613,45.817528
17.388613,45.810918
17.393651,45.817583
17.387102,45.814131
17.388819,45.809812
17.398271,45.816207
17.386201,45.811664
17.385944,45.815582
17.397494,45.815784
17.387627,45.813947
17.398631,45.817245
17.394658,45.821384
17.388554,45.811128
17.375044,45.820601
17.398798,45.815774
17.397932,45.815691
17.386559,45.810248
17.387914,45.818733
17.396706,45.811024
17.396825,45.813512
17.398981,45.818809
17.378725,45.818103
17.39733,45.810396
17.400657,45.821515
17.386031,45.814584
17.38908,45.812173
17.399121,45.820109
17.388873,45.810373
17.398819,45.818425
17.386172,45.811808
17.378922,45.81839
17.386606,45.815553
17.395221,45.820932
17.387704,45.818263
17.389034,45.80972
17.39695,45.813841
17.397041,45.815026
17.388866,45.812531
17.393766,45.825767
17.387094,45.814314
17.387636,45.817682
17.397261,45.815002
17.387985,45.81925
17.399131,45.81969
17.397152,45.812173
17.397622,45.814507
17.397151,45.813838
17.386647,45.824092
17.389515,45.812569
17.400344,45.821483
17.397495,45.814971
17.387987,45.820527
17.396756,45.811138
17.389435,45.809985
17.400862,45.822741
17.397167,45.812098
17.389569,45.812337
17.391798,45.823889
17.387492,45.818255
17.400377,45.813326
17.397097,45.820182
17.398005,45.812971
17.397513,45.810938
17.39856,45.815045
17.399559,45.820666
17.387286,45.813667
17.398366,45.814098
17.38218,45.820901
17.396677,45.810952
17.397192,45.810059
17.399136,45.816946
17.39996,45.813145
17.399958,45.821968
17.39825,45.813559
17.386085,45.814277
17.388357,45.810379
17.396572,45.816331
17.386743,45.813414
17.387892,45.811447
17.386132,45.816478
17.380399,45.819192
17.399323,45.819812
17.396927,45.814618
17.396523,45.81037
17.378257,45.819113
17.39732,45.823946
17.399077,45.816801
17.386041,45.81468
17.396541,45.810447
17.399094,45.818993
17.387759,45.812304
17.396955,45.811791
17.386338,45.819701
17.386776,45.817414
17.388563,45.811583
17.399877,45.821672
17.386249,45.815874
17.38767,45.815924
17.388908,45.811599
17.396374,45.816045
17.386749,45.815867
17.399647,45.820952
17.397304,45.815783
17.397271,45.810245
17.401105,45.81256
17.398981,45.816399
17.386691,45.814321
17.380613,45.820805
17.386828,45.811623
17.387215,45.816693
17.388114,45.813226
17.388019,45.819532
17.400979,45.813086
17.396924,45.815734
17.398569,45.816929
17.400799,45.814082
17.373441,45.818633
17.387595,45.817361
17.398546,45.822866
17.397966,45.81272
17.398385,45.814244
17.381416,45.820679
17.389156,45.810072
17.386755,45.811912
17.390209,45.809559
17.393299,45.809639
17.386233,45.811554
17.392367,45.817439
17.397359,45.812756
17.395778,45.825934
17.380845,45.819218
17.387861,45.818148
17.397962,45.815082
17.39714,45.816313
17.38992,45.809534
17.396731,45.811215
17.386634,45.812395
17.39998,45.822046
17.387082,45.814923
17.389839,45.811919
17.398459,45.816549
17.397726,45.811771
17.379043,45.817186
17.398166,45.822492
17.392655,45.809627
17.386929,45.811229
17.399554,45.818378
17.378221,45.819039
17.387865,45.811746
17.399615,45.820788
17.38775,45.816849
17.374244,45.819863
17.386649,45.814838
17.375518,45.818223
17.398391,45.814356
17.386185,45.811162
17.388842,45.813092
17.38093,45.82053
17.380256,45.819002
17.393578,45.823397
17.387385,45.818261
17.39375,45.826148
17.387084,45.814838
17.40024,45.822927
17.388766,45.812829
17.379004,45.818771
17.399161,45.819358
17.387026,45.817642
17.396743,45.816381
17.376161,45.819433
17.386326,45.819548
17.389642,45.811582
17.389161,45.809685
17.387593,45.813299
17.437753,45.815385
17.494013,45.799181
17.522493,45.809
17.63341,45.703464
17.59288,45.815532
17.342424,45.823371
17.592308,45.815
17.356556,45.820965
17.524806,45.80982
17.88322,45.517793
17.578118,45.81133
17.862257,45.512883
17.632654,45.703599
17.632385,45.70284
17.632534,45.702907
17.634028,45.704474
17.344602,45.824631
17.385558,45.822061
17.419883,45.835953
17.387677,45.816457
17.500219,45.815038
17.387583,45.816175
17.738587,45.730214
17.325735,45.830713
17.394512,45.821995
17.40415,45.833489
17.381693,45.820387
17.381866,45.82057
17.414584,45.834852
17.593819,45.815422
17.330817,45.851992
17.389345,45.812781
17.396741,45.822193
17.545836,45.800402
17.69416,45.738755
17.490441,45.805606
17.483495,45.775413
17.750082,45.743217
17.750201,45.743406
17.399259,45.817572
17.750267,45.734668
17.469867,45.781912
17.498052,45.803871
17.811163,45.530225
17.324427,45.83
17.329243,45.823774
17.31814,45.857047
17.498828,45.809165
17.316656,45.827781
17.51739,45.807907
17.366363,45.809795
17.356112,45.819997
17.496798,45.802197
17.40205,45.833109
17.510244,45.805818
17.500117,45.803088
17.435314,45.814026
17.407984,45.834116
17.389312,45.81092
17.942189,45.526983
17.500261,45.819694
17.409611,45.834155
17.363496,45.816204
17.861266,45.543888
17.489925,45.797992
17.747483,45.75511
17.398858,45.813929
17.492215,45.797657
17.39238,45.818139
17.448038,45.793888
17.3342,45.852022
17.524086,45.80974
17.691769,45.74884
17.397481,45.813067
17.336649,45.866912
17.500955,45.800685
17.48656,45.798911
17.937404,45.525344
17.393189,45.835379
17.388394,45.835232
17.381156,45.833771
17.378971,45.833935
17.379957,45.835463
17.394187,45.832022
17.38705,45.831302
17.391407,45.833718
17.391816,45.833451
17.382399,45.832463
17.38227,45.834462
17.39604,45.834876
17.38737,45.835486
17.388462,45.833083
17.390132,45.834685
17.378356,45.828945
17.396851,45.836161
17.391689,45.835689
17.378933,45.834554
17.395502,45.832535
17.386264,45.831011
17.383938,45.83084
17.394422,45.834268
17.392481,45.831647
17.379226,45.832848
17.389786,45.835252
17.382176,45.828971
17.395396,45.836197
17.391171,45.830323
17.387766,45.835127
17.377887,45.828782
17.380887,45.835509
17.395545,45.834545
17.396002,45.835416
17.377402,45.827962
17.379876,45.829798
17.396126,45.832364
17.387903,45.835241
17.380784,45.830034
17.376666,45.826577
17.378614,45.833014
17.378444,45.829018
17.378516,45.835348
17.3975,45.832694
17.378035,45.831632
17.37902,45.83054
17.396472,45.832033
17.391367,45.829275
17.388449,45.833225
17.388282,45.835292
17.379163,45.832773
17.378483,45.827887
17.378739,45.827942
17.381544,45.830251
17.376336,45.828321
17.380273,45.829903
17.37735,45.828396
17.387883,45.833238
17.3939,45.835601
17.386113,45.827415
17.375689,45.827568
17.38089,45.833759
17.378742,45.832718
17.377286,45.826484
17.391032,45.830369
17.388402,45.832789
17.377065,45.832253
17.393595,45.832308
17.392135,45.833486
17.377782,45.827628
17.379406,45.829628
17.378286,45.832509
17.387302,45.835283
17.389633,45.835262
17.377788,45.826379
17.391967,45.834383
17.394582,45.835278
17.384441,45.827605
17.380913,45.832757
17.391768,45.829033
17.379139,45.834543
17.379182,45.831779
17.391016,45.831071
17.392243,45.834746
17.389711,45.833773
17.380411,45.831919
17.39689,45.831891
17.382259,45.83464
17.381629,45.834242
17.392825,45.835755
17.381979,45.830894
17.386853,45.830645
17.379518,45.833291
17.387407,45.834546
17.385646,45.830611
17.390011,45.835613
17.393412,45.835953
17.383625,45.828952
17.387252,45.832501
17.396034,45.833555
17.391631,45.83346
17.392611,45.832367
17.388771,45.832353
17.388447,45.832957
17.386142,45.827873
17.392807,45.833808
17.393065,45.832351
17.386293,45.835339
17.376019,45.826602
17.377365,45.83148
17.393922,45.835378
17.392269,45.83349
17.379842,45.831282
17.383506,45.831596
17.376928,45.827468
17.39739,45.832047
17.399554,45.836698
17.382792,45.836103
17.375745,45.827939
17.397789,45.836381
17.377614,45.827726
17.391717,45.834383
17.395704,45.83116
17.378443,45.832955
17.379332,45.831869
17.381199,45.833391
17.388372,45.832093
17.379257,45.835676
17.376824,45.826403
17.376473,45.828511
17.386342,45.831697
17.385924,45.830609
17.382638,45.832851
17.395133,45.832332
17.385107,45.831477
17.381287,45.832254
17.37703,45.82752
17.398055,45.832587
17.394551,45.83323
17.390072,45.83233
17.392548,45.836011
17.391676,45.831355
17.38244,45.830868
17.391843,45.83471
17.379068,45.829556
17.375332,45.826611
17.380608,45.834075
17.390516,45.835624
17.382148,45.831888
17.375273,45.827122
17.38538,45.829935
17.377549,45.831555
17.38883,45.831883
17.395077,45.83331
17.382183,45.83037
17.395397,45.8359
17.380534,45.832938
17.396278,45.83306
17.39593,45.82708
17.390931,45.834653
17.38013,45.833004
17.377313,45.83257
17.38016,45.834385
17.390976,45.832072
17.390438,45.832274
17.382215,45.835484
17.386637,45.827375
17.37512,45.826658
17.37704,45.83174
17.388893,45.83176
17.391851,45.835685
17.388387,45.832641
17.392725,45.834431
17.377747,45.830131
17.395999,45.833303
17.39604,45.835352
17.381195,45.831456
17.380866,45.830969
17.388589,45.834313
17.376344,45.82712
17.37759,45.832294
17.382151,45.835063
17.39191,45.832328
17.386938,45.835303
17.390417,45.831453
17.393489,45.835522
17.390688,45.835378
17.378414,45.829844
17.37937,45.833686
17.389255,45.832221
17.385872,45.831292
17.379285,45.833221
17.390641,45.834666
17.378979,45.834985
17.375562,45.826595
17.395912,45.832656
17.384073,45.829566
17.390117,45.830861
17.379019,45.835641
17.389578,45.830971
17.375419,45.82736
17.378914,45.835407
17.39212,45.831091
17.389897,45.831489
17.384447,45.832288
17.376141,45.827678
17.39199,45.83348
17.394512,45.833537
17.378871,45.827198
17.380438,45.833767
17.37773,45.829063
17.381285,45.831023
17.387085,45.829611
17.378967,45.830727
17.380326,45.832331
17.394514,45.831768
17.383347,45.830771
17.379503,45.831851
17.394505,45.827791
17.382565,45.835001
17.393264,45.836016
17.394039,45.832301
17.381754,45.832016
17.379656,45.83331
17.379922,45.831951
17.393765,45.833464
17.390269,45.83379
17.377176,45.831459
17.391309,45.831389
17.390939,45.833644
17.382032,45.830691
17.391464,45.835327
17.378691,45.831112
17.391685,45.832084
17.380874,45.833347
17.382772,45.836335
17.380991,45.832907
17.380388,45.832763
17.3782,45.836626
17.387684,45.82948
17.382388,45.831437
17.396326,45.835978
17.395246,45.831394
17.387296,45.831448
17.389805,45.834679
17.394661,45.831698
17.389988,45.831167
17.38372,45.828308
17.383946,45.82984
17.382059,45.834945
17.381067,45.833364
17.383772,45.827804
17.394383,45.833292
17.380481,45.835499
17.377004,45.832399
17.380587,45.832352
17.391551,45.834675
17.382122,45.834687
17.392307,45.831428
17.377451,45.831788
17.381204,45.834091
17.394858,45.835849
17.391088,45.83572
17.394362,45.834642
17.396479,45.836421
17.392617,45.832049
17.380259,45.833725
17.378586,45.828211
17.377906,45.826385
17.3918,45.833801
17.394015,45.833406
17.383527,45.835154
17.392407,45.83152
17.391203,45.832295
17.380364,45.832712
17.389034,45.834159
17.385745,45.831064
17.393336,45.835519
17.380686,45.832078
17.383801,45.834355
17.380981,45.834586
17.389244,45.834997
17.388594,45.835108
17.382245,45.834946
17.381637,45.835863
17.399993,45.836769
17.393199,45.836494
17.380196,45.831998
17.395572,45.834794
17.386151,45.827591
17.394857,45.835278
17.394901,45.836129
17.378645,45.832667
17.38624,45.828839
17.381383,45.83552
17.3786,45.827163
17.375327,45.826891
17.380564,45.832999
17.3789,45.835634
17.396516,45.832404
17.384926,45.834726
17.380399,45.833298
17.390693,45.830527
17.391564,45.832027
17.38997,45.833778
17.380964,45.832828
17.375886,45.828088
17.390867,45.835349
17.386159,45.829824
17.377563,45.830599
17.392426,45.833819
17.389179,45.830546
17.377201,45.82875
17.386842,45.83093
17.380539,45.831388
17.382324,45.830484
17.383648,45.828698
17.382269,45.833596
17.378836,45.83483
17.393029,45.834453
17.391593,45.835699
17.382819,45.835914
17.387231,45.832232
17.391171,45.834676
17.395248,45.83235
17.379591,45.835444
17.38806,45.835347
17.390168,45.835623
17.386726,45.828967
17.388374,45.831754
17.378054,45.827402
17.384067,45.831757
17.386221,45.828157
17.38119,45.830467
17.392243,45.831175
17.380942,45.830704
17.377863,45.831457
17.379596,45.834546
17.387286,45.834064
17.392613,45.83347
17.378081,45.828858
17.383853,45.827441
17.380742,45.834085
17.388375,45.831663
17.396011,45.835984
17.391165,45.83562
17.381002,45.832431
17.397946,45.836351
17.393631,45.836287
17.388985,45.83336
17.377946,45.827526
17.386276,45.830662
17.381048,45.832974
17.390614,45.833737
17.380194,45.833311
17.384349,45.828163
17.378232,45.831639
17.396097,45.834552
17.37859,45.830211
17.389028,45.830979
17.38684,45.828308
17.378558,45.832621
17.385882,45.835143
17.392432,45.832322
17.395128,45.834502
17.382122,45.834175
17.391804,45.832085
17.377811,45.830093
17.393346,45.834782
17.382266,45.835619
17.377498,45.826425
17.382789,45.834986
17.396141,45.834323
17.389988,45.833521
17.395501,45.832328
17.39125,45.831078
17.388537,45.834088
17.379602,45.833493
17.381967,45.832368
17.40011,45.836793
17.392631,45.834772
17.387452,45.830682
17.380272,45.835481
17.377463,45.828903
17.396133,45.830919
17.386132,45.831793
17.387875,45.833021
17.392589,45.833813
17.393875,45.833437
17.382485,45.836248
17.382778,45.831014
17.376978,45.826545
17.380622,45.834598
17.384628,45.829646
17.395123,45.831468
17.388762,45.83216
17.390139,45.83148
17.378219,45.831073
17.381977,45.830317
17.395619,45.834967
17.390764,45.834343
17.393469,45.834427
17.381261,45.831102
17.384334,45.829549
17.378433,45.830732
17.394738,45.833159
17.381061,45.835731
17.381087,45.834666
17.393013,45.835759
17.393838,45.834206
17.381161,45.834414
17.385961,45.835605
17.396132,45.834761
17.396017,45.833412
17.376322,45.827927
17.384541,45.829032
17.381518,45.834966
17.381777,45.83029
17.378477,45.835703
17.38661,45.835441
17.388852,45.832482
17.381102,45.834951
17.394209,45.834636
17.378427,45.829374
17.394416,45.832312
17.37891,45.833656
17.396941,45.83235
17.378205,45.833133
17.376881,45.826573
17.378504,45.83174
17.378385,45.833179
17.385826,45.831816
17.378286,45.829849
17.39611,45.833997
17.392331,45.835413
17.380264,45.83251
17.390794,45.831425
17.390676,45.833381
17.396009,45.83554
17.383906,45.830116
17.395107,45.827514
17.387389,45.83419
17.383337,45.831769
17.388417,45.834544
17.380759,45.831406
17.389199,45.830675
17.378784,45.833087
17.389592,45.832
17.37936,45.835428
17.390487,45.830846
17.378341,45.829692
17.38133,45.830831
17.378926,45.833119
17.380221,45.834578
17.380418,45.830629
17.381097,45.830085
17.376855,45.828152
17.37959,45.829655
17.382224,45.835225
17.378105,45.83023
17.379276,45.832942
17.394967,45.833123
17.396068,45.834644
17.391121,45.831854
17.376563,45.82659
17.394898,45.827621
17.39585,45.831083
17.391987,45.830925
17.380396,45.830708
17.381268,45.835767
17.391391,45.832076
17.375944,45.827706
17.389137,45.831353
17.393262,45.836236
17.388796,45.834925
17.390743,45.832053
17.392961,45.833525
17.39028,45.831153
17.384263,45.827593
17.38622,45.828586
17.386745,45.829072
17.381071,45.833113
17.395297,45.833262
17.395625,45.835155
17.377888,45.832361
17.380227,45.834037
17.395241,45.834112
17.389136,45.83248
17.386122,45.829046
17.391837,45.830548
17.393007,45.834781
17.380239,45.834339
17.394793,45.832328
17.390696,45.835257
17.394114,45.835685
17.390961,45.833397
17.397939,45.832292
17.381354,45.830755
17.379122,45.832194
17.393283,45.83616
17.377189,45.831745
17.377425,45.830726
17.3842,45.827985
17.379719,45.831896
17.377892,45.827591
17.390397,45.834676
17.37819,45.832453
17.379979,45.834861
17.386141,45.82835
17.391481,45.834366
17.391367,45.835631
17.391261,45.83207
17.395575,45.833691
17.395919,45.832502
17.379025,45.833663
17.386276,45.834714
17.396056,45.834986
17.393104,45.833807
17.395227,45.833031
17.377694,45.83098
17.380743,45.833342
17.397552,45.832064
17.391365,45.828642
17.381818,45.831199
17.384199,45.829761
17.378094,45.830504
17.397394,45.836153
17.384295,45.82777
17.390891,45.831107
17.387849,45.834524
17.396677,45.836132
17.389555,45.832231
17.375406,45.827855
17.375538,45.827478
17.392149,45.832309
17.392752,45.83539
17.377185,45.832534
17.391094,45.835385
17.377512,45.828982
17.390691,45.835617
17.396042,45.835219
17.379004,45.832499
17.382027,45.834685
17.389789,45.832266
17.394988,45.831541
17.389938,45.835297
17.392283,45.832335
17.394286,45.834291
17.399845,45.836739
17.392026,45.830815
17.390511,45.830522
17.377719,45.828694
17.394607,45.827732
17.381393,45.830202
17.396169,45.835533
17.377444,45.827893
17.386715,45.835316
17.393935,45.834683
17.376239,45.827076
17.390414,45.833757
17.385396,45.833674
17.380453,45.834548
17.37991,45.834586
17.391238,45.834358
17.380059,45.833714
17.376683,45.827313
17.381713,45.831734
17.384018,45.831081
17.381453,45.832569
17.386707,45.828138
17.39628,45.830858
17.396115,45.834114
17.378095,45.832786
17.379861,45.83398
17.386781,45.829825
17.3863,45.831326
17.378217,45.826434
17.388064,45.833755
17.391625,45.833692
17.394685,45.833427
17.39664,45.830655
17.378811,45.82761
17.396733,45.830604
17.390891,45.832326
17.381792,45.835553
17.393183,45.835902
17.389016,45.831446
17.381147,45.8325
17.394357,45.831908
17.380604,45.829963
17.37754,45.827778
17.395048,45.836142
17.377121,45.828231
17.377628,45.831785
17.380501,45.832065
17.379069,45.83257
17.378465,45.832581
17.385851,45.828559
17.379441,45.830604
17.394956,45.832316
17.392172,45.835704
17.391753,45.83103
17.377696,45.830331
17.377191,45.828367
17.396253,45.836382
17.39236,45.834743
17.379465,45.830518
17.38072,45.83378
17.383548,45.832273
17.383747,45.82798
17.391292,45.829394
17.387712,45.830681
17.389428,45.830981
17.391567,45.832351
17.379956,45.830667
17.386495,45.835328
17.384357,45.827849
17.388482,45.833628
17.379096,45.830284
17.38621,45.831359
17.387909,45.834173
17.3931,45.833491
17.396481,45.832947
17.394231,45.833362
17.38523,45.835048
17.381751,45.831919
17.375783,45.826587
17.394826,45.834193
17.385526,45.831076
17.383877,45.833952
17.391267,45.83534
17.392455,45.827772
17.38633,45.835455
17.389661,45.832038
17.383129,45.830646
17.396653,45.832348
17.393201,45.832323
17.378643,45.833476
17.380081,45.831295
17.387291,45.833503
17.380374,45.834128
17.383546,45.829439
17.381866,45.830316
17.381457,45.831496
17.39422,45.835045
17.380955,45.830092
17.375657,45.827917
17.387695,45.832047
17.378921,45.831149
17.375852,45.826886
17.390446,45.833451
17.379104,45.832642
17.387844,45.832795
17.378373,45.832546
17.377331,45.831755
17.378332,45.836284
17.378095,45.829195
17.381327,45.833843
17.381445,45.834683
17.394597,45.834565
17.380041,45.830399
17.379469,45.834591
17.396073,45.833909
17.387281,45.834371
17.378628,45.83159
17.386191,45.828031
17.380193,45.829802
17.379319,45.834877
17.395527,45.834426
17.396072,45.836356
17.392003,45.833755
17.390254,45.833488
17.376228,45.827864
17.396498,45.836123
17.389827,45.830883
17.394414,45.835066
17.386067,45.835009
17.395195,45.83584
17.386048,45.829132
17.391716,45.835362
17.380979,45.831437
17.37838,45.831968
17.378464,45.831093
17.378721,45.830231
17.386228,45.827432
17.394826,45.83492
17.381489,45.833791
17.394216,45.832346
17.391266,45.83057
17.390128,45.833461
17.393797,45.833682
17.391067,45.833717
17.390399,45.831872
17.387131,45.835293
17.379046,45.83046
17.386751,45.828538
17.396958,45.832045
17.392504,45.831769
17.381118,45.835517
17.387261,45.833275
17.378228,45.83284
17.380965,45.834152
17.377934,45.832668
17.393882,45.827549
17.379192,45.833617
17.378601,45.831972
17.381847,45.835779
17.392875,45.835419
17.380573,45.833752
17.386232,45.831279
17.380695,45.835495
17.386057,45.835733
17.379473,45.833995
17.387125,45.834938
17.383636,45.831776
17.38919,45.831277
17.38887,45.832763
17.389234,45.831971
17.386202,45.828758
17.379455,45.832664
17.378117,45.830368
17.38667,45.827953
17.385177,45.831063
17.390829,45.835666
17.381058,45.83304
17.39374,45.832305
17.388833,45.831143
17.393356,45.832433
17.388034,45.831758
17.384583,45.83005
17.384252,45.830441
17.38623,45.830294
17.394172,45.833555
17.396755,45.832896
17.377638,45.828988
17.395135,45.827117
17.381535,45.832256
17.385642,45.830336
17.376702,45.828497
17.394738,45.834572
17.394271,45.835707
17.39755,45.836306
17.391558,45.831365
17.385429,45.834875
17.382404,45.835929
17.389104,45.831953
17.380301,45.831342
17.381129,45.832203
17.377917,45.831861
17.377186,45.826505
17.376785,45.831329
17.393328,45.833881
17.38362,45.831871
17.377999,45.827465
17.378559,45.830752
17.379883,45.830933
17.389679,45.832255
17.377588,45.831111
17.38007,45.831976
17.392212,45.833801
17.379141,45.833993
17.381258,45.834653
17.377314,45.828797
17.377259,45.830883
17.380532,45.833324
17.374904,45.826748
17.395607,45.835445
17.39591,45.832753
17.377412,45.831972
17.388944,45.83164
17.37977,45.834572
17.397167,45.836203
17.383579,45.831054
17.38448,45.828388
17.377672,45.827666
17.387976,45.834224
17.387909,45.833461
17.390547,45.831446
17.392471,45.834431
17.37892,45.829453
17.378698,45.829456
17.394728,45.83202
17.39605,45.835082
17.376023,45.82696
17.395983,45.832054
17.384609,45.829846
17.387624,45.834897
17.376961,45.828577
17.386771,45.829305
17.381768,45.834933
17.392288,45.831271
17.390671,45.830696
17.376742,45.828089
17.382303,45.83527
17.377996,45.831033
17.386166,45.830016
17.380469,45.832804
17.386706,45.829164
17.391842,45.835388
17.395441,45.834102
17.378125,45.827345
17.377635,45.832595
17.393618,45.833731
17.376579,45.827267
17.394961,45.835075
17.388453,45.833402
17.388856,45.832885
17.391322,45.830317
17.384412,45.831083
17.388488,45.831034
17.384618,45.834835
17.384502,45.83511
17.393976,45.835069
17.383625,45.832022
17.391897,45.830694
17.394506,45.832013
17.384615,45.834735
17.38007,45.834891
17.37875,45.835666
17.388709,45.834602
17.39687,45.830539
17.380189,45.834892
17.39561,45.835319
17.391413,45.834684
17.392996,45.835361
17.37761,45.826395
17.378729,45.834844
17.393376,45.834085
17.384958,45.831101
17.379978,45.830587
17.37871,45.831658
17.379906,45.830854
17.390043,45.832006
17.380025,45.834019
17.387899,45.835348
17.385911,45.830335
17.38478,45.835086
17.384029,45.835405
17.386635,45.827841
17.379584,45.832942
17.390338,45.835333
17.390258,45.830672
17.378069,45.831857
17.391637,45.832344
17.379929,45.833457
17.377963,45.830663
17.377763,45.831847
17.394194,45.833233
17.392462,45.833519
17.381421,45.834083
17.388863,45.833024
17.382204,45.833791
17.392762,45.834767
17.391409,45.830273
17.386953,45.831485
17.395604,45.827178
17.381335,45.834097
17.381651,45.830255
17.384222,45.83109
17.376472,45.827998
17.394433,45.835768
17.38323,45.835439
17.383565,45.82929
17.391994,45.832076
17.376257,45.826603
17.386738,45.835585
17.383125,45.832436
17.377916,45.829131
17.37748,45.832262
17.385786,45.831623
17.38967,45.83148
17.39059,45.832014
17.382011,45.835896
17.384059,45.831438
17.39389,45.834365
17.379435,45.832577
17.392729,45.832351
17.390529,45.835319
17.385897,45.835245
17.390087,45.833769
17.395589,45.835638
17.393152,45.834789
17.383203,45.834253
17.396053,45.833679
17.386745,45.831285
17.379481,45.832736
17.386775,45.828794
17.37996,45.832718
17.379581,45.834852
17.376054,45.828137
17.395642,45.833995
17.387695,45.835019
17.388146,45.831996
17.390502,45.831141
17.378331,45.828154
17.3956,45.835931
17.390287,45.834349
17.377759,45.832338
17.389001,45.833923
17.378727,45.832004
17.378993,45.831605
17.393849,45.834032
17.378657,45.835619
17.388996,45.833454
17.3819,45.831045
17.396141,45.834425
17.390219,45.832015
17.381705,45.831584
17.390915,45.831417
17.397129,45.831977
17.389365,45.832231
17.392828,45.833504
17.397827,45.831984
17.386536,45.834833
17.394828,45.83162
17.377277,45.832208
17.379681,45.833949
17.37938,45.830812
17.380965,45.834914
17.379525,45.832799
17.379603,45.831243
17.395013,45.832024
17.391376,45.831051
17.395923,45.83318
17.396217,45.832044
17.388183,45.831733
17.389719,45.831141
17.385947,45.831013
17.390618,45.831114
17.379638,45.833009
17.382313,45.834251
17.378733,45.833566
17.395563,45.834678
17.377647,45.830489
17.379138,45.832704
17.384623,45.834966
17.382979,45.830601
17.392448,45.835721
17.377859,45.829854
17.376138,45.827817
17.391441,45.832315
17.38983,45.833525
17.391513,45.833673
17.396648,45.833002
17.380332,45.830897
17.386728,45.827516
17.37869,45.835338
17.378813,45.829904
17.382255,45.835154
17.381901,45.834648
17.379845,45.835456
17.379033,45.831786
17.376962,45.828212
17.391754,45.828928
17.394567,45.832326
17.389076,45.834373
17.386098,45.83535
17.376367,45.82658
17.391157,45.831405
17.392947,45.833829
17.38923,45.833842
17.395041,45.834138
17.380066,45.833296
17.378981,45.832079
17.39927,45.836626
17.378245,45.831917
17.380436,45.829945
17.383462,45.831294
17.380544,45.833083
17.388717,45.828627
17.396052,45.833767
17.378947,45.830808
17.393987,45.833634
17.384539,45.830444
17.379115,45.835432
17.376892,45.831198
17.378273,45.828924
17.380862,45.834626
17.392214,45.834404
17.379142,45.83501
17.385686,45.83107
17.394355,45.827682
17.377013,45.83112
17.378547,45.833371
17.377507,45.832558
17.39271,45.833437
17.38433,45.827489
17.379144,45.831182
17.385939,45.834725
17.393534,45.835082
17.389431,45.831932
17.381474,45.835776
17.378104,45.826433
17.385263,45.831061
17.395004,45.834495
17.378716,45.827178
17.383925,45.830647
17.390624,45.832287
17.380308,45.830978
17.393214,45.833449
17.391914,45.831339
17.389471,45.835221
17.392403,45.832044
17.379554,45.833685
17.383181,45.83518
17.386104,45.829319
17.378169,45.831379
17.381604,45.835515
17.379298,45.833963
17.380153,45.835473
17.378537,45.828519
17.388327,45.832179
17.380847,45.83104
17.389989,45.830692
17.383841,45.827507
17.383916,45.829971
17.394372,45.831972
17.392495,45.835397
17.391657,45.831052
17.390525,45.834336
17.392033,45.828862
17.383983,45.829707
17.380051,45.834565
17.385917,45.835351
17.388856,45.835281
17.377134,45.831009
17.379286,45.83455
17.380028,45.832867
17.390949,45.830533
17.37912,45.826762
17.39914,45.836972
17.382227,45.831946
17.390156,45.835273
17.387434,45.83431
17.379042,45.827686
17.386195,45.827705
17.388946,45.83318
17.382282,45.832277
17.390574,45.833371
17.392705,45.83385
17.396024,45.833113
17.379553,45.832873
17.378258,45.836455
17.392049,45.835695
17.389628,45.833881
17.382283,45.831705
17.397546,45.83237
17.385027,45.835053
17.38076,45.834633
17.394016,45.835627
17.379927,45.833693
17.389166,45.834713
17.396133,45.834224
17.379266,45.829559
17.391105,45.829497
17.383543,45.831123
17.382184,45.835381
17.386666,45.827744
17.380689,45.832399
17.396849,45.832034
17.397052,45.830436
17.383158,45.831028
17.396423,45.832624
17.382895,45.828358
17.394949,45.835817
17.38332,45.831104
17.381915,45.833905
17.396004,45.832371
17.393422,45.83427
17.381715,45.834451
17.39524,45.836181
17.38084,45.832113
17.398675,45.83689
17.379392,45.831215
17.385954,45.835518
17.394697,45.834218
17.391956,45.834703
17.397331,45.83629
17.388263,45.833975
17.39173,45.83045
17.392158,45.835397
17.386306,45.831813
17.395441,45.832951
17.391146,45.833406
17.39432,45.833533
17.385872,45.834977
17.391612,45.831791
17.38423,45.828067
17.380078,45.82982
17.379454,45.835673
17.38674,45.828447
17.379743,45.829725
17.382966,45.835124
17.393543,45.834868
17.387693,45.831881
17.392219,45.832012
17.377796,45.832638
17.389762,45.830737
17.377098,45.828701
17.39468,45.835818
17.394801,45.836102
17.387487,45.834421
17.39563,45.835064
17.385473,45.835059
17.389368,45.833842
17.396685,45.832621
17.389527,45.833835
17.395621,45.83383
17.394752,45.827687
17.37523,45.827355
17.38672,45.828871
17.37617,45.828258
17.391674,45.829089
17.393533,45.834778
17.386333,45.831591
17.395368,45.832351
17.380921,45.830781
17.389624,45.830815
17.391004,45.834345
17.384391,45.831857
17.377418,45.828506
17.396007,45.831
17.375602,45.826866
17.384276,45.827689
17.387443,45.834722
17.37852,45.827148
17.381205,45.834952
17.39629,45.836083
17.396144,45.832736
17.389679,45.834682
17.383613,45.829027
17.382559,45.830518
17.384037,45.835048
17.380729,45.830781
17.387081,45.833522
17.383929,45.831092
17.390924,45.835621
17.386914,45.834914
17.399273,45.822831
17.39545,45.833199
17.515852,45.807563
17.856451,45.542359
17.323943,45.862229
17.334204,45.862927
17.586393,45.813835
17.518811,45.808809
17.878378,45.519441
17.341508,45.823688
17.500399,45.802382
17.340368,45.823357
17.394849,45.833381
17.485091,45.795955
17.488707,45.79712
17.147608,45.917569
17.153839,45.918707
17.154196,45.918592
17.143488,45.913903
17.150797,45.919066
17.148132,45.918064
17.147382,45.920744
17.152681,45.918873
17.142483,45.9169
17.14451,45.917991
17.144244,45.915227
17.144273,45.918266
17.14671,45.920907
17.148065,45.919559
17.152438,45.918877
17.150395,45.919146
17.14535,45.917075
17.149177,45.919202
17.143928,45.915098
17.144791,45.918065
17.146641,45.91665
17.143862,45.914804
17.145132,45.9167
17.143843,45.91792
17.146877,45.91688
17.152894,45.918873
17.145099,45.920391
17.144249,45.915506
17.148668,45.918488
17.142659,45.91708
17.147197,45.920701
17.155241,45.917971
17.151347,45.91903
17.145027,45.915389
17.143393,45.914393
17.14408,45.918113
17.145434,45.915508
17.146233,45.919955
17.154874,45.918054
17.145517,45.917319
17.143061,45.913357
17.144452,45.91841
17.143646,45.917791
17.143991,45.917697
17.149483,45.919201
17.143808,45.914313
17.145407,45.920583
17.14754,45.91922
17.148683,45.919329
17.147693,45.91765
17.147645,45.915927
17.142921,45.913114
17.142028,45.916485
17.145567,45.920651
17.148409,45.91817
17.146731,45.916152
17.149981,45.919287
17.152247,45.918863
17.147483,45.920647
17.149934,45.918988
17.147994,45.919816
17.144666,45.918842
17.14351,45.914559
17.142843,45.917288
17.170287,45.928292
17.172506,45.936643
17.165732,45.927525
17.174266,45.93343
17.173031,45.931108
17.174985,45.937408
17.174474,45.93935
17.169841,45.929197
17.169478,45.927777
17.168736,45.927748
17.170246,45.929859
17.174292,45.93357
17.165598,45.92792
17.1707,45.928751
17.17292,45.938347
17.166984,45.927474
17.169587,45.927977
17.170732,45.930711
17.172354,45.936486
17.169514,45.927291
17.16643,45.927529
17.171921,45.932229
17.169738,45.928678
17.174673,45.93486
17.173462,45.931755
17.174799,45.937868
17.173582,45.931948
17.172549,45.935582
17.171683,45.929721
17.173322,45.931404
17.174726,45.934015
17.173738,45.932257
17.172207,45.932636
17.174815,45.935218
17.16827,45.927372
17.17304,45.938565
17.172905,45.930865
17.168846,45.926115
17.16987,45.929343
17.172269,45.936328
17.172485,45.935859
17.174673,45.939685
17.174222,45.934195
17.167211,45.927789
17.172467,45.936137
17.165229,45.927961
17.168011,45.927409
17.172926,45.93765
17.171364,45.929394
17.171203,45.931228
17.172904,45.939534
17.169722,45.928476
17.171833,45.929965
17.169399,45.926304
17.172557,45.935425
17.16662,45.927451
17.172826,45.934445
17.174129,45.933138
17.175156,45.936732
17.172771,45.934825
17.170295,45.929985
17.174702,45.935013
17.173624,45.933441
17.172669,45.930585
17.169611,45.927414
17.167946,45.927846
17.172772,45.934073
17.175098,45.93707
17.167356,45.927462
17.169287,45.926557
17.171305,45.931423
17.169132,45.927315
17.174757,45.938174
17.174693,45.93471
17.175063,45.937232
17.171703,45.929847
17.168141,45.927787
17.172049,45.932939
17.172803,45.933874
17.173488,45.931574
17.17271,45.936836
17.171089,45.931101
17.173797,45.932428
17.169044,45.927097
17.173692,45.932103
17.175058,45.936384
17.170627,45.930575
17.174988,45.937569
17.174908,45.935671
17.172368,45.933009
17.172283,45.932704
17.172894,45.934617
17.172111,45.932481
17.166631,45.927882
17.171982,45.930062
17.174867,45.939417
17.174188,45.939026
17.167759,45.927797
17.173069,45.937877
17.17491,45.937663
17.170188,45.92814
17.171409,45.931559
17.174865,45.935462
17.167017,45.927809
17.172412,45.930327
17.168972,45.926834
17.172458,45.935978
17.166002,45.92787
17.169392,45.926854
17.173908,45.932761
17.172663,45.933591
17.17095,45.930968
17.169892,45.9276
17.1701,45.927962
17.174921,45.937781
17.169815,45.929079
17.172541,45.930465
17.16999,45.929466
17.174208,45.933286
17.167574,45.927925
17.172635,45.935068
17.172807,45.937153
17.173915,45.93262
17.169686,45.927538
17.174978,45.936122
17.172615,45.935246
17.170567,45.930387
17.169922,45.92779
17.172884,45.930727
17.170963,45.928962
17.173915,45.933917
17.170793,45.92888
17.171806,45.932024
17.175074,45.936559
17.173352,45.939699
17.171534,45.929633
17.183892,45.919872
17.189312,45.922413
17.181658,45.918062
17.182696,45.918873
17.182462,45.918257
17.186749,45.92107
17.182911,45.919288
17.183782,45.920399
17.187957,45.921792
17.183233,45.919595
17.191483,45.923847
17.182519,45.918698
17.182539,45.918407
17.189513,45.922955
17.190661,45.923418
17.184535,45.920546
17.183631,45.920366
17.186036,45.92052
17.187636,45.921091
17.181726,45.918304
17.188873,45.922055
17.185051,45.920318
17.187202,45.920955
17.189176,45.922269
17.182811,45.919074
17.1856,45.920482
17.17698,45.918336
17.184299,45.920481
17.181637,45.917937
17.190257,45.923092
17.190975,45.923623
17.18631,45.920519
17.182268,45.919131
17.186668,45.920724
17.188414,45.921706
17.182226,45.91896
17.184133,45.920019
17.188213,45.922005
17.183197,45.919434
17.18234,45.919311
17.183524,45.919764
17.188705,45.921921
17.182091,45.91876
17.18766,45.921562
17.182529,45.919383
17.182001,45.915616
17.182527,45.917609
17.18093,45.908623
17.179022,45.901171
17.180565,45.907274
17.182806,45.91425
17.180749,45.906937
17.180198,45.906071
17.180681,45.909769
17.179786,45.900932
17.17956,45.90508
17.180259,45.903538
17.180551,45.901843
17.181801,45.915532
17.17918,45.901547
17.179649,45.905557
17.183268,45.915431
17.181284,45.909836
17.180297,45.904174
17.180109,45.905662
17.180551,45.907424
17.180759,45.907937
17.178909,45.903942
17.180279,45.903317
17.181799,45.913239
17.177226,45.898775
17.180366,45.903694
17.181492,45.910377
17.18005,45.901368
17.180248,45.904511
17.181557,45.917003
17.181681,45.91078
17.17923,45.899623
17.180442,45.906901
17.179652,45.905786
17.180372,45.903136
17.180562,45.909463
17.182766,45.916983
17.181689,45.91289
17.182044,45.914587
17.181813,45.911209
17.182744,45.91665
17.182651,45.913989
17.177538,45.899553
17.179446,45.90604
17.179363,45.901856
17.179647,45.904821
17.182721,45.915992
17.179894,45.901093
17.177426,45.899015
17.179435,45.906703
17.18013,45.90584
17.180338,45.904625
17.180231,45.908562
17.180716,45.907662
17.182936,45.914371
17.17686,45.898916
17.181029,45.910663
17.180442,45.902924
17.178989,45.90426
17.180208,45.906304
17.183263,45.914663
17.182075,45.915215
17.181783,45.913711
17.180644,45.910255
17.183287,45.91498
17.183078,45.914524
17.182604,45.916412
17.182263,45.912049
17.181012,45.909068
17.183224,45.915106
17.182679,45.916818
17.182667,45.916208
17.17884,45.900827
17.181787,45.916051
17.180302,45.902481
17.181166,45.909237
17.182611,45.912752
17.180355,45.902751
17.181699,45.912703
17.182606,45.913785
17.181954,45.914417
17.182663,45.913408
17.18023,45.902214
17.179487,45.900647
17.182617,45.912584
17.177544,45.899166
17.179727,45.906937
17.180769,45.909975
17.178209,45.899744
17.181516,45.917233
17.17984,45.907593
17.181911,45.913967
17.18148,45.912337
17.180463,45.909175
17.181369,45.912139
17.181715,45.913493
17.180275,45.904879
17.181877,45.915826
17.182145,45.914818
17.179778,45.907253
17.181423,45.916716
17.182626,45.913041
17.180257,45.906442
17.168872,45.889259
17.176015,45.897097
17.173979,45.896128
17.176515,45.898448
17.177118,45.898589
17.176934,45.89843
17.172933,45.895079
17.17459,45.895676
17.171804,45.894422
17.176735,45.898162
17.172095,45.894545
17.17516,45.896604
17.170041,45.890654
17.170311,45.892944
17.17425,45.894676
17.171159,45.893928
17.170554,45.89158
17.175461,45.892535
17.174225,45.896615
17.175888,45.896865
17.175395,45.896192
17.173447,45.892975
17.175684,45.897252
17.171344,45.892179
17.166944,45.886576
17.17332,45.893927
17.173514,45.895309
17.16807,45.888085
17.175114,45.895908
17.176105,45.897904
17.176035,45.897749
17.175577,45.897075
17.170425,45.890834
17.177473,45.897217
17.17084,45.891421
17.170768,45.893506
17.18404,45.949384
17.19049,45.94434
17.169147,45.953684
17.168789,45.954157
17.179972,45.949251
17.177522,45.949461
17.187642,45.945656
17.172539,45.950838
17.181959,45.948081
17.185822,45.945786
17.178959,45.949698
17.169055,45.954094
17.169296,45.953826
17.194349,45.943484
17.18945,45.945016
17.170744,45.952552
17.174421,45.950668
17.173373,45.951103
17.169911,45.953954
17.169188,45.953965
17.181312,45.947999
17.180688,45.948241
17.179727,45.948871
17.172034,45.952015
17.18536,45.945954
17.194955,45.943888
17.195102,45.943373
17.172487,45.951484
17.187027,45.94548
17.188913,45.94483
17.176024,45.950478
17.176545,45.950381
17.18917,45.944774
17.183426,45.948303
17.170111,45.953636
17.17192,45.951439
17.179589,45.949457
17.166474,45.956061
17.175303,45.950516
17.179789,45.949366
17.175773,45.950465
17.170438,45.953418
17.183969,45.949164
17.184864,45.946458
17.18937,45.94471
17.168638,45.95472
17.174023,45.950811
17.182979,45.947429
17.175565,45.950504
17.188125,45.945498
17.18133,45.94851
17.189886,45.944947
17.195333,45.94334
17.183286,45.948044
17.181817,45.948137
17.168837,45.95462
17.183449,45.948501
17.17855,45.949856
17.178881,45.949309
17.169969,45.953766
17.169562,45.954164
17.172308,45.951089
17.177976,45.950008
17.166481,45.956278
17.183192,45.947887
17.183037,45.947713
17.182879,45.946879
17.177665,45.95016
17.180785,45.948838
17.186468,45.946014
17.17416,45.950681
17.166846,45.955111
17.193653,45.943628
17.180401,45.949097
17.178779,45.949732
17.18018,45.949121
17.186381,45.945655
17.169677,45.953569
17.171832,45.952075
17.16715,45.955422
17.173275,45.950574
17.185215,45.94632
17.16746,45.955235
17.18671,45.945888
17.184807,45.946105
17.1723,45.951624
17.186134,45.945718
17.185635,45.946239
17.177077,45.950244
17.167851,45.955065
17.170243,45.953561
17.193957,45.943881
17.184209,45.949582
17.166286,45.955408
17.171727,45.951581
17.185902,45.946109
17.182655,45.947125
17.18836,45.944868
17.187252,45.945773
17.194441,45.943893
17.175084,45.950157
17.167662,45.955184
17.187851,45.94521
17.177255,45.950215
17.171599,45.952263
17.181542,45.947872
17.172037,45.95127
17.174154,45.95025
17.179212,45.949665
17.179437,45.949568
17.18798,45.944855
17.188379,45.945401
17.172116,45.951768
17.187436,45.945709
17.176397,45.950375
17.170318,45.952886
17.173912,45.951164
17.175436,45.950096
17.210835,45.930802
17.212395,45.931385
17.204476,45.924942
17.209079,45.926941
17.209004,45.928408
17.210718,45.923665
17.208647,45.920632
17.21392,45.93177
17.210602,45.930788
17.213999,45.93146
17.212605,45.931356
17.214426,45.931616
17.210013,45.9274
17.200896,45.924853
17.210969,45.925702
17.213709,45.93138
17.209071,45.927808
17.208028,45.918863
17.208547,45.915767
17.21297,45.931445
17.213194,45.931157
17.209102,45.926698
17.209727,45.93002
17.210715,45.924683
17.205406,45.925392
17.209093,45.927599
17.20893,45.925586
17.208944,45.92452
17.208788,45.921182
17.213437,45.931285
17.209,45.928141
17.210719,45.924001
17.199181,45.924842
17.211568,45.931083
17.212556,45.931039
17.208721,45.920962
17.215092,45.931767
17.208823,45.929603
17.208406,45.918
17.208875,45.928841
17.209987,45.927896
17.205568,45.92541
17.208657,45.930157
17.209452,45.922691
17.210859,45.925104
17.209192,45.922344
17.207353,45.925225
17.208533,45.924654
17.21013,45.927091
17.207763,45.916649
17.201049,45.92454
17.206497,45.925233
17.214899,45.932093
17.208507,45.930749
17.208733,45.929872
17.20831,45.921184
17.207975,45.919492
17.209798,45.928877
17.210862,45.925242
17.210681,45.926254
17.208559,45.91983
17.208962,45.928506
17.209905,45.928424
17.209165,45.92619
17.211269,45.930658
17.208695,45.929734
17.208063,45.920329
17.20831,45.924755
17.208937,45.922844
17.209661,45.923194
17.208059,45.918717
17.201064,45.924907
17.207639,45.916309
17.214686,45.931559
17.20897,45.92872
17.208879,45.929237
17.208744,45.929377
17.208914,45.928967
17.208638,45.930385
17.210712,45.923829
17.200022,45.924849
17.205876,45.924928
17.210918,45.925356
17.209865,45.928077
17.215361,45.931971
17.210086,45.92659
17.210047,45.926774
17.208346,45.921355
17.208838,45.925028
17.213477,45.931649
17.207748,45.916134
17.207888,45.919996
17.214428,45.931905
17.201347,45.924582
17.214221,45.931578
17.208539,45.918794
17.206333,45.924941
17.206859,45.925219
17.208721,45.927177
17.210019,45.927613
17.206621,45.925233
17.20814,45.920209
17.208258,45.92088
17.209979,45.927758
17.209513,45.92301
17.210087,45.926651
17.205169,45.924988
17.212921,45.931131
17.211044,45.925871
17.209774,45.923451
17.200229,45.924867
17.208296,45.921018
17.208741,45.920011
17.20879,45.930731
17.210147,45.926937
17.199501,45.924799
17.199745,45.924815
17.207849,45.916968
17.199798,45.924471
17.206147,45.924966
17.205545,45.924965
17.208108,45.924856
17.209965,45.928742
17.201563,45.924971
17.214866,45.9317
17.208224,45.916619
17.209853,45.929
17.210684,45.924534
17.209002,45.926312
17.201302,45.924881
17.210782,45.92487
17.207366,45.913635
17.208931,45.925429
17.207729,45.916461
17.208711,45.92457
17.208502,45.921884
17.209767,45.929651
17.210434,45.926414
17.208784,45.929112
17.209086,45.927468
17.209568,45.930652
17.210724,45.923543
17.210923,45.930479
17.208568,45.919576
17.2093,45.922516
17.206118,45.925314
17.209056,45.921981
17.208254,45.916383
17.207958,45.918334
17.208487,45.91851
17.209108,45.926452
17.210161,45.927247
17.207973,45.919814
17.209772,45.929416
17.209107,45.925988
17.206874,45.924919
17.208037,45.91905
17.209122,45.922163
17.209747,45.92984
17.210655,45.923431
17.207826,45.917606
17.212694,45.930854
17.208582,45.918895
17.208384,45.917744
17.206694,45.924921
17.200273,45.924512
17.209859,45.92827
17.208277,45.916811
17.209009,45.925793
17.213205,45.931514
17.214676,45.932053
17.208225,45.916486
17.200646,45.924529
17.214204,45.931848
17.205859,45.925341
17.212129,45.931198
17.19895,45.924462
17.210045,45.930598
17.211839,45.931142
17.204746,45.924952
17.210957,45.925547
17.208403,45.921678
17.208314,45.917575
17.202091,45.925065
17.209772,45.929524
17.205013,45.925392
17.212273,45.930956
17.199261,45.924488
17.214087,45.931826
17.20853,45.919304
17.209042,45.927951
17.210704,45.923119
17.312382,45.858968
17.312183,45.859053
17.296693,45.934309
17.292305,45.92671
17.292753,45.925791
17.297617,45.93664
17.282636,45.925495
17.291691,45.925499
17.292826,45.925284
17.292004,45.92561
17.292022,45.925764
17.292761,45.925412
17.292118,45.925873
17.292816,45.925553
17.292162,45.926188
17.292918,45.925928
17.292234,45.926292
17.292872,45.926063
17.292804,45.926176
17.2928,45.926289
17.292823,45.92641
17.292377,45.926807
17.292856,45.926536
17.292445,45.926947
17.293065,45.926798
17.292485,45.927062
17.293004,45.926921
17.292576,45.927179
17.292556,45.927334
17.29262,45.927471
17.293094,45.927309
17.292655,45.927592
17.292648,45.927739
17.293216,45.92757
17.292683,45.92785
17.293315,45.927699
17.29283,45.927945
17.293326,45.927818
17.292859,45.928088
17.293324,45.927948
17.292895,45.928196
17.293552,45.92807
17.292941,45.928332
17.293496,45.928183
17.292905,45.928477
17.293531,45.928341
17.292925,45.928603
17.293626,45.928455
17.293046,45.928719
17.293564,45.92859
17.293157,45.928823
17.293678,45.928709
17.293693,45.928858
17.2932,45.929092
17.293785,45.92897
17.293243,45.929207
17.293853,45.929115
17.2933,45.929338
17.293905,45.929239
17.29404,45.929366
17.293409,45.929585
17.293892,45.92949
17.293441,45.929714
17.294023,45.929621
17.293385,45.929837
17.293994,45.929748
17.293483,45.929982
17.294201,45.929914
17.293567,45.930115
17.293696,45.930282
17.294154,45.93011
17.293692,45.930441
17.2942,45.930251
17.293786,45.930609
17.294306,45.930388
17.293902,45.930746
17.294405,45.930523
17.2941,45.930901
17.294545,45.930657
17.294829,45.932313
17.294943,45.93261
17.294795,45.930862
17.295478,45.934803
17.294865,45.931208
17.295529,45.935066
17.29513,45.931573
17.295701,45.935437
17.296271,45.932572
17.296326,45.932751
17.296369,45.933073
17.296724,45.934456
17.29684,45.934597
17.296963,45.934789
17.296904,45.93495
17.297019,45.935302
17.297075,45.935456
17.297131,45.935612
17.2971,45.9357
17.297285,45.935895
17.297288,45.936144
17.297364,45.936321
17.297486,45.936482
17.291118,45.924979
17.290731,45.925082
17.289722,45.925713
17.289609,45.925193
17.28931,45.925146
17.289017,45.925629
17.289061,45.925251
17.288825,45.925638
17.288843,45.925261
17.28864,45.925637
17.288618,45.925227
17.288391,45.925723
17.288381,45.925275
17.288109,45.925704
17.288174,45.925323
17.287926,45.925705
17.287762,45.925776
17.287552,45.925767
17.287439,45.925289
17.287364,45.925807
17.286997,45.9254
17.287045,45.925814
17.286801,45.925462
17.286585,45.925443
17.286757,45.925829
17.282575,45.924678
17.286398,45.92546
17.286163,45.925484
17.28599,45.925466
17.286183,45.925851
17.285798,45.925471
17.285956,45.925879
17.28557,45.925512
17.28575,45.925875
17.285387,45.925536
17.285576,45.925892
17.285377,45.926036
17.285136,45.925568
17.285022,45.925969
17.284804,45.925997
17.284603,45.925571
17.284503,45.925984
17.284292,45.925676
17.283414,45.926125
17.283622,45.925736
17.283189,45.925749
17.283008,45.925796
17.283001,45.925281
17.282902,45.925138
17.28298,45.924911
17.282998,45.924538
17.282993,45.923847
17.282965,45.923494
17.282495,45.92391
17.282609,45.924295
17.282478,45.924996
17.282551,45.925155
17.282563,45.925322
17.282671,45.925649
17.2826,45.925758
17.282534,45.925887
17.27613,45.92681
17.275752,45.926887
17.275675,45.926909
17.292732,45.925024
17.285293,45.925559
17.292348,45.925395
17.292688,45.916195
17.29373,45.918587
17.292633,45.915684
17.292753,45.918659
17.292724,45.917778
17.29244,45.923116
17.293209,45.923097
17.292348,45.923641
17.292958,45.924913
17.293552,45.920758
17.294336,45.920816
17.29411,45.921013
17.292705,45.921043
17.292785,45.921168
17.293573,45.921414
17.293538,45.92155
17.292712,45.921467
17.293472,45.921675
17.29272,45.921585
17.293458,45.921801
17.292793,45.92171
17.293443,45.921928
17.292734,45.921827
17.292713,45.921966
17.293659,45.922225
17.292681,45.922089
17.292675,45.922233
17.293375,45.922452
17.292603,45.922366
17.293253,45.922572
17.292618,45.922479
17.293257,45.922706
17.29249,45.922605
17.292424,45.922755
17.292391,45.922882
17.293206,45.923234
17.292473,45.922996
17.29329,45.92337
17.293049,45.923474
17.292342,45.923255
17.293037,45.923549
17.292279,45.923376
17.29303,45.92374
17.292283,45.923536
17.292956,45.923848
17.292906,45.924126
17.292236,45.923905
17.292846,45.92425
17.29219,45.924018
17.292838,45.924384
17.291959,45.924168
17.29213,45.924381
17.292813,45.924727
17.292129,45.924549
17.292019,45.924707
17.289782,45.924956
17.292724,45.918376
17.292739,45.920516
17.292686,45.917551
17.295907,45.919783
17.292675,45.916373
17.292726,45.919706
17.293199,45.916918
17.294938,45.918642
17.293427,45.919275
17.292703,45.919448
17.295646,45.919909
17.29459,45.920587
17.292616,45.916707
17.292561,45.914398
17.293177,45.91712
17.294766,45.920507
17.29323,45.917381
17.292731,45.9189
17.29269,45.919031
17.293274,45.916146
17.292707,45.917034
17.293279,45.916
17.293553,45.920187
17.292569,45.918541
17.296137,45.9192
17.293968,45.919868
17.293494,45.920051
17.293431,45.91968
17.295499,45.918728
17.292764,45.919846
17.292682,45.914711
17.292713,45.91535
17.294554,45.918696
17.292755,45.920393
17.298256,45.918425
17.298174,45.918537
17.297652,45.918838
17.293335,45.916275
17.297862,45.91865
17.292772,45.91999
17.297366,45.918934
17.294415,45.920657
17.29488,45.920407
17.293228,45.916565
17.298422,45.918368
17.295064,45.920224
17.295288,45.920164
17.297854,45.918753
17.293437,45.919418
17.292749,45.917992
17.292771,45.920111
17.296428,45.919071
17.292757,45.919169
17.295207,45.918709
17.29335,45.91458
17.296133,45.919633
17.292523,45.915162
17.292692,45.916434
17.296835,45.9188
17.293428,45.919565
17.296616,45.918985
17.296304,45.919529
17.293498,45.91029
17.324045,45.946232
17.314046,45.940906
17.313758,45.941215
17.319746,45.93555
17.320281,45.946421
17.323174,45.948269
17.318879,45.934448
17.319543,45.935948
17.324242,45.941661
17.325446,45.945163
17.31464,45.940605
17.323483,45.947827
17.319263,45.934901
17.316022,45.94258
17.339777,45.935408
17.315637,45.948941
17.317797,45.932856
17.311966,45.941912
17.313046,45.941543
17.324205,45.946031
17.316284,45.949082
17.322767,45.948837
17.326886,45.950376
17.32192,45.948441
17.326883,45.943326
17.320963,45.93727
17.324528,45.942726
17.315627,45.942665
17.310861,45.942202
17.324335,45.942442
17.34123,45.934941
17.307018,45.949384
17.325568,45.944137
17.323529,45.94067
17.311652,45.941984
17.324217,45.942319
17.322429,45.948403
17.314188,45.941566
17.343117,45.934196
17.325611,45.944941
17.307609,45.94897
17.316212,45.93956
17.315926,45.949021
17.32236,45.949254
17.323694,45.946736
17.324094,45.947067
17.31057,45.942287
17.315043,45.942176
17.322514,45.949019
17.316685,45.94317
17.319892,45.935827
17.323632,45.947687
17.323881,45.947389
17.343681,45.933985
17.314195,45.941789
17.304827,45.951999
17.326029,45.944026
17.318888,45.945763
17.323322,45.940358
17.322768,45.947991
17.327772,45.950808
17.316816,45.943847
17.325892,45.942032
17.324309,45.946751
17.323349,45.948025
17.314421,45.941765
17.316552,45.943738
17.323391,45.947154
17.312873,45.941651
17.320611,45.947303
17.325935,45.944512
17.316804,45.949094
17.326358,45.94189
17.320872,45.937057
17.320383,45.936505
17.323885,45.946429
17.32472,45.942313
17.319614,45.946427
17.327062,45.943944
17.305119,45.951428
17.316357,45.942816
17.326129,45.944281
17.325415,45.943267
17.318189,45.945122
17.32507,45.943468
17.314723,45.940457
17.324689,45.943001
17.318669,45.945557
17.316204,45.942699
17.315923,45.943064
17.314961,45.940339
17.319612,45.935401
17.324069,45.941323
17.317191,45.932869
17.221104,45.888964
17.227911,45.891778
17.219746,45.888674
17.219971,45.888167
17.226913,45.890558
17.22158,45.889441
17.224089,45.890619
17.225856,45.889202
17.228092,45.892088
17.22551,45.88873
17.222728,45.889911
17.220685,45.889131
17.219049,45.887365
17.221259,45.889049
17.226504,45.890085
17.219542,45.887744
17.227865,45.891379
17.221072,45.889272
17.218916,45.887761
17.226706,45.890225
17.228816,45.89295
17.220072,45.888283
17.222621,45.889422
17.228445,45.892529
17.219032,45.887816
17.220889,45.888901
17.220227,45.888998
17.226796,45.890399
17.219108,45.88798
17.222908,45.889967
17.219916,45.8888
17.219449,45.888403
17.219309,45.888262
17.219241,45.887554
17.227106,45.890881
17.22579,45.889019
17.219553,45.888445
17.221774,45.889471
17.218587,45.887473
17.219315,45.887653
17.229156,45.893287
17.220737,45.888795
17.223799,45.890381
17.219837,45.888052
17.220273,45.888496
17.228014,45.891902
17.219599,45.888671
17.221252,45.889337
17.216781,45.87935
17.217897,45.886054
17.217673,45.885366
17.217937,45.883829
17.217154,45.882458
17.218121,45.88527
17.217956,45.886212
17.214384,45.885814
17.218595,45.886333
17.217529,45.885023
17.215038,45.885632
17.217718,45.885572
17.21832,45.886783
17.218284,45.885676
17.2189,45.887142
17.21742,45.884239
17.218402,45.885935
17.216856,45.887183
17.21793,45.884379
17.218784,45.886811
17.215993,45.886764
17.217927,45.884555
17.214706,45.885379
17.218029,45.88494
17.214499,45.885272
17.215917,45.880788
17.21813,45.885569
17.217863,45.886467
17.217592,45.88458
17.217848,45.885896
17.218327,45.885807
17.217491,45.884835
17.21759,45.88577
17.395255,45.832014
17.194596,45.891829
17.200735,45.900762
17.193685,45.887548
17.19258,45.88715
17.197583,45.896913
17.193798,45.889714
17.192358,45.885818
17.198357,45.898321
17.19423,45.891873
17.196692,45.899016
17.195125,45.897786
17.194698,45.892042
17.192465,45.886233
17.19671,45.896534
17.19348,45.890469
17.192584,45.88667
17.192708,45.887858
17.194777,45.894832
17.194344,45.892092
17.197937,45.89823
17.193714,45.889532
17.194187,45.891553
17.196863,45.896639
17.194408,45.894578
17.197317,45.898744
17.19357,45.890597
17.192795,45.888364
17.183229,45.890404
17.195745,45.894253
17.192428,45.886076
17.193886,45.89092
17.192521,45.886455
17.195427,45.894393
17.196593,45.89581
17.195117,45.893831
17.199184,45.899541
17.199856,45.900296
17.197532,45.897406
17.19807,45.897534
17.196468,45.895694
17.199642,45.89989
17.198047,45.898444
17.19477,45.89475
17.196307,45.895565
17.19465,45.89153
17.194331,45.891074
17.197409,45.896745
17.195211,45.89296
17.199455,45.89977
17.194747,45.895125
17.19431,45.891976
17.194833,45.89783
17.197895,45.897303
17.192632,45.887424
17.210428,45.891778
17.206529,45.890916
17.192768,45.888116
17.198514,45.89853
17.194957,45.892475
17.194205,45.888297
17.200111,45.900492
17.195493,45.895486
17.193516,45.889837
17.20267,45.901127
17.197184,45.8961
17.196973,45.898891
17.193546,45.889116
17.206119,45.885169
17.20686,45.88389
17.203602,45.884447
17.199953,45.89972
17.194385,45.892222
17.200333,45.900209
17.19599,45.895727
17.192772,45.887989
17.192678,45.88771
17.198287,45.898125
17.196759,45.895983
17.19595,45.899285
17.192923,45.885907
17.194515,45.892443
17.199353,45.899228
17.192631,45.887569
17.19329,45.889582
17.197164,45.896916
17.194206,45.890605
17.195348,45.893125
17.195323,45.894097
17.19658,45.8963
17.198299,45.898721
17.200128,45.900725
17.194204,45.893717
17.193436,45.890256
17.19318,45.889475
17.193528,45.889294
17.195,45.893371
17.192598,45.886913
17.194396,45.892344
17.20015,45.900003
17.195505,45.893484
17.192589,45.887296
17.194589,45.89467
17.197174,45.89646
17.198948,45.898879
17.196149,45.897598
17.193908,45.889814
17.200105,45.89988
17.193445,45.888581
17.194075,45.890268
17.199166,45.899064
17.194471,45.89136
17.192363,45.885438
17.194192,45.890763
17.196124,45.895877
17.195777,45.897667
17.191676,45.877656
17.191984,45.881831
17.192209,45.884479
17.200973,45.884036
17.200413,45.883646
17.192211,45.884688
17.192039,45.882255
17.192744,45.885197
17.192203,45.885061
17.192624,45.884929
17.192213,45.88418
17.192223,45.884369
17.191494,45.882178
17.191465,45.881007
17.19182,45.88065
17.191419,45.880346
17.191891,45.880047
17.190952,45.875883
17.191487,45.874469
17.192484,45.875131
17.191418,45.880058
17.19196,45.880281
17.200762,45.971189
17.201226,45.963182
17.202111,45.9647
17.201591,45.970956
17.200512,45.970818
17.205134,45.967926
17.197476,45.969167
17.202703,45.967353
17.203163,45.969827
17.202288,45.96548
17.208619,45.966547
17.209832,45.966512
17.201013,45.967533
17.2028,45.96801
17.192003,45.968964
17.202475,45.968187
17.204082,45.968746
17.193566,45.968854
17.208398,45.967226
17.200243,45.97115
17.202145,45.966727
17.197775,45.968932
17.20613,45.967742
17.202288,45.965336
17.200149,45.966292
17.209546,45.966936
17.203107,45.970113
17.196521,45.968219
17.20102,45.971062
17.190713,45.969052
17.202197,45.966914
17.208694,45.966887
17.201671,45.970574
17.198156,45.969841
17.19864,45.969688
17.20354,45.969539
17.198282,45.96939
17.208259,45.966488
17.191487,45.968995
17.198098,45.969196
17.202379,45.967823
17.207545,45.967435
17.20976,45.966849
17.192298,45.968937
17.202491,45.968377
17.200477,45.966106
17.194485,45.965297
17.198786,45.969902
17.190363,45.969077
17.196915,45.968532
17.203023,45.968661
17.202858,45.970201
17.197432,45.971674
17.194501,45.968819
17.207219,45.967449
17.195049,45.968369
17.198565,45.971537
17.196756,45.97182
17.195088,45.966439
17.205125,45.96664
17.195865,45.968384
17.204382,45.968469
17.193171,45.968491
17.193146,45.968888
17.19583,45.967621
17.201274,45.971053
17.208631,45.966137
17.205025,45.968437
17.191464,45.968579
17.200742,45.962868
17.197829,45.969515
17.194546,45.965432
17.198034,45.96967
17.197502,45.968711
17.202129,45.967661
17.194714,45.966061
17.202629,45.97047
17.198477,45.969569
17.198347,45.971571
17.1992,45.971345
17.200706,45.965973
17.196695,45.968148
17.206414,45.967685
17.20477,45.966122
17.189092,45.96916
17.204597,45.968697
17.202503,45.968633
17.194925,45.966141
17.195204,45.966715
17.194473,45.965581
17.205939,45.967488
17.196117,45.967548
17.202263,45.970707
17.195969,45.96864
17.204236,45.968979
17.208835,45.967113
17.202281,45.968062
17.206531,45.967626
17.203968,45.969206
17.207932,45.967353
17.201956,45.964401
17.197636,45.968431
17.201721,45.967452
17.202318,45.966312
17.195602,45.968367
17.208255,45.966325
17.198735,45.970569
17.196207,45.968324
17.198889,45.970076
17.197473,45.971408
17.20292,45.969576
17.200778,45.962566
17.198007,45.971687
17.192864,45.968893
17.204194,45.968601
17.194884,45.968719
17.203724,45.969438
17.202132,45.964902
17.208229,45.966145
17.195343,45.966873
17.200549,45.962455
17.202252,45.965072
17.198442,45.970191
17.191744,45.969104
17.199796,45.971259
17.196477,45.97189
17.201759,45.963985
17.199963,45.971352
17.20229,45.966119
17.201453,45.963564
17.19562,45.967411
17.206668,45.96755
17.205651,45.967607
17.203301,45.969305
17.204811,45.968543
17.204114,45.969096
17.196853,45.968123
17.205469,45.968144
17.19516,45.968369
17.200674,45.970803
17.193032,45.968455
17.208271,45.966594
17.201733,45.970921
17.199041,45.971423
17.206173,45.96738
17.2082,45.965544
17.194355,45.965176
17.208577,45.966314
17.20343,45.969127
17.208335,45.966956
17.208259,45.966744
17.195392,45.968332
17.207367,45.965675
17.196179,45.968663
17.195435,45.967073
17.198352,45.969998
17.202142,45.967377
17.208258,45.965819
17.195488,45.968742
17.201282,45.970712
17.194249,45.965001
17.195719,45.968741
17.209028,45.967052
17.195574,45.96728
17.205706,45.967961
17.20555,45.96809
17.20208,45.970374
17.20544,45.967581
17.198556,45.970262
17.201788,45.964162
17.202218,45.9702
17.202721,45.970331
17.193836,45.968478
17.203285,45.965471
17.202006,45.966634
17.194963,45.9663
17.20237,45.968989
17.203322,45.969711
17.204491,45.968892
17.387762,45.819485
17.211289,45.947594
17.344273,45.827053
17.433575,45.816878
17.439501,45.797421
17.921158,45.502924
17.908176,45.527289
17.686892,45.705212
17.707401,45.6947
17.713733,45.696432
17.70426,45.701992
17.700754,45.705817
17.716946,45.697613
17.697592,45.696664
17.234647,45.937836
17.688796,45.704944
17.68362,45.705687
17.679761,45.706059
17.679169,45.706277
17.676902,45.708332
17.684153,45.705877
17.674944,45.697594
17.698149,45.695509
17.722733,45.72334
17.722763,45.723419
17.707076,45.703627
17.680535,45.695633
17.706357,45.704843
17.728814,45.689979
17.698671,45.707022
17.699216,45.707362
17.706792,45.693169
17.677421,45.697925
17.707793,45.702801
17.68168,45.701234
17.681876,45.700774
17.711575,45.701798
17.712303,45.701529
17.68768,45.706619
17.688076,45.70713
17.687378,45.706001
17.688175,45.707364
17.688281,45.707466
17.688821,45.70833
17.688408,45.707675
17.688619,45.708005
17.689319,45.708417
17.692103,45.77195
17.69317,45.70239
17.713903,45.69279
17.697956,45.699016
17.232371,45.945807
17.691567,45.718288
17.694978,45.703735
17.695292,45.704054
17.695412,45.70417
17.696691,45.704993
17.696606,45.704951
17.697802,45.713634
17.23361,45.943794
17.232659,45.95306
17.223735,45.939955
17.702464,45.716317
17.703453,45.711306
17.715662,45.722652
17.228842,45.945539
17.228022,45.96075
17.686554,45.700258
17.69606,45.70103
17.717031,45.694703
17.713045,45.699336
17.233976,45.945129
17.234907,45.944422
17.68572,45.701072
17.688642,45.709151
17.234735,45.941147
17.235351,45.940849
17.235121,45.940542
17.235133,45.939866
17.234712,45.940695
17.234677,45.940544
17.234409,45.938419
17.234327,45.938276
17.234782,45.938179
17.238841,45.957759
17.238962,45.958012
17.239293,45.957622
17.239336,45.957844
17.239633,45.958593
17.239813,45.959324
17.239083,45.958442
17.239534,45.958384
17.656469,45.724131
17.710005,45.696283
17.708149,45.70984
17.713362,45.698184
17.713385,45.698319
17.714182,45.698908
17.713981,45.699243
17.714104,45.699373
17.714394,45.699153
17.707202,45.703841
17.699412,45.700295
17.698845,45.700243
17.695284,45.701246
17.697365,45.700667
17.697146,45.700622
17.696894,45.700798
17.696737,45.700851
17.696391,45.700943
17.696209,45.701004
17.699479,45.700496
17.699054,45.700617
17.698727,45.700711
17.698133,45.700885
17.697802,45.701043
17.697201,45.701274
17.696601,45.701307
17.69931,45.700572
17.698286,45.700822
17.696456,45.701409
17.699988,45.700363
17.69968,45.699374
17.699204,45.698478
17.699937,45.700926
17.699506,45.699008
17.69932,45.698783
17.698673,45.69721
17.69854,45.696883
17.708539,45.703323
17.707924,45.703317
17.707929,45.703081
17.679066,45.706086
17.678084,45.703331
17.677857,45.703907
17.684294,45.702148
17.684075,45.702224
17.683938,45.702477
17.684847,45.701748
17.684512,45.701769
17.683612,45.703125
17.684525,45.702346
17.683292,45.702196
17.683008,45.702626
17.683347,45.702698
17.705284,45.693069
17.682941,45.702045
17.684017,45.701817
17.684334,45.701463
17.702805,45.702045
17.70468,45.70397
17.705341,45.704451
17.703775,45.703316
17.70337,45.702275
17.703604,45.702561
17.7042,45.703284
17.704867,45.703969
17.704956,45.704253
17.706114,45.693466
17.706019,45.693386
17.704785,45.693041
17.704128,45.692928
17.703914,45.692485
17.703767,45.692264
17.702093,45.690057
17.705324,45.693554
17.701212,45.691124
17.701529,45.691496
17.702448,45.691947
17.702957,45.69227
17.706386,45.693705
17.69383,45.703169
17.71598,45.697608
17.699815,45.70206
17.699611,45.702097
17.698364,45.702267
17.693523,45.703568
17.697003,45.702508
17.696696,45.702596
17.696545,45.702618
17.696453,45.702634
17.697376,45.702397
17.697195,45.702427
17.697214,45.702553
17.696039,45.702756
17.694984,45.702993
17.695227,45.702936
17.69309,45.703562
17.691925,45.704134
17.691219,45.70429
17.690664,45.70444
17.690179,45.704582
17.683246,45.705743
17.686432,45.70529
17.685896,45.705361
17.686613,45.705269
17.684383,45.70555
17.683888,45.705578
17.682629,45.705805
17.682445,45.705773
17.681617,45.705887
17.682781,45.705732
17.681325,45.705982
17.681172,45.705994
17.680992,45.706031
17.68203,45.705853
17.680059,45.706126
17.680677,45.706104
17.679088,45.706538
17.67852,45.706985
17.678639,45.70687
17.678414,45.707092
17.675652,45.709664
17.678076,45.707412
17.677703,45.707623
17.675822,45.709465
17.676653,45.70865
17.676348,45.70901
17.676084,45.709144
17.674977,45.7101
17.683301,45.706011
17.683429,45.705987
17.674488,45.710515
17.674446,45.710746
17.677251,45.708666
17.674943,45.710773
17.675052,45.710674
17.676177,45.70964
17.677204,45.708892
17.677923,45.708222
17.676886,45.708993
17.68136,45.706333
17.681578,45.706256
17.68193,45.706233
17.682058,45.706164
17.682208,45.706178
17.689792,45.705033
17.683679,45.705972
17.684599,45.705847
17.686054,45.705656
17.685428,45.705704
17.686611,45.705585
17.688554,45.705466
17.688718,45.705432
17.690294,45.70484
17.690611,45.704768
17.693388,45.704071
17.69428,45.703667
17.693759,45.70393
17.234583,45.944662
17.613908,45.738158
17.712426,45.701295
17.712251,45.701355
17.688104,45.706115
17.689415,45.708552
17.696136,45.705149
17.695603,45.704336
17.695853,45.704551
17.22907,45.946044
17.228897,45.945896
17.228507,45.945773
17.235672,45.942101
17.235212,45.943405
17.234538,45.94377
17.235166,45.942465
17.234901,45.942065
17.234637,45.939749
17.23517,45.940181
17.695444,45.690557
17.23608,45.953941
17.702119,45.704217
17.670584,45.714023
17.668353,45.716728
17.670308,45.714491
17.696014,45.698574
17.681046,45.693672
17.693771,45.695849
17.697335,45.703051
17.698401,45.70278
17.699154,45.702484
17.69928,45.702499
17.699364,45.702459
17.698833,45.702498
17.717889,45.698234
17.717712,45.698496
17.693561,45.705094
17.71633,45.698787
17.716167,45.698633
17.715886,45.698731
17.716399,45.698958
17.717468,45.69817
17.717433,45.698117
17.694717,45.704795
17.716835,45.698172
17.693768,45.705031
17.693284,45.705168
17.69303,45.705237
17.706385,45.704073
17.705904,45.704409
17.676715,45.704189
17.715944,45.69805
17.716193,45.697532
17.715492,45.698143
17.71676,45.697684
17.717382,45.697565
17.717605,45.69758
17.718505,45.697677
17.717042,45.697258
17.713967,45.698273
17.715316,45.697801
17.714201,45.698198
17.714534,45.71007
17.71487,45.710363
17.715227,45.710671
17.715826,45.710062
17.708204,45.693221
17.70823,45.693583
17.708695,45.693437
17.708171,45.692846
17.708178,45.69304
17.728193,45.689149
17.709429,45.693779
17.710529,45.693444
17.710487,45.693128
17.709991,45.693046
17.70943,45.692916
17.676658,45.697957
17.679017,45.698126
17.677097,45.698833
17.672254,45.697271
17.67028,45.69692
17.676916,45.698874
17.674299,45.698545
17.673226,45.697655
17.676154,45.698944
17.677279,45.698803
17.676774,45.698855
17.676502,45.699373
17.674466,45.69867
17.711886,45.701481
17.711216,45.701942
17.711688,45.701549
17.689087,45.707882
17.688671,45.707169
17.688597,45.707076
17.687984,45.706012
17.687844,45.705869
17.68819,45.706271
17.720552,45.689386
17.695052,45.704111
17.685299,45.696773
17.220833,45.962512
17.215058,45.961528
17.214566,45.964437
17.221347,45.962302
17.219938,45.962479
17.220639,45.96216
17.218599,45.963064
17.215879,45.964131
17.212194,45.966033
17.214776,45.959041
17.214622,45.960164
17.213907,45.956594
17.235802,45.950133
17.228857,45.946572
17.227754,45.950515
17.227052,45.950791
17.229209,45.949548
17.231304,45.947304
17.23238,45.950047
17.214954,45.950922
17.231172,45.946693
17.231042,45.951878
17.231411,45.946943
17.230697,45.950033
17.230307,45.949977
17.233194,45.949706
17.224318,45.950119
17.217204,45.966397
17.215124,45.964143
17.21326,45.965292
17.216464,45.964252
17.215382,45.964012
17.214382,45.96009
17.212536,45.95451
17.21793,45.963347
17.214326,45.959582
17.221389,45.961934
17.215205,45.961817
17.213534,45.9557
17.216311,45.964307
17.216489,45.963306
17.21266,45.954987
17.212729,45.955364
17.216672,45.963519
17.21719,45.957414
17.215407,45.960943
17.213497,45.964279
17.215287,45.963837
17.219239,45.963188
17.216664,45.963084
17.218192,45.957007
17.218498,45.956905
17.213461,45.957053
17.213528,45.957241
17.215757,45.96182
17.212807,45.965779
17.214336,45.964746
17.214516,45.958411
17.216055,45.964421
17.213264,45.956781
17.213263,45.965509
17.220264,45.956035
17.2152,45.961943
17.215897,45.964479
17.213347,45.955321
17.211663,45.966056
17.21921,45.955527
17.214375,45.958084
17.215814,45.962648
17.218107,45.963639
17.212027,45.965843
17.216646,45.964337
17.214007,45.956912
17.214201,45.959259
17.214101,45.965122
17.21907,45.962842
17.215572,45.961474
17.218161,45.957476
17.215631,45.962416
17.21811,45.966393
17.217534,45.966156
17.217829,45.966007
17.217119,45.96627
17.217615,45.965722
17.216996,45.965737
17.216809,45.965237
17.217245,45.964907
17.217241,45.964805
17.216868,45.964573
17.214767,45.960613
17.21517,45.963617
17.218691,45.956844
17.214495,45.964672
17.218985,45.955413
17.214875,45.964166
17.218337,45.963526
17.218859,45.957151
17.214961,45.959712
17.221133,45.95711
17.213783,45.956353
17.215331,45.96085
17.216545,45.963429
17.21608,45.962866
17.214392,45.965182
17.214976,45.961228
17.216728,45.963872
17.220331,45.962258
17.213056,45.964666
17.220635,45.956861
17.213281,45.964287
17.213273,45.956668
17.215148,45.96039
17.216205,45.964373
17.213457,45.964551
17.213047,45.955893
17.212406,45.953783
17.216597,45.963931
17.213207,45.954823
17.217992,45.963725
17.215476,45.962305
17.218364,45.955
17.215186,45.96468
17.213231,45.956447
17.212008,45.966148
17.217554,45.963841
17.214718,45.964433
17.215535,45.963782
17.214196,45.964812
17.220775,45.956934
17.215666,45.961718
17.216984,45.965546
17.217345,45.964113
17.214672,45.964611
17.213979,45.964471
17.216906,45.965396
17.227261,45.948792
17.223046,45.949909
17.230504,45.949942
17.235743,45.952293
17.223975,45.949705
17.231492,45.948447
17.230983,45.948421
17.222762,45.949598
17.229322,45.948523
17.218351,45.950702
17.229508,45.94879
17.232432,45.946902
17.225501,45.950729
17.227023,45.948855
17.231757,45.947799
17.232685,45.951126
17.231892,45.948436
17.228527,45.949022
17.233271,45.948838
17.230903,45.950048
17.222509,45.950083
17.230695,45.946172
17.236117,45.949451
17.229777,45.948497
17.21465,45.951965
17.234245,45.951227
17.213874,45.951242
17.232171,45.947224
17.217711,45.950333
17.233208,45.951667
17.223278,45.949495
17.217939,45.950396
17.22218,45.949729
17.231731,45.946247
17.22902,45.948889
17.231924,45.94857
17.221463,45.949894
17.227656,45.949653
17.232455,45.946469
17.232739,45.949788
17.218443,45.950328
17.212087,45.950031
17.223747,45.949719
17.221899,45.950853
17.229231,45.947176
17.228008,45.949911
17.226048,45.948924
17.232396,45.951151
17.228669,45.948953
17.23218,45.947402
17.230312,45.946285
17.226536,45.949288
17.217529,45.950741
17.226524,45.94886
17.230839,45.94638
17.231723,45.947137
17.225078,45.949936
17.227658,45.950183
17.231229,45.947241
17.230558,45.946567
17.229896,45.947514
17.226221,45.949765
17.226417,45.950197
17.232162,45.947556
17.229107,45.946219
17.225043,45.949099
17.226444,45.94977
17.232234,45.948054
17.233194,45.951474
17.231653,45.948541
17.226071,45.949809
17.229958,45.949635
17.2324,45.950384
17.228495,45.948632
17.221102,45.949931
17.226973,45.949194
17.221578,45.950262
17.219974,45.950504
17.224644,45.950434
17.223651,45.94939
17.221599,45.949881
17.22034,45.950462
17.230153,45.949642
17.226703,45.949232
17.232205,45.947054
17.232631,45.949403
17.226923,45.95012
17.217073,45.95074
17.231448,45.947397
17.23197,45.949563
17.224045,45.95022
17.231554,45.949945
17.223451,45.949802
17.224147,45.949641
17.233931,45.949828
17.227839,45.949633
17.231491,45.949721
17.220944,45.949968
17.224921,45.949483
17.221987,45.949748
17.231308,45.950348
17.219605,45.950577
17.231021,45.948013
17.232533,45.946732
17.219556,45.95021
17.232361,45.950612
17.229159,45.949937
17.221047,45.95037
17.228873,45.948618
17.220852,45.951205
17.22295,45.950014
17.223921,45.949341
17.229058,45.94849
17.228307,45.951024
17.235152,45.947314
17.235236,45.948011
17.235251,45.948111
17.225592,45.951044
17.235395,45.948733
17.236008,45.948829
17.227726,45.95108
17.225945,45.950363
17.227786,45.950699
17.227651,45.949982
17.230599,45.950467
17.230048,45.950513
17.228783,45.946368
17.229275,45.946794
17.225299,45.949431
17.235227,45.950764
17.235885,45.94823
17.231082,45.946602
17.226218,45.948907
17.229902,45.94986
17.689139,45.707643
17.223703,45.939486
17.680252,45.706434
17.697527,45.693571
17.691604,45.700342
17.711416,45.695383
17.694236,45.69416
17.708426,45.701776
17.695155,45.707723
17.233725,45.959092
17.708664,45.693643
17.716057,45.706911
17.713397,45.697534
17.224436,45.959591
17.228443,45.943288
17.230069,45.956058
17.681595,45.699056
17.704178,45.698645
17.730587,45.726863
17.723805,45.72393
17.697291,45.693486
17.712052,45.700795
17.689237,45.708988
17.702708,45.691703
17.716627,45.695491
17.225302,45.940924
17.608289,45.740533
17.704598,45.702715
17.705157,45.690475
17.664775,45.720802
17.687962,45.697351
17.607051,45.740567
17.707222,45.694548
17.703657,45.710999
17.690957,45.721919
17.724759,45.72379
17.713995,45.700124
17.684444,45.699197
17.708664,45.700581
17.720349,45.68959
17.681911,45.697385
17.681276,45.697504
17.227889,45.956983
17.709177,45.711611
17.693713,45.692167
17.7165,45.707111
17.700797,45.70534
17.70019,45.705505
17.708155,45.703846
17.708033,45.713838
17.696831,45.707314
17.697325,45.698817
17.693081,45.7077
17.692524,45.706701
17.696407,45.707396
17.674135,45.711695
17.704564,45.711091
17.71546,45.695968
17.612296,45.738935
17.717422,45.694892
17.727719,45.691705
17.715282,45.716207
17.692716,45.695472
17.726994,45.691333
17.236795,45.943851
17.681594,45.701006
17.692714,45.70705
17.692295,45.711054
17.68721,45.699918
17.657189,45.729639
17.710788,45.697354
17.701659,45.704139
17.70286,45.699794
17.241035,45.942914
17.682279,45.702521
17.722327,45.722564
17.234905,45.938542
17.691935,45.700105
17.70059,45.702522
17.674127,45.706225
17.684734,45.700843
17.661402,45.721302
17.71498,45.696096
17.22511,45.941246
17.225883,45.957359
17.672436,45.713211
17.231105,45.955355
17.224328,45.940037
17.705758,45.708803
17.703436,45.698168
17.23695,45.940256
17.721907,45.694394
17.668576,45.716034
17.724959,45.723874
17.691195,45.696291
17.711539,45.700969
17.67654,45.706424
17.690761,45.732795
17.711087,45.701118
17.698056,45.697102
17.659146,45.722384
17.239174,45.957159
17.724106,45.692577
17.228445,45.94458
17.704107,45.703189
17.689325,45.769412
17.230393,45.955481
17.225932,45.961055
17.702443,45.698974
17.673023,45.707154
17.609677,45.739807
17.687109,45.701352
17.689319,45.705123
17.704976,45.710843
17.639755,45.734142
17.706974,45.701894
17.684258,45.699137
17.718239,45.693221
17.644444,45.722581
17.701454,45.698344
17.679725,45.701648
17.712684,45.704452
17.706793,45.708574
17.691849,45.697193
17.675777,45.706804
17.224579,45.940772
17.720498,45.695985
17.718508,45.698601
17.684127,45.700716
17.6838,45.700942
17.652937,45.720958
17.71672,45.695774
17.706191,45.695673
17.721518,45.694627
17.70475,45.694922
17.691811,45.700876
17.706776,45.710065
17.706339,45.710426
17.712004,45.696571
17.688876,45.700523
17.711287,45.696818
17.709084,45.697785
17.680847,45.691233
17.694719,45.707828
17.224939,45.958944
17.706799,45.710295
17.692721,45.708027
17.224098,45.940365
17.686968,45.701287
17.63824,45.732303
17.693939,45.698771
17.720084,45.721276
17.659169,45.722881
17.68816,45.702646
17.691363,45.72678
17.238751,45.956307
17.689522,45.703924
17.692328,45.713193
17.68389,45.698645
17.705129,45.690331
17.710848,45.712234
17.697929,45.696334
17.695661,45.702862
17.706584,45.703886
17.713236,45.700379
17.697817,45.702339
17.692062,45.773752
17.671044,45.714509
17.702566,45.711323
17.702303,45.704463
17.713983,45.699768
17.71166,45.697831
17.227699,45.943123
17.237299,45.943265
17.2405,45.948944
17.681226,45.700642
17.710366,45.698332
17.684163,45.698599
17.711763,45.696974
17.69309,45.70783
17.606039,45.740899
17.707779,45.698674
17.59847,45.745269
17.709064,45.69439
17.23057,45.955422
17.719012,45.722307
17.716662,45.69641
17.598737,45.745859
17.720561,45.695183
17.691873,45.715196
17.714481,45.696223
17.691983,45.69699
17.691047,45.718348
17.719695,45.695861
17.238287,45.955822
17.672771,45.712911
17.228844,45.945728
17.707787,45.697008
17.690642,45.708866
17.658215,45.723358
17.705813,45.702278
17.709141,45.700713
17.692465,45.712559
17.714859,45.699821
17.719842,45.695017
17.223846,45.958049
17.719461,45.720774
17.69844,45.707672
17.226955,45.95748
17.70609,45.702174
17.681032,45.699044
17.709495,45.701679
17.667562,45.708582
17.700809,45.697329
17.705336,45.708066
17.690866,45.771118
17.673795,45.698343
17.711389,45.694751
17.658032,45.729322
17.717423,45.722836
17.67416,45.706117
17.691738,45.715779
17.641065,45.736583
17.686393,45.694113
17.689344,45.702703
17.728188,45.691615
17.668773,45.715868
17.692273,45.708128
17.224432,45.958681
17.22376,45.961577
17.680462,45.689134
17.705661,45.692571
17.707638,45.694896
17.697916,45.697158
17.710995,45.693607
17.711528,45.697062
17.711881,45.713989
17.728143,45.689036
17.685765,45.696748
17.717757,45.693631
17.703199,45.707758
17.665146,45.719143
17.697219,45.693316
17.690266,45.698143
17.721153,45.695216
17.686616,45.701599
17.691106,45.696138
17.714795,45.695294
17.71004,45.69659
17.691489,45.70125
17.691366,45.726413
17.705232,45.695782
17.655277,45.725194
17.240223,45.949019
17.689954,45.702267
17.666683,45.717495
17.68088,45.694244
17.671766,45.712922
17.724573,45.698535
17.611289,45.739567
17.691495,45.721327
17.692145,45.705932
17.609085,45.740294
17.708188,45.697461
17.22503,45.940668
17.716126,45.723021
17.23805,45.956344
17.720001,45.722543
17.222595,45.957432
17.694198,45.708106
17.691498,45.724539
17.712641,45.696692
17.227324,45.957457
17.717987,45.696364
17.238095,45.943207
17.683491,45.706152
17.232568,45.953246
17.713768,45.700198
17.6935,45.698477
17.691709,45.715924
17.691306,45.701775
17.691521,45.719146
17.660224,45.722476
17.690772,45.730373
17.720232,45.720625
17.691959,45.708534
17.606697,45.741414
17.719637,45.690928
17.717858,45.695159
17.59899,45.745702
17.710448,45.712939
17.694643,45.69924
17.680535,45.689736
17.711044,45.700761
17.697947,45.695648
17.723594,45.698473
17.656094,45.727382
17.225768,45.958025
17.636877,45.725679
17.690865,45.704393
17.691466,45.724893
17.692421,45.707484
17.233814,45.945195
17.682785,45.702254
17.690652,45.773556
17.704231,45.695708
17.716248,45.699348
17.68289,45.700523
17.712308,45.697944
17.611487,45.739195
17.674288,45.711559
17.694769,45.707501
17.683069,45.700202
17.688514,45.694737
17.236981,45.954117
17.725547,45.692795
17.706866,45.70366
17.726441,45.724648
17.683964,45.703009
17.228901,45.956594
17.689498,45.701674
17.693654,45.700681
17.237025,45.961227
17.70511,45.701959
17.71803,45.691796
17.698396,45.694021
17.691213,45.70871
17.239143,45.943367
17.687046,45.696316
17.688527,45.696277
17.687589,45.702153
17.697944,45.707046
17.723789,45.723299
17.690406,45.692276
17.721335,45.688669
17.224977,45.941133
17.717397,45.693938
17.694693,45.700879
17.24206,45.948441
17.656024,45.727789
17.690906,45.701708
17.66031,45.72236
17.714629,45.699902
17.708818,45.711268
17.686493,45.698796
17.706852,45.701814
17.701011,45.698923
17.667299,45.717158
17.69572,45.69184
17.722944,45.698967
17.658357,45.722763
17.718675,45.692702
17.717236,45.722886
17.699376,45.697598
17.701935,45.703597
17.229547,45.956265
17.692943,45.702883
17.707982,45.695223
17.708112,45.697518
17.237498,45.954812
17.697781,45.699708
17.67375,45.703955
17.710622,45.699915
17.69479,45.773252
17.6909,45.72277
17.22296,45.961538
17.69473,45.705973
17.690943,45.696539
17.693206,45.697897
17.709072,45.713096
17.68463,45.699255
17.715971,45.717596
17.717603,45.698337
17.702671,45.704813
17.709275,45.701449
17.706399,45.703661
17.690592,45.696169
17.704621,45.695996
17.707826,45.704019
17.725132,45.723991
17.234913,45.943294
17.706285,45.702351
17.231393,45.954403
17.673802,45.711977
17.716893,45.695021
17.693493,45.696426
17.223879,45.939578
17.650706,45.724862
17.715587,45.71092
17.715922,45.694136
17.692267,45.707142
17.716938,45.722914
17.704946,45.710617
17.71789,45.694737
17.656906,45.725081
17.691615,45.717982
17.65394,45.724688
17.701997,45.704006
17.704959,45.703726
17.225245,45.958574
17.230096,45.945644
17.708645,45.699011
17.705285,45.703598
17.681058,45.697625
17.235621,45.943787
17.702858,45.699387
17.694406,45.699458
17.713615,45.697487
17.654228,45.725127
17.67379,45.706615
17.235709,45.944118
17.709475,45.711016
17.706477,45.6924
17.706305,45.693445
17.706635,45.692846
17.712841,45.697407
17.712402,45.695466
17.676382,45.706442
17.686434,45.694002
17.680191,45.69827
17.716809,45.698617
17.690834,45.729178
17.68948,45.695287
17.653813,45.723362
17.725978,45.724418
17.221737,45.961611
17.715948,45.695848
17.70423,45.69797
17.681947,45.705249
17.656742,45.72636
17.711676,45.695687
17.692882,45.69746
17.706024,45.691461
17.715209,45.694913
17.691951,45.712607
17.225156,45.957956
17.691668,45.716052
17.223509,45.95832
17.712239,45.696496
17.689691,45.701809
17.714105,45.696012
17.71303,45.707883
17.223832,45.940065
17.598294,45.745003
17.708975,45.700771
17.610789,45.739775
17.644148,45.722627
17.693537,45.773468
17.720481,45.697429
17.693461,45.69535
17.684289,45.701097
17.671812,45.697235
17.703456,45.70638
17.237314,45.958185
17.677397,45.706598
17.607717,45.740373
17.223426,45.960511
17.695974,45.692186
17.715716,45.706687
17.693457,45.707849
17.725229,45.698274
17.713781,45.697426
17.682224,45.700926
17.224759,45.940955
17.233119,45.9451
17.692208,45.713778
17.23548,45.959166
17.656574,45.727435
17.715321,45.696767
17.690108,45.708659
17.687374,45.699937
17.72142,45.697485
17.693085,45.697731
17.679621,45.704091
17.695503,45.701229
17.228147,45.957318
17.693002,45.707602
17.713659,45.699774
17.669432,45.712807
17.70364,45.706523
17.241965,45.948816
17.709113,45.702765
17.701937,45.698503
17.686191,45.703387
17.707811,45.701939
17.723671,45.698745
17.225431,45.958373
17.238656,45.956186
17.231486,45.959608
17.715594,45.70638
17.699664,45.704025
17.682296,45.699727
17.637302,45.725555
17.699628,45.697184
17.226346,45.957344
17.649821,45.724784
17.692852,45.693505
17.728236,45.691187
17.70347,45.698686
17.713892,45.714931
17.694678,45.705177
17.690928,45.723689
17.697793,45.69878
17.645163,45.722781
17.222225,45.961506
17.69435,45.707633
17.685665,45.699953
17.714258,45.696274
17.715274,45.698755
17.703336,45.711079
17.709975,45.697366
17.705414,45.69086
17.68955,45.708884
17.692654,45.70694
17.696267,45.707598
17.723718,45.69384
17.709406,45.696568
17.671415,45.708242
17.685496,45.699411
17.717999,45.718703
17.711237,45.698374
17.653858,45.725092
17.710995,45.697263
17.656561,45.727538
17.689248,45.708003
17.679381,45.701543
17.658766,45.722616
17.693449,45.692257
17.223295,45.960614
17.239419,45.957367
17.702289,45.705651
17.692515,45.697469
17.691881,45.772377
17.706379,45.697341
17.701759,45.698472
17.660866,45.722054
17.698131,45.700066
17.688859,45.703887
17.710448,45.71147
17.682813,45.7001
17.714737,45.696917
17.652818,45.724628
17.703072,45.708255
17.680297,45.6965
17.713842,45.696072
17.235458,45.953033
17.695779,45.690938
17.716415,45.695104
17.709447,45.713433
17.708788,45.699332
17.693835,45.700626
17.686784,45.695729
17.713205,45.699947
17.694304,45.692608
17.692756,45.695008
17.710535,45.700958
17.717842,45.693987
17.714273,45.695362
17.23289,45.94414
17.706251,45.707624
17.23391,45.937208
17.664717,45.719429
17.716246,45.717883
17.688801,45.709115
17.689034,45.772384
17.727839,45.725426
17.68079,45.70103
17.707981,45.695823
17.223963,45.961558
17.701272,45.697726
17.666612,45.717577
17.680869,45.691623
17.702833,45.705283
17.712028,45.69478
17.697783,45.707062
17.689233,45.695188
17.661012,45.721314
17.674016,45.705559
17.651554,45.724942
17.223185,45.961905
17.720177,45.693042
17.687561,45.694529
17.231638,45.95468
17.691803,45.713207
17.69447,45.70524
17.713673,45.705423
17.719348,45.69806
17.691628,45.718885
17.673438,45.712308
17.223697,45.957989
17.710397,45.69708
17.720816,45.689177
17.237998,45.95557
17.720108,45.695217
17.706473,45.696518
17.684866,45.696838
17.727417,45.691659
17.717825,45.718429
17.70948,45.698701
17.723059,45.693567
17.681442,45.70046
17.674836,45.706619
17.686798,45.695542
17.671396,45.714134
17.677226,45.706359
17.715286,45.71605
17.71365,45.700247
17.710948,45.713169
17.706574,45.697292
17.240083,45.943237
17.716349,45.695109
17.640139,45.72445
17.70871,45.696188
17.706396,45.710185
17.710448,45.698969
17.223176,45.958146
17.651784,45.724577
17.680969,45.693814
17.691543,45.719354
17.22672,45.942867
17.711853,45.699749
17.711048,45.71246
17.680012,45.701105
17.726183,45.724514
17.707131,45.701988
17.692287,45.693883
17.230753,45.955153
17.702327,45.704171
17.684231,45.696659
17.232714,45.946056
17.60747,45.740451
17.720148,45.689795
17.225671,45.941781
17.69223,45.710827
17.666437,45.722205
17.692494,45.702877
17.22612,45.942172
17.721954,45.699172
17.674386,45.71143
17.691533,45.723375
17.713333,45.698985
17.691828,45.706335
17.693029,45.702513
17.713082,45.700444
17.651264,45.724559
17.705973,45.697376
17.692796,45.711121
17.713767,45.705546
17.712513,45.695734
17.704823,45.692423
17.692966,45.709647
17.694072,45.700964
17.6889,45.708447
17.706071,45.710518
17.71941,45.695958
17.719165,45.71975
17.685531,45.699841
17.725774,45.69266
17.713931,45.695121
17.713684,45.695142
17.703755,45.710971
17.706133,45.703277
17.692976,45.697504
17.659827,45.718233
17.242845,45.948834
17.243049,45.948434
17.710826,45.699838
17.696901,45.701384
17.70482,45.70343
17.701098,45.702978
17.7079,45.695187
17.227206,45.957534
17.715975,45.696903
17.686549,45.696226
17.658056,45.723413
17.698333,45.693867
17.693752,45.695673
17.720917,45.689046
17.226199,45.942313
17.718552,45.708431
17.69485,45.70123
17.702846,45.690786
17.2257,45.958173
17.698872,45.697749
17.23451,45.959132
17.237664,45.95799
17.704263,45.695083
17.695558,45.707636
17.692509,45.69467
17.706682,45.697431
17.692815,45.710579
17.231939,45.953801
17.638604,45.732159
17.714327,45.694608
17.712464,45.697864
17.656097,45.726986
17.692925,45.707372
17.653614,45.725045
17.663101,45.720443
17.720263,45.720436
17.707912,45.701945
17.683989,45.700706
17.708988,45.695264
17.708344,45.694921
17.70303,45.706092
17.714244,45.696993
17.714617,45.705987
17.673208,45.711636
17.705791,45.691235
17.699416,45.707696
17.708043,45.699656
17.714887,45.715894
17.720994,45.699418
17.712258,45.695111
17.223144,45.939442
17.691568,45.717507
17.226889,45.957158
17.694525,45.707579
17.693135,45.708788
17.238288,45.956517
17.690976,45.719943
17.692272,45.713364
17.669794,45.713032
17.71344,45.69371
17.693562,45.700838
17.711075,45.69975
17.670086,45.714689
17.711521,45.69988
17.715692,45.694275
17.690707,45.693275
17.710966,45.712358
17.70506,45.698468
17.697966,45.699785
17.70789,45.698534
17.691948,45.701859
17.720324,45.695316
17.713801,45.695473
17.720403,45.699611
17.225502,45.961183
17.236489,45.953691
17.703364,45.687992
17.233011,45.945801
17.227619,45.957017
17.694208,45.691384
17.71759,45.696455
17.719159,45.698125
17.708303,45.692477
17.229413,45.956392
17.720651,45.720961
17.716195,45.693051
17.692147,45.702868
17.694083,45.700733
17.694134,45.697517
17.692913,45.690854
17.678912,45.707478
17.678149,45.706291
17.222377,45.960987
17.709201,45.694388
17.720454,45.689483
17.692226,45.71117
17.689131,45.694605
17.701676,45.702999
17.702989,45.691808
17.701127,45.703573
17.704781,45.702939
17.701111,45.704434
17.70612,45.704964
17.716166,45.695123
17.72314,45.69861
17.691974,45.714704
17.68833,45.697394
17.720939,45.722038
17.686115,45.701419
17.700388,45.700234
17.691489,45.693307
17.708774,45.69589
17.695514,45.702374
17.691519,45.771272
17.689186,45.702666
17.224216,45.961811
17.69135,45.705394
17.701919,45.699471
17.687737,45.701449
17.718259,45.70826
17.69521,45.707387
17.71501,45.715956
17.680604,45.700705
17.233977,45.958774
17.71106,45.696905
17.229629,45.945128
17.693054,45.773208
17.638737,45.726786
17.709767,45.697494
17.709377,45.700639
17.695764,45.707612
17.692604,45.709457
17.72242,45.723195
17.236947,45.958774
17.70528,45.697014
17.708649,45.701691
17.690915,45.724399
17.707237,45.692782
17.652116,45.724616
17.657792,45.729401
17.7191,45.719612
17.674093,45.705729
17.713492,45.69985
17.718435,45.708331
17.237553,45.954923
17.712967,45.696286
17.717906,45.691628
17.225707,45.941292
17.698419,45.711858
17.706659,45.714227
17.691299,45.715444
17.705651,45.695669
17.680624,45.69005
17.710728,45.695222
17.708785,45.696982
17.69278,45.710756
17.652715,45.725068
17.239317,45.943341
17.68594,45.700166
17.714322,45.694314
17.707599,45.697058
17.709021,45.697203
17.233548,45.944944
17.709729,45.695274
17.691887,45.71285
17.716307,45.716213
17.663671,45.720662
17.712284,45.697479
17.705577,45.710699
17.712664,45.694039
17.690893,45.726336
17.702645,45.699755
17.720967,45.721341
17.687747,45.696486
17.702131,45.70512
17.695383,45.701998
17.704486,45.689461
17.661394,45.721745
17.680694,45.69045
17.650625,45.724498
17.721122,45.694835
17.686348,45.696469
17.607644,45.740788
17.231037,45.954782
17.708844,45.703491
17.689058,45.691338
17.232491,45.944549
17.707365,45.693516
17.710171,45.694384
17.681374,45.69874
17.718669,45.693896
17.692798,45.697309
17.665098,45.710017
17.706155,45.702156
17.679703,45.701307
17.687861,45.708761
17.238907,45.956794
17.719693,45.720976
17.691379,45.696573
17.69066,45.701647
17.720243,45.699651
17.707155,45.69228
17.691654,45.713973
17.240372,45.948645
17.688918,45.774212
17.71042,45.694686
17.692019,45.705737
17.72402,45.698709
17.72735,45.691147
17.236195,45.943994
17.716087,45.695145
17.692181,45.697259
17.676069,45.706319
17.693681,45.773064
17.229791,45.960197
17.705161,45.694862
17.657648,45.723933
17.695532,45.695931
17.712727,45.713808
17.714112,45.69738
17.694314,45.700929
17.690002,45.7019
17.71778,45.696025
17.691956,45.702871
17.661483,45.721962
17.713153,45.695626
17.705239,45.703281
17.710202,45.701087
17.717162,45.695762
17.696881,45.695162
17.656935,45.724848
17.692185,45.71159
17.707558,45.713986
17.726307,45.692359
17.230559,45.956167
17.673741,45.704205
17.695978,45.707552
17.728036,45.725574
17.659976,45.721968
17.704071,45.711115
17.686443,45.701555
17.725562,45.698216
17.655965,45.725278
17.706072,45.69982
17.678361,45.707633
17.720691,45.695476
17.695699,45.772679
17.70776,45.699762
17.719366,45.720653
17.680278,45.696335
17.722606,45.722561
17.677757,45.706306
17.710186,45.700064
17.657557,45.724063
17.672527,45.707458
17.69282,45.702506
17.706995,45.708778
17.715349,45.70644
17.713609,45.698631
17.712291,45.699337
17.683789,45.705652
17.720479,45.695246
17.670853,45.714684
17.67871,45.706285
17.711121,45.695847
17.654817,45.724793
17.225073,45.958135
17.705172,45.71098
17.692153,45.701914
17.692554,45.706838
17.694553,45.700058
17.699835,45.703993
17.676142,45.706756
17.650325,45.724836
17.685648,45.698512
17.689755,45.702835
17.692682,45.71129
17.661753,45.721087
17.686247,45.701535
17.221797,45.957392
17.71134,45.712666
17.7141,45.696343
17.713229,45.695825
17.704135,45.695312
17.684,45.700994
17.683843,45.700536
17.702335,45.704735
17.710853,45.698507
17.241213,45.942921
17.644706,45.721602
17.244832,45.948725
17.713889,45.694391
17.687132,45.696107
17.6935,45.708165
17.671273,45.697269
17.69739,45.695341
17.710476,45.695237
17.702992,45.711181
17.703619,45.705977
17.652401,45.724986
17.672936,45.712767
17.709834,45.699056
17.691104,45.701133
17.69385,45.7009
17.713431,45.692921
17.711645,45.696007
17.703332,45.699232
17.715429,45.694324
17.692629,45.707791
17.2456,45.948603
17.230671,45.959621
17.708718,45.695786
17.680911,45.698893
17.661731,45.721702
17.717264,45.694952
17.227459,45.943619
17.680271,45.700929
17.713608,45.694431
17.724427,45.723586
17.227709,45.960501
17.696635,45.707391
17.672723,45.707368
17.692278,45.707269
17.705024,45.705422
17.705672,45.702087
17.711453,45.713704
17.699707,45.700247
17.675108,45.706606
17.719497,45.697682
17.685083,45.70355
17.677972,45.706261
17.70959,45.701282
17.704881,45.702538
17.679361,45.706819
17.715311,45.697074
17.710184,45.700354
17.693932,45.698924
17.703886,45.702165
17.69061,45.727452
17.690874,45.72655
17.721063,45.696907
17.237175,45.955304
17.60677,45.740648
17.229645,45.945674
17.235004,45.959167
17.70221,45.698488
17.601155,45.744393
17.710254,45.695222
17.229581,45.942975
17.598234,45.744761
17.71743,45.698966
17.688594,45.694825
17.691615,45.725251
17.704477,45.689241
17.7153,45.699323
17.658584,45.72271
17.237925,45.955371
17.707069,45.709992
17.7097,45.711202
17.698309,45.700407
17.711204,45.712561
17.700478,45.700444
17.68521,45.69612
17.705037,45.69892
17.237105,45.96145
17.693929,45.708023
17.700401,45.688342
17.715853,45.693876
17.704436,45.68975
17.711607,45.696718
17.238472,45.957029
17.710701,45.700886
17.707006,45.713718
17.235492,45.953488
17.712165,45.697986
17.223685,45.960428
17.700637,45.704188
17.695407,45.707716
17.636687,45.729658
17.6889,45.772648
17.703738,45.701765
17.69111,45.701741
17.692848,45.707262
17.717433,45.707739
17.692202,45.711487
17.693444,45.698425
17.703527,45.698983
17.698181,45.698542
17.235845,45.943709
17.690953,45.72297
17.723008,45.69376
17.691487,45.771458
17.691122,45.702689
17.700693,45.700669
17.707132,45.714085
17.242612,45.94075
17.692252,45.697057
17.708888,45.697872
17.686671,45.698915
17.711727,45.71299
17.699424,45.696843
17.694462,45.692636
17.704117,45.710116
17.226713,45.942241
17.242588,45.948828
17.236612,45.960361
17.716944,45.71769
17.233483,45.95878
17.607025,45.740895
17.716849,45.717591
17.717987,45.69651
17.717949,45.691709
17.69514,45.772846
17.698366,45.6998
17.222699,45.957902
17.710687,45.694692
17.696699,45.69589
17.688699,45.70055
17.702452,45.705434
17.698748,45.704222
17.700739,45.704482
17.237709,45.955846
17.689937,45.773656
17.698926,45.698446
17.241572,45.942809
17.720537,45.721724
17.709374,45.711775
17.650783,45.724448
17.691951,45.706584
17.690151,45.703168
17.654647,45.724737
17.706808,45.693303
17.723393,45.723105
17.651392,45.724918
17.230651,45.955952
17.691561,45.718163
17.705575,45.702563
17.711144,45.696134
17.710091,45.698805
17.226339,45.961376
17.697604,45.696881
17.687632,45.699907
17.696503,45.692625
17.697782,45.693138
17.236725,45.954694
17.710753,45.712103
17.692434,45.702511
17.654349,45.724736
17.668986,45.715667
17.6568,45.726472
17.65951,45.729159
17.709341,45.710886
17.70875,45.696613
17.702889,45.699143
17.2368,45.943498
17.716951,45.696331
17.693468,45.705507
17.711733,45.698163
17.686659,45.699705
17.721317,45.721597
17.717102,45.693817
17.685309,45.698989
17.692384,45.70842
17.695451,45.772819
17.680126,45.696773
17.704311,45.695775
17.695682,45.690777
17.229135,45.945757
17.712284,45.700295
17.713597,45.705382
17.719165,45.695047
17.656137,45.72956
17.700937,45.69861
17.720634,45.722413
17.666354,45.718538
17.709389,45.696942
17.712955,45.694749
17.680956,45.69338
17.688529,45.70788
17.239976,45.948655
17.655396,45.725217
17.241414,45.942874
17.705734,45.710616
17.705977,45.701361
17.69408,45.694161
17.715132,45.694392
17.712982,45.700025
17.711607,45.699565
17.707581,45.703686
17.689725,45.703939
17.708663,45.71106
17.707248,45.701627
17.69176,45.715655
17.689603,45.698508
17.224796,45.959601
17.657982,45.723563
17.659575,45.722175
17.675499,45.706526
17.695229,45.707703
17.695042,45.701439
17.238778,45.956565
17.704094,45.69138
17.668967,45.716439
17.705879,45.701718
17.227718,45.957404
17.653154,45.724628
17.715725,45.694861
17.659587,45.722655
17.713458,45.699204
17.711216,45.700694
17.717997,45.719436
17.234096,45.959094
17.599478,45.745411
17.657023,45.728228
17.231518,45.954298
17.718379,45.692287
17.716212,45.695852
17.681087,45.692549
17.22769,45.943672
17.702058,45.703874
17.706216,45.710465
17.693803,45.698629
17.723124,45.723558
17.707933,45.698196
17.610013,45.740032
17.722279,45.689419
17.718489,45.694061
17.697945,45.693017
17.703985,45.710914
17.709579,45.702897
17.688223,45.701492
17.695674,45.707151
17.697603,45.699244
17.707583,45.698014
17.695451,45.707337
17.704657,45.702825
17.708224,45.700734
17.711794,45.700478
17.688559,45.701513
17.224281,45.958604
17.707291,45.692971
17.236689,45.958617
17.712694,45.69742
17.705485,45.723861
17.664615,45.720778
17.69298,45.773552
17.707094,45.701531
17.707847,45.694028
17.711928,45.713198
17.698067,45.699963
17.703026,45.705409
17.228637,45.96057
17.722673,45.698743
17.717236,45.717942
17.654708,45.727025
17.639195,45.734053
17.70478,45.707046
17.72838,45.69109
17.706669,45.704682
17.658752,45.723091
17.640363,45.724233
17.719916,45.709241
17.227493,45.96064
17.71279,45.695914
17.690786,45.731905
17.667552,45.716931
17.713521,45.700309
17.715215,45.69604
17.715057,45.706124
17.659585,45.718928
17.701852,45.69897
17.611561,45.739521
17.712144,45.697613
17.695796,45.692451
17.705582,45.701831
17.609049,45.739994
17.698485,45.694317
17.718317,45.695129
17.690962,45.72231
17.688298,45.701876
17.637778,45.730591
17.705733,45.692148
17.711062,45.701553
17.692657,45.70918
17.71276,45.695864
17.708803,45.700838
17.719439,45.694318
17.71228,45.694478
17.707192,45.694396
17.703098,45.6992
17.692061,45.771793
17.677507,45.706246
17.695988,45.690457
17.691521,45.696736
17.686458,45.699962
17.686491,45.702931
17.692331,45.70154
17.693445,45.696361
17.686011,45.699536
17.679286,45.697159
17.605361,45.74092
17.711901,45.700849
17.656897,45.726199
17.670567,45.713407
17.223227,45.960836
17.237674,45.943652
17.716102,45.717755
17.691507,45.769933
17.720236,45.697465
17.718425,45.695886
17.656901,45.725331
17.692034,45.714408
17.680493,45.698628
17.659907,45.722079
17.670183,45.713274
17.709949,45.694356
17.658389,45.723281
17.712637,45.697799
17.683042,45.702995
17.714052,45.705676
17.686694,45.699808
17.705256,45.692457
17.655939,45.728295
17.691792,45.705413
17.698346,45.69971
17.228107,45.944156
17.691464,45.722478
17.709709,45.701207
17.223934,45.9397
17.707464,45.696533
17.692064,45.696725
17.709946,45.695261
17.71332,45.699912
17.236374,45.943936
17.235819,45.9537
17.70544,45.695495
17.690823,45.729841
17.705749,45.703088
17.701434,45.703904
17.693655,45.692002
17.683888,45.703152
17.22996,45.96016
17.713171,45.699044
17.699489,45.704073
17.721131,45.721422
17.662607,45.721157
17.663235,45.72027
17.227423,45.943333
17.693286,45.704204
17.235176,45.95917
17.717426,45.694097
17.662426,45.721241
17.713763,45.714641
17.710606,45.697084
17.225932,45.961474
17.236635,45.943903
17.726017,45.692523
17.708257,45.69548
17.715076,45.723209
17.608725,45.743188
17.721726,45.688283
17.688982,45.709043
17.699805,45.699711
17.714842,45.695806
17.221822,45.957077
17.711356,45.712754
17.707274,45.71016
17.718362,45.698072
17.705704,45.702133
17.704429,45.697914
17.712649,45.699479
17.223079,45.960354
17.232025,45.958868
17.232685,45.953735
17.711399,45.696087
17.718977,45.697822
17.702245,45.70525
17.708395,45.702903
17.684088,45.699065
17.695218,45.70275
17.699992,45.706517
17.70703,45.700415
17.239647,45.949051
17.702896,45.711462
17.686477,45.705723
17.707944,45.697322
17.229641,45.945788
17.701185,45.698149
17.709037,45.701844
17.23005,45.942226
17.689004,45.702006
17.714917,45.697964
17.723611,45.72323
17.708456,45.700662
17.712251,45.699651
17.232461,45.958842
17.690869,45.727077
17.22993,45.945991
17.692536,45.693609
17.638094,45.732173
17.706862,45.697336
17.703346,45.699616
17.695129,45.70253
17.71845,45.693109
17.719949,45.693146
17.703639,45.698136
17.639288,45.734488
17.69628,45.70303
17.225528,45.941107
17.226674,45.9427
17.226684,45.957602
17.669554,45.708683
17.704138,45.710858
17.722851,45.694246
17.692299,45.713683
17.708381,45.699592
17.694335,45.700656
17.718973,45.69818
17.691424,45.696647
17.658344,45.728593
17.22648,45.942548
17.708195,45.694162
17.723117,45.722961
17.690985,45.721669
17.707622,45.695979
17.710663,45.698213
17.707492,45.696087
17.689841,45.709001
17.69263,45.711765
17.688884,45.708708
17.691066,45.715959
17.713536,45.698463
17.720945,45.69041
17.704735,45.710678
17.705583,45.703146
17.690691,45.728618
17.708357,45.697356
17.645089,45.721824
17.70734,45.702095
17.705179,45.710547
17.691444,45.723493
17.230823,45.955831
17.644211,45.722244
17.717776,45.722904
17.718232,45.719633
17.705406,45.703208
17.240924,45.948936
17.599616,45.745319
17.690262,45.774106
17.709941,45.693706
17.69134,45.696355
17.691671,45.713806
17.707003,45.70451
17.694511,45.70485
17.697608,45.701036
17.684383,45.705851
17.689709,45.692535
17.660995,45.721962
17.693817,45.700969
17.708969,45.71141
17.708816,45.701925
17.71309,45.697297
17.691792,45.772201
17.242321,45.948471
17.684485,45.706038
17.694231,45.697635
17.608108,45.740564
17.668164,45.716393
17.711872,45.695626
17.686439,45.693574
17.717617,45.694298
17.679875,45.698231
17.719662,45.720236
17.718856,45.693222
17.688673,45.697748
17.691058,45.717706
17.694332,45.707964
17.710554,45.69744
17.710887,45.698133
17.704567,45.701911
17.705409,45.69684
17.717056,45.707517
17.225659,45.961154
17.691847,45.716409
17.667187,45.717231
17.649693,45.724794
17.221815,45.962014
17.223239,45.960214
17.681029,45.691823
17.24541,45.948604
17.716099,45.707728
17.692791,45.697918
17.235743,45.958957
17.688721,45.700007
17.714467,45.699963
17.704353,45.69588
17.711658,45.699812
17.71015,45.694654
17.691363,45.727977
17.691873,45.693769
17.709808,45.696356
17.702645,45.705122
17.704244,45.699316
17.712971,45.697815
17.69087,45.727312
17.705283,45.690777
17.717774,45.707945
17.704317,45.690519
17.70186,45.698206
17.692501,45.709515
17.706829,45.696414
17.707698,45.693969
17.227952,45.957361
17.686901,45.700453
17.701653,45.70264
17.690168,45.702339
17.703069,45.705122
17.674171,45.705948
17.714588,45.696815
17.238294,45.943219
17.686788,45.702718
17.694465,45.699952
17.691359,45.726941
17.229439,45.956856
17.69799,45.698594
17.710212,45.698291
17.234802,45.959134
17.688899,45.772893
17.67182,45.713782
17.704763,45.702083
17.707739,45.70011
17.690973,45.722068
17.70513,45.702737
17.712763,45.694983
17.705932,45.693665
17.688481,45.700484
17.222202,45.96166
17.231869,45.953974
17.707501,45.697667
17.237932,45.948897
17.690926,45.723117
17.607124,45.740475
17.699093,45.696076
17.221914,45.961948
17.694236,45.69614
17.613006,45.739022
17.637865,45.731643
17.701127,45.697589
17.226921,45.943021
17.707624,45.696455
17.702668,45.699088
17.718283,45.69213
17.692337,45.700901
17.686997,45.701677
17.705017,45.696708
17.71718,45.696567
17.716807,45.707372
17.684842,45.701186
17.680129,45.696616
17.691371,45.727125
17.235062,45.939581
17.225277,45.941541
17.702681,45.691037
17.2462,45.948464
17.688145,45.709298
17.689392,45.702095
17.706983,45.701366
17.693206,45.702022
17.237526,45.948886
17.704069,45.695472
17.691372,45.726618
17.688088,45.703966
17.716827,45.694724
17.705426,45.710759
17.226597,45.957238
17.692525,45.697149
17.709164,45.710734
17.691392,45.725396
17.71669,45.693649
17.687344,45.699183
17.600969,45.744512
17.708114,45.702538
17.693911,45.69117
17.718757,45.694449
17.605816,45.740938
17.712139,45.695858
17.651719,45.724981
17.600635,45.744715
17.708476,45.710127
17.7135,45.714578
17.242387,45.948819
17.716216,45.70701
17.674714,45.711133
17.723876,45.693771
17.691495,45.721539
17.699725,45.704518
17.693615,45.696596
17.691347,45.705557
17.690826,45.700333
17.68043,45.687533
17.614051,45.738068
17.681567,45.699814
17.703571,45.699245
17.713929,45.715805
17.702066,45.699054
17.228703,45.957153
17.68964,45.695379
17.681867,45.700074
17.658605,45.72868
17.710176,45.697267
17.708863,45.713214
17.691911,45.694028
17.694521,45.696656
17.233115,45.945673
17.60879,45.739985
17.719751,45.69761
17.717636,45.696138
17.690451,45.702033
17.706011,45.698822
17.693097,45.695715
17.673636,45.712126
17.691606,45.726025
17.636647,45.725176
17.707904,45.699743
17.726436,45.692131
17.704929,45.698632
17.715128,45.697904
17.229277,45.94532
17.714303,45.700019
17.610996,45.739201
17.708676,45.70197
17.694422,45.708453
17.704957,45.696604
17.234156,45.937758
17.698516,45.704281
17.688654,45.702526
17.698822,45.706779
17.611746,45.739073
17.71565,45.699224
17.691398,45.726289
17.224329,45.959695
17.689729,45.703537
17.239422,45.948675
17.69258,45.704264
17.718952,45.693472
17.230894,45.95996
17.709737,45.701595
17.691662,45.724256
17.693172,45.70293
17.686433,45.693921
17.693226,45.705562
17.712926,45.696128
17.69728,45.707179
17.695515,45.70251
17.704144,45.698314
17.708831,45.70162
17.656679,45.726904
17.715494,45.716404
17.688773,45.702885
17.642597,45.723266
17.705378,45.702598
17.609874,45.739732
17.659834,45.722502
17.680678,45.695185
17.241792,45.948467
17.712163,45.713393
17.706511,45.70322
17.716756,45.722989
17.673612,45.706754
17.70947,45.695268
17.715628,45.693937
17.655587,45.724766
17.703381,45.692924
17.713531,45.696165
17.680522,45.695703
17.672434,45.6973
17.694793,45.701852
17.69104,45.717566
17.724884,45.698412
17.696783,45.774224
17.704085,45.702063
17.692028,45.772849
17.701276,45.703252
17.656473,45.72785
17.699192,45.700379
17.69871,45.697384
17.705077,45.69342
17.695909,45.70281
17.67795,45.707149
17.69357,45.70399
17.604575,45.742864
17.686677,45.702834
17.704997,45.70437
17.240117,45.958984
17.710734,45.693155
17.710225,45.693092
17.709171,45.692819
17.698578,45.709011
17.709244,45.692855
17.728346,45.689448
17.677684,45.69793
17.677153,45.697939
17.674272,45.697378
17.674114,45.697349
17.608131,45.740279
17.707588,45.702838
17.682245,45.70059
17.682418,45.700801
17.682063,45.701045
17.681444,45.701396
17.681713,45.700915
17.681332,45.701498
17.680898,45.701864
17.711274,45.701632
17.711474,45.701627
17.711815,45.701729
17.712533,45.701455
17.712568,45.70119
17.68758,45.706522
17.687696,45.706739
17.687812,45.706818
17.687936,45.706933
17.687982,45.707035
17.688091,45.707234
17.688415,45.706669
17.687451,45.706125
17.686812,45.706302
17.688766,45.707303
17.688206,45.706391
17.688675,45.708113
17.688954,45.708537
17.706928,45.699335
17.691945,45.695109
17.68616,45.701148
17.691348,45.697017
17.68996,45.703123
17.701605,45.703997
17.71998,45.695908
17.681544,45.698896
17.232829,45.945423
17.695209,45.703964
17.696267,45.704787
17.697423,45.705094
17.697576,45.705002
17.697684,45.705075
17.696449,45.704873
17.696834,45.705055
17.694245,45.700241
17.698795,45.713411
17.705917,45.703021
17.223335,45.958228
17.711535,45.697844
17.711306,45.697972
17.237321,45.958604
17.232987,45.945311
17.238558,45.94348
17.235126,45.958885
17.727938,45.688667
17.715781,45.699507
17.703078,45.699845
17.703537,45.701173
17.719997,45.699731
17.715169,45.699182
17.235286,45.940408
17.235038,45.939435
17.23413,45.937647
17.234522,45.93711
17.239002,45.958131
17.239075,45.958264
17.239502,45.957721
17.239386,45.957956
17.239398,45.95807
17.239476,45.958858
17.240181,45.958718
17.660684,45.722091
17.665037,45.721398
17.659174,45.719046
17.684755,45.705838
17.70895,45.703171
17.714085,45.698775
17.713903,45.699032
17.713668,45.698752
17.714286,45.699034
17.714254,45.698989
17.69458,45.703152
17.713504,45.697973
17.708065,45.703505
17.707395,45.703496
17.699842,45.700214
17.699281,45.700297
17.699544,45.700255
17.698742,45.700302
17.698008,45.700438
17.695676,45.701173
17.697222,45.700601
17.697059,45.700757
17.696588,45.700892
17.697856,45.700459
17.697714,45.700556
17.695916,45.701092
17.695808,45.701624
17.699651,45.700502
17.698947,45.700772
17.698021,45.700927
17.696986,45.701242
17.695991,45.701523
17.696274,45.701405
17.696162,45.701486
17.700308,45.701264
17.700077,45.701312
17.700143,45.700673
17.700014,45.700547
17.699751,45.699595
17.699984,45.700141
17.699428,45.698842
17.699302,45.698705
17.699279,45.698613
17.699072,45.698197
17.698789,45.69763
17.706962,45.703538
17.698953,45.69805
17.69893,45.697911
17.698771,45.697514
17.707574,45.703445
17.707681,45.703406
17.677813,45.703508
17.67801,45.704568
17.677988,45.70446
17.678116,45.704321
17.67787,45.702685
17.684637,45.701584
17.684058,45.702914
17.684577,45.702219
17.684443,45.702452
17.682726,45.702913
17.683878,45.701987
17.683645,45.702248
17.683152,45.701726
17.684154,45.701641
17.68342,45.702582
17.683683,45.701796
17.682889,45.703095
17.70293,45.702244
17.705356,45.704755
17.705429,45.704949
17.705563,45.70499
17.703066,45.702399
17.703219,45.702589
17.703291,45.702707
17.703424,45.702888
17.704067,45.703702
17.703514,45.702396
17.703908,45.703494
17.703967,45.703609
17.704186,45.70388
17.704283,45.704059
17.704965,45.704978
17.705273,45.705327
17.703919,45.702974
17.704112,45.703049
17.703796,45.702687
17.703807,45.702769
17.704434,45.703604
17.705062,45.693002
17.705709,45.705151
17.706864,45.693466
17.706484,45.69346
17.705517,45.693195
17.705402,45.693127
17.703681,45.69217
17.703539,45.692135
17.703867,45.692711
17.701466,45.691377
17.704188,45.693326
17.70518,45.693482
17.705718,45.693547
17.706559,45.69372
17.701997,45.690927
17.703134,45.692349
17.703186,45.69267
17.703346,45.692839
17.704036,45.693225
17.702757,45.692104
17.703222,45.692508
17.703328,45.692746
17.694008,45.703446
17.714976,45.697942
17.696895,45.7026
17.697721,45.702044
17.697531,45.702462
17.696215,45.702709
17.696227,45.702448
17.69337,45.703739
17.692935,45.703886
17.692147,45.704065
17.69257,45.70392
17.690459,45.7045
17.690479,45.704334
17.688955,45.704853
17.688287,45.705024
17.691489,45.704233
17.68963,45.704726
17.691025,45.704349
17.690112,45.704324
17.689454,45.704778
17.68925,45.704712
17.685455,45.705372
17.685299,45.7054
17.68915,45.704822
17.688584,45.704968
17.687808,45.705132
17.687685,45.705175
17.686192,45.70531
17.687425,45.705164
17.687055,45.705158
17.68562,45.705393
17.684033,45.705561
17.684909,45.705334
17.68339,45.705702
17.683054,45.705749
17.682916,45.705773
17.682295,45.705875
17.681745,45.70594
17.681466,45.705999
17.680836,45.70606
17.680518,45.706067
17.680227,45.706027
17.67936,45.706298
17.679922,45.706157
17.677456,45.70799
17.676768,45.708426
17.677593,45.70781
17.677118,45.708278
17.676704,45.70851
17.675526,45.709458
17.675922,45.70923
17.675182,45.710036
17.674941,45.71022
17.675401,45.709864
17.674813,45.710375
17.674619,45.710402
17.675631,45.710408
17.676609,45.709531
17.675795,45.710104
17.675927,45.709993
17.676092,45.709816
17.676371,45.709458
17.677065,45.708927
17.677388,45.708535
17.677567,45.708377
17.677979,45.708425
17.678331,45.707854
17.679671,45.706583
17.679887,45.70665
17.67996,45.706513
17.680031,45.706417
17.676603,45.70923
17.68313,45.706074
17.678044,45.708117
17.681455,45.706268
17.680524,45.706458
17.68243,45.706136
17.687877,45.705586
17.688317,45.705361
17.682862,45.706077
17.68588,45.705677
17.685237,45.70578
17.685644,45.705692
17.69013,45.70494
17.690776,45.704783
17.688133,45.705437
17.688987,45.705215
17.689135,45.705174
17.689669,45.705026
17.689473,45.70511
17.690038,45.705122
17.696054,45.703068
17.69309,45.70417
17.693969,45.703844
17.694171,45.703727
17.691434,45.70454
17.692385,45.704318
17.692844,45.704182
17.695877,45.703103
17.708501,45.703669
17.70414,45.701569
17.680193,45.701953
17.682055,45.700768
17.712939,45.701259
17.71286,45.70119
17.71273,45.70138
17.689196,45.708211
17.689337,45.708296
17.233371,45.944965
17.222714,45.957525
17.695703,45.704742
17.695829,45.704826
17.696833,45.706187
17.695413,45.703412
17.695219,45.703615
17.695695,45.704415
17.695804,45.704511
17.696133,45.704677
17.697249,45.705084
17.697746,45.705053
17.241699,45.948835
17.694039,45.69957
17.69534,45.692242
17.22863,45.945876
17.228525,45.945553
17.228772,45.945163
17.228677,45.946071
17.228477,45.945999
17.235031,45.9431
17.23544,45.942012
17.23511,45.943597
17.23449,45.943984
17.23467,45.943594
17.235187,45.94262
17.235123,45.942324
17.235523,45.94242
17.235133,45.942183
17.234962,45.941729
17.234596,45.940061
17.235311,45.940047
17.23495,45.939311
17.234644,45.937662
17.234086,45.937533
17.234409,45.938804
17.69054,45.773971
17.669914,45.715533
17.670123,45.715332
17.724894,45.698026
17.695195,45.702662
17.695021,45.702301
17.716363,45.69402
17.697374,45.775009
17.699176,45.700214
17.697078,45.702861
17.698107,45.702716
17.698649,45.702586
17.696431,45.702995
17.696701,45.702925
17.697242,45.702865
17.697888,45.702729
17.697337,45.702796
17.697519,45.702775
17.697741,45.702787
17.699008,45.702471
17.699906,45.702357
17.700156,45.702322
17.716514,45.698303
17.716052,45.698482
17.716969,45.698362
17.716097,45.699053
17.717195,45.698676
17.716931,45.698773
17.717998,45.698404
17.694245,45.70491
17.694023,45.704952
17.692633,45.705411
17.692773,45.705062
17.676846,45.703751
17.676931,45.703132
17.714359,45.698425
17.715256,45.698159
17.706322,45.70409
17.706129,45.704092
17.705972,45.704274
17.70584,45.704232
17.715019,45.698216
17.676689,45.704297
17.675899,45.703333
17.714573,45.698346
17.715727,45.698111
17.716381,45.69787
17.716552,45.697776
17.717142,45.697566
17.717919,45.697657
17.718593,45.697809
17.718468,45.697625
17.718189,45.697405
17.718075,45.697772
17.718245,45.697909
17.718674,45.697934
17.718473,45.698227
17.716808,45.697336
17.715769,45.697673
17.718007,45.697311
17.718175,45.697013
17.717967,45.697088
17.71773,45.69716
17.716637,45.697384
17.716392,45.697463
17.715551,45.697734
17.714679,45.698048
17.713796,45.698323
17.714647,45.710177
17.714726,45.710256
17.715431,45.70995
17.715021,45.710462
17.708667,45.693264
17.711646,45.693292
17.709382,45.693442
17.710721,45.693494
17.711226,45.693616
17.713244,45.693311
17.713867,45.693625
17.70974,45.693005
17.677923,45.697911
17.676902,45.697952
17.676417,45.697961
17.676194,45.697874
17.675996,45.6979
17.675844,45.697747
17.675585,45.697805
17.675111,45.697637
17.675328,45.697636
17.674446,45.697444
17.677444,45.698782
17.671162,45.698103
17.706703,45.702947
17.706769,45.702722
17.678301,45.698602
17.677865,45.698632
17.677624,45.69875
17.676324,45.698949
17.675847,45.698934
17.673964,45.698459
17.707087,45.703028
17.707035,45.702817
17.707235,45.702975
17.707423,45.702903
17.707443,45.702634
17.711168,45.701662
17.711482,45.701881
17.712037,45.70164
17.687293,45.705865
17.688562,45.706932
17.688394,45.706522
17.687801,45.705794
17.68814,45.706211
17.695398,45.704493
17.69557,45.704653
17.694829,45.703973
17.694937,45.704035
17.695129,45.7042
17.695261,45.704305
17.695342,45.704391
17.698276,45.688096
17.212556,45.965642
17.221212,45.962476
17.213571,45.957393
17.214208,45.964426
17.211071,45.9663
17.220372,45.962645
17.220518,45.962576
17.220217,45.962339
17.218124,45.963291
17.214715,45.964165
17.215469,45.964176
17.219528,45.955707
17.216802,45.963635
17.213854,45.958328
17.213766,45.958095
17.213401,45.956895
17.226118,45.949277
17.233199,45.950011
17.226855,45.949682
17.223389,45.950103
17.228268,45.950637
17.231512,45.947525
17.234944,45.948311
17.226956,45.950443
17.232208,45.950227
17.231256,45.949923
17.226806,45.95081
17.230758,45.949678
17.23439,45.949427
17.231914,45.9467
17.234472,45.950809
17.225361,45.949037
17.218062,45.950705
17.231776,45.947877
17.230224,45.946192
17.230961,45.949638
17.232192,45.949979
17.231458,45.949946
17.231958,45.950132
17.231773,45.949972
17.227175,45.950165
17.228595,45.949935
17.235039,45.949261
17.222861,45.950838
17.228391,45.949919
17.224823,45.950039
17.218293,45.963215
17.214864,45.960869
17.213823,45.964064
17.21565,45.962903
17.22003,45.955998
17.211847,45.965991
17.214405,45.964494
17.216887,45.963826
17.213508,45.965404
17.21547,45.963669
17.217389,45.963918
17.214006,45.958692
17.219377,45.956099
17.214519,45.965158
17.213052,45.95607
17.216191,45.963074
17.220091,45.962417
17.213253,45.955099
17.214653,45.958677
17.212691,45.965815
17.216181,45.962328
17.220893,45.962111
17.216247,45.962433
17.212911,45.95542
17.215034,45.964849
17.215795,45.964929
17.213986,45.958936
17.214805,45.960739
17.216708,45.964156
17.214052,45.964867
17.212242,45.965805
17.219446,45.956971
17.215442,45.962156
17.214936,45.963567
17.213854,45.953449
17.220295,45.956171
17.213683,45.957661
17.221004,45.956593
17.214213,45.957583
17.215156,45.961663
17.213707,45.965322
17.213455,45.955581
17.220191,45.9627
17.212706,45.965584
17.218492,45.957267
17.215767,45.964521
17.212974,45.96565
17.215894,45.96204
17.213716,45.957919
17.21937,45.955647
17.214886,45.95942
17.214447,45.958252
17.215079,45.960283
17.214916,45.964948
17.219975,45.956458
17.213206,45.956243
17.215469,45.961195
17.214904,45.960991
17.212908,45.965471
17.216971,45.963417
17.215685,45.962584
17.220973,45.956988
17.213253,45.964649
17.220766,45.956538
17.215032,45.96141
17.214532,45.959983
17.219435,45.962676
17.217582,45.957197
17.213652,45.957784
17.215511,45.964575
17.213862,45.964873
17.214991,45.96131
17.214347,45.96415
17.213445,45.965209
17.212973,45.964837
17.218272,45.957354
17.217807,45.963785
17.217543,45.963447
17.214898,45.959544
17.217105,45.96352
17.214059,45.957058
17.214947,45.961107
17.21799,45.967095
17.217748,45.966564
17.217056,45.965884
17.217375,45.965407
17.217272,45.965139
17.217345,45.965022
17.216897,45.965059
17.217254,45.964653
17.217274,45.964445
17.217254,45.964325
17.216897,45.964918
17.217794,45.966713
17.21937,45.963043
17.214132,45.964154
17.215231,45.958483
17.213073,45.965369
17.218445,45.963134
17.214171,45.95971
17.212521,45.965911
17.215152,45.964804
17.21303,45.954006
17.217392,45.96359
17.216848,45.963317
17.218922,45.962924
17.212471,45.954161
17.213896,45.965191
17.214728,45.960535
17.213629,45.964574
17.219582,45.962593
17.214445,45.964956
17.218787,45.955284
17.215222,45.96063
17.211868,45.966226
17.213549,45.964938
17.214477,45.9599
17.21503,45.964429
17.212959,45.955688
17.22002,45.962775
17.213583,45.955873
17.216382,45.963994
17.212527,45.954298
17.221114,45.961998
17.219748,45.962538
17.21462,45.964945
17.215638,45.964064
17.217738,45.963437
17.216983,45.957471
17.217524,45.957624
17.215216,45.963724
17.215009,45.964514
17.213841,45.964529
17.21377,45.964989
17.216357,45.963183
17.214117,45.9573
17.214649,45.960437
17.212617,45.954815
17.21417,45.957435
17.218582,45.963419
17.219051,45.956727
17.21604,45.964106
17.215186,45.960503
17.216023,45.962142
17.219679,45.955802
17.216765,45.963194
17.214207,45.959075
17.218751,45.962993
17.219551,45.962984
17.214081,45.957141
17.21765,45.967573
17.215342,45.964636
17.214233,45.9594
17.216906,45.964097
17.219789,45.962885
17.214812,45.959296
17.213181,45.965627
17.232235,45.947958
17.232362,45.947086
17.227928,45.949252
17.231939,45.946637
17.225929,45.949323
17.230436,45.94642
17.216297,45.950494
17.225203,45.949077
17.219356,45.950635
17.234182,45.94948
17.225651,45.951214
17.22399,45.950526
17.231693,45.947638
17.232181,45.947323
17.233181,45.951396
17.225883,45.948952
17.224795,45.950334
17.230629,45.948843
17.226706,45.9502
17.219858,45.950165
17.230884,45.946827
17.231062,45.947076
17.230386,45.949659
17.222546,45.949667
17.225892,45.950185
17.228678,45.948625
17.230875,45.948892
17.234518,45.948656
17.233537,45.949935
17.227221,45.94919
17.221334,45.95028
17.233899,45.949541
17.232191,45.949721
17.234801,45.949288
17.229193,45.948862
17.218908,45.950656
17.225257,45.949897
17.230677,45.950811
17.220837,45.950407
17.232685,45.951553
17.2221,45.950158
17.227783,45.948777
17.22667,45.949735
17.220658,45.950047
17.222749,45.950107
17.228084,45.948716
17.219195,45.950245
17.227519,45.948776
17.230163,45.948452
17.216691,45.950505
17.235275,45.949543
17.223261,45.950445
17.229583,45.948421
17.225551,45.949015
17.213633,45.950915
17.223767,45.949241
17.233404,45.949945
17.222369,45.949714
17.232752,45.946158
17.232284,45.948183
17.219013,45.950299
17.228269,45.948695
17.223476,45.949462
17.232571,45.950959
17.221737,45.950211
17.228025,45.949618
17.232595,45.949284
17.232368,45.948542
17.225721,45.948976
17.232573,45.950779
17.227764,45.949174
17.230581,45.948019
17.221274,45.949931
17.225139,45.94949
17.22874,45.949815
17.23408,45.948424
17.232243,45.947726
17.236048,45.949097
17.236366,45.94939
17.234267,45.94868
17.230533,45.947723
17.234862,45.950511
17.232355,45.946599
17.232283,45.947865
17.216306,45.950813
17.233308,45.950266
17.218567,45.950661
17.222879,45.949561
17.22489,45.949117
17.220801,45.949989
17.220548,45.950453
17.230982,45.946282
17.229703,45.949621
17.230373,45.949063
17.229343,45.946945
17.230745,45.946748
17.234049,45.94872
17.235298,45.948272
17.232514,45.948993
17.236268,45.949043
17.223391,45.95037
17.235802,45.947764
17.224233,45.95047
17.231269,45.946807
17.225206,45.950296
17.219085,45.950679
17.214724,45.950504
17.232741,45.951434
17.230576,45.947856
17.231014,45.946502
17.231855,45.948236
17.225008,45.950301
17.225731,45.949329
17.225983,45.95053
17.226844,45.948867
17.230131,45.946126
17.230688,45.948509
17.222016,45.951202
17.228965,45.949966
17.221902,45.95018
17.223852,45.950692
17.227147,45.949693
17.217268,45.95079
17.232494,45.950732
17.229215,45.946688
17.227684,45.948814
17.217436,45.950462
17.235444,45.95042
17.231822,45.948141
17.232578,45.946194
17.232833,45.95167
17.225431,45.950223
17.230416,45.950493
17.220374,45.9501
17.224623,45.949202
17.221165,45.950287
17.22309,45.949482
17.217779,45.950721
17.234561,45.949686
17.232283,45.946741
17.235467,45.94918
17.235051,45.950173
17.235199,45.947448
17.23516,45.947716
17.235031,45.948596
17.235843,45.947925
17.23474,45.94831
17.235375,45.948588
17.235901,45.948381
17.23592,45.948695
17.227235,45.950714
17.228026,45.951033
17.227733,45.950329
17.228205,45.950504
17.228178,45.950371
17.226084,45.950875
17.226037,45.950718
17.230807,45.950359
17.228696,45.946252
17.228884,45.946715
17.229508,45.947161
17.230195,45.9471
17.231295,45.950095
17.228957,45.946921
17.229098,45.94646
17.229117,45.946516
17.229162,45.946596
17.228398,45.949059
17.227945,45.94876
17.235186,45.949232
17.231709,45.95157
17.232528,45.945646
17.723359,45.698542
17.718646,45.69585
17.221956,45.961347
17.663108,45.721016
17.23269,45.945149
17.240854,45.942948
17.701244,45.698109
17.691478,45.705636
17.689814,45.703095
17.716372,45.696794
17.235567,45.953088
17.673133,45.712621
17.69069,45.72844
17.705736,45.696337
17.70659,45.710121
17.655827,45.7294
17.691211,45.715848
17.224115,45.959303
17.712201,45.696822
17.707309,45.696591
17.650058,45.724447
17.682827,45.703209
17.599808,45.745212
17.709303,45.698748
17.717844,45.719305
17.661761,45.707497
17.649282,45.724663
17.691505,45.71981
17.694789,45.701068
17.704948,45.701766
17.673934,45.70516
17.706102,45.696555
17.690569,45.702081
17.708215,45.701859
17.694414,45.699839
17.708599,45.697967
17.672286,45.713323
17.691018,45.720201
17.681082,45.706368
17.688255,45.708849
17.656602,45.727252
17.223486,45.939314
17.713084,45.696584
17.708792,45.698229
17.22544,45.941005
17.693777,45.700695
17.612785,45.739156
17.66931,45.709216
17.711736,45.696675
17.690728,45.70217
17.234213,45.94442
17.710977,45.701903
17.703558,45.688224
17.721921,45.722219
17.709865,45.713305
17.673284,45.704766
17.719257,45.695995
17.23036,45.955643
17.718361,45.694966
17.7031,45.71142
17.705024,45.698317
17.711906,45.695948
17.684811,45.69933
17.705661,45.710364
17.722309,45.69885
17.705907,45.710563
17.727885,45.726047
17.720947,45.694983
17.709185,45.703312
17.684542,45.70081
17.702047,45.70496
17.723909,45.693153
17.691134,45.702317
17.709584,45.696446
17.721247,45.69722
17.689463,45.703009
17.690182,45.695491
17.690933,45.722624
17.709327,45.700363
17.699245,45.706649
17.665078,45.720945
17.698549,45.700165
17.673347,45.703701
17.691703,45.713481
17.650436,45.724384
17.652283,45.724545
17.681375,45.699674
17.717645,45.718208
17.696224,45.692902
17.692241,45.706112
17.226172,45.94172
17.226368,45.941892
17.652992,45.724577
17.719521,45.693318
17.703508,45.711027
17.6733,45.706956
17.71314,45.695265
17.691262,45.705301
17.613673,45.7383
17.691711,45.706079
17.233318,45.943464
17.693838,45.695449
17.68723,45.702382
17.688945,45.707723
17.694627,45.700429
17.707416,45.701702
17.707743,45.704549
17.702753,45.698495
17.691574,45.708297
17.6869,45.698625
17.685425,45.698999
17.707267,45.709917
17.692033,45.712315
17.696808,45.774531
17.636076,45.725375
17.694731,45.701561
17.691466,45.70579
17.711301,45.713492
17.708856,45.699589
17.678073,45.706546
17.671004,45.709228
17.238507,45.956097
17.680364,45.701175
17.712859,45.699414
17.654003,45.725102
17.690763,45.702624
17.71246,45.699262
17.680491,45.68945
17.225831,45.957574
17.653908,45.719338
17.242479,45.942266
17.714732,45.697192
17.638014,45.730956
17.6848,45.705415
17.236455,45.959662
17.6741,45.705815
17.235504,45.944171
17.701753,45.703447
17.718707,45.69614
17.227948,45.943935
17.712421,45.713605
17.712652,45.693844
17.722835,45.693832
17.719714,45.721164
17.224797,45.958402
17.696156,45.691159
17.229229,45.956398
17.710371,45.698704
17.708223,45.699126
17.705319,45.710484
17.600801,45.744617
17.723868,45.692619
17.600471,45.744808
17.223361,45.96009
17.659332,45.72235
17.707405,45.713623
17.701015,45.69827
17.685109,45.700896
17.699161,45.700613
17.723517,45.693853
17.237263,45.961781
17.660613,45.721664
17.236566,45.959817
17.681669,45.699163
17.236009,45.953844
17.711583,45.698221
17.697333,45.695263
17.71824,45.694475
17.692368,45.773895
17.712919,45.71403
17.711946,45.700414
17.706527,45.710384
17.666506,45.717721
17.719487,45.722571
17.718952,45.708654
17.707065,45.696361
17.694457,45.697197
17.725574,45.697849
17.716158,45.694144
17.691383,45.708214
17.704394,45.698688
17.70654,45.702305
17.692972,45.697578
17.704588,45.702153
17.715318,45.699658
17.713798,45.7148
17.223794,45.961839
17.680238,45.697131
17.222867,45.960415
17.670398,45.713323
17.712278,45.69516
17.687525,45.701433
17.704143,45.695597
17.699465,45.696899
17.238565,45.957214
17.703979,45.699108
17.703236,45.700872
17.708904,45.699303
17.70452,45.698182
17.709741,45.700189
17.656655,45.726533
17.692534,45.701644
17.698528,45.706858
17.710259,45.696501
17.709127,45.696001
17.708455,45.703115
17.693712,45.705424
17.699829,45.706692
17.676757,45.709206
17.713923,45.705595
17.708953,45.694314
17.69213,45.773307
17.701839,45.704532
17.706594,45.692496
17.709145,45.700423
17.234186,45.945626
17.70949,45.697961
17.224713,45.95935
17.714971,45.697161
17.224382,45.958839
17.685492,45.701039
17.693381,45.708359
17.700791,45.704638
17.710862,45.694372
17.714888,45.706196
17.653745,45.725094
17.668034,45.717008
17.713352,45.715281
17.716518,45.722961
17.690953,45.708772
17.715391,45.695234
17.709061,45.699253
17.721652,45.694556
17.706821,45.694123
17.714099,45.694364
17.7202,45.721417
17.711508,45.696745
17.694184,45.700126
17.7182,45.692017
17.659479,45.722722
17.680934,45.69436
17.239196,45.948742
17.711153,45.694687
17.706133,45.697407
17.693287,45.773511
17.715486,45.699073
17.603017,45.738122
17.225326,45.961256
17.709919,45.693873
17.600139,45.745005
17.671895,45.707968
17.697685,45.699516
17.700209,45.706564
17.706593,45.705131
17.693206,45.70838
17.709198,45.699172
17.71798,45.694175
17.238231,45.957587
17.656402,45.729717
17.241538,45.942499
17.716308,45.693755
17.703921,45.69915
17.229837,45.959816
17.709627,45.698637
17.669575,45.713462
17.680793,45.698114
17.716373,45.696486
17.691487,45.721705
17.714316,45.697363
17.718492,45.719149
17.69265,45.711662
17.654446,45.725115
17.717287,45.707653
17.727689,45.690954
17.658859,45.722506
17.656873,45.726021
17.23635,45.959157
17.644949,45.722281
17.706691,45.693008
17.692562,45.701964
17.708051,45.695319
17.704652,45.689541
17.698166,45.704353
17.708282,45.699716
17.715906,45.723185
17.679125,45.703726
17.705709,45.702765
17.70269,45.705181
17.709209,45.697072
17.686829,45.694029
17.703244,45.69091
17.710125,45.701464
17.679161,45.707267
17.69005,45.69577
17.227867,45.943788
17.660985,45.721488
17.695017,45.702153
17.694003,45.699418
17.718565,45.695901
17.655786,45.724728
17.229005,45.945006
17.664504,45.720628
17.697266,45.695503
17.692053,45.700908
17.701918,45.703543
17.711601,45.694457
17.222582,45.960689
17.692014,45.771441
17.703346,45.699
17.716464,45.699269
17.705443,45.703528
17.652041,45.724947
17.658876,45.723003
17.714118,45.714936
17.719871,45.69789
17.703927,45.698361
17.651898,45.724957
17.660175,45.721956
17.680833,45.691355
17.709263,45.701767
17.737118,45.724677
17.701242,45.70564
17.697882,45.698901
17.717487,45.69719
17.709037,45.698128
17.683355,45.69883
17.240891,45.94859
17.65939,45.722226
17.673525,45.702761
17.702989,45.698221
17.690762,45.732942
17.691337,45.693657
17.68443,45.698696
17.690776,45.730048
17.707374,45.709035
17.689672,45.774109
17.669196,45.716162
17.233829,45.945634
17.674559,45.711295
17.704063,45.690536
17.63929,45.734279
17.69478,45.703072
17.691702,45.700869
17.709949,45.700145
17.713185,45.694356
17.684027,45.702381
17.71843,45.693481
17.722643,45.722707
17.728425,45.690517
17.697976,45.695886
17.71056,45.700226
17.237015,45.943818
17.673679,45.704895
17.718923,45.693367
17.69795,45.696445
17.678941,45.706282
17.672603,45.713076
17.712912,45.700501
17.72101,45.696747
17.690814,45.732113
17.71442,45.697288
17.707631,45.704583
17.690308,45.702361
17.725914,45.692001
17.701281,45.698799
17.68862,45.701577
17.693832,45.707747
17.703026,45.699184
17.720708,45.721862
17.231751,45.954059
17.727691,45.725909
17.696634,45.773981
17.70499,45.695097
17.656412,45.725265
17.709842,45.70111
17.226532,45.957688
17.688866,45.701576
17.692054,45.706802
17.709304,45.710852
17.697433,45.696438
17.702094,45.698247
17.709536,45.70029
17.658594,45.723143
17.710773,45.698127
17.655097,45.724679
17.695966,45.772705
17.23699,45.955032
17.714224,45.695081
17.704794,45.69872
17.687221,45.702883
17.694084,45.699867
17.69312,45.7017
17.714602,45.694548
17.717888,45.707693
17.699956,45.698002
17.714478,45.715421
17.706664,45.696751
17.727852,45.690821
17.705136,45.702458
17.638712,45.733161
17.679498,45.706653
17.728011,45.690753
17.23171,45.959529
17.711425,45.699633
17.69606,45.692867
17.708628,45.71021
17.66999,45.713146
17.710734,45.694425
17.707759,45.694975
17.674681,45.706575
17.698876,45.696575
17.709435,45.708907
17.714621,45.697411
17.612031,45.739381
17.692802,45.698598
17.640256,45.735012
17.238328,45.955968
17.702659,45.70567
17.704895,45.696074
17.650866,45.724878
17.715808,45.695623
17.708537,45.702788
17.704921,45.697759
17.718849,45.719474
17.709365,45.702843
17.712376,45.693152
17.673963,45.704388
17.237493,45.958505
17.691777,45.700311
17.70975,45.699623
17.718509,45.719937
17.722154,45.723054
17.698989,45.704165
17.722126,45.698676
17.71253,45.693474
17.72716,45.691253
17.686391,45.703817
17.724538,45.693375
17.245862,45.948546
17.690886,45.708361
17.236497,45.959968
17.692157,45.711705
17.697405,45.692232
17.687797,45.699928
17.239222,45.95727
17.698034,45.693642
17.722551,45.699204
17.638052,45.731968
17.71882,45.693054
17.712434,45.696749
17.689942,45.704631
17.700525,45.704065
17.222541,45.957817
17.694324,45.699581
17.705425,45.70237
17.708007,45.699041
17.718733,45.69288
17.728184,45.726147
17.611961,45.739044
17.724737,45.698463
17.723063,45.694121
17.22697,45.942415
17.691427,45.723856
17.690937,45.723899
17.688484,45.697706
17.691563,45.700669
17.697331,45.696327
17.710468,45.694411
17.717906,45.722821
17.719368,45.694127
17.714469,45.715285
17.712075,45.714278
17.689035,45.772087
17.694624,45.707554
17.708616,45.701989
17.688778,45.773884
17.70993,45.693543
17.672022,45.697239
17.226433,45.960963
17.673747,45.70502
17.70467,45.705726
17.715709,45.69858
17.688901,45.70761
17.719294,45.722271
17.695908,45.692288
17.702027,45.69875
17.690762,45.696283
17.717178,45.718787
17.688275,45.692398
17.232368,45.953434
17.691672,45.697156
17.707305,45.69317
17.71951,45.695602
17.677667,45.706548
17.235331,45.952936
17.638327,45.732543
17.70676,45.693832
17.684149,45.705584
17.242618,45.94097
17.707498,45.699179
17.707071,45.706243
17.689918,45.703521
17.717665,45.693359
17.706505,45.697483
17.701734,45.698685
17.706237,45.710228
17.708892,45.698927
17.69301,45.707479
17.71727,45.694628
17.660212,45.717924
17.702082,45.699557
17.718343,45.7189
17.71322,45.696776
17.663411,45.707235
17.708245,45.695591
17.710481,45.70202
17.692906,45.698373
17.663554,45.708999
17.694404,45.699749
17.706338,45.709148
17.60984,45.740082
17.701411,45.688573
17.694929,45.701957
17.719992,45.697541
17.689914,45.701436
17.705855,45.691422
17.233457,45.959121
17.708627,45.696696
17.70893,45.696411
17.69151,45.720165
17.689872,45.695587
17.713262,45.697563
17.698543,45.700781
17.681138,45.700354
17.710216,45.697649
17.233774,45.958773
17.691005,45.720856
17.698006,45.692845
17.697928,45.696122
17.23912,45.949096
17.716956,45.718524
17.689422,45.774149
17.232723,45.958841
17.680619,45.695532
17.223377,45.939681
17.669388,45.715321
17.689454,45.694986
17.708573,45.698296
17.694068,45.707712
17.70054,45.708763
17.702275,45.699629
17.669785,45.714972
17.684642,45.701145
17.708012,45.713393
17.705888,45.698707
17.719562,45.709029
17.236999,45.943462
17.690433,45.698564
17.237066,45.949321
17.71406,45.694624
17.721478,45.699257
17.681923,45.699383
17.700298,45.700051
17.65936,45.722735
17.601424,45.737245
17.718117,45.694317
17.691214,45.696858
17.681105,45.700429
17.713427,45.715422
17.23471,45.94457
17.242414,45.939443
17.717719,45.698873
17.727663,45.725234
17.22414,45.959934
17.728549,45.726517
17.692317,45.698253
17.690803,45.724899
17.700997,45.697458
17.637491,45.730245
17.227041,45.942507
17.691815,45.699895
17.225463,45.957766
17.688953,45.697482
17.713672,45.715579
17.715984,45.694851
17.706314,45.713909
17.691373,45.725834
17.68991,45.774119
17.696823,45.711808
17.238462,45.943163
17.236968,45.943333
17.712282,45.695503
17.687674,45.701325
17.698749,45.698061
17.667907,45.716558
17.710399,45.712689
17.692802,45.710964
17.703245,45.698476
17.659256,45.706831
17.705352,45.714063
17.223489,45.961496
17.674758,45.697571
17.239737,45.951815
17.708269,45.701017
17.662874,45.720531
17.692825,45.700865
17.710869,45.696993
17.2361,45.954281
17.706663,45.71037
17.239592,45.958502
17.717087,45.695792
17.710595,45.701282
17.686698,45.696181
17.225955,45.957885
17.235964,45.953758
17.712602,45.695709
17.706252,45.6968
17.229743,45.956195
17.694875,45.707319
17.223161,45.960722
17.692511,45.712354
17.230758,45.96004
17.706328,45.691906
17.237219,45.943428
17.711651,45.700524
17.640155,45.735959
17.612107,45.739002
17.232239,45.959359
17.71004,45.701154
17.692326,45.691416
17.689533,45.702147
17.66657,45.710796
17.224749,45.959223
17.656916,45.724995
17.61121,45.739326
17.707926,45.702576
17.223444,45.957886
17.716502,45.696467
17.717114,45.718637
17.224221,45.959129
17.714994,45.698869
17.716196,45.716535
17.706063,45.710285
17.238245,45.943533
17.677406,45.705387
17.69104,45.719319
17.692025,45.700646
17.711208,45.697169
17.232529,45.953824
17.701553,45.697957
17.717412,45.718112
17.691407,45.725053
17.704018,45.692837
17.665262,45.705829
17.237072,45.954239
17.610598,45.739505
17.705533,45.701902
17.715381,45.698926
17.655517,45.729166
17.237903,45.957824
17.238435,45.948863
17.710829,45.713073
17.70145,45.703699
17.70444,45.704309
17.229086,45.956513
17.693149,45.709814
17.702334,45.704508
17.701227,45.703118
17.690817,45.732506
17.704251,45.703348
17.235223,45.953556
17.712026,45.714112
17.65479,45.725141
17.719126,45.694689
17.691359,45.7015
17.706788,45.713737
17.702575,45.698238
17.722671,45.693953
17.712622,45.69365
17.712522,45.697453
17.701647,45.698089
17.715996,45.696575
17.236018,45.95987
17.64297,45.723109
17.699655,45.705638
17.235525,45.942657
17.240213,45.942788
17.683345,45.700322
17.694031,45.696834
17.685017,45.701251
17.240733,45.948951
17.690579,45.695778
17.716963,45.695477
17.237105,45.955159
17.224719,45.940379
17.693065,45.7092
17.692967,45.704183
17.236829,45.949376
17.713418,45.705304
17.714565,45.694274
17.668213,45.716863
17.710498,45.698271
17.681762,45.69251
17.608492,45.740465
17.687441,45.699382
17.714524,45.70587
17.716062,45.699444
17.705898,45.699505
17.22787,45.94406
17.700594,45.700609
17.717034,45.696598
17.2345,45.939412
17.693024,45.709362
17.714342,45.697004
17.717792,45.69382
17.236789,45.954847
17.720126,45.695439
17.693392,45.702937
17.690386,45.695969
17.221523,45.957262
17.651425,45.724512
17.699013,45.706743
17.699779,45.709546
17.711421,45.69439
17.228642,45.944684
17.226496,45.957285
17.699844,45.712024
17.718037,45.693236
17.677376,45.705582
17.710601,45.694439
17.695276,45.701852
17.694581,45.706052
17.692994,45.709492
17.716207,45.696818
17.694169,45.70002
17.694717,45.693911
17.232835,45.959184
17.717454,45.696511
17.708727,45.696023
17.710384,45.709125
17.602324,45.737793
17.649889,45.72494
17.714113,45.700082
17.237596,45.955763
17.234452,45.939529
17.650246,45.724451
17.709828,45.712178
17.707694,45.700045
17.706128,45.705433
17.695165,45.705034
17.691908,45.715023
17.689029,45.695011
17.613293,45.738929
17.237444,45.943392
17.723561,45.723788
17.235503,45.958905
17.689318,45.694805
17.234062,45.944981
17.720536,45.696096
17.244675,45.948826
17.223605,45.961852
17.70171,45.70427
17.696198,45.70529
17.655533,45.725228
17.720049,45.697851
17.242188,45.948836
17.717151,45.693442
17.691464,45.722637
17.694311,45.700541
17.710322,45.694422
17.72392,45.698351
17.715067,45.695746
17.654231,45.719328
17.691425,45.723695
17.701297,45.699337
17.712724,45.700577
17.689855,45.7011
17.691614,45.722072
17.71705,45.693556
17.680294,45.687288
17.690698,45.728235
17.237155,45.954348
17.718455,45.692397
17.684988,45.699431
17.649809,45.724363
17.706488,45.702065
17.703657,45.688268
17.715144,45.695271
17.243968,45.94872
17.694506,45.707899
17.232117,45.946057
17.237229,45.943826
17.705516,45.692666
17.721741,45.699196
17.691604,45.702416
17.22424,45.959808
17.703322,45.699478
17.690097,45.695375
17.709821,45.696705
17.718785,45.720198
17.638633,45.732984
17.692168,45.700646
17.697235,45.69869
17.660066,45.718037
17.708923,45.694652
17.726109,45.691732
17.690948,45.719671
17.659952,45.718184
17.690731,45.73125
17.690974,45.71787
17.652198,45.725021
17.703882,45.688583
17.728256,45.689291
17.706665,45.696408
17.699266,45.70191
17.72071,45.696366
17.640401,45.736309
17.224189,45.93994
17.693625,45.707789
17.234703,45.958837
17.691251,45.705136
17.682562,45.702429
17.696363,45.696766
17.713662,45.696453
17.70873,45.695592
17.671696,45.708137
17.716217,45.694807
17.721735,45.69492
17.712844,45.696328
17.640767,45.727036
17.721054,45.688918
17.692596,45.707674
17.23437,45.959129
17.72269,45.699043
17.225121,45.958667
17.222505,45.960815
17.22922,45.956894
17.226101,45.957422
17.691633,45.704497
17.701537,45.69938
17.691417,45.771133
17.710701,45.69599
17.666879,45.717994
17.680427,45.695945
17.680715,45.690614
17.682971,45.703415
17.708815,45.694583
17.703206,45.705684
17.709497,45.700597
17.6566,45.727069
17.639199,45.733031
17.610234,45.739582
17.232402,45.945366
17.227312,45.945084
17.721203,45.688783
17.688424,45.702682
17.692644,45.708884
17.693948,45.699522
17.652829,45.7196
17.707261,45.708945
17.718238,45.722746
17.225253,45.941392
17.235951,45.94402
17.726977,45.691801
17.692116,45.714075
17.694143,45.692574
17.721803,45.722124
17.238633,45.957822
17.708408,45.697704
17.71595,45.706774
17.697168,45.707346
17.712399,45.700675
17.22876,45.944809
17.669984,45.714764
17.709439,45.693294
17.658954,45.722403
17.691949,45.701558
17.222467,45.961416
17.693215,45.708486
17.683516,45.700379
17.656356,45.722673
17.705251,45.702134
17.70974,45.698498
17.22286,45.957605
17.703668,45.707426
17.718242,45.698692
17.225411,45.961717
17.706168,45.693686
17.709619,45.713376
17.704868,45.704147
17.706738,45.693663
17.674184,45.706369
17.691538,45.702827
17.706326,45.708217
17.704447,45.694753
17.66595,45.721456
17.241757,45.942788
17.685169,45.703684
17.717422,45.718886
17.676697,45.706387
17.685452,45.696716
17.720128,45.689897
17.709453,45.711842
17.222839,45.960998
17.702711,45.696016
17.703221,45.699758
17.69023,45.703535
17.70434,45.698247
17.68885,45.773336
17.703223,45.687893
17.701444,45.698928
17.691519,45.714569
17.71283,45.700079
17.685953,45.703143
17.691299,45.708359
17.707532,45.701796
17.708627,45.699417
17.69948,45.706564
17.710416,45.697568
17.714554,45.696979
17.693942,45.705357
17.694534,45.692268
17.692173,45.71395
17.236526,45.949037
17.662723,45.720606
17.665485,45.719422
17.708448,45.694197
17.704296,45.694309
17.696894,45.697115
17.680535,45.701116
17.653784,45.724602
17.706548,45.709322
17.678311,45.706315
17.724108,45.698637
17.222978,45.960893
17.711512,45.695598
17.675743,45.710155
17.241397,45.948515
17.708553,45.692584
17.711,45.698079
17.224344,45.959015
17.661944,45.721503
17.657889,45.728401
17.68942,45.70466
17.235401,45.94386
17.233667,45.945278
17.705872,45.692056
17.228973,45.957032
17.691308,45.700668
17.704225,45.702212
17.691535,45.773817
17.71618,45.693791
17.713335,45.69474
17.7189,45.691796
17.669223,45.715428
17.691608,45.770248
17.710864,45.701206
17.714138,45.694953
17.694389,45.692282
17.714939,45.694965
17.717702,45.718352
17.681988,45.704194
17.239879,45.959315
17.690064,45.695219
17.680645,45.706349
17.689172,45.701641
17.707165,45.704095
17.705059,45.703328
17.69829,45.69377
17.706702,45.702196
17.69766,45.69566
17.721339,45.694706
17.696283,45.710753
17.692653,45.709298
17.643565,45.722838
17.69273,45.707163
17.712805,45.695157
17.693286,45.70084
17.71325,45.699273
17.686275,45.698961
17.224702,45.958526
17.693891,45.699037
17.674235,45.706034
17.710588,45.712023
17.692739,45.697717
17.703715,45.698676
17.710745,45.700166
17.697412,45.690906
17.703498,45.707499
17.690322,45.695602
17.693212,45.698228
17.702321,45.708225
17.718767,45.708544
17.718324,45.69464
17.697117,45.696057
17.606208,45.740847
17.673627,45.703134
17.688545,45.701919
17.245728,45.948544
17.70441,45.698231
17.236294,45.959281
17.680549,45.688001
17.691388,45.725606
17.686595,45.703177
17.718724,45.691875
17.694905,45.701332
17.717934,45.708017
17.69131,45.70033
17.685763,45.703192
17.703964,45.700251
17.224025,45.939811
17.713015,45.697648
17.70328,45.705733
17.693994,45.6997
17.222121,45.957586
17.695796,45.691582
17.719655,45.722564
17.657953,45.728536
17.705247,45.690612
17.658305,45.722876
17.691725,45.770555
17.70966,45.696808
17.222077,45.961246
17.639652,45.734996
17.224046,45.959492
17.231097,45.954613
17.688382,45.709383
17.703277,45.699003
17.659817,45.718689
17.230847,45.955693
17.235772,45.953132
17.705369,45.700065
17.686744,45.695256
17.713705,45.69669
17.690154,45.701991
17.691742,45.704487
17.716719,45.695055
17.684764,45.698829
17.674432,45.70654
17.698367,45.694899
17.243431,45.94838
17.714725,45.70612
17.711159,45.694424
17.691746,45.701833
17.6927,45.697266
17.713444,45.697208
17.696736,45.701297
17.727111,45.725637
17.660424,45.722278
17.239792,45.943216
17.691051,45.718768
17.709153,45.697748
17.705188,45.710778
17.722905,45.698623
17.712106,45.699391
17.654607,45.725151
17.68987,45.701863
17.71004,45.697347
17.237837,45.956068
17.692999,45.695639
17.69098,45.702662
17.613593,45.738747
17.237507,45.955675
17.71678,45.696696
17.226327,45.942516
17.69178,45.702847
17.232683,45.944978
17.708323,45.702283
17.708553,45.69715
17.718162,45.696322
17.726748,45.691491
17.691226,45.715729
17.713337,45.696016
17.714072,45.695405
17.707626,45.709368
17.691153,45.716162
17.653651,45.723694
17.691532,45.718619
17.693301,45.695999
17.694511,45.772977
17.686477,45.699516
17.705965,45.691739
17.704989,45.690002
17.703759,45.699206
17.242423,45.942649
17.716565,45.707228
17.660578,45.722128
17.702635,45.699324
17.658018,45.706202
17.237367,45.95473
17.692232,45.711318
17.691052,45.718603
17.70823,45.702149
17.221982,45.961868
17.236859,45.954963
17.704729,45.698132
17.693556,45.703006
17.691348,45.702382
17.702706,45.688127
17.230857,45.955052
17.660766,45.721505
17.704186,45.706416
17.680539,45.687842
17.706476,45.692042
17.715469,45.697026
17.708423,45.699121
17.710056,45.700398
17.714934,45.696705
17.710878,45.700825
17.656403,45.728043
17.701235,45.703363
17.221822,45.961503
17.689817,45.702218
17.228455,45.945411
17.710659,45.71293
17.226522,45.942032
17.697757,45.698521
17.700926,45.698449
17.718389,45.694826
17.728599,45.726654
17.694697,45.70076
17.242615,45.948425
17.691746,45.713319
17.709696,45.712053
17.71733,45.696543
17.715855,45.696643
17.711448,45.699901
17.655368,45.724817
17.222812,45.961875
17.714557,45.695877
17.610766,45.73947
17.709929,45.698526
17.688276,45.703653
17.6975,45.695555
17.716888,45.696651
17.691836,45.708246
17.699233,45.710806
17.694361,45.701449
17.686146,45.699229
17.694447,45.700992
17.712054,45.699681
17.717176,45.699054
17.709066,45.70153
17.233071,45.959082
17.689077,45.771314
17.23646,45.959117
17.693171,45.700473
17.643944,45.722724
17.237025,45.948987
17.222572,45.961859
17.690175,45.695968
17.708752,45.702951
17.703952,45.698884
17.721616,45.688407
17.712332,45.695252
17.716724,45.70728
17.691495,45.726185
17.715531,45.706584
17.71971,45.691816
17.712479,45.696428
17.715777,45.717439
17.223403,45.939793
17.235647,45.953596
17.697665,45.695854
17.687005,45.702454
17.238396,45.949182
17.688666,45.694534
17.657345,45.724077
17.655001,45.725176
17.700693,45.704354
17.704608,45.706221
17.710959,45.696215
17.643401,45.723014
17.225161,45.961785
17.690928,45.724087
17.677379,45.704791
17.712544,45.713715
17.715106,45.697129
17.711876,45.697733
17.725263,45.724675
17.702312,45.698247
17.705307,45.697139
17.703404,45.705818
17.719474,45.720024
17.715171,45.723165
17.692085,45.714253
17.691141,45.708799
17.705981,45.699657
17.715056,45.706294
17.703819,45.698094
17.230157,45.956398
17.694613,45.708026
17.656499,45.727624
17.708522,45.699046
17.693371,45.702133
17.716805,45.696398
17.234916,45.944079
17.714016,45.696357
17.693162,45.708657
17.650119,45.724781
17.721467,45.688528
17.710682,45.698601
17.679693,45.706237
17.684916,45.700898
17.716614,45.722951
17.654142,45.724768
17.70192,45.703288
17.680734,45.700636
17.702312,45.704637
17.697259,45.696194
17.693297,45.697952
17.687886,45.70261
17.699371,45.696569
17.231543,45.954851
17.702259,45.69886
17.694825,45.702102
17.706467,45.708342
17.690831,45.720727
17.236712,45.958912
17.692317,45.706347
17.224405,45.940698
17.229656,45.942684
17.719201,45.720518
17.673655,45.70389
17.686733,45.703147
17.644433,45.722222
17.691735,45.720423
17.72823,45.726246
17.712897,45.694466
17.637204,45.725556
17.693809,45.703016
17.717973,45.694935
17.703437,45.688117
17.709779,45.694429
17.704677,45.700389
17.691436,45.724002
17.713937,45.697391
17.715898,45.716741
17.720865,45.722373
17.692951,45.698038
17.223737,45.960225
17.654288,45.722748
17.701345,45.704308
17.691055,45.716334
17.707905,45.696957
17.7248,45.693218
17.708601,45.702438
17.663805,45.70659
17.718742,45.719368
17.707951,45.709672
17.222176,45.961131
17.693406,45.701734
17.638141,45.731305
17.693924,45.696057
17.717516,45.694509
17.657288,45.723326
17.713097,45.715283
17.690793,45.701159
17.692728,45.701662
17.703854,45.711177
17.691531,45.70481
17.2384,45.956736
17.663838,45.720089
17.232021,45.953696
17.708148,45.697854
17.704235,45.689011
17.662853,45.721061
17.718283,45.692825
17.656772,45.726827
17.691055,45.717442
17.224924,45.940535
17.231621,45.954176
17.697418,45.690557
17.667417,45.717046
17.707133,45.697238
17.606825,45.741555
17.704109,45.706071
17.691407,45.715021
17.705282,45.702176
17.6731,45.704287
17.640044,45.73475
17.237316,45.955416
17.706017,45.705018
17.243172,45.948812
17.705529,45.710439
17.716547,45.718147
17.702242,45.703584
17.227519,45.961005
17.68968,45.703048
17.70733,45.697123
17.695623,45.706924
17.232773,45.945988
17.671631,45.713971
17.611725,45.739471
17.685897,45.703422
17.638863,45.733417
17.663418,45.720799
17.224948,45.961833
17.691662,45.77198
17.678494,45.706286
17.714322,45.705836
17.686153,45.703049
17.652924,45.725056
17.723758,45.693232
17.709101,45.710625
17.722903,45.722824
17.71024,45.713052
17.236593,45.943556
17.684649,45.702065
17.698564,45.702232
17.698051,45.699233
17.708317,45.702671
17.707928,45.704956
17.708914,45.702652
17.659667,45.707102
17.721621,45.721939
17.679237,45.70688
17.681367,45.700123
17.691568,45.70588
17.71051,45.711895
17.719745,45.709124
17.696287,45.772959
17.713619,45.694727
17.685977,45.696662
17.70787,45.69745
17.679602,45.703745
17.720259,45.697813
17.693339,45.696218
17.712466,45.700216
17.232584,45.944423
17.668032,45.716459
17.68051,45.695848
17.228181,45.943545
17.684335,45.698661
17.688875,45.700015
17.656204,45.726606
17.230198,45.955918
17.226006,45.942104
17.689686,45.737179
17.661642,45.70793
17.692214,45.702479
17.681147,45.692677
17.686805,45.701631
17.710009,45.701504
17.235122,45.943975
17.226317,45.942402
17.680239,45.697463
17.71651,45.693702
17.6985,45.700052
17.703941,45.698663
17.227525,45.957454
17.726392,45.691551
17.728687,45.725829
17.711426,45.713604
17.70841,45.698366
17.693339,45.707883
17.224511,45.940211
17.222077,45.96176
17.707522,45.702213
17.680955,45.698342
17.705096,45.703676
17.682667,45.700406
17.655906,45.728548
17.636835,45.729817
17.688814,45.70526
17.228248,45.944276
17.694672,45.692683
17.705349,45.701632
17.709696,45.700519
17.225645,45.957647
17.707034,45.697287
17.225957,45.941506
17.695912,45.701587
17.707056,45.708879
17.227996,45.94347
17.224848,45.95909
17.22392,45.959625
17.718237,45.69597
17.710372,45.701025
17.714565,45.695014
17.696499,45.773542
17.695008,45.702067
17.666064,45.718768
17.702875,45.711231
17.72735,45.697804
17.70608,45.713983
17.705623,45.691025
17.724063,45.698323
17.690798,45.696426
17.72422,45.724126
17.720088,45.709329
17.711025,45.694361
17.702504,45.691604
17.719363,45.695652
17.245231,45.948658
17.222248,45.957679
17.239031,45.956925
17.718788,45.698503
17.60641,45.740789
17.607588,45.740362
17.708666,45.713276
17.709696,45.694688
17.716744,45.718271
17.711578,45.712867
17.649453,45.72495
17.688968,45.701438
17.70366,45.711282
17.699506,45.697021
17.706074,45.698929
17.715551,45.695647
17.716296,45.722993
17.717654,45.69565
17.703267,45.705354
17.661299,45.721378
17.599157,45.745605
17.699628,45.70242
17.692366,45.701927
17.709828,45.700505
17.705793,45.703406
17.667826,45.716648
17.704776,45.710959
17.237666,45.943247
17.691012,45.71952
17.717848,45.69331
17.659006,45.722929
17.698479,45.706165
17.711656,45.694767
17.714269,45.705746
17.685697,45.699103
17.692504,45.773296
17.717088,45.722913
17.704073,45.694348
17.713897,45.694668
17.23898,45.94342
17.71011,45.712404
17.711268,45.710905
17.717515,45.695408
17.717135,45.71787
17.659662,45.729221
17.693241,45.773191
17.719239,45.708834
17.65565,45.725225
17.711423,45.701009
17.711689,45.713874
17.706075,45.691546
17.692817,45.708313
17.694283,45.773342
17.697525,45.700607
17.718459,45.722374
17.708892,45.700519
17.692768,45.701999
17.706066,45.701642
17.656846,45.725605
17.709293,45.697691
17.707832,45.697951
17.703257,45.706217
17.690413,45.702522
17.692701,45.702888
17.239854,45.949021
17.640543,45.735704
17.706406,45.696114
17.707701,45.701857
17.663229,45.720856
17.226171,45.957804
17.22891,45.944885
17.726324,45.69221
17.223919,45.96011
17.704305,45.698971
17.708092,45.710681
17.701399,45.697844
17.69162,45.7717
17.691366,45.727697
17.231268,45.95513
17.705457,45.692396
17.686573,45.698683
17.599315,45.745508
17.694484,45.701271
17.691499,45.719941
17.698063,45.702294
17.656812,45.725832
17.691823,45.715384
17.706839,45.70868
17.697776,45.699605
17.698337,45.695146
17.683692,45.700443
17.692938,45.698265
17.6893,45.692282
17.235787,45.959262
17.710451,45.696094
17.722658,45.694346
17.690774,45.724776
17.234885,45.958845
17.703826,45.706146
17.684326,45.700748
17.715102,45.693459
17.69275,45.705625
17.674982,45.706115
17.708761,45.698984
17.610472,45.73985
17.223983,45.940222
17.708469,45.700941
17.664282,45.7199
17.704647,45.699118
17.229757,45.955973
17.709171,45.694663
17.239422,45.94906
17.692681,45.707921
17.656825,45.725716
17.709725,45.697847
17.665162,45.719632
17.698214,45.700213
17.716544,45.717305
17.659769,45.72215
17.662233,45.721337
17.222781,45.958061
17.712341,45.7135
17.672123,45.707807
17.694292,45.696582
17.694997,45.773253
17.694864,45.692606
17.708755,45.702527
17.66711,45.709457
17.717281,45.697237
17.708914,45.710514
17.708719,45.695706
17.697634,45.698541
17.228401,45.9438
17.704915,45.702806
17.698252,45.699601
17.691536,45.722905
17.691944,45.714855
17.687718,45.70043
17.712585,45.700623
17.72524,45.692409
17.670406,45.714228
17.693526,45.772962
17.72901,45.726016
17.236558,45.958711
17.71955,45.69047
17.710242,45.698738
17.680754,45.690859
17.231897,45.954413
17.224617,45.958816
17.236241,45.958817
17.664664,45.720088
17.705841,45.699393
17.690742,45.730927
17.691783,45.706221
17.673759,45.704632
17.715588,45.709976
17.704715,45.702628
17.70182,45.703603
17.709812,45.711354
17.237949,45.955249
17.716747,45.717509
17.715088,45.699744
17.681414,45.697638
17.67364,45.702995
17.699321,45.704109
17.702158,45.704311
17.691756,45.693378
17.676391,45.706734
17.235127,45.944364
17.717758,45.696394
17.60856,45.740117
17.705168,45.696369
17.689376,45.70354
17.697496,45.699081
17.658204,45.722914
17.687932,45.700436
17.70847,45.69647
17.717287,45.696255
17.225302,45.958449
17.707322,45.709915
17.693711,45.708077
17.69178,45.715537
17.714334,45.695942
17.708173,45.696728
17.716481,45.695805
17.681831,45.692639
17.690852,45.725385
17.7199,45.691188
17.223018,45.958063
17.720089,45.699702
17.694922,45.772881
17.711152,45.69803
17.708223,45.694536
17.723553,45.724249
17.70542,45.697211
17.720664,45.697359
17.673269,45.704602
17.706453,45.701552
17.68657,45.700451
17.691892,45.7162
17.693696,45.773554
17.720813,45.697621
17.68693,45.702612
17.700885,45.701138
17.716552,45.696735
17.697998,45.699125
17.720556,45.699579
17.681066,45.693038
17.687172,45.701718
17.691847,45.702457
17.713666,45.704745
17.71861,45.694251
17.664846,45.720869
17.673959,45.711829
17.709091,45.696252
17.677081,45.706354
17.69311,45.707946
17.724324,45.698051
17.681142,45.692813
17.715642,45.696693
17.690301,45.698828
17.691134,45.69302
17.70367,45.703231
17.707893,45.695109
17.719502,45.698004
17.688064,45.70144
17.713555,45.715499
17.692143,45.706885
17.720759,45.69949
17.661486,45.721226
17.68912,45.70002
17.7097,45.712952
17.712809,45.699154
17.691401,45.704641
17.232182,45.953429
17.242846,45.948445
17.692505,45.706477
17.722155,45.694636
17.654497,45.724774
17.680975,45.694147
17.696464,45.69588
17.716901,45.693575
17.715099,45.699033
17.691361,45.701208
17.236709,45.960514
17.691515,45.719666
17.691355,45.702801
17.222779,45.960622
17.720606,45.696209
17.690361,45.701178
17.692501,45.707585
17.692876,45.695552
17.725625,45.692197
17.681227,45.698534
17.704318,45.690838
17.702936,45.705939
17.693952,45.699125
17.715397,45.716319
17.241435,45.948872
17.683613,45.700844
17.694521,45.701116
17.680854,45.69473
17.707346,45.694584
17.671544,45.697196
17.71861,45.693661
17.722402,45.694499
17.238922,45.956645
17.703711,45.698403
17.637147,45.730424
17.729467,45.726263
17.221681,45.962142
17.711029,45.69844
17.702196,45.698823
17.69465,45.700275
17.232747,45.945304
17.664397,45.720586
17.692976,45.693503
17.599976,45.745113
17.653809,45.722956
17.691803,45.773776
17.692133,45.701512
17.683255,45.700254
17.709437,45.701386
17.225729,45.941861
17.681677,45.704172
17.702746,45.687637
17.727479,45.69103
17.655757,45.726868
17.710978,45.700081
17.725362,45.69291
17.659334,45.72902
17.691009,45.718068
17.655979,45.729463
17.608767,45.740444
17.707345,45.69625
17.688395,45.701509
17.6917,45.700645
17.692407,45.712823
17.649408,45.724679
17.242046,45.942731
17.637568,45.7311
17.231765,45.954541
17.714827,45.698721
17.717747,45.698055
17.64463,45.722224
17.241179,45.948908
17.719269,45.697752
17.226351,45.957763
17.667093,45.717339
17.686282,45.699084
17.659747,45.722645
17.703686,45.688335
17.725018,45.724531
17.238225,45.956411
17.712649,45.700155
17.673243,45.703381
17.706655,45.708492
17.237354,45.954597
17.240714,45.943038
17.657022,45.725482
17.684986,45.698902
17.704633,45.697832
17.69469,45.701424
17.23011,45.945018
17.694725,45.696687
17.237938,45.943288
17.692606,45.712193
17.694984,45.70474
17.711055,45.713266
17.222089,45.957236
17.713786,45.69344
17.692515,45.773643
17.711789,45.699509
17.657226,45.724524
17.234434,45.938672
17.710079,45.694427
17.714414,45.693292
17.23777,45.955181
17.692256,45.706235
17.235958,45.958981
17.705161,45.695247
17.708256,45.713764
17.719333,45.693709
17.640777,45.724033
17.708816,45.697374
17.702957,45.698485
17.688416,45.694324
17.604291,45.743048
17.703803,45.698924
17.695946,45.694172
17.239009,45.948756
17.682636,45.700026
17.691232,45.773482
17.607398,45.740467
17.694382,45.697496
17.611116,45.739696
17.710974,45.695254
17.707934,45.697922
17.665058,45.719795
17.726068,45.697326
17.69453,45.773333
17.682081,45.700155
17.709923,45.712846
17.695448,45.695868
17.719239,45.693966
17.711142,45.713406
17.698199,45.707198
17.690806,45.708486
17.704512,45.710996
17.694365,45.700758
17.694643,45.700113
17.714253,45.716254
17.681965,45.705495
17.681005,45.693198
17.238433,45.943495
17.689181,45.702041
17.698939,45.70221
17.690924,45.723575
17.697697,45.699396
17.694114,45.773031
17.238074,45.943627
17.672202,45.713418
17.728107,45.688924
17.68834,45.707568
17.672284,45.707661
17.695083,45.702418
17.67218,45.71371
17.691883,45.705259
17.640538,45.724151
17.226762,45.957238
17.698135,45.699315
17.237245,45.954473
17.607766,45.740633
17.707316,45.693311
17.681073,45.692411
17.692569,45.709874
17.704126,45.699066
17.696415,45.773288
17.715471,45.694908
17.701754,45.705008
17.708295,45.696572
17.710868,45.701728
17.69159,45.704923
17.222886,45.960539
17.6904,45.696075
17.706416,45.692343
17.698414,45.69412
17.2345,45.944769
17.715744,45.69521
17.709929,45.697758
17.72858,45.690406
17.704476,45.68935
17.680085,45.69689
17.721476,45.695059
17.65092,45.724511
17.235361,45.953365
17.728132,45.690679
17.636945,45.729986
17.222094,45.960988
17.674426,45.704728
17.684828,45.705798
17.701749,45.703177
17.707844,45.696253
17.683071,45.698967
17.717432,45.693434
17.669625,45.712914
17.709945,45.69469
17.677309,45.705173
17.713522,45.695164
17.702456,45.704702
17.705774,45.691341
17.683624,45.698738
17.680316,45.698392
17.691528,45.719005
17.69508,45.691861
17.707941,45.700402
17.695487,45.773149
17.598345,45.745139
17.691632,45.708595
17.225876,45.941934
17.706243,45.691786
17.661098,45.721906
17.233944,45.959098
17.720385,45.722449
17.692145,45.695069
17.230681,45.955275
17.707035,45.710227
17.65579,45.725292
17.691531,45.701804
17.702555,45.705534
17.243488,45.948794
17.669386,45.713346
17.691519,45.720285
17.68385,45.702593
17.704386,45.705899
17.228737,45.956712
17.692834,45.773011
17.712213,45.700739
17.718075,45.718487
17.692659,45.711468
17.712215,45.694995
17.692749,45.708772
17.69819,45.70695
17.72342,45.698805
17.656061,45.725318
17.723239,45.694014
17.237412,45.955519
17.712981,45.699109
17.689334,45.701755
17.719604,45.720097
17.698651,45.706839
17.681014,45.692177
17.69194,45.772669
17.724777,45.698114
17.692683,45.691794
17.238721,45.956465
17.687775,45.70185
17.707917,45.702424
17.703408,45.700824
17.715759,45.696937
17.716176,45.696536
17.721392,45.699285
17.690791,45.730543
17.653235,45.725024
17.661807,45.721563
17.720802,45.695055
17.69277,45.773607
17.234951,45.943207
17.691667,45.701284
17.688474,45.699944
17.713869,45.715725
17.703143,45.70331
17.689099,45.703005
17.704175,45.688907
17.72422,45.693636
17.690445,45.708883
17.715433,45.72312
17.70515,45.690224
17.715317,45.695247
17.65906,45.728934
17.232861,45.953432
17.714849,45.697179
17.704927,45.702019
17.714852,45.696899
17.683288,45.700714
17.241169,45.94852
17.691314,45.715302
17.227121,45.95712
17.22495,45.958267
17.718525,45.692513
17.669587,45.715116
17.690935,45.701204
17.714922,45.693112
17.69412,45.707542
17.693209,45.708544
17.229542,45.95676
17.231659,45.958992
17.691489,45.708655
17.719711,45.697979
17.68055,45.689596
17.708246,45.698092
17.698522,45.69452
17.688811,45.701948
17.237685,45.95502
17.687256,45.701351
17.692043,45.7025
17.712042,45.713299
17.710512,45.69642
17.717622,45.716173
17.687899,45.701423
17.712897,45.7149
17.723159,45.698887
17.699159,45.704132
17.683076,45.701921
17.232428,45.953973
17.714554,45.695348
17.702793,45.698242
17.236832,45.958555
17.685624,45.701367
17.681834,45.693095
17.23099,45.955523
17.233416,45.945451
17.703056,45.698482
17.707576,45.699831
17.685166,45.698954
17.69759,45.695798
17.697422,45.698949
17.691543,45.719563
17.65194,45.724587
17.727103,45.72494
17.720413,45.695706
17.237816,45.943633
17.718158,45.708163
17.669052,45.708647
17.691622,45.705991
17.221526,45.962199
17.724763,45.724405
17.687103,45.700428
17.695177,45.692669
17.664086,45.720542
17.658839,45.728799
17.720606,45.697669
17.70513,45.705162
17.705882,45.695449
17.707964,45.70555
17.701632,45.698977
17.716803,45.718394
17.713009,45.715003
17.725771,45.692104
17.671273,45.714367
17.690538,45.708535
17.716076,45.693833
17.7148,45.715791
17.683091,45.69858
17.694395,45.703611
17.708628,45.700889
17.690965,45.773534
17.721444,45.721715
17.241273,45.942462
17.669746,45.715679
17.712103,45.700354
17.699565,45.699154
17.236382,45.943612
17.706249,45.70344
17.700481,45.703211
17.717873,45.695571
17.716707,45.699189
17.693047,45.705705
17.692479,45.712698
17.229912,45.956602
17.715716,45.695916
17.702664,45.711289
17.69171,45.716152
17.65258,45.724994
17.708362,45.710037
17.221506,45.961832
17.676233,45.706428
17.23376,45.958542
17.232559,45.944767
17.687964,45.708975
17.707761,45.696381
17.229576,45.960265
17.692917,45.701691
17.719112,45.695687
17.703638,45.691763
17.694282,45.70035
17.71918,45.693865
17.221621,45.961738
17.692932,45.698146
17.675278,45.706573
17.665198,45.721107
17.709933,45.698883
17.655177,45.728975
17.712636,45.699222
17.692601,45.70963
17.721959,45.698354
17.691562,45.714309
17.709526,45.697606
17.715701,45.716582
17.715126,45.696799
17.727229,45.725085
17.713055,45.694476
17.690316,45.708613
17.691618,45.701469
17.611417,45.739591
17.691817,45.713086
17.230398,45.956272
17.224527,45.96183
17.236185,45.953464
17.67102,45.71367
17.69146,45.723036
17.725954,45.698116
17.710919,45.712315
17.680979,45.693553
17.228041,45.956909
17.612474,45.738875
17.637485,45.730919
17.702449,45.699277
17.672396,45.707579
17.701811,45.704396
17.710191,45.71253
17.680451,45.696144
17.688582,45.699961
17.641194,45.723343
17.691259,45.715581
17.670464,45.715031
17.226599,45.942137
17.704352,45.707177
17.719535,45.695935
17.714217,45.69969
17.69437,45.772983
17.707508,45.710106
17.711176,45.695329
17.711956,45.698085
17.708568,45.695046
17.702455,45.699706
17.708992,45.713617
17.718266,45.691652
17.719394,45.708933
17.714592,45.715516
17.689299,45.769771
17.714922,45.694463
17.704397,45.701541
17.656453,45.705863
17.680183,45.698666
17.69235,45.697326
17.726621,45.692027
17.71509,45.702358
17.691079,45.696692
17.716053,45.695541
17.696289,45.692619
17.223997,45.961816
17.698236,45.699433
17.700472,45.700299
17.722457,45.699079
17.236621,45.949405
17.237533,45.943762
17.708645,45.696303
17.680788,45.698806
17.719645,45.694677
17.680909,45.700537
17.696152,45.772682
17.691229,45.701445
17.637829,45.730792
17.696213,45.69185
17.690939,45.702249
17.714424,45.698131
17.703333,45.693047
17.72685,45.691467
17.689207,45.703525
17.716043,45.706822
17.68845,45.702498
17.687482,45.696087
17.636704,45.728795
17.695302,45.701721
17.717741,45.695285
17.692321,45.710932
17.710415,45.699991
17.699395,45.696717
17.68529,45.703414
17.692135,45.707063
17.692522,45.698509
17.605289,45.738802
17.691565,45.717648
17.72004,45.720402
17.612164,45.739314
17.23086,45.954852
17.711266,45.699992
17.720673,45.690339
17.236369,45.954303
17.681247,45.698674
17.704575,45.692977
17.717342,45.718041
17.68615,45.696301
17.725011,45.698398
17.717484,45.696194
17.230316,45.955793
17.692985,45.702009
17.692465,45.695416
17.236163,45.953297
17.693696,45.698726
17.722032,45.698512
17.654385,45.719309
17.708022,45.696879
17.704293,45.711057
17.690904,45.722466
17.686084,45.700282
17.713158,45.715153
17.685249,45.7013
17.720959,45.695331
17.705884,45.710337
17.70313,45.698858
17.692043,45.712198
17.697502,45.707163
17.679842,45.701213
17.686355,45.703245
17.706179,45.692265
17.711994,45.697672
17.682363,45.700282
17.601354,45.744264
17.702571,45.68743
17.226232,45.960971
17.666899,45.717497
17.638482,45.731933
17.70595,45.703366
17.71841,45.696229
17.69178,45.708589
17.223575,45.939872
17.225837,45.941398
17.236626,45.960233
17.637752,45.731445
17.609564,45.740142
17.693822,45.773419
17.708445,45.694656
17.689178,45.774186
17.222607,45.961549
17.721215,45.722332
17.718869,45.695781
17.662076,45.721404
17.675965,45.706453
17.685148,45.699545
17.688113,45.702438
17.69417,45.696888
17.653466,45.724695
17.697079,45.693263
17.227527,45.943475
17.692013,45.705592
17.693943,45.70074
17.685421,45.701338
17.655676,45.729283
17.69274,45.693696
17.707627,45.697573
17.652672,45.724507
17.70987,45.703099
17.6957,45.701646
17.639861,45.734359
17.692143,45.706034
17.223384,45.95988
17.707719,45.702296
17.66905,45.716307
17.675773,45.706461
17.238336,45.957337
17.232439,45.944275
17.691436,45.714875
17.230008,45.956477
17.703496,45.698444
17.711827,45.713086
17.230159,45.960125
17.683812,45.698978
17.236616,45.954615
17.718211,45.691874
17.717969,45.698787
17.702114,45.703695
17.686945,45.695598
17.706125,45.708024
17.714468,45.722736
17.69667,45.693094
17.225569,45.941691
17.691775,45.696912
17.65054,45.724817
17.701064,45.699089
17.723645,45.693341
17.716539,45.694746
17.721962,45.694798
17.236161,45.960187
17.706876,45.703102
17.688464,45.707789
17.688799,45.70741
17.695897,45.704938
17.697032,45.705063
17.233094,45.945263
17.695492,45.704263
17.234672,45.940348
17.234597,45.937499
17.234595,45.937341
17.697478,45.701094
17.697417,45.701295
17.708221,45.703198
17.678104,45.703772
17.677853,45.703275
17.683201,45.702838
17.70356,45.703097
17.704014,45.692592
17.693171,45.703761
17.688028,45.705084
17.684618,45.70554
17.679501,45.706243
17.675399,45.709649
17.684254,45.706076
17.690436,45.70484
17.691981,45.704412
17.692213,45.70435
17.234909,45.941524
17.240504,45.948575
17.69693,45.70295
17.697991,45.702714
17.71767,45.697918
17.715995,45.698893
17.717086,45.698518
17.71395,45.69855
17.705939,45.704459
17.714798,45.698274
17.716152,45.69796
17.718382,45.697528
17.71454,45.693453
17.710991,45.693221
17.673533,45.698067
17.7067,45.703165
17.707278,45.702695
17.688537,45.706778
17.694661,45.703825
17.215347,45.963561
17.220676,45.962519
17.216729,45.957609
17.228789,45.949572
17.216083,45.950504
17.229026,45.947089
17.216142,45.962241
17.213775,45.958462
17.215041,45.95995
17.217296,45.965267
17.218693,45.957213
17.217355,45.9577
17.214691,45.958898
17.21506,45.960136
17.217181,45.957745
17.219245,45.957047
17.216165,45.964084
17.219537,45.956217
17.215246,45.962065
17.214658,45.960279
17.21382,45.958185
17.217351,45.967016
17.220115,45.950145
17.229445,45.949603
17.231291,45.950216
17.226291,45.949293
17.230606,45.949006
17.228198,45.949608
17.224513,45.949585
17.232684,45.949615
17.233631,45.949602
17.229689,45.949852
17.216727,45.950824
17.231844,45.946369
17.232199,45.950105
17.230555,45.949673
17.232484,45.946281
17.222652,45.950608
17.220153,45.950491
17.232552,45.94915
17.230112,45.949971
17.233628,45.949925
17.222928,45.950544
17.232458,45.949056
17.23036,45.948467
17.221859,45.949804
17.229833,45.948911
17.231801,45.94799
17.230453,45.949282
17.227158,45.951204
17.229986,45.9471
17.235193,45.947857
17.231865,45.949142
17.689671,45.702197
17.69467,45.700565
17.720409,45.697729
17.690525,45.695634
17.708119,45.698451
17.692574,45.712087
17.71012,45.698392
17.691039,45.71895
17.239524,45.943381
17.721261,45.695131
17.688167,45.6998
17.233261,45.941839
17.721934,45.722909
17.72072,45.689238
17.72086,45.696535
17.23655,45.954506
17.711377,45.700623
17.702572,45.705029
17.717946,45.696001
17.692695,45.709017
17.705635,45.703509
17.692433,45.707361
17.701106,45.699293
17.717579,45.698948
17.692642,45.695239
17.665619,45.71917
17.685415,45.699744
17.238823,45.94343
17.686741,45.694891
17.645374,45.722792
17.69458,45.700188
17.686973,45.693452
17.239612,45.948688
17.661616,45.721174
17.675388,45.706466
17.703325,45.706871
17.225934,45.942029
17.710514,45.698636
17.691356,45.715166
17.703429,45.691495
17.715308,45.695653
17.651622,45.724565
17.68955,45.703569
17.692739,45.693597
17.705246,45.702436
17.709368,45.694419
17.670634,45.714851
17.70306,45.69943
17.70543,45.695891
17.708197,45.69717
17.673209,45.707027
17.668289,45.716295
17.607963,45.740644
17.69232,45.713513
17.705052,45.696817
17.707469,45.709132
17.690091,45.703522
17.723857,45.698712
17.233093,45.9533
17.689472,45.698412
17.683621,45.699242
17.709169,45.698814
17.707415,45.693711
17.660239,45.721782
17.653411,45.725056
17.691417,45.770942
17.638982,45.733706
17.714275,45.715222
17.234776,45.944505
17.72106,45.694927
17.717547,45.722856
17.681263,45.70023
17.709567,45.711085
17.229743,45.956727
17.717614,45.707703
17.708098,45.70055
17.712252,45.714321
17.653621,45.724686
17.643376,45.722446
17.716397,45.695512
17.703345,45.707592
17.663995,45.719907
17.705534,45.695613
17.709286,45.695201
17.238078,45.955685
17.691651,45.72006
17.710857,45.694756
17.693666,45.692363
17.238906,45.957895
17.70726,45.697206
17.712831,45.697713
17.703232,45.698202
17.680489,45.700786
17.691022,45.720362
17.660474,45.7218
17.68944,45.697671
17.66837,45.7162
17.694728,45.701006
17.708363,45.696971
17.702504,45.698496
17.691479,45.722333
17.687373,45.702255
17.710691,45.696308
17.68762,45.706358
17.22984,45.94588
17.694212,45.705287
17.238682,45.95641
17.718089,45.69545
17.721102,45.690486
17.717267,45.695453
17.709573,45.694366
17.718365,45.719023
17.720722,45.692812
17.669952,45.709357
17.698565,45.699898
17.725378,45.697942
17.720226,45.689682
17.642794,45.717758
17.689092,45.771499
17.691439,45.708808
17.652456,45.724561
17.705592,45.697456
17.678048,45.698651
17.712462,45.699543
17.71143,45.698273
17.691536,45.717832
17.689039,45.707422
17.708814,45.710434
17.710255,45.696166
17.682102,45.69956
17.701783,45.705277
17.68731,45.700422
17.715545,45.699588
17.700948,45.698766
17.69659,45.772846
17.229401,45.945465
17.691919,45.712736
17.70855,45.695569
17.715233,45.698612
17.726806,45.691908
17.716433,45.718016
17.723291,45.693575
17.701917,45.704681
17.640683,45.73592
17.718231,45.695282
17.719069,45.693547
17.716668,45.698444
17.715077,45.695275
17.22748,45.942558
17.69101,45.720565
17.231426,45.955051
17.71353,45.695488
17.691708,45.713643
17.680397,45.697998
17.691432,45.724627
17.705155,45.695554
17.716934,45.699112
17.702247,45.699166
17.692434,45.712969
17.221962,45.957501
17.236786,45.949017
17.68063,45.698696
17.723428,45.693453
17.694908,45.705111
17.709249,45.698051
17.708515,45.699469
17.689599,45.703009
17.711256,45.699691
17.681809,45.699299
17.709961,45.712301
17.719131,45.708749
17.719054,45.694881
17.727131,45.691716
17.691934,45.706443
17.708633,45.697518
17.228325,45.957241
17.715064,45.696075
17.719092,45.696044
17.235433,45.941888
17.710078,45.713244
17.702203,45.704385
17.228451,45.956794
17.707722,45.698273
17.608879,45.742568
17.655933,45.728071
17.691446,45.723237
17.685292,45.70098
17.689726,45.701374
17.722144,45.694198
17.691053,45.708427
17.693343,45.708848
17.690578,45.692817
17.665876,45.719003
17.689296,45.70297
17.707482,45.704193
17.236633,45.953857
17.693678,45.700986
17.659992,45.72244
17.241613,45.948488
17.71744,45.695704
17.223662,45.959818
17.692303,45.705806
17.235115,45.942912
17.691488,45.697056
17.691789,45.712979
17.708875,45.694312
17.231926,45.959447
17.228621,45.956769
17.705197,45.7027
17.702606,45.704443
17.707716,45.695131
17.687454,45.701318
17.722292,45.694195
17.710405,45.700279
17.245044,45.948679
17.692199,45.708466
17.707865,45.709446
17.691053,45.719155
17.704276,45.691277
17.692008,45.705498
17.709442,45.694699
17.238703,45.943458
17.720032,45.690088
17.224347,45.940566
17.695265,45.773211
17.71051,45.701312
17.689085,45.697591
17.67495,45.70663
17.699412,45.696391
17.640789,45.736129
17.690789,45.72498
17.722488,45.694075
17.689995,45.695677
17.719754,45.693232
17.708973,45.696857
17.689869,45.695268
17.704597,45.704617
17.711955,45.699451
17.712358,45.695311
17.694942,45.707785
17.704603,45.698796
17.236087,45.943655
17.680765,45.691021
17.698549,45.7123
17.682148,45.700672
17.227496,45.957044
17.693106,45.709021
17.70355,45.700644
17.687738,45.709038
17.714724,45.696163
17.691964,45.706725
17.698745,45.710913
17.652492,45.719377
17.397004,45.809232
17.513708,45.806641
17.379487,45.830822
17.920189,45.524617
17.4086,45.834095
17.634182,45.704711
17.633027,45.703823
17.63212,45.703257
17.631186,45.702802
17.631566,45.702902
17.630906,45.702547
17.631758,45.702992
17.631223,45.702665
17.631915,45.703133
17.630371,45.702143
17.630517,45.702195
17.629463,45.70156
17.636036,45.705248
17.635076,45.704601
17.634538,45.704213
17.634611,45.70431
17.63397,45.70388
17.634248,45.703953
17.634796,45.704456
17.633082,45.703313
17.63156,45.702306
17.632166,45.702706
17.630871,45.701635
17.632021,45.702579
17.631279,45.702101
17.631737,45.702392
17.630492,45.701626
17.631101,45.701999
17.629795,45.70117
17.317948,45.856535
17.518486,45.808203
17.499612,45.800773
17.339582,45.821724
17.69262,45.702503
17.391335,45.833419
17.535126,45.672849
17.527052,45.678012
17.529593,45.671286
17.529023,45.67222
17.531055,45.665024
17.528052,45.674666
17.528391,45.674156
17.527705,45.6752
17.529151,45.672779
17.531617,45.663909
17.530966,45.664509
17.529802,45.668655
17.529534,45.67144
17.527355,45.675707
17.52815,45.674519
17.530107,45.666852
17.530745,45.666006
17.530248,45.666071
17.63856,45.660533
17.607383,45.702588
17.637696,45.660997
17.631331,45.665288
17.637572,45.660397
17.638699,45.659793
17.631014,45.666469
17.63087,45.666738
17.588726,45.702726
17.63139,45.665979
17.607538,45.702538
17.631483,45.665076
17.605629,45.704069
17.604566,45.704748
17.638407,45.660713
17.636197,45.662838
17.605471,45.704231
17.631587,45.664955
17.605055,45.704116
17.637751,45.660927
17.630933,45.666594
17.638381,45.66021
17.604908,45.705032
17.636793,45.662746
17.631907,45.66516
17.605134,45.704511
17.633975,45.663621
17.64281,45.666518
17.606,45.703791
17.605264,45.704444
17.637225,45.661966
17.636178,45.663224
17.528574,45.673233
17.607699,45.702413
17.60706,45.702864
17.607517,45.702926
17.606195,45.703688
17.638085,45.660273
17.636207,45.662719
17.636473,45.662456
17.630157,45.667172
17.60461,45.705489
17.618597,45.697736
17.63697,45.662252
17.607906,45.702667
17.63778,45.661397
17.630833,45.666106
17.604945,45.704212
17.63179,45.665227
17.604471,45.704948
17.630337,45.666859
17.634677,45.663237
17.63079,45.667001
17.636608,45.663304
17.6337,45.66341
17.633759,45.663798
17.63473,45.663468
17.604704,45.704552
17.605044,45.70464
17.531393,45.691246
17.531073,45.664272
17.533421,45.693043
17.53071,45.665781
17.535885,45.671167
17.530894,45.665348
17.527611,45.676078
17.527406,45.67685
17.52684,45.678998
17.528247,45.67436
17.536163,45.671076
17.531665,45.663811
17.527615,45.675356
17.529647,45.66912
17.529136,45.670973
17.530577,45.668353
17.531532,45.664178
17.5279,45.674868
17.529181,45.670688
17.530966,45.66519
17.528566,45.673109
17.52938,45.672271
17.529642,45.670729
17.53009,45.668395
17.52912,45.670329
17.52902,45.670243
17.53112,45.664116
17.530224,45.667702
17.535217,45.694192
17.527486,45.676559
17.529575,45.671933
17.528409,45.673946
17.52724,45.677455
17.529424,45.669586
17.53062,45.667263
17.528232,45.675092
17.530297,45.665945
17.529633,45.670148
17.529131,45.671125
17.530306,45.667538
17.527498,45.675503
17.628464,45.682041
17.625625,45.681795
17.625031,45.681941
17.633304,45.686125
17.558191,45.692107
17.551368,45.692486
17.634491,45.687516
17.633205,45.685954
17.547793,45.691862
17.554276,45.692791
17.629963,45.682911
17.552165,45.692409
17.634709,45.685685
17.632745,45.685618
17.555739,45.699753
17.55744,45.692703
17.553286,45.692744
17.556789,45.692734
17.632442,45.683293
17.550396,45.692158
17.555388,45.692472
17.548622,45.692353
17.632381,45.685009
17.549835,45.692163
17.555604,45.692501
17.556259,45.699742
17.626479,45.681778
17.631956,45.684743
17.552349,45.692467
17.55617,45.692471
17.628756,45.682548
17.553589,45.69278
17.637087,45.686256
17.559271,45.699929
17.625942,45.681541
17.559139,45.699631
17.636336,45.688869
17.5399,45.695952
17.553398,45.692491
17.632545,45.685463
17.629829,45.682857
17.628416,45.682381
17.633783,45.686368
17.632904,45.684129
17.634546,45.685572
17.635881,45.688193
17.631275,45.684761
17.558435,45.692238
17.626025,45.681745
17.559048,45.699885
17.63435,45.685449
17.55868,45.699851
17.554288,45.692456
17.550647,45.69954
17.633037,45.685828
17.554052,45.692528
17.558935,45.693547
17.556248,45.692766
17.559622,45.693524
17.542504,45.697489
17.554011,45.699893
17.636069,45.688538
17.554727,45.692794
17.633612,45.684294
17.629593,45.682611
17.628539,45.682429
17.637769,45.687188
17.632333,45.685333
17.633639,45.684749
17.556716,45.699781
17.628074,45.682217
17.62539,45.680212
17.554561,45.692537
17.630058,45.682965
17.627147,45.681984
17.557565,45.699752
17.626098,45.68152
17.553178,45.699817
17.548338,45.691913
17.553368,45.699797
17.552781,45.699431
17.629682,45.683045
17.628131,45.681917
17.633642,45.686285
17.631306,45.6844
17.628859,45.682224
17.625504,45.681602
17.552274,45.699747
17.560438,45.695037
17.559848,45.694168
17.625492,45.68041
17.633422,45.686208
17.539507,45.69618
17.632234,45.682951
17.633811,45.684899
17.55515,45.699779
17.551682,45.692335
17.635298,45.687702
17.636025,45.68617
17.553634,45.69253
17.55737,45.692443
17.549884,45.70141
17.631631,45.684618
17.634576,45.686859
17.632777,45.685289
17.555916,45.692499
17.560316,45.694862
17.552877,45.692378
17.631121,45.684082
17.632136,45.684882
17.559092,45.694023
17.6252,45.679979
17.627808,45.68211
17.65113,45.698359
17.629351,45.682596
17.632585,45.683578
17.551139,45.692108
17.554661,45.699824
17.292823,45.925162
17.312697,45.956
17.544265,45.732763
17.576202,45.711963
17.576398,45.7124
17.576273,45.712943
17.576589,45.711404
17.576095,45.7122
17.576197,45.711739
17.576689,45.711179
17.57589,45.71321
17.576823,45.710735
17.57707,45.709761
17.576414,45.709968
17.576118,45.713713
17.579523,45.714204
17.575857,45.716035
17.577439,45.7153
17.575984,45.716671
17.575776,45.714366
17.575713,45.714073
17.579981,45.713967
17.576537,45.715274
17.578412,45.714692
17.5758,45.71567
17.576351,45.71575
17.57743,45.714967
17.579425,45.714521
17.579045,45.714496
17.576065,45.714081
17.577179,45.71508
17.573703,45.704205
17.569478,45.70426
17.573053,45.705033
17.57364,45.704673
17.572975,45.704846
17.569374,45.703902
17.569728,45.703912
17.57068,45.703744
17.569842,45.704353
17.575524,45.702511
17.748336,45.755603
17.2389,45.964422
17.244232,45.941803
17.252713,45.966137
17.246443,45.966895
17.242831,45.939882
17.220075,45.936169
17.233975,45.937044
17.311757,45.958455
17.733066,45.687773
17.733272,45.687685
17.255486,45.965361
17.242482,45.965196
17.236059,45.967455
17.251176,45.966699
17.25049,45.947633
17.274832,45.950026
17.234427,45.936603
17.270171,45.949372
17.237499,45.962108
17.251361,45.967
17.236956,45.962339
17.747663,45.677995
17.238057,45.963781
17.235167,45.967553
17.236399,45.967362
17.233292,45.967746
17.229254,45.968788
17.236846,45.967345
17.218802,45.934943
17.239311,45.965964
17.271673,45.980567
17.27407,45.98124
17.277381,45.982481
17.233877,45.936787
17.233352,45.934823
17.23331,45.934699
17.23323,45.933709
17.265842,45.949625
17.234395,45.936858
17.239241,45.964925
17.221241,45.93768
17.347477,45.974779
17.349721,45.974058
17.354794,45.972902
17.365758,45.975826
17.357673,45.971075
17.336419,45.987306
17.366139,45.977683
17.356679,45.972268
17.343008,45.977996
17.366173,45.976938
17.349232,45.974433
17.367072,45.979744
17.351892,45.972862
17.367284,45.98183
17.350421,45.973737
17.335721,45.972167
17.340831,45.987018
17.358745,45.972279
17.358332,45.972606
17.335568,45.975773
17.348312,45.974557
17.334455,45.974181
17.340541,45.980308
17.351506,45.973323
17.354527,45.972505
17.336042,45.987761
17.35684,45.972222
17.351674,45.972963
17.352389,45.973417
17.357656,45.972393
17.354153,45.973066
17.350668,45.973612
17.353993,45.9731
17.35453,45.973082
17.343979,45.977283
17.357604,45.972021
17.335334,45.990165
17.365386,45.974901
17.353328,45.973308
17.335748,45.988819
17.35763,45.963971
17.363879,45.970645
17.371291,45.969161
17.359648,45.959025
17.357594,45.963831
17.374169,45.970695
17.357282,45.970557
17.35769,45.966655
17.359431,45.960551
17.3592,45.960284
17.357225,45.965832
17.356385,45.965885
17.370591,45.969518
17.357653,45.970924
17.373906,45.960349
17.357072,45.970976
17.359063,45.958934
17.370163,45.96955
17.371419,45.959992
17.357331,45.970202
17.374047,45.970731
17.373903,45.970808
17.358154,45.966905
17.357418,45.965714
17.357418,45.965635
17.357986,45.968448
17.358829,45.962518
17.359364,45.9622
17.357614,45.968438
17.357298,45.964962
17.357851,45.969981
17.370969,45.969046
17.358434,45.962667
17.373648,45.970863
17.356572,45.9714
17.357236,45.971791
17.357577,45.971429
17.357679,45.971701
17.359929,45.971739
17.356993,45.970631
17.357296,45.964579
17.256616,45.938614
17.265463,45.931856
17.269024,45.929986
17.274433,45.927251
17.249573,45.940328
17.271039,45.928453
17.269971,45.928668
17.26618,45.931494
17.269306,45.929769
17.273009,45.927768
17.272888,45.928204
17.271123,45.928366
17.272415,45.928374
17.270764,45.928628
17.271918,45.928563
17.27057,45.928658
17.271341,45.9288
17.270223,45.928805
17.269996,45.929418
17.268919,45.929255
17.268373,45.929845
17.259195,45.937764
17.267442,45.930509
17.267014,45.930778
17.266739,45.931133
17.258549,45.938199
17.266555,45.931304
17.259537,45.936928
17.258195,45.937762
17.257303,45.938285
17.25686,45.93842
17.256451,45.938623
17.256291,45.938701
17.256113,45.938687
17.275054,45.927094
17.274139,45.927725
17.274899,45.927117
17.273983,45.927853
17.274633,45.927219
17.273567,45.927952
17.255703,45.938887
17.251659,45.940513
17.254884,45.938949
17.250767,45.940751
17.25056,45.940808
17.250383,45.940823
17.253578,45.939482
17.250601,45.940316
17.249929,45.940501
17.248409,45.940925
17.274332,45.927632
17.2558,45.939637
17.236462,45.967005
17.271384,45.975551
17.264429,45.98091
17.264942,45.980459
17.265235,45.980296
17.268466,45.979759
17.269967,45.979674
17.271042,45.980566
17.271126,45.980347
17.275062,45.981518
17.275612,45.981955
17.275834,45.982045
17.276376,45.982175
17.266607,45.980403
17.267126,45.98015
17.267339,45.980835
17.267176,45.981431
17.268619,45.980405
17.270104,45.980339
17.273869,45.974126
17.268372,45.975031
17.270183,45.976062
17.274075,45.973436
17.27277,45.949278
17.272487,45.949034
17.272476,45.948787
17.272791,45.949066
17.272576,45.948667
17.272518,45.948514
17.272576,45.948259
17.272959,45.948066
17.272607,45.948083
17.310879,45.958426
17.311314,45.958236
17.272592,45.947897
17.310847,45.957392
17.31099,45.956646
17.222107,45.970561
17.23369,45.936237
17.234266,45.936131
17.234232,45.935961
17.737879,45.675384
17.326179,45.964467
17.221109,45.970526
17.220347,45.970043
17.220868,45.970364
17.220194,45.969925
17.21989,45.969667
17.219516,45.969019
17.219214,45.968696
17.218998,45.968496
17.253933,45.966164
17.240682,45.965909
17.736551,45.686074
17.237741,45.967073
17.244794,45.94217
17.266761,45.949281
17.243974,45.965983
17.730516,45.690054
17.251499,45.94712
17.749701,45.677322
17.267307,45.948896
17.258117,45.947236
17.255389,45.946883
17.232617,45.967824
17.230877,45.96832
17.250889,45.94761
17.749636,45.67652
17.229788,45.968647
17.744854,45.679782
17.748892,45.677643
17.245777,45.948164
17.238546,45.963732
17.740522,45.682613
17.229432,45.968789
17.74368,45.681611
17.740129,45.683373
17.236995,45.967258
17.230444,45.968461
17.251951,45.947201
17.245411,45.941409
17.73728,45.684868
17.738984,45.684213
17.26593,45.948787
17.256245,45.947254
17.74873,45.677696
17.225884,45.969281
17.263683,45.948008
17.254127,45.947381
17.234711,45.967571
17.241677,45.965995
17.222128,45.938504
17.242943,45.940196
17.744914,45.680351
17.25116,45.947237
17.256284,45.965072
17.74626,45.6782
17.246024,45.948127
17.740922,45.682795
17.24647,45.941241
17.25483,45.947259
17.264083,45.948135
17.226341,45.969154
17.737251,45.685157
17.742263,45.682256
17.217039,45.933354
17.221885,45.938432
17.215843,45.933237
17.749328,45.676834
17.234549,45.936288
17.226566,45.969098
17.23866,45.964929
17.268353,45.949128
17.243739,45.942395
17.735975,45.68905
17.73467,45.687311
17.252558,45.947502
17.257055,45.962436
17.268661,45.94954
17.250336,45.947294
17.241183,45.966188
17.244642,45.966497
17.734125,45.68759
17.256007,45.965172
17.250221,45.947672
17.744786,45.679956
17.73546,45.686358
17.25766,45.946878
17.744655,45.680692
17.739031,45.683779
17.242884,45.932017
17.235252,45.967223
17.746506,45.678595
17.250532,45.9473
17.741212,45.681994
17.733469,45.687601
17.243572,45.942419
17.277632,45.949856
17.26312,45.9478
17.235464,45.967561
17.264751,45.951992
17.260866,45.947412
17.227256,45.968683
17.25574,45.946868
17.735179,45.687002
17.222623,45.971444
17.735503,45.686708
17.736834,45.685329
17.238221,45.964005
17.740768,45.68249
17.238022,45.967018
17.247242,45.941087
17.736379,45.689805
17.736231,45.685906
17.221532,45.937509
17.741959,45.682283
17.748171,45.677242
17.244927,45.941669
17.264865,45.951818
17.733979,45.687268
17.23014,45.968534
17.748444,45.677177
17.24555,45.948121
17.24405,45.942484
17.216172,45.932643
17.258487,45.946874
17.253764,45.947398
17.247279,45.948261
17.246534,45.947966
17.745723,45.679455
17.233203,45.967366
17.221422,45.9374
17.216978,45.934037
17.220716,45.936815
17.736746,45.685943
17.251736,45.966948
17.733093,45.688457
17.243187,45.941171
17.275224,45.94964
17.267283,45.949323
17.237184,45.967196
17.257483,45.947282
17.253156,45.947471
17.25673,45.947245
17.254511,45.946962
17.744453,45.680846
17.247509,45.947809
17.735765,45.686163
17.746659,45.678563
17.736413,45.685793
17.257756,45.964304
17.253184,45.966404
17.74595,45.678584
17.233095,45.967711
17.242839,45.964867
17.256341,45.960233
17.217719,45.934101
17.731303,45.689597
17.255793,45.965224
17.749058,45.676948
17.271182,45.949865
17.272847,45.949173
17.249128,45.947895
17.229005,45.968776
17.245756,45.967137
17.242333,45.965656
17.256682,45.958324
17.256732,45.962037
17.248167,45.948033
17.262034,45.947393
17.239417,45.966519
17.263186,45.94818
17.234193,45.935717
17.741001,45.682329
17.266288,45.94888
17.731846,45.689205
17.740291,45.683203
17.739126,45.683613
17.741199,45.682666
17.239622,45.966473
17.741103,45.682723
17.739104,45.684134
17.262973,45.947721
17.24351,45.941958
17.742613,45.682012
17.232876,45.967748
17.73866,45.684473
17.737338,45.685549
17.254758,45.946916
17.246412,45.967536
17.274588,45.949697
17.220376,45.936337
17.242358,45.965296
17.738073,45.684509
17.744696,45.680597
17.737743,45.68478
17.256002,45.946894
17.235711,45.967603
17.247236,45.96738
17.311381,45.95856
17.241369,45.966155
17.744537,45.680839
17.737871,45.684663
17.235856,45.967436
17.735324,45.686891
17.735596,45.689072
17.257547,45.963648
17.265801,45.951579
17.245935,45.967375
17.219038,45.935245
17.266606,45.948931
17.219224,45.935957
17.736861,45.689692
17.238602,45.9648
17.737014,45.689822
17.251797,45.966537
17.238799,45.964212
17.745089,45.679562
17.225063,45.96948
17.259113,45.94727
17.245219,45.941438
17.736698,45.685539
17.739522,45.683857
17.238848,45.96517
17.242138,45.965384
17.235453,45.967151
17.262453,45.947556
17.739794,45.683074
17.736134,45.686
17.22309,45.938791
17.251095,45.947583
17.741671,45.681765
17.265562,45.949251
17.747354,45.677746
17.219971,45.93659
17.247632,45.947802
17.23844,45.963426
17.734017,45.687129
17.219836,45.935958
17.740703,45.682582
17.258703,45.946785
17.740038,45.68297
17.234057,45.967632
17.252628,45.947127
17.260696,45.946983
17.23247,45.967849
17.741166,45.682279
17.749529,45.67742
17.256869,45.962237
17.269508,45.949675
17.243403,45.942412
17.741692,45.682419
17.223332,45.970994
17.73259,45.688725
17.266265,45.949212
17.249368,45.967656
17.222768,45.938682
17.259776,45.947248
17.749194,45.676846
17.232527,45.967449
17.743496,45.681256
17.254425,45.966117
17.217792,45.934657
17.238409,45.964359
17.7503,45.676979
17.268381,45.94951
17.737455,45.690159
17.219372,45.936045
17.257259,45.96508
17.262519,45.947991
17.254494,45.947318
17.743252,45.681778
17.736531,45.686498
17.738201,45.684397
17.263899,45.948044
17.238945,45.965484
17.24279,45.965415
17.252962,45.966112
17.730788,45.689723
17.734817,45.686396
17.276633,45.950015
17.266829,45.948719
17.25191,45.966828
17.74429,45.680455
17.256453,45.960996
17.215849,45.93292
17.272002,45.949934
17.252099,45.966425
17.73512,45.68834
17.24748,45.948214
17.230124,45.968166
17.237746,45.966708
17.247785,45.967902
17.735417,45.688531
17.272423,45.949676
17.259533,45.94685
17.735982,45.689422
17.236613,45.967011
17.221356,45.937849
17.2498,45.947769
17.737083,45.685757
17.274154,45.950023
17.23384,45.967676
17.740206,45.682868
17.261833,45.947728
17.734896,45.688566
17.25634,45.959945
17.742954,45.681892
17.740011,45.683447
17.248615,45.947543
17.237293,45.966781
17.742506,45.6817
17.277164,45.95013
17.735838,45.688891
17.736093,45.689475
17.75297,45.674927
17.220626,45.937212
17.26117,45.947517
17.238931,45.965301
17.238184,45.966991
17.22141,45.937993
17.253114,45.947124
17.740455,45.683122
17.247611,45.967289
17.252168,45.947523
17.218917,45.935129
17.268215,45.94948
17.27416,45.949668
17.236874,45.966912
17.239587,45.965589
17.738333,45.684265
17.736645,45.690001
17.736804,45.685451
17.746162,45.679021
17.253563,45.947473
17.251796,45.947174
17.244781,45.941784
17.242936,45.940477
17.239404,45.965167
17.259668,45.946877
17.242954,45.965304
17.217494,45.934368
17.262737,45.948017
17.21707,45.93352
17.734307,45.68712
17.231433,45.967782
17.241673,45.965619
17.7353,45.688952
17.736152,45.68914
17.74683,45.678392
17.222504,45.938427
17.273844,45.949994
17.221786,45.93828
17.25736,45.963136
17.218238,45.934543
17.248642,45.967951
17.739802,45.683581
17.243461,45.965139
17.237088,45.966892
17.251745,45.947559
17.241338,45.965783
17.256507,45.947247
17.746792,45.678071
17.249107,45.94748
17.244846,45.948211
17.263547,45.947928
17.217615,45.933969
17.732093,45.689072
17.239933,45.966082
17.248867,45.947866
17.737534,45.685412
17.254248,45.946987
17.215988,45.93306
17.219548,45.936181
17.238015,45.962649
17.737683,45.685241
17.740401,45.682746
17.227963,45.968984
17.265245,45.948965
17.270666,45.949798
17.247054,45.941688
17.248028,45.947677
17.219142,45.935856
17.746835,45.677939
17.236229,45.967068
17.735015,45.687083
17.743722,45.68098
17.747917,45.677936
17.229832,45.968235
17.219188,45.935382
17.218901,45.935612
17.268986,45.949609
17.223217,45.971121
17.230427,45.96807
17.246877,45.941736
17.249081,45.967353
17.26553,45.948663
17.735328,45.686374
17.239038,45.966692
17.258899,45.947291
17.748862,45.677001
17.21682,45.933834
17.220625,45.936719
17.261231,45.94716
17.239466,45.966186
17.253525,45.966285
17.26159,45.947288
17.232262,45.967894
17.736197,45.689735
17.224235,45.970172
17.274291,45.949988
17.242059,45.965828
17.261046,45.947086
17.735203,45.686473
17.27302,45.949672
17.245188,45.966289
17.271958,45.949587
17.739317,45.68356
17.759082,45.672102
17.245045,45.966811
17.265114,45.951795
17.734804,45.687247
17.222414,45.938334
17.216741,45.933068
17.218485,45.934636
17.239988,45.966429
17.745942,45.678699
17.245381,45.966335
17.737592,45.69027
17.248926,45.967482
17.219713,45.936399
17.255021,45.965512
17.734391,45.687013
17.252416,45.947179
17.257472,45.963443
17.734403,45.688169
17.746074,45.678486
17.74538,45.679347
17.243193,45.941516
17.731432,45.689387
17.274538,45.949994
17.254129,45.966054
17.215691,45.932763
17.263479,45.948392
17.237249,45.962626
17.246803,45.94835
17.739337,45.683939
17.269567,45.949333
17.24183,45.965914
17.222263,45.938027
17.250187,45.94732
17.26371,45.952284
17.22817,45.968939
17.750098,45.677089
17.21833,45.935105
17.225321,45.969354
17.741801,45.681924
17.237167,45.962417
17.733743,45.687342
17.749159,45.67749
17.737392,45.684743
17.218113,45.935015
17.216415,45.932884
17.21907,45.935738
17.217313,45.934225
17.744312,45.680356
17.736783,45.68947
17.221181,45.937176
17.73971,45.683241
17.244557,45.948213
17.267103,45.949304
17.271129,45.9495
17.25605,45.959036
17.245305,45.94815
17.239196,45.966592
17.250704,45.947612
17.738227,45.684823
17.739594,45.683282
17.238329,45.963329
17.216785,45.933705
17.226086,45.969192
17.254864,45.965896
17.225446,45.9689
17.263611,45.952343
17.736915,45.685811
17.732795,45.688631
17.735571,45.688631
17.737193,45.685622
17.734664,45.6884
17.230995,45.968264
17.228339,45.968881
17.737184,45.689949
17.734236,45.688175
17.734716,45.686749
17.238802,45.966716
17.218581,45.935306
17.243746,45.941981
17.244962,45.966714
17.222633,45.938532
17.736588,45.685705
17.216192,45.933325
17.276563,45.949658
17.267532,45.948954
17.742986,45.681487
17.24503,45.948281
17.238356,45.966883
17.735907,45.689325
17.222195,45.938625
17.749064,45.677591
17.735603,45.686275
17.218095,45.934428
17.249674,45.947376
17.244843,45.966661
17.217437,45.934305
17.254152,45.965344
17.740712,45.682901
17.741619,45.681988
17.27677,45.950027
17.249259,45.947341
17.236247,45.967394
17.748775,45.677131
17.745556,45.679887
17.270837,45.949805
17.252529,45.966278
17.730596,45.690569
17.736406,45.686229
17.277373,45.950174
17.743112,45.681831
17.746052,45.679057
17.743609,45.681752
17.746604,45.678149
17.265594,45.951663
17.732493,45.68885
17.744209,45.680552
17.244437,45.96642
17.228512,45.968852
17.272921,45.950021
17.74457,45.680094
17.266231,45.951463
17.233525,45.967329
17.229552,45.968708
17.271707,45.949569
17.735292,45.688439
17.738693,45.68402
17.264074,45.952241
17.256326,45.960086
17.24945,45.947415
17.73718,45.690373
17.742678,45.681621
17.256987,45.94684
17.26136,45.947574
17.258273,45.946883
17.237365,45.967163
17.219997,45.936012
17.219642,45.93582
17.739673,45.683705
17.254077,45.965798
17.22298,45.939293
17.736468,45.686131
17.747079,45.677932
17.27694,45.950079
17.735804,45.68922
17.731018,45.689718
17.253919,45.947376
17.745925,45.679211
17.250093,45.96746
17.743973,45.680732
17.27135,45.949571
17.747959,45.677341
17.250735,45.967203
17.226833,45.968723
17.237403,45.961978
17.246912,45.967058
17.220203,45.936745
17.231188,45.968212
17.242635,45.965477
17.251313,45.947262
17.243869,45.942316
17.268835,45.949208
17.264945,45.948822
17.272324,45.949947
17.220579,45.937129
17.261727,45.947265
17.231553,45.96811
17.265417,45.949074
17.768651,45.687154
17.750826,45.676783
17.745798,45.679665
17.267867,45.949475
17.735638,45.686208
17.238345,45.964196
17.257135,45.947252
17.738908,45.683899
17.264006,45.948482
17.234528,45.967602
17.22132,45.937315
17.22324,45.939084
17.222249,45.938169
17.738503,45.68458
17.740565,45.683028
17.733965,45.687722
17.222635,45.938946
17.738102,45.685001
17.745544,45.679665
17.242626,45.939211
17.263603,45.948349
17.254563,45.965973
17.218784,45.935449
17.253513,45.947075
17.736307,45.689218
17.252739,45.947498
17.74971,45.676672
17.243516,45.942964
17.737898,45.685173
17.730628,45.689788
17.743844,45.680869
17.247854,45.948104
17.238452,45.963562
17.261888,45.947345
17.22337,45.939218
17.245356,45.967065
17.252439,45.966607
17.261626,45.947715
17.735799,45.686628
17.221945,45.937848
17.735069,45.688684
17.218591,45.934826
17.242213,45.965742
17.240868,45.965713
17.240309,45.966399
17.247843,45.947776
17.25619,45.946902
17.742118,45.68176
17.742715,45.681967
17.238545,45.966861
17.229137,45.968429
17.264278,45.948603
17.734529,45.686955
17.741783,45.682336
17.216812,45.933239
17.734493,45.687404
17.733459,45.687403
17.73148,45.689526
17.246756,45.967676
17.743235,45.681423
17.738356,45.684776
17.74156,45.682435
17.238227,45.966539
17.238575,45.964687
17.269347,45.949635
17.244701,45.948301
17.230777,45.968005
17.218484,45.935222
17.745538,45.67915
17.25747,45.965014
17.739423,45.683456
17.265911,45.951557
17.74974,45.677216
17.735925,45.686088
17.734794,45.688504
17.738821,45.684381
17.742407,45.682064
17.244727,45.966029
17.744279,45.681091
17.248376,45.947982
17.253413,45.94745
17.747618,45.677581
17.736935,45.685185
17.242575,45.965167
17.736116,45.686531
17.277847,45.950243
17.230738,45.96838
17.221005,45.937496
17.747156,45.678263
17.256385,45.96539
17.222688,45.939082
17.748231,45.677881
17.241501,45.966054
17.736537,45.689863
17.257234,45.962817
17.737493,45.689986
17.736509,45.689384
17.739517,45.68337
17.255274,45.965425
17.744029,45.681362
17.746193,45.678334
17.221694,45.937694
17.216634,45.933608
17.237708,45.962334
17.742818,45.681623
17.235911,45.967066
17.22045,45.93659
17.277603,45.950211
17.270509,45.949791
17.245006,45.942152
17.74518,45.679437
17.244208,45.942258
17.24492,45.966168
17.7332,45.688318
17.256482,45.946861
17.231361,45.968208
17.250408,45.967278
17.24608,45.941869
17.240839,45.966275
17.267885,45.949007
17.261075,45.947489
17.749842,45.67656
17.259801,45.946834
17.248714,45.947945
17.732304,45.688908
17.222983,45.971224
17.734324,45.687539
17.252172,45.966713
17.222476,45.938861
17.226607,45.968737
17.262892,45.948266
17.258497,45.947272
17.244593,45.965914
17.240575,45.966306
17.266512,45.94927
17.221078,45.937593
17.229978,45.968616
17.276453,45.949972
17.22469,45.969683
17.256649,45.961752
17.265349,45.951727
17.733553,45.688197
17.238656,45.966768
17.27581,45.949984
17.238506,45.964496
17.256716,45.965355
17.257258,45.946923
17.24182,45.965577
17.227091,45.968762
17.268537,45.949173
17.22804,45.968573
17.246223,45.94128
17.237541,45.967136
17.256896,45.947226
17.33279,45.970462
17.257803,45.947258
17.258667,45.947268
17.735632,45.688728
17.232029,45.967962
17.230592,45.968384
17.262088,45.947809
17.269856,45.949692
17.217606,45.933868
17.255508,45.94727
17.220871,45.936967
17.746221,45.678888
17.272559,45.947753
17.267663,45.949002
17.23883,45.96393
17.257091,45.96258
17.256041,45.94727
17.256867,45.946873
17.734911,45.687165
17.248398,45.968039
17.257471,45.946859
17.738593,45.684099
17.253984,45.947027
17.25829,45.947258
17.261368,45.94717
17.219343,45.93551
17.208707,45.965894
17.746674,45.736806
17.328843,45.828122
17.500105,45.802728
17.379129,45.833195
17.497875,45.804085
17.498091,45.804176
17.498074,45.80399
17.292638,45.916094
17.292762,45.915838
17.679353,45.703758
17.704433,45.702235
17.711902,45.696926
17.395892,45.821964
17.395877,45.821613
17.318367,45.945328
17.3334,45.853239
17.920889,45.524673
17.24306,45.94101
17.659767,45.762438
17.630638,45.762594
17.611802,45.764448
17.658652,45.761677
17.626982,45.76267
17.628607,45.762176
17.660175,45.762804
17.659982,45.761837
17.652759,45.762086
17.658478,45.760827
17.615774,45.764122
17.688376,45.771928
17.626045,45.730582
17.66027,45.762565
17.661396,45.760652
17.627188,45.730408
17.632811,45.727352
17.620837,45.734087
17.658859,45.766135
17.643617,45.761804
17.664582,45.667459
17.629982,45.762586
17.659365,45.765078
17.659945,45.764819
17.659978,45.764055
17.661169,45.759385
17.630267,45.728076
17.661643,45.760046
17.659594,45.76293
17.624402,45.731674
17.661713,45.760416
17.664211,45.667926
17.630282,45.728697
17.622913,45.732407
17.627439,45.730289
17.613917,45.764477
17.626738,45.730654
17.659916,45.761581
17.662008,45.765711
17.611773,45.764872
17.643537,45.762174
17.660571,45.758504
17.643788,45.762183
17.661401,45.761212
17.611313,45.764515
17.660295,45.763121
17.659565,45.763321
17.665462,45.765243
17.625063,45.730932
17.641291,45.762251
17.624993,45.762306
17.62927,45.728784
17.658209,45.759925
17.625715,45.730921
17.62776,45.730226
17.660272,45.758671
17.664175,45.670079
17.66518,45.765655
17.628114,45.762733
17.633878,45.726949
17.616822,45.763993
17.628723,45.729527
17.665701,45.76467
17.626476,45.730803
17.612958,45.764667
17.660421,45.76252
17.659908,45.765129
17.688289,45.77482
17.65999,45.764378
17.659903,45.765535
17.663853,45.664949
17.629701,45.728484
17.613931,45.764064
17.628,45.729463
17.661601,45.758331
17.688816,45.769605
17.621918,45.762586
17.62423,45.762305
17.663974,45.669893
17.622191,45.733389
17.633783,45.762481
17.6642,45.666716
17.625776,45.730792
17.62283,45.732935
17.624833,45.731349
17.624401,45.732043
17.661299,45.758915
17.631254,45.762533
17.624823,45.731898
17.629876,45.762144
17.660312,45.762992
17.627938,45.730009
17.630025,45.728193
17.658271,45.767011
17.62415,45.732417
17.628713,45.762625
17.612294,45.764359
17.687873,45.771576
17.660856,45.75849
17.65828,45.760076
17.628283,45.729766
17.623149,45.762797
17.660027,45.763662
17.68798,45.771898
17.661068,45.760298
17.623172,45.732362
17.623329,45.73266
17.612069,45.76444
17.661205,45.759153
17.627021,45.730515
17.661757,45.759932
17.623745,45.732469
17.658504,45.766635
17.659652,45.762628
17.658431,45.760682
17.659963,45.765387
17.660124,45.763335
17.626097,45.762251
17.658535,45.759269
17.688904,45.768416
17.659642,45.764017
17.638098,45.761952
17.627652,45.729737
17.625693,45.762314
17.658834,45.760035
17.66113,45.759615
17.663327,45.670237
17.629472,45.729094
17.65788,45.767707
17.621584,45.733651
17.68665,45.771612
17.657463,45.769481
17.666133,45.760369
17.621766,45.733605
17.659763,45.762544
17.63997,45.761872
17.662872,45.670799
17.658286,45.76687
17.66518,45.669863
17.621752,45.731832
17.627808,45.730082
17.645717,45.761789
17.627693,45.762679
17.639809,45.762295
17.659565,45.763506
17.638185,45.762319
17.659791,45.762736
17.620924,45.733969
17.626739,45.73028
17.659985,45.764203
17.624606,45.731542
17.632009,45.727726
17.625434,45.731428
17.66153,45.765816
17.660172,45.763211
17.659605,45.763592
17.660857,45.760627
17.662068,45.758492
17.661202,45.759272
17.657487,45.768332
17.660575,45.762063
17.662358,45.671202
17.613226,45.764199
17.651927,45.764847
17.625482,45.730913
17.627744,45.729632
17.68698,45.771597
17.65867,45.761386
17.612507,45.764764
17.622775,45.732509
17.659307,45.765505
17.653249,45.762049
17.661688,45.760593
17.658374,45.758777
17.637853,45.762324
17.659628,45.764373
17.6601,45.764724
17.612014,45.764829
17.66463,45.668241
17.6234,45.762797
17.658951,45.76054
17.662587,45.671049
17.623076,45.732832
17.6601,45.758475
17.663999,45.667378
17.658647,45.766455
17.65883,45.759549
17.619311,45.735022
17.622665,45.733037
17.624276,45.772664
17.629879,45.728249
17.659235,45.765687
17.632697,45.727465
17.626313,45.730525
17.632833,45.762097
17.638398,45.762305
17.631095,45.727578
17.659037,45.765913
17.624228,45.762762
17.62777,45.762081
17.652415,45.763521
17.623959,45.731891
17.651496,45.765479
17.619156,45.734697
17.634068,45.762431
17.66553,45.765112
17.661819,45.759759
17.661384,45.758354
17.619237,45.734374
17.622629,45.762853
17.688319,45.774435
17.658191,45.759814
17.664225,45.668455
17.639439,45.762292
17.65846,45.759045
17.614399,45.763964
17.63461,45.762418
17.627187,45.730019
17.629358,45.762611
17.630639,45.728486
17.621174,45.731765
17.637698,45.761979
17.631868,45.727185
17.632523,45.726888
17.625162,45.731588
17.624712,45.762771
17.62382,45.762787
17.62429,45.73233
17.688481,45.773018
17.6293,45.729182
17.61227,45.764848
17.659598,45.763718
17.658437,45.758922
17.633168,45.762481
17.623704,45.732014
17.659539,45.764677
17.659599,45.764172
17.661075,45.759779
17.623515,45.732641
17.658154,45.75955
17.658734,45.7598
17.630835,45.728373
17.626987,45.730112
17.660491,45.76225
17.613671,45.764526
17.659377,45.761194
17.632015,45.762492
17.616397,45.764017
17.658745,45.766277
17.660605,45.672472
17.645453,45.761803
17.632728,45.726825
17.625805,45.731207
17.662195,45.670678
17.627231,45.729921
17.661778,45.759605
17.629109,45.728824
17.623942,45.732375
17.614864,45.763893
17.629133,45.729294
17.656826,45.769581
17.664329,45.665704
17.664128,45.666553
17.661194,45.759029
17.659344,45.761694
17.627948,45.729632
17.619666,45.7634
17.659352,45.758488
17.659556,45.763033
17.620623,45.734274
17.623103,45.762335
17.62611,45.731012
17.631409,45.728041
17.622645,45.732633
17.628626,45.729205
17.660988,45.758452
17.629057,45.762175
17.662194,45.67136
17.62843,45.72931
17.662056,45.759091
17.664665,45.668012
17.657816,45.767841
17.652288,45.763779
17.659983,45.763863
17.643316,45.762222
17.659609,45.761148
17.630582,45.727808
17.658563,45.766539
17.635055,45.762388
17.661853,45.759241
17.65962,45.763896
17.660948,45.761227
17.61343,45.76457
17.632381,45.726959
17.612744,45.764283
17.658199,45.759687
17.614411,45.764423
17.629677,45.728997
17.661178,45.672386
17.65956,45.763188
17.629808,45.728405
17.661146,45.75843
17.658037,45.767436
17.659866,45.758461
17.659424,45.764989
17.666008,45.760157
17.658413,45.760546
17.664294,45.670028
17.616102,45.763654
17.664246,45.667155
17.661354,45.760743
17.633544,45.727078
17.659388,45.765314
17.658051,45.767142
17.615089,45.763815
17.659614,45.762827
17.629473,45.72869
17.624588,45.762315
17.631023,45.728254
17.631755,45.762528
17.661203,45.76093
17.630336,45.76217
17.664711,45.669374
17.687341,45.77188
17.687231,45.771636
17.664626,45.667654
17.661448,45.758782
17.628845,45.72908
17.625568,45.731341
17.665595,45.669351
17.636308,45.762383
17.619285,45.734537
17.629951,45.728965
17.628477,45.729204
17.622309,45.762937
17.632886,45.762486
17.620284,45.762915
17.640168,45.762254
17.614546,45.737736
17.658981,45.761042
17.632387,45.72748
17.659473,45.764806
17.659983,45.76456
17.660261,45.762638
17.659709,45.762298
17.612721,45.764714
17.664171,45.667271
17.626484,45.730478
17.617677,45.735136
17.657972,45.767587
17.659719,45.758478
17.62277,45.76236
17.688416,45.773679
17.631835,45.727797
17.66114,45.759956
17.637553,45.762376
17.688502,45.77286
17.623553,45.732119
17.630836,45.727792
17.660656,45.76173
17.658285,45.760242
17.658273,45.758616
17.624481,45.762747
17.632186,45.72704
17.643288,45.761794
17.660472,45.760906
17.613708,45.764092
17.633591,45.762043
17.664396,45.767569
17.68749,45.771615
17.687528,45.771909
17.665092,45.764513
17.644315,45.762198
17.628053,45.729905
17.62528,45.7623
17.61434,45.737743
17.620776,45.73417
17.629785,45.762627
17.659107,45.765806
17.645954,45.761805
17.661074,45.760133
17.615321,45.763794
17.658467,45.759179
17.688277,45.774178
17.642825,45.762201
17.659939,45.764973
17.625883,45.762746
17.631229,45.72817
17.652104,45.764525
17.614189,45.737993
17.644076,45.761831
17.647029,45.762107
17.686743,45.771624
17.645791,45.762184
17.631346,45.727481
17.621348,45.733809
17.632504,45.762526
17.646991,45.761737
17.653216,45.76228
17.621423,45.763103
17.628996,45.728959
17.266953,45.949327
17.673233,45.705243
17.594316,45.839631
17.239185,45.965675
17.595607,45.840931
17.246605,45.941754
17.207949,45.91788
17.37433,45.820261
17.33034,45.824403
17.216268,45.93277
17.685854,45.701417
17.401207,45.832711
17.293112,45.923978
17.453432,45.781368
17.17974,45.906199
17.500336,45.803145
17.388053,45.811084
17.39644,45.830778
17.703209,45.691976
17.236444,45.95443
17.196371,45.968618
17.232274,45.954118
17.232465,45.948681
17.203915,45.968859
17.252977,45.947468
17.209412,45.922841
17.455419,45.790465
17.664059,45.668193
17.677162,45.706614
17.676633,45.706649
17.452212,45.79139
17.922169,45.524747
17.443029,45.814236
17.326535,45.861632
17.386081,45.816623
17.348994,45.821381
17.350732,45.822438
17.220181,45.936285
17.704831,45.696401
17.232203,45.953598
17.399915,45.81969
17.386644,45.815874
17.692733,45.708541
17.171265,45.92923
17.520351,45.808592
17.238224,45.949179
17.320068,45.936669
17.519622,45.80848
17.436305,45.816864
17.398265,45.813651
17.397593,45.816115
17.485867,45.798895
17.219641,45.887946
17.395139,45.818902
17.387392,45.833855
17.387164,45.833793
17.398086,45.813241
17.315161,45.940286
17.208601,45.930502
17.377909,45.957479
17.377705,45.95761
17.524359,45.809757
17.434145,45.812339
17.382303,45.832119
17.238894,45.966404
17.195619,45.893735
17.22892,45.949564
17.178996,45.899363
17.41002,45.834146
17.75656,45.743957
17.491442,45.795241
17.338492,45.820839
17.356927,45.818355
17.379626,45.832151
17.379868,45.832208
17.379965,45.832353
17.380138,45.83226
17.379328,45.832107
17.380002,45.832525
17.379769,45.832347
17.478201,45.767211
17.215245,45.932304
17.378306,45.830121
17.378424,45.830177
17.481869,45.798814
17.398256,45.823299
17.494984,45.799634
17.62999,45.701269
17.219241,45.962764
17.186201,45.89717
17.202828,45.892824
17.395548,45.813541
17.432514,45.817084
17.198755,45.970988
17.198777,45.971256
17.198861,45.9711
17.198865,45.970894
17.198807,45.971484
17.515844,45.772643
17.202143,45.886982
17.178658,45.949374
17.501423,45.823563
17.231944,45.943799
17.208279,45.891278
17.19796,45.897457
17.203421,45.963829
17.203861,45.884519
17.576429,45.710262
17.319535,45.936187
17.212256,45.890372
17.202887,45.9694
17.389927,45.809926
17.183614,45.889797
17.14503,45.916221
17.436477,45.813007
17.27153,45.949905
17.523621,45.809656
17.379742,45.833699
17.379528,45.830374
17.379534,45.830311
17.200487,45.971132
17.385067,45.827505
17.144861,45.915921
17.203966,45.964583
17.374316,45.81803
17.201898,45.884685
17.706451,45.704336
17.706628,45.704246
17.706816,45.704192
17.706849,45.704294
17.706164,45.70447
17.860265,45.543989
17.243385,45.942048
17.208365,45.890103
17.208289,45.889925
17.390887,45.81813
17.38018,45.835117
17.200472,45.924865
17.332516,45.824955
17.150285,45.929134
17.945391,45.531799
17.696815,45.693139
17.359001,45.81768
17.414628,45.834512
17.179287,45.899898
17.379717,45.835068
17.379882,45.835078
17.356687,45.818435
17.740759,45.731406
17.233018,45.950757
17.233099,45.951074
17.233026,45.950909
17.23297,45.950629
17.232921,45.950453
17.233344,45.950652
17.351943,45.815058
17.173241,45.895245
17.225534,45.949375
17.690536,45.697786
17.200994,45.883674
17.151641,45.918683
17.151234,45.918685
17.151037,45.918725
17.671897,45.708408
17.692828,45.741229
17.69277,45.741065
17.337799,45.936185
17.201757,45.884489
17.147122,45.917043
17.147296,45.917284
17.147482,45.917415
17.707843,45.709376
17.749071,45.736802
17.501241,45.797647
17.630707,45.683595
17.694983,45.692636
17.326735,45.861446
17.334591,45.822851
17.387623,45.823989
17.387397,45.824148
17.706958,45.702838
17.216885,45.964719
17.749935,45.737878
17.750875,45.733659
17.752873,45.732531
17.773851,45.742647
17.770382,45.743051
17.706397,45.70436
17.576275,45.709578
17.576289,45.71495
17.560202,45.700045
17.572821,45.705363
17.527813,45.76698
17.199777,45.899632
17.199605,45.899431
17.857617,45.544386
17.182471,45.947274
17.18461,45.946163
17.186163,45.946025
17.186812,45.945546
17.187457,45.945319
17.188896,45.945235
17.188991,45.945194
17.190089,45.944878
17.190233,45.944838
17.193962,45.943581
17.194213,45.94355
17.19456,45.943443
17.16719,45.954999
17.167365,45.954878
17.16758,45.954826
17.167881,45.954644
17.168012,45.954997
17.168047,45.954577
17.168173,45.954931
17.168429,45.954823
17.171497,45.951748
17.173581,45.95053
17.174418,45.950208
17.171162,45.952935
17.174633,45.950571
17.175629,45.950096
17.175937,45.949981
17.176464,45.94996
17.176675,45.949888
17.176738,45.95032
17.177831,45.94966
17.178208,45.949525
17.178415,45.949391
17.179547,45.949024
17.180016,45.948831
17.180517,45.948421
17.181046,45.948156
17.182283,45.947923
17.177418,45.950157
17.168891,45.926276
17.168914,45.926617
17.166392,45.92786
17.169578,45.928181
17.169573,45.928338
17.169849,45.928881
17.170088,45.929666
17.171493,45.929477
17.170351,45.930141
17.173476,45.932935
17.172809,45.934266
17.174666,45.934537
17.240222,45.951906
17.272835,45.948928
17.272898,45.948606
17.247581,45.948146
17.362515,45.987326
17.219207,45.888065
17.220175,45.888416
17.222433,45.889813
17.226185,45.889642
17.226457,45.889932
17.22873,45.892821
17.218661,45.886577
17.218313,45.88722
17.209585,45.966576
17.208983,45.966803
17.208649,45.966706
17.208114,45.967315
17.205246,45.966054
17.203192,45.964455
17.202769,45.967854
17.205984,45.967827
17.205857,45.967891
17.20273,45.967634
17.202473,45.970598
17.201969,45.970851
17.202306,45.9657
17.194751,45.965862
17.192237,45.968425
17.149617,45.918827
17.149247,45.918695
17.148004,45.9179
17.148467,45.919402
17.144818,45.919957
17.144737,45.919206
17.143252,45.917521
17.141388,45.915829
17.14607,45.916554
17.144507,45.914891
17.142578,45.914298
17.142949,45.914127
17.144547,45.915701
17.145564,45.91757
17.145564,45.917771
17.145637,45.917914
17.145571,45.918079
17.211789,45.930774
17.210012,45.9291
17.209067,45.930738
17.208568,45.93029
17.208997,45.928618
17.211005,45.925454
17.210086,45.924559
17.210699,45.924344
17.210711,45.924174
17.209153,45.926565
17.210272,45.92324
17.208963,45.921815
17.208914,45.921646
17.208856,45.921509
17.208664,45.920486
17.20849,45.918677
17.208273,45.917152
17.208243,45.916169
17.199338,45.924798
17.19896,45.924796
17.198792,45.924848
17.198551,45.924799
17.198344,45.924756
17.200008,45.924511
17.209198,45.924458
17.209433,45.924267
17.207963,45.919294
17.207872,45.918031
17.189023,45.9227
17.189061,45.922548
17.18576,45.920828
17.185067,45.920696
17.18451,45.919961
17.18342,45.920289
17.182474,45.918557
17.182462,45.91783
17.181487,45.917834
17.18267,45.917302
17.18279,45.915808
17.183056,45.915593
17.182119,45.915019
17.182022,45.914204
17.182148,45.911862
17.181985,45.911473
17.181282,45.911208
17.181015,45.908883
17.179662,45.903386
17.178777,45.900692
17.178655,45.900493
17.178495,45.900309
17.178103,45.899955
17.177289,45.899376
17.175517,45.896319
17.174427,45.895933
17.172387,45.894704
17.171621,45.894212
17.32477,45.946101
17.324935,45.945879
17.321627,45.938062
17.319026,45.934619
17.311851,45.949257
17.311909,45.949569
17.292775,45.921329
17.292781,45.91929
17.29479,45.918728
17.292693,45.917198
17.207511,45.913899
17.292898,45.926654
17.292811,45.92899
17.294585,45.931758
17.294804,45.932117
17.296294,45.93231
17.296298,45.932408
17.296474,45.933266
17.296722,45.934099
17.296878,45.940622
17.286882,45.925838
17.286401,45.925875
17.284851,45.925586
17.284203,45.926048
17.282946,45.924724
17.200998,45.970753
17.688927,45.773842
17.200288,45.900879
17.201922,45.901729
17.200492,45.900602
17.1979,45.89808
17.197718,45.897092
17.197294,45.89722
17.197022,45.896834
17.194768,45.895309
17.19512,45.893576
17.19472,45.891667
17.194055,45.891251
17.193014,45.886758
17.192991,45.886595
17.205422,45.891675
17.208473,45.88762
17.202707,45.969806
17.20638,45.891123
17.39701,45.83619
17.386133,45.831642
17.387114,45.833642
17.385334,45.834715
17.395511,45.833181
17.379484,45.835141
17.381129,45.820166
17.399095,45.813722
17.373932,45.820398
17.387901,45.822061
17.386783,45.820562
17.39247,45.821163
17.38606,45.825238
17.385147,45.818909
17.386988,45.822296
17.386937,45.821929
17.386282,45.811351
17.400418,45.821703
17.397411,45.816172
17.387658,45.816073
17.387214,45.817235
17.68942,45.742297
17.575941,45.711306
17.770804,45.742629
17.521636,45.808638
17.521847,45.808835
17.51936,45.808443
17.519096,45.808358
17.51564,45.807917
17.54457,45.801177
17.541524,45.79809
17.552228,45.799173
17.547891,45.800254
17.552334,45.798985
17.841942,45.525504
17.826849,45.522316
17.810476,45.530597
17.811103,45.528469
17.812377,45.534391
17.292239,45.926446
17.330903,45.827002
17.355842,45.821583
17.368448,45.814972
17.351986,45.815387
17.363383,45.812724
17.701307,45.69865
17.188746,45.944924
17.174732,45.938411
17.174656,45.938707
17.746746,45.678496
17.386755,45.830355
17.386887,45.830194
17.386755,45.83055
17.386763,45.830448
17.388969,45.830744
17.700898,45.711419
17.51716,45.771624
17.172798,45.937067
17.399471,45.837016
17.398219,45.823692
17.482354,45.798101
17.862211,45.514795
17.862327,45.514852
17.862098,45.514722
17.324943,45.826706
17.437097,45.812412
17.210197,45.888755
17.393692,45.83164
17.394931,45.830242
17.381537,45.829846
17.379572,45.827796
17.382162,45.829369
17.393729,45.828474
17.394976,45.831244
17.39483,45.829154
17.394998,45.829444
17.395528,45.828529
17.378999,45.828604
17.394572,45.829506
17.383036,45.830293
17.392574,45.82987
17.382804,45.829692
17.392072,45.829203
17.393394,45.830135
17.391943,45.829304
17.39228,45.829063
17.396294,45.829202
17.379046,45.828531
17.394345,45.829146
17.393924,45.829749
17.394167,45.829251
17.394726,45.831378
17.380883,45.829442
17.380626,45.828931
17.395943,45.828988
17.379778,45.828353
17.391977,45.830224
17.392949,45.829671
17.395632,45.830857
17.396913,45.830201
17.382143,45.830046
17.395603,45.829997
17.395385,45.829778
17.396425,45.830472
17.381417,45.829808
17.394094,45.828504
17.393914,45.828755
17.396019,45.82996
17.396513,45.830416
17.39338,45.828575
17.381034,45.82904
17.396165,45.830595
17.395256,45.830595
17.381689,45.829914
17.394896,45.82867
17.38007,45.828466
17.392481,45.82895
17.379667,45.828371
17.395252,45.827818
17.394664,45.829941
17.393661,45.829466
17.396051,45.830649
17.381542,45.829173
17.38228,45.830061
17.393266,45.83023
17.391494,45.829661
17.395696,45.830112
17.395712,45.829614
17.394692,45.828102
17.379348,45.828297
17.394358,45.828179
17.395321,45.830657
17.380102,45.827932
17.39491,45.829305
17.379162,45.829238
17.391862,45.830121
17.381152,45.82977
17.39313,45.830312
17.380169,45.829553
17.392837,45.830723
17.394636,45.828871
17.393825,45.829605
17.38247,45.830147
17.391253,45.829787
17.381054,45.829784
17.393209,45.828866
17.393643,45.829297
17.39358,45.829156
17.379467,45.828301
17.379969,45.828448
17.379485,45.828646
17.395182,45.828972
17.380929,45.829016
17.381728,45.828518
17.395283,45.829663
17.39513,45.83047
17.380457,45.829592
17.380691,45.828612
17.391439,45.829958
17.394872,45.827974
17.391966,45.829402
17.39487,45.828628
17.394024,45.831811
17.394767,45.829004
17.396614,45.830278
17.39467,45.828375
17.396444,45.829574
17.394254,45.831424
17.395531,45.830938
17.393553,45.83006
17.393293,45.830759
17.395471,45.829893
17.393229,45.828662
17.391586,45.829991
17.395874,45.829706
17.38283,45.830251
17.391679,45.8297
17.393974,45.828867
17.395192,45.831132
17.39505,45.827961
17.38083,45.82899
17.391783,45.829422
17.394873,45.830174
17.394772,45.828026
17.39591,45.829843
17.380232,45.829569
17.3941,45.829089
17.38144,45.829145
17.394042,45.829883
17.395748,45.830763
17.38004,45.829459
17.379234,45.829107
17.393794,45.831871
17.378943,45.82864
17.396036,45.82933
17.380359,45.829596
17.378853,45.82915
17.395315,45.829123
17.39443,45.831351
17.392189,45.82914
17.380695,45.829659
17.379495,45.829298
17.393267,45.82951
17.394027,45.828964
17.393586,45.831562
17.3811,45.828592
17.395801,45.828311
17.392705,45.828849
17.380614,45.828071
17.395448,45.827826
17.380578,45.828605
17.392793,45.828798
17.392676,45.829797
17.378644,45.829041
17.395375,45.828587
17.382731,45.830158
17.383479,45.829917
17.392865,45.829703
17.395635,45.829494
17.394252,45.829404
17.381337,45.82912
17.395084,45.830395
17.396333,45.830515
17.396575,45.829676
17.380377,45.82854
17.379622,45.829309
17.379355,45.828615
17.394345,45.829549
17.39427,45.831679
17.380524,45.82891
17.381145,45.828198
17.380286,45.828851
17.392351,45.830438
17.394847,45.831301
17.379872,45.827529
17.394436,45.829705
17.395926,45.830731
17.380556,45.829645
17.379757,45.828724
17.392911,45.828793
17.39386,45.828392
17.395443,45.829244
17.394731,45.830012
17.392857,45.830105
17.392595,45.8289
17.396109,45.828881
17.383505,45.829738
17.392064,45.830283
17.391582,45.829565
17.394106,45.828317
17.396127,45.829283
17.392433,45.829941
17.393118,45.829594
17.394987,45.828777
17.392711,45.8306
17.3945,45.828435
17.380164,45.828813
17.379878,45.829432
17.395093,45.831183
17.391669,45.830054
17.395974,45.829756
17.379023,45.829176
17.380279,45.828534
17.381134,45.829063
17.395151,45.827909
17.396749,45.83024
17.392517,45.830501
17.393981,45.831563
17.380928,45.829728
17.381251,45.829777
17.37988,45.828762
17.379366,45.829196
17.394437,45.831512
17.381641,45.829194
17.391387,45.829886
17.383353,45.830292
17.383473,45.830286
17.395899,45.827911
17.395754,45.829039
17.395443,45.828918
17.707971,45.692385
17.432498,45.817669
17.437401,45.8129
17.482305,45.798284
17.338344,45.821296
17.247164,45.947898
17.203833,45.969288
17.81189,45.535494
17.503626,45.796519
17.20407,45.891905
17.226558,45.950838
17.695181,45.711454
17.171542,45.931778
17.184455,45.890414
17.810638,45.530187
17.550968,45.80108
17.546701,45.800552
17.544612,45.800263
17.585077,45.826091
17.582762,45.82518
17.585456,45.828034
17.55944,45.829505
17.558249,45.82744
17.558083,45.827205
17.51016,45.792858
17.501731,45.797968
17.523109,45.787416
17.516954,45.789737
17.48992,45.800405
17.519918,45.808488
17.501457,45.823295
17.501414,45.823449
17.499651,45.795179
17.589186,45.8145
17.587588,45.813681
17.586167,45.813611
17.58475,45.812897
17.584602,45.813147
17.576273,45.81076
17.576748,45.810596
17.38966,45.835865
17.373174,45.818279
17.389095,45.834452
17.171696,45.931898
17.861434,45.543276
17.705847,45.699909
17.705944,45.699875
17.518873,45.771101
17.21875,45.96339
17.239272,45.958639
17.50714,45.775949
17.259297,45.947261
17.349311,45.821711
17.307334,45.860859
17.689785,45.773699
17.228537,45.892692
17.624614,45.772324
17.62499,45.773306
17.401891,45.833037
17.391999,45.835138
17.43718,45.814282
17.201584,45.887875
17.2071,45.967561
17.234916,45.943387
17.462829,45.783554
17.712855,45.692961
17.180103,45.905426
17.506501,45.795346
17.399037,45.836583
17.324897,45.86217
17.688238,45.771559
17.171042,45.929056
17.387486,45.815804
17.38767,45.815843
17.419047,45.841497
17.217946,45.966929
17.495201,45.799733
17.710836,45.704237
17.601876,45.737344
17.186183,45.896953
17.663818,45.670402
17.624753,45.772045
17.181428,45.916881
17.578879,45.811489
17.333941,45.828093
17.333809,45.827983
17.252106,45.947187
17.203408,45.884174
17.256254,45.910874
17.195178,45.892758
17.195016,45.892634
17.515251,45.79047
17.378827,45.835111
17.500735,45.802719
17.328251,45.826122
17.709449,45.708362
17.403333,45.833502
17.863211,45.515687
17.212137,45.892061
17.399224,45.822
17.436752,45.816444
17.232537,45.959221
17.255788,45.947254
17.197948,45.898827
17.659887,45.762079
17.493483,45.805357
17.664758,45.668711
17.331782,45.858064
17.380495,45.830443
17.875639,45.519657
17.864788,45.51545
17.511445,45.792308
17.381848,45.829999
17.381839,45.829823
17.363726,45.812507
17.17399,45.892975
17.85557,45.542695
17.855795,45.542625
17.17642,45.891538
17.707908,45.713426
17.86412,45.516474
17.390232,45.832293
17.388064,45.831427
17.387992,45.831194
17.388236,45.831393
17.877955,45.487824
17.704842,45.699419
17.705038,45.699319
17.704181,45.699643
17.705383,45.699209
17.705583,45.699127
17.704662,45.699479
17.700188,45.701584
17.702278,45.700388
17.702183,45.701909
17.701637,45.702012
17.701477,45.701013
17.702445,45.700837
17.701779,45.702003
17.702025,45.701989
17.701884,45.701975
17.701997,45.7008
17.702474,45.701828
17.701475,45.702364
17.701622,45.702326
17.702622,45.70208
17.702875,45.701152
17.701668,45.702184
17.701605,45.702105
17.70133,45.702401
17.70224,45.702198
17.672461,45.705951
17.673513,45.705915
17.70421,45.704544
17.703224,45.704774
17.703711,45.704414
17.669448,45.699652
17.677662,45.701235
17.677971,45.701114
17.678392,45.700614
17.674966,45.701657
17.678767,45.700573
17.668472,45.698921
17.675661,45.704381
17.675091,45.703024
17.678187,45.700933
17.677572,45.701833
17.674167,45.700813
17.676877,45.701859
17.676327,45.70112
17.676484,45.701157
17.674462,45.700921
17.674912,45.70263
17.67397,45.700504
17.674373,45.700728
17.676041,45.702326
17.672813,45.700091
17.671163,45.702621
17.671573,45.701793
17.670864,45.702121
17.670342,45.701954
17.671759,45.70197
17.671559,45.702507
17.670771,45.702127
17.667461,45.701906
17.665793,45.70158
17.665087,45.701483
17.664703,45.701241
17.669262,45.703672
17.669925,45.703654
17.668197,45.702094
17.670356,45.70455
17.667515,45.702762
17.667032,45.702077
17.669187,45.704106
17.670086,45.703995
17.669602,45.702433
17.668473,45.703824
17.664635,45.701213
17.667554,45.702697
17.668501,45.70342
17.691064,45.740553
17.691644,45.740656
17.755536,45.748996
17.755667,45.748315
17.755593,45.748641
17.755454,45.749354
17.285037,45.966585
17.283331,45.96606
17.284305,45.966353
17.278585,45.968637
17.303783,45.959584
17.296304,45.966843
17.300099,45.96784
17.304156,45.960418
17.300522,45.968022
17.30125,45.968457
17.307548,45.961224
17.293571,45.965871
17.300942,45.968448
17.300268,45.968378
17.293717,45.965829
17.297527,45.966331
17.301033,45.968048
17.301894,45.968418
17.298689,45.966855
17.304358,45.968019
17.302768,45.960278
17.295818,45.96667
17.299806,45.968144
17.234138,45.952251
17.234173,45.952895
17.23329,45.952224
17.232583,45.952503
17.232579,45.952887
17.233479,45.953123
17.231712,45.952497
17.232475,45.952533
17.233206,45.952921
17.233085,45.953177
17.235058,45.952653
17.234711,45.953068
17.234549,45.951744
17.236283,45.951408
17.232631,45.95179
17.232467,45.951928
17.232566,45.952196
17.232931,45.951964
17.232465,45.952204
17.231885,45.952229
17.234748,45.952648
17.233839,45.952925
17.233534,45.952467
17.234973,45.95277
17.234411,45.954004
17.234243,45.952033
17.233611,45.951713
17.234117,45.951819
17.233486,45.953235
17.233487,45.952948
17.231701,45.951892
17.232142,45.952054
17.214107,45.888928
17.214471,45.889277
17.213932,45.888539
17.215216,45.889914
17.214776,45.889394
17.214236,45.888398
17.214527,45.888564
17.214157,45.888246
17.215011,45.889186
17.214108,45.888682
17.214438,45.889118
17.214821,45.888949
17.211644,45.886049
17.210632,45.884821
17.210543,45.88469
17.212759,45.886672
17.209217,45.884173
17.212644,45.887233
17.211908,45.885835
17.212064,45.886558
17.212204,45.886679
17.211437,45.885732
17.210915,45.885339
17.212491,45.886453
17.213466,45.88804
17.211869,45.886268
17.211279,45.885619
17.211512,45.885905
17.211141,45.885479
17.213042,45.88704
17.212291,45.886137
17.213181,45.887232
17.210727,45.885
17.212278,45.886861
17.211073,45.884961
17.211735,45.885514
17.212935,45.887469
17.213019,45.886799
17.185793,45.887441
17.184664,45.886779
17.184702,45.886513
17.183746,45.885724
17.185038,45.887084
17.184876,45.886966
17.184233,45.886334
17.187219,45.888575
17.185211,45.886941
17.185458,45.887098
17.18598,45.887292
17.187388,45.888704
17.185181,45.887181
17.187636,45.888831
17.187263,45.889255
17.459649,45.784048
17.459692,45.784014
17.455159,45.779239
17.455459,45.782617
17.4529,45.77805
17.451682,45.777937
17.454934,45.778932
17.455356,45.780142
17.454599,45.78108
17.455621,45.779797
17.454557,45.781819
17.454355,45.780781
17.455224,45.781341
17.454818,45.778873
17.454115,45.778793
17.456486,45.782592
17.453815,45.778247
17.45495,45.780609
17.454985,45.781725
17.45581,45.782309
17.45504,45.779045
17.453332,45.778068
17.454996,45.781283
17.454361,45.778857
17.454489,45.778598
17.454574,45.779055
17.456191,45.782451
17.454975,45.782073
17.454933,45.779632
17.453706,45.778491
17.454839,45.779288
17.456787,45.782766
17.455063,45.780438
17.455428,45.779756
17.455374,45.781554
17.454609,45.780551
17.455289,45.781961
17.454751,45.780355
17.455634,45.779868
17.461846,45.784707
17.46207,45.784581
17.462598,45.784331
17.461136,45.784779
17.461789,45.783988
17.46233,45.784393
17.46155,45.784774
17.460355,45.784649
17.461068,45.785109
17.458538,45.782504
17.457198,45.775315
17.458156,45.781586
17.457746,45.781415
17.45809,45.778829
17.458073,45.781278
17.457776,45.779187
17.459234,45.783004
17.458078,45.779066
17.458054,45.78233
17.457989,45.782023
17.457723,45.780912
17.579678,45.834721
17.579398,45.835108
17.578582,45.837452
17.579579,45.834963
17.580458,45.832678
17.578542,45.836618
17.578766,45.83611
17.578709,45.83643
17.579798,45.834481
17.456665,45.811886
17.456885,45.812051
17.457285,45.812009
17.460164,45.811516
17.463678,45.81091
17.464605,45.811147
17.467722,45.810659
17.461877,45.811662
17.470511,45.810189
17.463811,45.810884
17.469434,45.81042
17.463889,45.811377
17.472704,45.809472
17.473927,45.809632
17.464312,45.810775
17.467682,45.811531
17.461586,45.811657
17.466415,45.81086
17.467053,45.810395
17.465203,45.811058
17.46512,45.81122
17.473767,45.809244
17.473194,45.809355
17.472904,45.809831
17.455233,45.812296
17.452429,45.813239
17.456085,45.812075
17.451315,45.813448
17.450991,45.812998
17.453046,45.812593
17.451981,45.81343
17.452119,45.813381
17.464097,45.810846
17.450157,45.813698
17.463115,45.811441
17.470886,45.809713
17.467634,45.810245
17.461215,45.811737
17.449861,45.813225
17.469359,45.809786
17.471223,45.810067
17.456401,45.812086
17.467859,45.810216
17.464841,45.811114
17.451429,45.812963
17.453637,45.812992
17.469867,45.810345
17.471711,45.810002
17.461155,45.811275
17.458391,45.811792
17.454893,45.812956
17.453899,45.812953
17.451153,45.813473
17.459249,45.812133
17.457937,45.812383
17.468829,45.810081
17.468581,45.810037
17.465197,45.810706
17.46578,45.810625
17.473663,45.809654
17.452047,45.812724
17.45401,45.812425
17.46956,45.810373
17.464118,45.811402
17.45764,45.811922
17.458988,45.812265
17.457343,45.812431
17.4703,45.81022
17.465409,45.811063
17.461278,45.811187
17.461992,45.811638
17.46907,45.810063
17.472438,45.809862
17.470071,45.810299
17.470125,45.809764
17.460833,45.811761
17.452931,45.813154
17.4649,45.810707
17.460749,45.811358
17.469261,45.810428
17.450312,45.813068
17.464828,45.810757
17.465779,45.810983
17.460573,45.81146
17.473583,45.809208
17.458008,45.811847
17.472202,45.809926
17.472847,45.809961
17.464259,45.811221
17.45846,45.812177
17.472156,45.809499
17.451515,45.813356
17.471005,45.810084
17.453066,45.813143
17.468336,45.810185
17.473187,45.809832
17.459032,45.811666
17.468364,45.811446
17.457735,45.812398
17.469617,45.809992
17.472427,45.809499
17.455705,45.812717
17.460447,45.811843
17.465491,45.810532
17.471666,45.809634
17.453347,45.813053
17.452512,45.812673
17.471963,45.809977
17.462388,45.811551
17.471417,45.809662
17.457445,45.811896
17.464559,45.811252
17.460956,45.811358
17.470672,45.809797
17.455244,45.812789
17.472907,45.809336
17.451892,45.812807
17.451767,45.8134
17.459839,45.811564
17.457548,45.812457
17.45455,45.812886
17.452673,45.813184
17.452249,45.813234
17.452787,45.812636
17.454283,45.812913
17.453766,45.812495
17.45447,45.812399
17.450794,45.813086
17.459687,45.81198
17.463083,45.811015
17.461713,45.811249
17.454252,45.812422
17.471463,45.810121
17.45232,45.812752
17.453524,45.812563
17.47076,45.810188
17.466148,45.81094
17.467335,45.810374
17.466257,45.810524
17.466499,45.810423
17.469853,45.809932
17.474382,45.809618
17.473369,45.809735
17.462081,45.811168
17.471151,45.809721
17.47342,45.809292
17.464485,45.81081
17.490448,45.799343
17.490225,45.799488
17.490645,45.79964
17.490002,45.799766
17.490927,45.799358
17.495436,45.801545
17.495954,45.801085
17.496002,45.801007
17.496887,45.801157
17.497335,45.800894
17.497723,45.800604
17.496349,45.80074
17.497525,45.800759
17.497884,45.800506
17.49506,45.801851
17.496609,45.801347
17.49535,45.801618
17.498018,45.800416
17.496051,45.801867
17.497118,45.801019
17.495897,45.800859
17.49581,45.801241
17.495616,45.801384
17.495231,45.801707
17.526023,45.782707
17.526048,45.782816
17.525557,45.782248
17.525777,45.780191
17.525579,45.781152
17.525383,45.780677
17.525306,45.780416
17.483364,45.79668
17.483907,45.796582
17.483112,45.797003
17.484286,45.796165
17.484367,45.796064
17.484056,45.796424
17.482682,45.797192
17.482477,45.797362
17.482819,45.797053
17.486645,45.805673
17.488968,45.80486
17.49071,45.804242
17.476761,45.808542
17.475324,45.809463
17.484206,45.806934
17.493485,45.802368
17.49095,45.804555
17.494948,45.802846
17.490838,45.80479
17.486752,45.805592
17.479187,45.807796
17.478395,45.808062
17.48246,45.806822
17.475461,45.808818
17.487245,45.805424
17.487766,45.805636
17.47487,45.809708
17.485604,45.806352
17.484234,45.806454
17.479531,45.807689
17.48472,45.806277
17.482551,45.807409
17.48843,45.805542
17.482788,45.806754
17.485,45.806535
17.481326,45.807159
17.476951,45.809106
17.487974,45.805576
17.49047,45.804727
17.485868,45.805836
17.487062,45.805522
17.488135,45.805517
17.489739,45.804603
17.491038,45.803997
17.491715,45.803659
17.492406,45.803334
17.493815,45.802593
17.478158,45.808751
17.481586,45.807068
17.480679,45.807972
17.478384,45.808679
17.480465,45.807429
17.48698,45.805883
17.490093,45.804847
17.485126,45.806168
17.486007,45.806293
17.483159,45.807248
17.485673,45.805976
17.478176,45.808085
17.487466,45.805367
17.480886,45.807931
17.482845,45.807328
17.491397,45.80439
17.488673,45.80495
17.481752,45.807687
17.49022,45.804405
17.488476,45.805364
17.491572,45.80378
17.475016,45.808948
17.494291,45.802806
17.492702,45.803761
17.489058,45.805285
17.489687,45.804983
17.488977,45.805416
17.493271,45.802886
17.492535,45.80327
17.493732,45.803105
17.494539,45.802685
17.487313,45.805779
17.48289,45.806596
17.478861,45.807882
17.477744,45.80824
17.477168,45.808409
17.48436,45.806822
17.479673,45.808265
17.475236,45.808898
17.485405,45.806428
17.482,45.80694
17.47573,45.808659
17.475093,45.809524
17.47569,45.809368
17.476002,45.809401
17.477989,45.808811
17.479766,45.808857
17.477565,45.808914
17.476553,45.808568
17.476978,45.808478
17.477753,45.808876
17.475508,45.80941
17.476254,45.808451
17.477172,45.809029
17.495452,45.802717
17.479997,45.808171
17.480287,45.807491
17.482267,45.807529
17.480546,45.808054
17.481051,45.807902
17.479832,45.808215
17.479683,45.807648
17.481982,45.807627
17.479354,45.80775
17.481716,45.806998
17.483554,45.80713
17.478704,45.807946
17.481485,45.808674
17.480081,45.807526
17.481361,45.807772
17.479874,45.807595
17.479,45.807799
17.483382,45.807173
17.478632,45.808579
17.486155,45.805802
17.490712,45.804658
17.490024,45.804469
17.484919,45.806674
17.48606,45.80617
17.484435,45.80639
17.486835,45.805945
17.486339,45.806101
17.494122,45.802904
17.483874,45.807038
17.494676,45.80262
17.493199,45.80338
17.486681,45.805997
17.487719,45.805312
17.489279,45.805114
17.49507,45.802451
17.492037,45.803537
17.490202,45.804966
17.484907,45.806266
17.493896,45.803497
17.485223,45.806543
17.489105,45.804786
17.488583,45.804991
17.484061,45.806514
17.493267,45.802452
17.488353,45.805046
17.489285,45.804768
17.493475,45.803242
17.490383,45.804286
17.489482,45.804672
17.492996,45.803496
17.492965,45.804295
17.487481,45.805739
17.491207,45.803884
17.494941,45.802474
17.493405,45.802806
17.485836,45.806277
17.488837,45.804914
17.490849,45.804158
17.484715,45.806739
17.488196,45.805102
17.489281,45.805294
17.494875,45.802505
17.492157,45.803314
17.492964,45.803035
17.485234,45.806148
17.487312,45.805947
17.490254,45.804799
17.493118,45.802954
17.494652,45.802035
17.48109,45.80724
17.486554,45.806067
17.47854,45.80799
17.476642,45.809188
17.477961,45.808172
17.481527,45.807749
17.485531,45.804328
17.483522,45.806596
17.48414,45.805899
17.487014,45.803435
17.486932,45.802859
17.485443,45.804468
17.485306,45.804584
17.487279,45.803131
17.486482,45.803375
17.486034,45.804556
17.48497,45.805594
17.485707,45.80361
17.486753,45.802966
17.487797,45.801648
17.488814,45.801763
17.488544,45.802011
17.488993,45.800866
17.488584,45.801322
17.488381,45.802169
17.489168,45.800716
17.483801,45.806159
17.483655,45.806451
17.48402,45.806046
17.485257,45.804714
17.484486,45.80541
17.486574,45.803198
17.486985,45.802727
17.486117,45.804425
17.489888,45.8016
17.486686,45.80308
17.494228,45.800866
17.493809,45.800526
17.494464,45.800358
17.494368,45.800475
17.494167,45.800997
17.494114,45.800154
17.494,45.800267
17.494293,45.800606
17.493902,45.800405
17.49365,45.80106
17.493519,45.801372
17.493838,45.800738
17.494534,45.800245
17.494559,45.800104
17.494102,45.799975
17.494276,45.800766
17.493591,45.80121
17.49371,45.800933
17.222924,45.961297
17.233012,45.953677
17.713638,45.692802
17.70802,45.694038
17.578176,45.811607
17.697231,45.702377
17.665258,45.765407
17.726802,45.746159
17.643294,45.766028
17.713132,45.692944
17.386104,45.827165
17.386071,45.827004
17.687122,45.775928
17.293329,45.916415
17.851852,45.537602
17.201838,45.970513
17.364747,45.815357
17.700085,45.715392
17.498506,45.802514
17.192531,45.883938
17.27252,45.949961
17.571269,45.705118
17.188486,45.921458
17.747328,45.678143
17.716639,45.693955
17.708122,45.693386
17.715177,45.692724
17.322753,45.855138
17.940449,45.522309
17.683559,45.701911
17.70874,45.692406
17.691251,45.739818
17.353583,45.816435
17.353691,45.816361
17.699709,45.703112
17.280381,45.982719
17.665804,45.757512
17.690456,45.740159
17.690518,45.739973
17.705711,45.690343
17.228379,45.949544
17.737284,45.681751
17.320368,45.855532
17.454201,45.780847
17.705969,45.696062
17.318779,45.856944
17.393593,45.814625
17.390455,45.857048
17.390877,45.842677
17.394921,45.844127
17.391516,45.838143
17.389007,45.845824
17.392567,45.842993
17.393747,45.837155
17.384581,45.8388
17.384233,45.837046
17.391156,45.840658
17.392628,45.841152
17.392217,45.843006
17.394632,45.840978
17.386039,45.838743
17.394373,45.838822
17.389021,45.838779
17.395435,45.842084
17.391829,45.837842
17.395056,45.841475
17.392966,45.842303
17.38951,45.855855
17.391217,45.843583
17.388668,45.840176
17.389003,45.841815
17.38749,45.838351
17.389661,45.854872
17.389052,45.84126
17.390135,45.845256
17.391691,45.837839
17.394497,45.843892
17.388405,45.848944
17.393254,45.836633
17.391853,45.836668
17.390455,45.841186
17.392719,45.842507
17.391142,45.839459
17.393456,45.842759
17.389803,45.840848
17.388541,45.837638
17.386687,45.842133
17.393684,45.836562
17.380191,45.837948
17.388495,45.839478
17.395195,45.842261
17.393488,45.843812
17.389199,45.839085
17.387631,45.835654
17.390188,45.837965
17.384226,45.838403
17.381127,45.836637
17.390577,45.838246
17.39292,45.838522
17.380967,45.837612
17.389177,45.855117
17.380197,45.845809
17.378938,45.836902
17.395164,45.843581
17.382695,45.844793
17.392017,45.84282
17.388819,45.853712
17.393176,45.83875
17.377962,45.837864
17.387046,45.838372
17.386251,45.839398
17.394279,45.841312
17.39368,45.838152
17.382053,45.837782
17.388509,45.839725
17.390178,45.856314
17.390051,45.837446
17.394753,45.842168
17.393363,45.840058
17.394381,45.842111
17.384906,45.840641
17.390653,45.83912
17.386127,45.851016
17.391641,45.843582
17.385688,45.836634
17.390679,45.84199
17.394607,45.843693
17.388885,45.853841
17.378614,45.837587
17.383086,45.837413
17.385819,45.838687
17.395424,45.840656
17.394561,45.844144
17.388782,45.841855
17.390485,45.841506
17.388752,45.850809
17.383117,45.844489
17.393557,45.841576
17.3928,45.843337
17.393221,45.839663
17.389633,45.83765
17.386937,45.843259
17.394151,45.840696
17.389181,45.839497
17.381712,45.836645
17.386441,45.837303
17.387981,45.849158
17.392155,45.836955
17.39226,45.837758
17.387499,45.836509
17.392633,45.83942
17.379629,45.845985
17.387367,45.839152
17.383083,45.837318
17.388952,45.851798
17.39242,45.838035
17.387318,45.838591
17.387981,45.848965
17.39016,45.843221
17.390769,45.836754
17.384838,45.840461
17.381328,45.836638
17.388767,45.840474
17.389962,45.837323
17.388136,45.837766
17.386566,45.838615
17.390468,45.838339
17.393686,45.842658
17.384055,45.836345
17.390637,45.856937
17.386566,45.838274
17.394415,45.843065
17.393092,45.845402
17.393199,45.837181
17.38633,45.840444
17.38611,45.836143
17.395325,45.839803
17.383931,45.844131
17.389965,45.837176
17.393203,45.838521
17.386424,45.836047
17.394891,45.840976
17.390912,45.837065
17.381399,45.837639
17.387206,45.845918
17.393173,45.839148
17.387021,45.840671
17.389444,45.839841
17.391768,45.842494
17.386948,45.843676
17.392939,45.840791
17.384163,45.837963
17.381283,45.837999
17.395546,45.843329
17.387635,45.846933
17.392695,45.843407
17.380118,45.837612
17.386846,45.846121
17.394802,45.843281
17.38201,45.83754
17.39007,45.856038
17.379665,45.836949
17.390721,45.839279
17.391279,45.841008
17.38942,45.853847
17.382132,45.836995
17.389062,45.854741
17.390791,45.837886
17.387607,45.837063
17.395194,45.842403
17.389742,45.837965
17.389166,45.854956
17.389028,45.854542
17.382613,45.836978
17.383296,45.841043
17.392674,45.843814
17.392333,45.836925
17.38937,45.855539
17.390268,45.843184
17.39108,45.837045
17.39063,45.839037
17.388268,45.843857
17.390362,45.837111
17.388354,45.848409
17.391975,45.842023
17.383055,45.837509
17.384996,45.84112
17.387667,45.838558
17.387393,45.835961
17.379303,45.84614
17.389564,45.837428
17.391704,45.839232
17.391704,45.838648
17.390214,45.844803
17.387215,45.841812
17.382796,45.844688
17.388834,45.851259
17.389569,45.856184
17.388902,45.838686
17.381217,45.837621
17.38844,45.851169
17.387605,45.836784
17.393723,45.83759
17.386423,45.837959
17.385654,45.83627
17.384446,45.837029
17.388899,45.854314
17.394721,45.839655
17.389409,45.843356
17.389734,45.838128
17.388124,45.840594
17.377802,45.837853
17.383304,45.838232
17.389635,45.85479
17.390413,45.836806
17.393731,45.836897
17.380404,45.837966
17.389243,45.843434
17.393021,45.84373
17.380416,45.837301
17.390864,45.842262
17.392694,45.838546
17.383537,45.836529
17.388373,45.838199
17.395093,45.842741
17.393676,45.838307
17.384746,45.843801
17.392303,45.838213
17.38924,45.836461
17.394758,45.84023
17.392507,45.841184
17.3871,45.841216
17.390646,45.841908
17.386683,45.835977
17.384945,45.838189
17.388332,45.840507
17.380296,45.836593
17.395305,45.843338
17.387895,45.845903
17.388527,45.851545
17.393659,45.83928
17.383158,45.837621
17.391321,45.839995
17.391435,45.842077
17.388695,45.852939
17.390208,45.840769
17.385223,45.839466
17.387575,45.836993
17.393687,45.839439
17.389722,45.840529
17.388232,45.840922
17.391419,45.840254
17.389007,45.854676
17.38901,45.840901
17.394443,45.841977
17.392601,45.836594
17.388569,45.839884
17.387507,45.846049
17.380449,45.837425
17.387879,45.837343
17.380461,45.836584
17.384666,45.83639
17.386873,45.840404
17.379697,45.836619
17.392339,45.84331
17.391519,45.840535
17.385464,45.836299
17.394985,45.841554
17.392133,45.837791
17.389942,45.84125
17.386543,45.838726
17.388334,45.837287
17.392203,45.856138
17.391876,45.8401
17.389668,45.841459
17.393642,45.836791
17.384642,45.839078
17.379578,45.836616
17.388458,45.838286
17.387464,45.846219
17.395334,45.839664
17.394275,45.839693
17.392439,45.836615
17.384185,45.844062
17.389624,45.845455
17.38338,45.836446
17.387388,45.845768
17.391734,45.843708
17.389416,45.836983
17.392444,45.838569
17.39142,45.84384
17.389259,45.855277
17.390595,45.844667
17.390652,45.838849
17.387749,45.847614
17.38878,45.838021
17.385237,45.836466
17.387997,45.849274
17.39272,45.838804
17.391269,45.837032
17.385957,45.837875
17.389205,45.836298
17.379119,45.836929
17.385266,45.83698
17.390049,45.836837
17.39299,45.842096
17.387471,45.836169
17.38542,45.840278
17.393762,45.842296
17.392532,45.838052
17.390053,45.85581
17.386797,45.840288
17.386308,45.836076
17.392256,45.83934
17.386892,45.842794
17.38908,45.835914
17.387829,45.845313
17.388681,45.84399
17.393001,45.836858
17.387608,45.846809
17.387295,45.835772
17.394501,45.844064
17.392723,45.837655
17.388164,45.847143
17.392266,45.841262
17.388887,45.83899
17.392034,45.840831
17.387992,45.840192
17.389519,45.85447
17.392891,45.841716
17.388852,45.841329
17.394743,45.839231
17.3951,45.840878
17.391872,45.839046
17.391855,45.839785
17.389524,45.84013
17.39366,45.838676
17.386516,45.84094
17.394519,45.841337
17.393251,45.836781
17.384954,45.836982
17.391303,45.836716
17.387659,45.844787
17.384717,45.839505
17.38927,45.841265
17.388155,45.836296
17.386707,45.839162
17.394918,45.840719
17.387896,45.848894
17.382757,45.837212
17.39105,45.840305
17.387214,45.838359
17.394345,45.842188
17.388386,45.850785
17.394533,45.84353
17.3914,45.844764
17.386463,45.838084
17.387446,45.836259
17.381356,45.845239
17.392393,45.841798
17.392914,45.836563
17.386177,45.839239
17.388909,45.853968
17.393338,45.839983
17.384538,45.843951
17.392012,45.84402
17.389742,45.840744
17.384315,45.843953
17.384129,45.837059
17.390245,45.845206
17.393207,45.838854
17.394617,45.839605
17.382701,45.836859
17.386739,45.838365
17.390611,45.84284
17.380872,45.837157
17.384832,45.837721
17.387971,45.83948
17.391757,45.83984
17.391759,45.842046
17.387,45.840812
17.391328,45.841965
17.3925,45.83691
17.387585,45.844313
17.391897,45.843909
17.389418,45.85374
17.37993,45.836623
17.38363,45.837192
17.393924,45.841696
17.388025,45.846532
17.384822,45.840379
17.387582,45.839515
17.388209,45.847483
17.387897,45.840599
17.39118,45.839549
17.391968,45.837833
17.385767,45.836985
17.384992,45.838611
17.394247,45.842339
17.39096,45.838246
17.378579,45.836898
17.387098,45.844275
17.386941,45.838378
17.391185,45.839125
17.385331,45.836458
17.387563,45.836631
17.393987,45.838985
17.378868,45.837446
17.390516,45.841718
17.383239,45.844445
17.384341,45.837034
17.389951,45.838352
17.38888,45.838558
17.393684,45.838432
17.388119,45.849426
17.395317,45.839318
17.393257,45.842833
17.388408,45.837398
17.386811,45.843223
17.389171,45.839358
17.387698,45.838337
17.387853,45.84584
17.393514,45.841063
17.391752,45.857829
17.378688,45.837889
17.389755,45.839142
17.388139,45.836737
17.393416,45.842212
17.384994,45.840935
17.378054,45.836939
17.394637,45.842389
17.392855,45.836876
17.377749,45.838125
17.385036,45.838767
17.383139,45.838326
17.391767,45.842659
17.387621,45.844495
17.378275,45.837543
17.386984,45.839282
17.388333,45.837019
17.3827,45.837108
17.389438,45.837175
17.389609,45.840445
17.393597,45.836905
17.392552,45.840312
17.388287,45.841348
17.390983,45.840132
17.392996,45.840491
17.389845,45.836821
17.390728,45.837089
17.392953,45.841531
17.38688,45.840534
17.390529,45.841627
17.393449,45.837847
17.387725,45.83911
17.394081,45.842455
17.390051,45.841534
17.394234,45.838931
17.391217,45.844831
17.391105,45.837929
17.391788,45.840995
17.388344,45.848229
17.386316,45.839687
17.393408,45.837911
17.388008,45.837587
17.387289,45.838731
17.377564,45.838173
17.393264,45.837493
17.393693,45.837492
17.395345,45.840216
17.388168,45.836899
17.393029,45.841931
17.3893,45.853051
17.392987,45.837647
17.390202,45.837374
17.382642,45.837518
17.38809,45.840942
17.390453,45.845111
17.39311,45.839312
17.38446,45.838485
17.392053,45.844096
17.383352,45.844353
17.387427,45.838575
17.392476,45.840141
17.393221,45.843907
17.385089,45.837335
17.392209,45.844324
17.390132,45.841782
17.390853,45.842394
17.393882,45.847113
17.394302,45.840024
17.39364,45.842972
17.389376,45.841238
17.385072,45.838859
17.388033,45.84686
17.393846,45.842234
17.393533,45.843529
17.381919,45.836998
17.387286,45.845416
17.390155,45.843051
17.38077,45.845477
17.388937,45.854192
17.392109,45.842881
17.389286,45.838144
17.394138,45.839202
17.390223,45.83805
17.393719,45.838988
17.390212,45.856435
17.381719,45.837318
17.390849,45.842174
17.379903,45.837487
17.395355,45.841949
17.393635,45.836685
17.383727,45.836461
17.388236,45.840156
17.386173,45.836896
17.389191,45.83921
17.39471,45.840122
17.389369,45.836874
17.381007,45.836634
17.389888,45.839661
17.384784,45.837374
17.388234,45.847831
17.384396,45.836376
17.392173,45.838597
17.387933,45.839862
17.392382,45.839981
17.393925,45.839237
17.388009,45.848658
17.385991,45.837983
17.395434,45.843613
17.391387,45.840149
17.390076,45.837598
17.391126,45.836736
17.393315,45.839833
17.395668,45.843747
17.384808,45.836359
17.38619,45.836499
17.391234,45.839728
17.383131,45.836848
17.392914,45.841113
17.390929,45.84506
17.38947,45.854332
17.39461,45.841519
17.386592,45.841112
17.384791,45.840158
17.387994,45.845653
17.38851,45.851776
17.39153,45.844638
17.37809,45.837036
17.391469,45.840441
17.393359,45.840214
17.389123,45.845293
17.378433,45.837533
17.390774,45.838268
17.390796,45.839526
17.388288,45.84808
17.389621,45.85637
17.388636,45.849987
17.389061,45.835846
17.393658,45.843383
17.385292,45.839821
17.391471,45.838686
17.387771,45.845457
17.395175,45.841295
17.387264,45.84522
17.3903,45.841084
17.391259,45.839819
17.388238,45.849945
17.389305,45.853222
17.380775,45.836617
17.39262,45.839674
17.379724,45.837616
17.394386,45.839195
17.393524,45.840814
17.393181,45.840801
17.389928,45.839513
17.383821,45.837553
17.380923,45.845404
17.390542,45.837092
17.383432,45.83834
17.394815,45.839826
17.391817,45.842407
17.394667,45.843257
17.392243,45.839831
17.394236,45.839849
17.394336,45.840216
17.381381,45.836961
17.394436,45.842778
17.386412,45.83819
17.387067,45.844073
17.392345,45.842375
17.390019,45.845414
17.392143,45.841307
17.392572,45.84417
17.388672,45.852776
17.38688,45.836706
17.38629,45.837181
17.392347,45.839
17.390265,45.856557
17.384738,45.837019
17.386968,45.840941
17.394994,45.843766
17.385293,45.839717
17.389655,45.837726
17.38399,45.837877
17.392138,45.84079
17.389685,45.843249
17.392672,45.838037
17.389785,45.855158
17.389021,45.854428
17.392767,45.844084
17.38447,45.838683
17.3921,45.842394
17.384797,45.837458
17.38539,45.840109
17.390063,45.84051
17.38776,45.840221
17.38846,45.841839
17.391431,45.841162
17.388207,45.847934
17.38316,45.836548
17.378523,45.838954
17.394041,45.840432
17.387917,45.83906
17.383731,45.844195
17.392177,45.841935
17.391435,45.837008
17.379549,45.836919
17.38474,45.839901
17.394148,45.841023
17.391238,45.838714
17.377935,45.837297
17.390251,45.840343
17.383534,45.844309
17.378892,45.836593
17.393043,45.841107
17.391681,45.838126
17.386233,45.839551
17.393144,45.841422
17.380846,45.837594
17.378026,45.837554
17.393818,45.843205
17.386715,45.839399
17.39039,45.843141
17.393346,45.840477
17.394581,45.84169
17.391065,45.843383
17.3874,45.846796
17.390418,45.844743
17.378484,45.8379
17.38997,45.839998
17.388783,45.850967
17.394049,45.8414
17.37846,45.836896
17.386655,45.83885
17.389429,45.837133
17.392858,45.837594
17.390149,45.856165
17.388137,45.837873
17.389383,45.839698
17.389706,45.837891
17.38944,45.853941
17.39603,45.843809
17.389141,45.8361
17.389343,45.836735
17.381823,45.845013
17.384625,45.838951
17.385102,45.839031
17.391022,45.842768
17.387194,45.844614
17.391142,45.838221
17.394193,45.836843
17.389537,45.855984
17.388086,45.835836
17.389565,45.838818
17.385882,45.837374
17.392168,45.838062
17.384307,45.836553
17.39268,45.836892
17.389722,45.856512
17.387209,45.84482
17.388087,45.839854
17.394287,45.838534
17.395584,45.842384
17.381979,45.836644
17.379803,45.845899
17.387924,45.848482
17.388952,45.841291
17.393889,45.842939
17.393832,45.843768
17.380299,45.837564
17.389707,45.856711
17.381358,45.839328
17.390339,45.840997
17.386476,45.838388
17.394189,45.84351
17.387806,45.845619
17.394586,45.842511
17.395651,45.842534
17.380943,45.836976
17.378599,45.836597
17.386359,45.837398
17.388845,45.850105
17.387636,45.837115
17.386696,45.839093
17.393493,45.84176
17.387695,45.847116
17.388521,45.848897
17.388776,45.853298
17.377976,45.837114
17.391415,45.837897
17.388297,45.837144
17.383833,45.837717
17.394883,45.840396
17.390531,45.838019
17.395063,45.843953
17.382784,45.83653
17.388178,45.835955
17.389524,45.838906
17.389962,45.840096
17.388644,45.837818
17.395068,45.841737
17.392605,45.842096
17.391478,45.836698
17.389865,45.841063
17.388634,45.849529
17.391875,45.838898
17.392363,45.844267
17.39169,45.844566
17.389424,45.855707
17.384661,45.839341
17.392636,45.840785
17.388171,45.850472
17.393906,45.842585
17.393903,45.841039
17.386884,45.839927
17.392181,45.840303
17.385341,45.838315
17.387699,45.844939
17.384863,45.837883
17.384479,45.836372
17.385152,45.838274
17.387514,45.839169
17.38791,45.838584
17.381592,45.836956
17.378132,45.838022
17.386848,45.836519
17.393056,45.838759
17.391534,45.841615
17.378884,45.837959
17.384387,45.841202
17.392184,45.839423
17.391779,45.841505
17.389863,45.843225
17.393265,45.843639
17.391255,45.837891
17.392286,45.842673
17.38149,45.845157
17.389237,45.852393
17.394617,45.839242
17.385978,45.842889
17.393222,45.836902
17.388813,45.840623
17.388757,45.850224
17.389799,45.855331
17.37907,45.837952
17.385435,45.836531
17.385137,45.839125
17.382422,45.84492
17.389988,45.855711
17.387539,45.846421
17.38465,45.837034
17.393713,45.839603
17.391751,45.840052
17.393805,45.840339
17.395121,45.838888
17.391236,45.840838
17.386932,45.843451
17.391664,45.836681
17.390312,45.856751
17.38569,45.83726
17.390622,45.841334
17.395133,45.842584
17.378101,45.837893
17.388351,45.851278
17.389323,45.839555
17.387807,45.847925
17.394709,45.840673
17.388443,45.851013
17.394019,45.843604
17.389945,45.855507
17.395061,45.842909
17.388612,45.849773
17.381792,45.836957
17.379528,45.837575
17.389376,45.845545
17.387816,45.848319
17.382469,45.844747
17.387453,45.845834
17.393961,45.84152
17.386999,45.841045
17.387082,45.843749
17.386186,45.836964
17.387661,45.837264
17.391895,45.841447
17.389791,45.838394
17.389746,45.845404
17.38716,45.840247
17.387963,45.843999
17.387717,45.840998
17.394487,45.842691
17.391116,45.842927
17.381468,45.838072
17.395598,45.840783
17.390003,45.843113
17.388888,45.851533
17.388657,45.835579
17.390688,45.842126
17.382704,45.839615
17.384715,45.83979
17.393374,45.841071
17.388487,45.837178
17.394365,45.83963
17.395794,45.843384
17.393056,45.84397
17.378821,45.836901
17.384814,45.83763
17.39059,45.836785
17.387069,45.844514
17.391332,45.843223
17.387964,45.84671
17.379905,45.836925
17.395408,45.840096
17.394413,45.842966
17.395059,45.841832
17.3806,45.837976
17.389939,45.839883
17.38754,45.840266
17.38495,45.836383
17.386922,45.840067
17.388006,45.846311
17.388669,45.843656
17.392413,45.843965
17.383247,45.837222
17.389919,45.839758
17.383923,45.836543
17.383214,45.836666
17.381544,45.836642
17.391796,45.839394
17.389932,45.85563
17.382115,45.837232
17.393167,45.837998
17.39039,45.841361
17.387988,45.837509
17.392015,45.838062
17.393399,45.841427
17.385366,45.84001
17.391154,45.844404
17.389711,45.839278
17.387622,45.844652
17.388646,45.84002
17.393174,45.839039
17.388653,45.84986
17.385548,45.838695
17.393667,45.838067
17.386405,45.840573
17.387603,45.840636
17.384011,45.837081
17.395269,45.842992
17.387393,45.836856
17.39168,45.841049
17.37925,45.837922
17.38888,45.850296
17.393127,45.843688
17.392122,45.840229
17.388862,45.838133
17.387791,45.848144
17.382798,45.836699
17.389487,45.838726
17.390108,45.841627
17.394841,45.842105
17.391918,45.844476
17.388537,45.837533
17.389713,45.839439
17.383155,45.837744
17.388459,45.846065
17.392993,45.843212
17.390235,45.836822
17.391238,45.838208
17.380419,45.837135
17.386422,45.840307
17.381194,45.836948
17.391607,45.84406
17.386653,45.838973
17.39178,45.83698
17.388635,45.837895
17.393883,45.840746
17.39455,45.841777
17.390573,45.841817
17.391027,45.838746
17.388177,45.838782
17.38005,45.83663
17.384475,45.838079
17.390948,45.836753
17.390025,45.840265
17.392641,45.840399
17.389706,45.841009
17.391978,45.836978
17.38821,45.836485
17.396368,45.855237
17.387722,45.837432
17.392915,45.842401
17.392576,45.84191
17.379316,45.837608
17.390156,45.840601
17.389231,45.841781
17.387989,45.846193
17.390816,45.83961
17.391296,45.841663
17.390113,45.840422
17.381953,45.837761
17.392535,45.84226
17.385216,45.839574
17.389505,45.837293
17.38818,45.847244
17.388601,45.837763
17.391556,45.837862
17.389154,45.843549
17.389446,45.838633
17.388148,45.839023
17.392556,45.837699
17.391938,45.838624
17.384928,45.840734
17.388169,45.843893
17.388402,45.851418
17.379091,45.837584
17.384607,45.836611
17.388858,45.843582
17.386843,45.84305
17.38988,45.84118
17.380894,45.837987
17.390887,45.843171
17.392099,45.840517
17.385581,45.841027
17.387741,45.847304
17.38604,45.838352
17.386306,45.840091
17.388334,45.848551
17.381924,45.844967
17.38952,45.838152
17.386219,45.836693
17.391425,45.843354
17.388544,45.85199
17.390256,45.840874
17.395539,45.842231
17.394808,45.839915
17.392797,45.842963
17.392326,45.839176
17.380074,45.845858
17.394377,45.841004
17.393483,45.8419
17.388718,45.853113
17.388882,45.85409
17.386259,45.839953
17.384226,45.836335
17.391554,45.838932
17.386496,45.840707
17.391608,45.837001
17.387837,45.840946
17.382691,45.837664
17.393199,45.84313
17.380435,45.836937
17.389699,45.855018
17.382565,45.837389
17.388102,45.836081
17.387145,45.844189
17.393744,45.83725
17.393764,45.840154
17.393376,45.840299
17.393383,45.842127
17.388494,45.84939
17.391247,45.843129
17.392494,45.842594
17.385073,45.841245
17.392873,45.837986
17.395313,45.839026
17.394325,45.838632
17.387506,45.83986
17.383115,45.836986
17.389203,45.85269
17.391106,45.840482
17.378742,45.837504
17.389169,45.841257
17.387762,45.847772
17.393672,45.837384
17.391714,45.84419
17.388271,45.850603
17.387013,45.839575
17.388187,45.849625
17.393727,45.839748
17.391349,45.839004
17.388853,45.851115
17.386416,45.84019
17.381118,45.845329
17.388817,45.853579
17.389974,45.841456
17.391115,45.839288
17.388173,45.836604
17.392489,45.838886
17.390643,45.845034
17.389611,45.838404
17.38266,45.838431
17.395382,45.840394
17.38854,45.852415
17.388037,45.837669
17.379304,45.836937
17.381717,45.837733
17.386484,45.840862
17.390699,45.842847
17.393901,45.841845
17.379608,45.837965
17.390869,45.842525
17.389247,45.836547
17.389587,45.840235
17.384893,45.837968
17.385336,45.838816
17.383824,45.837071
17.388884,45.85139
17.389366,45.836806
17.387711,45.847458
17.380461,45.837594
17.388167,45.838568
17.385495,45.840874
17.387466,45.836045
17.392262,45.836638
17.389285,45.845776
17.38819,45.847593
17.390735,45.838782
17.388236,45.850179
17.380868,45.837278
17.391883,45.838113
17.385506,45.841242
17.396579,45.846739
17.380307,45.845713
17.394802,45.84417
17.393627,45.837021
17.395719,45.842619
17.38962,45.840353
17.379061,45.836608
17.387782,45.839499
17.38705,45.843954
17.390665,45.83794
17.381072,45.838013
17.389356,45.838479
17.392733,45.839367
17.391862,45.842712
17.387091,45.838635
17.379442,45.837876
17.389586,45.854649
17.392402,45.843395
17.39208,45.836655
17.388485,45.849183
17.385206,45.839283
17.386671,45.83949
17.378312,45.837881
17.379819,45.838006
17.384363,45.838024
17.393741,45.839893
17.392753,45.836582
17.39274,45.839737
17.392368,45.837749
17.387915,45.845541
17.389177,45.852806
17.387357,45.845571
17.389209,45.852922
17.391918,45.840598
17.385434,45.840683
17.388019,45.846997
17.388248,45.835558
17.382297,45.838145
17.384674,45.839596
17.386124,45.836287
17.387848,45.838327
17.393155,45.837247
17.389326,45.853383
17.390141,45.838331
17.38326,45.837328
17.380659,45.83663
17.379979,45.837921
17.388202,45.847375
17.383163,45.836483
17.392127,45.844766
17.38976,45.836492
17.386247,45.837085
17.393896,45.842019
17.381583,45.837712
17.390882,45.839784
17.387294,45.845
17.395301,45.839187
17.377917,45.837518
17.390536,45.842928
17.387525,45.844168
17.394472,45.841899
17.385425,45.8404
17.393648,45.838846
17.389145,45.852542
17.393645,45.838592
17.385156,45.836982
17.388734,45.840322
17.390944,45.839952
17.384779,45.840054
17.388546,45.848692
17.381859,45.838086
17.388239,45.847712
17.395087,45.843311
17.395338,45.839978
17.387835,45.845126
17.390743,45.83936
17.389633,45.838972
17.394326,45.847723
17.388894,45.857778
17.395782,45.843803
17.378879,45.837608
17.381719,45.837405
17.385459,45.840578
17.390188,45.83713
17.388975,45.835609
17.384847,45.836995
17.390151,45.837837
17.389419,45.839946
17.382764,45.838262
17.389591,45.837545
17.393236,45.837023
17.391713,45.840619
17.393755,45.84007
17.395508,45.84299
17.393401,45.843053
17.391509,45.843436
17.381977,45.837229
17.383785,45.837406
17.392152,45.839758
17.38949,45.840028
17.387443,45.839545
17.389739,45.840652
17.384546,45.837025
17.386727,45.839767
17.3821,45.844893
17.394272,45.840393
17.388189,45.849826
17.389345,45.83839
17.382056,45.838104
17.391199,45.843024
17.392367,45.840756
17.386096,45.836055
17.384663,45.839179
17.395323,45.839462
17.381657,45.8381
17.380023,45.836928
17.396065,45.843365
17.385057,45.836977
17.392242,45.843098
17.391904,45.839428
17.385249,45.837599
17.394408,45.840665
17.388834,45.850541
17.387676,45.839875
17.379352,45.836612
17.389471,45.854154
17.39302,45.842898
17.437532,45.812313
17.495834,45.793969
17.690313,45.701556
17.690086,45.701477
17.171399,45.893151
17.851918,45.537746
17.463495,45.811357
17.500149,45.818151
17.660888,45.761373
17.40418,45.833001
17.40391,45.833011
17.404344,45.833462
17.400555,45.832483
17.359547,45.818524
17.359236,45.818759
17.359052,45.818774
17.358944,45.818787
17.358892,45.81897
17.358738,45.818937
17.20258,45.885428
17.435926,45.811961
17.181931,45.947186
17.687496,45.702861
17.560761,45.700175
17.726165,45.748123
17.402592,45.83339
17.181715,45.918174
17.390975,45.844492
17.620301,45.698359
17.687525,45.705541
17.644561,45.762153
17.706649,45.703361
17.706688,45.703463
17.706835,45.703529
17.258889,45.946848
17.437916,45.81623
17.291944,45.924988
17.70403,45.698036
17.407039,45.83391
17.517731,45.789983
17.713498,45.698917
17.713717,45.698842
17.223605,45.890165
17.202483,45.969979
17.38722,45.833045
17.293062,45.927044
17.222465,45.951062
17.215683,45.96484
17.236856,45.953541
17.406799,45.83381
17.255948,45.959219
17.357971,45.972507
17.373305,45.970754
17.873953,45.520508
17.840577,45.52457
17.835236,45.523542
17.832637,45.52291
17.963494,45.55259
17.223731,45.970729
17.232812,45.950154
17.232787,45.950085
17.232845,45.950254
17.44961,45.813679
17.393849,45.832304
17.357971,45.962854
17.334159,45.826477
17.173055,45.939321
17.390524,45.829566
17.389481,45.830192
17.38952,45.83004
17.389654,45.830005
17.390655,45.829741
17.390831,45.829659
17.389413,45.829848
17.390588,45.829486
17.390146,45.829877
17.390475,45.829825
17.390894,45.829608
17.690885,45.726674
17.331958,45.856555
17.70564,45.707064
17.259983,45.947288
17.414292,45.834461
17.345549,45.800717
17.324731,45.825022
17.218861,45.963315
17.219047,45.963232
17.237662,45.94927
17.237495,45.949265
17.237869,45.949289
17.237226,45.949305
17.210715,45.891408
17.319641,45.856563
17.383405,45.833447
17.942358,45.528682
17.202789,45.890207
17.393614,45.83347
17.397005,45.832545
17.38782,45.833727
17.192346,45.88916
17.192353,45.88878
17.688553,45.771574
17.717699,45.719173
17.382676,45.830543
17.387688,45.83153
17.38791,45.831448
17.399877,45.854096
17.231213,45.9518
17.69435,45.738755
17.342854,45.978295
17.4929,45.794744
17.623857,45.762371
17.720311,45.696705
17.70038,45.691024
17.38837,45.843769
17.235919,45.953236
17.234119,45.949906
17.485894,45.804612
17.265962,45.980469
17.521452,45.80927
17.662635,45.670471
17.389972,45.810517
17.436821,45.798999
17.694578,45.693944
17.720549,45.720811
17.657076,45.705953
17.691062,45.697887
17.692761,45.690058
17.582919,45.812302
17.481282,45.775603
17.48339,45.77522
17.480497,45.794116
17.511166,45.77356
17.293565,45.920441
17.685943,45.698295
17.196026,45.89488
17.690994,45.689543
17.680621,45.695349
17.663328,45.681012
17.661201,45.672227
17.66189,45.670896
17.663237,45.669746
17.664208,45.668607
17.688487,45.709202
17.409386,45.834188
17.409137,45.833755
17.408693,45.833757
17.435521,45.812059
17.490489,45.800665
17.485837,45.794141
17.500985,45.820489
17.467249,45.811606
17.330048,45.830602
17.328412,45.831242
17.327714,45.8317
17.320163,45.82418
17.666629,45.701925
17.668453,45.703082
17.359944,45.812601
17.337665,45.820563
17.323989,45.830308
17.378416,45.836094
17.357604,45.816443
17.260431,45.946959
17.231478,45.945931
17.66473,45.668817
17.662408,45.758635
17.377259,45.827596
17.412928,45.83455
17.19939,45.971297
17.23561,45.949475
17.349982,45.820808
17.279581,45.983637
17.169188,45.89435
17.208839,45.925154
17.398669,45.836545
17.232651,45.94948
17.233042,45.949438
17.391473,45.833432
17.361995,45.812858
17.217848,45.934206
17.189586,45.944613
17.228739,45.968817
17.392187,45.734717
17.387864,45.711175
17.387872,45.709745
17.392121,45.70582
17.392194,45.70617
17.402351,45.711086
17.403066,45.749122
17.403055,45.748572
17.403496,45.748485
17.403548,45.747929
17.403651,45.748309
17.405011,45.746648
17.40532,45.746171
17.405879,45.745859
17.406299,45.745428
17.407649,45.743509
17.408115,45.743364
17.408295,45.742819
17.408022,45.742384
17.408064,45.742199
17.408317,45.742306
17.408431,45.742209
17.408516,45.741747
17.408306,45.741225
17.408594,45.741507
17.408315,45.741038
17.408675,45.741193
17.408579,45.740275
17.40874,45.740931
17.40854,45.739912
17.408894,45.740483
17.408461,45.738282
17.408918,45.7403
17.408931,45.740097
17.407991,45.737484
17.408952,45.739934
17.409086,45.739693
17.407979,45.735545
17.408984,45.738886
17.408195,45.735121
17.409031,45.738542
17.408569,45.734558
17.408813,45.738135
17.409489,45.732095
17.408176,45.737227
17.409522,45.731662
17.408074,45.736875
17.409862,45.731158
17.408061,45.736528
17.410744,45.730492
17.410822,45.730153
17.408418,45.735658
17.411257,45.729989
17.40848,45.735322
17.40865,45.735068
17.409053,45.734302
17.411893,45.729186
17.412221,45.728386
17.409824,45.73253
17.412219,45.727907
17.412135,45.7276
17.411813,45.726807
17.411693,45.725772
17.411798,45.729952
17.411672,45.725453
17.411714,45.724588
17.412324,45.729106
17.412438,45.728936
17.413095,45.728058
17.412336,45.727402
17.41085,45.721041
17.412319,45.727287
17.410712,45.720817
17.412222,45.727008
17.412077,45.726414
17.410414,45.7205
17.412033,45.72591
17.409641,45.719462
17.412029,45.725429
17.412041,45.724873
17.412048,45.724449
17.412089,45.724213
17.41195,45.723417
17.411649,45.721444
17.410672,45.720303
17.409779,45.719114
17.409642,45.718857
17.421822,45.751966
17.422366,45.750825
17.424925,45.727162
17.399883,45.808584
17.400691,45.807358
17.400417,45.80681
17.400242,45.806666
17.400263,45.806219
17.399268,45.808619
17.39936,45.808482
17.400155,45.805974
17.399424,45.808328
17.399563,45.808313
17.399707,45.808147
17.401391,45.804989
17.399813,45.80798
17.400851,45.804967
17.399776,45.806989
17.399943,45.805842
17.399791,45.805751
17.398945,45.805395
17.398667,45.805145
17.398484,45.805006
17.39794,45.804842
17.397355,45.804787
17.395763,45.803917
17.399498,45.805031
17.399559,45.804787
17.399357,45.804387
17.377361,45.808726
17.377347,45.808545
17.377345,45.80839
17.377341,45.80824
17.377347,45.808087
17.377313,45.807918
17.37604,45.807647
17.375849,45.807429
17.375771,45.80723
17.376526,45.805641
17.374041,45.807984
17.377259,45.807649
17.376605,45.807607
17.377348,45.807449
17.377357,45.807306
17.377302,45.807217
17.377353,45.807041
17.377969,45.809172
17.377392,45.806448
17.377874,45.80907
17.3774,45.806321
17.377816,45.808926
17.377402,45.806137
17.377768,45.808786
17.377442,45.805909
17.377786,45.808526
17.377355,45.805801
17.37776,45.808407
17.37743,45.805641
17.377966,45.808209
17.377414,45.805507
17.378391,45.808237
17.377873,45.807836
17.377426,45.804731
17.377984,45.807509
17.3774,45.804362
17.377863,45.807353
17.377379,45.804045
17.377725,45.80725
17.377296,45.803844
17.377894,45.80709
17.37718,45.803557
17.377774,45.806881
17.377194,45.803431
17.377784,45.806772
17.377114,45.803221
17.378267,45.806507
17.377186,45.803073
17.37786,45.806267
17.37724,45.802926
17.377827,45.806099
17.377353,45.802733
17.377917,45.805945
17.378046,45.805799
17.377846,45.805672
17.377848,45.805198
17.377816,45.804921
17.38035,45.801095
17.378675,45.804823
17.377837,45.804616
17.377918,45.804414
17.377946,45.804302
17.377993,45.804224
17.377866,45.803822
17.377563,45.803385
17.377575,45.803248
17.378427,45.802387
17.378516,45.802298
17.379747,45.801754
17.380622,45.801565
17.381771,45.800839
17.383065,45.800241
17.38317,45.80084
17.383594,45.801412
17.389194,45.803235
17.389303,45.8029
17.389353,45.80264
17.39008,45.801503
17.390191,45.80134
17.390325,45.801163
17.390495,45.800815
17.390854,45.800084
17.390974,45.79948
17.390989,45.798807
17.390954,45.798448
17.391024,45.798183
17.390822,45.797787
17.390704,45.797582
17.390516,45.797353
17.390423,45.797291
17.390223,45.797016
17.390143,45.796862
17.390067,45.796662
17.388582,45.803356
17.38871,45.803139
17.388764,45.802996
17.388801,45.802796
17.388892,45.80266
17.389504,45.795628
17.388939,45.802473
17.389399,45.79551
17.389338,45.795363
17.389357,45.79521
17.38921,45.795105
17.389765,45.795107
17.389247,45.795002
17.38964,45.801512
17.389785,45.801323
17.388797,45.794633
17.389311,45.79428
17.3898,45.800832
17.38869,45.794554
17.390057,45.800717
17.390042,45.800476
17.39024,45.8004
17.387816,45.792633
17.390655,45.799602
17.390622,45.799163
17.390589,45.798946
17.390248,45.798601
17.390496,45.79793
17.390317,45.797726
17.390221,45.7976
17.39016,45.79747
17.389993,45.797278
17.389678,45.796763
17.389442,45.796281
17.38912,45.795745
17.38906,45.795634
17.388404,45.79473
17.387762,45.794455
17.387328,45.794167
17.387354,45.79403
17.38867,45.801448
17.388661,45.802177
17.388526,45.801887
17.388053,45.801543
17.388062,45.801346
17.388085,45.80107
17.387981,45.799868
17.390737,45.803559
17.390722,45.803417
17.39073,45.803285
17.390817,45.80316
17.391219,45.802688
17.391345,45.802513
17.391461,45.802314
17.391545,45.802151
17.391566,45.801955
17.391622,45.801303
17.39118,45.803683
17.391553,45.803595
17.391804,45.800786
17.391155,45.803232
17.391328,45.803091
17.391398,45.802946
17.391807,45.80025
17.39156,45.802716
17.392006,45.800085
17.391903,45.801749
17.392171,45.799563
17.392027,45.801494
17.392383,45.799245
17.392203,45.801269
17.392171,45.80115
17.392331,45.801
17.392847,45.798451
17.392254,45.800615
17.392423,45.800032
17.392331,45.79746
17.39247,45.799943
17.392591,45.799774
17.392049,45.797049
17.392671,45.799381
17.39197,45.796936
17.392729,45.799296
17.392886,45.799121
17.391574,45.796338
17.391677,45.795753
17.393374,45.798292
17.391387,45.795082
17.393439,45.798098
17.391443,45.794827
17.393748,45.797849
17.393591,45.797561
17.39105,45.79352
17.392495,45.797038
17.392409,45.796907
17.392151,45.796733
17.391848,45.796208
17.391819,45.794553
17.392022,45.802569
17.393198,45.799882
17.393562,45.799663
17.393361,45.799548
17.425006,45.803725
17.42502,45.802833
17.425272,45.80347
17.42688,45.801664
17.4255,45.803175
17.427158,45.801571
17.425615,45.803039
17.427274,45.801516
17.427469,45.801266
17.42596,45.802842
17.426004,45.80266
17.428042,45.801319
17.428515,45.801249
17.426358,45.80232
17.428823,45.801228
17.426665,45.80213
17.429012,45.801138
17.429316,45.801075
17.427023,45.801967
17.427361,45.801855
17.427587,45.801754
17.430068,45.801045
17.430182,45.800908
17.428129,45.801667
17.430348,45.800963
17.428534,45.801593
17.430741,45.800744
17.429106,45.801537
17.43097,45.80075
17.431396,45.800545
17.431757,45.800434
17.430242,45.801336
17.421113,45.804978
17.421258,45.805397
17.422086,45.806481
17.422199,45.806768
17.422255,45.806919
17.422587,45.807925
17.421951,45.807763
17.422613,45.808157
17.422045,45.807917
17.422761,45.808268
17.422125,45.808067
17.422745,45.808599
17.422854,45.80881
17.422942,45.80887
17.422242,45.808499
17.422997,45.809027
17.422295,45.808652
17.422353,45.808795
17.422978,45.809316
17.423055,45.809443
17.422428,45.809074
17.423072,45.809582
17.422439,45.809269
17.423089,45.809704
17.422615,45.809648
17.423313,45.810314
17.423472,45.810479
17.423413,45.810627
17.423517,45.810979
17.423602,45.811171
17.423645,45.811416
17.423732,45.811601
17.423805,45.811747
17.42381,45.811893
17.423971,45.812321
17.424024,45.812492
17.424161,45.812882
17.424228,45.813142
17.424269,45.813282
17.424366,45.813532
17.42441,45.813768
17.424622,45.813988
17.411977,45.805673
17.412189,45.805465
17.41221,45.805057
17.412473,45.805379
17.412547,45.805006
17.412736,45.805359
17.41299,45.804943
17.413003,45.805312
17.413264,45.804963
17.413369,45.80528
17.41438,45.804823
17.41368,45.805219
17.41461,45.804801
17.413955,45.805188
17.415214,45.804722
17.414577,45.805088
17.414708,45.805221
17.415448,45.804708
17.414986,45.805064
17.415638,45.804614
17.415297,45.805012
17.415771,45.804654
17.415487,45.80501
17.415738,45.804959
17.416112,45.804629
17.415954,45.804959
17.41639,45.804582
17.416284,45.804942
17.416616,45.804569
17.416463,45.804922
17.416887,45.804491
17.4171,45.804292
17.417418,45.80445
17.417096,45.804853
17.417788,45.804344
17.417301,45.804782
17.418389,45.804351
17.417476,45.804748
17.418518,45.80431
17.418872,45.804267
17.419049,45.804241
17.418008,45.804764
17.4195,45.804202
17.418208,45.804794
17.420059,45.804143
17.418417,45.804747
17.420708,45.80403
17.418657,45.804638
17.41886,45.804584
17.421707,45.803839
17.419108,45.80458
17.419378,45.804497
17.419704,45.804489
17.422342,45.803792
17.41989,45.804547
17.422533,45.80375
17.420118,45.804511
17.422691,45.803691
17.420331,45.804488
17.422786,45.803156
17.420979,45.804316
17.421975,45.804214
17.422384,45.804165
17.423049,45.804112
17.423645,45.804005
17.423947,45.803961
17.424258,45.804004
17.411409,45.805152
17.411028,45.805194
17.411193,45.80459
17.410964,45.804949
17.411039,45.804357
17.410826,45.804668
17.410764,45.803971
17.410582,45.804392
17.410698,45.80386
17.410423,45.804054
17.410625,45.80375
17.410339,45.803877
17.410501,45.803488
17.410057,45.803637
17.410174,45.803179
17.40955,45.80253
17.40957,45.803019
17.409435,45.802413
17.408208,45.801671
17.408127,45.802032
17.410892,45.805502
17.411323,45.805575
17.410656,45.805768
17.410488,45.805892
17.411086,45.805807
17.410412,45.806033
17.410909,45.806019
17.410216,45.806175
17.410848,45.806152
17.410019,45.806208
17.410688,45.806335
17.409935,45.80643
17.41023,45.806775
17.40987,45.806517
17.409889,45.806954
17.409646,45.806529
17.409774,45.807467
17.409325,45.80695
17.409641,45.807499
17.409381,45.807504
17.409045,45.807146
17.409116,45.807706
17.40893,45.807343
17.408556,45.807741
17.408594,45.808245
17.408371,45.807852
17.408211,45.807976
17.408042,45.808087
17.40807,45.808757
17.407943,45.808776
17.40743,45.808703
17.407507,45.809141
17.407278,45.808864
17.406886,45.809217
17.406668,45.809264
17.406256,45.809798
17.406098,45.809914
17.405982,45.810025
17.405762,45.810006
17.405297,45.81064
17.404792,45.811097
17.404613,45.811229
17.403162,45.811832
17.402917,45.81189
17.402674,45.811948
17.402449,45.811988
17.402248,45.811991
17.409452,45.805774
17.409298,45.805855
17.409348,45.806188
17.409142,45.805931
17.408983,45.806281
17.408979,45.80596
17.40883,45.806368
17.408867,45.806083
17.408459,45.806532
17.408709,45.806144
17.408147,45.806717
17.408545,45.806122
17.408377,45.806089
17.407684,45.806812
17.408259,45.806173
17.407539,45.806865
17.407909,45.806086
17.407853,45.806487
17.406683,45.807117
17.407567,45.806664
17.406249,45.807226
17.407364,45.80671
17.405991,45.807289
17.405824,45.80736
17.406945,45.806718
17.406675,45.806868
17.405484,45.80751
17.405091,45.807464
17.40618,45.806966
17.404872,45.807504
17.404701,45.807594
17.405607,45.807148
17.405344,45.807166
17.405053,45.806884
17.405003,45.807263
17.403226,45.807611
17.404766,45.807217
17.40303,45.807632
17.404353,45.807069
17.402711,45.807659
17.404129,45.80728
17.402571,45.807684
17.403968,45.807292
17.402367,45.807726
17.4037,45.807292
17.40351,45.80737
17.402591,45.807466
17.402426,45.807476
17.41951,45.801961
17.41843,45.801112
17.419169,45.801396
17.418349,45.800852
17.418894,45.801088
17.41828,45.800698
17.418869,45.800991
17.418728,45.800765
17.418025,45.800278
17.417886,45.800224
17.418386,45.800242
17.417904,45.79992
17.418317,45.800098
17.417777,45.799793
17.418235,45.79988
17.417798,45.799522
17.41828,45.799593
17.417725,45.799359
17.418154,45.799459
17.4177,45.799168
17.418154,45.799314
17.417749,45.798955
17.418137,45.799042
17.417684,45.798743
17.418077,45.798782
17.417342,45.798376
17.418046,45.798423
17.417632,45.798193
17.418031,45.798279
17.417584,45.798056
17.418179,45.797997
17.417974,45.797588
17.418293,45.797551
17.417483,45.797867
17.418916,45.798742
17.417325,45.797543
17.416687,45.797238
17.419912,45.799008
17.416994,45.796667
17.41955,45.798963
17.419411,45.798832
17.416159,45.795467
17.419223,45.798711
17.415723,45.794754
17.419105,45.798536
17.415615,45.794607
17.418991,45.798423
17.414992,45.793384
17.418877,45.798191
17.418556,45.797668
17.418491,45.797537
17.418465,45.797385
17.418397,45.797307
17.418342,45.797134
17.418292,45.796995
17.418288,45.796814
17.418254,45.79668
17.418152,45.796601
17.418097,45.796467
17.418643,45.795952
17.418333,45.795856
17.418054,45.795732
17.418203,45.79548
17.418368,45.79512
17.418361,45.794988
17.417807,45.794478
17.417904,45.794784
17.417885,45.795167
17.417862,45.795377
17.417722,45.795899
17.417641,45.796146
17.417702,45.796321
17.417894,45.796957
17.417036,45.795984
17.416916,45.795818
17.416839,45.795727
17.416229,45.794857
17.415897,45.794355
17.415707,45.793879
17.415636,45.793419
17.407745,45.801444
17.406751,45.80096
17.402528,45.798251
17.404138,45.79913
17.402654,45.797718
17.402496,45.797099
17.403734,45.798384
17.402304,45.796799
17.402223,45.796696
17.402097,45.796372
17.403278,45.797635
17.401887,45.796183
17.401749,45.796017
17.40156,45.795536
17.401173,45.794845
17.402834,45.796659
17.400836,45.794332
17.402717,45.79643
17.400682,45.794043
17.40222,45.795852
17.401557,45.794735
17.401463,45.794574
17.401129,45.793872
17.400807,45.793477
17.400669,45.793208
17.405554,45.801241
17.403588,45.799879
17.403931,45.800312
17.402708,45.800372
17.401084,45.800807
17.401875,45.800713
17.401435,45.800981
17.401453,45.801781
17.401198,45.80118
17.401017,45.80117
17.403079,45.799724
17.402246,45.799844
17.401933,45.799983
17.40141,45.800139
17.400539,45.80014
17.401433,45.799698
17.401481,45.798865
17.401127,45.798695
17.400688,45.798086
17.399796,45.797397
17.399837,45.79784
17.399498,45.797057
17.401027,45.796405
17.39793,45.795731
17.399721,45.795616
17.399172,45.795588
17.399418,45.795197
17.399003,45.794955
17.398127,45.794885
17.398857,45.794753
17.397209,45.793989
17.396816,45.793564
17.401619,45.79268
17.401499,45.792879
17.403097,45.790955
17.402648,45.791397
17.403015,45.791115
17.404713,45.791089
17.403555,45.790273
17.403571,45.790147
17.403899,45.789699
17.404074,45.789441
17.404288,45.788987
17.404386,45.788398
17.404382,45.788651
17.404576,45.786711
17.404625,45.786539
17.404402,45.786155
17.404711,45.78573
17.403915,45.784897
17.40364,45.784199
17.403638,45.784344
17.403485,45.784031
17.403455,45.783772
17.403578,45.783893
17.402989,45.783588
17.402515,45.783167
17.403366,45.783137
17.402372,45.782938
17.402354,45.782811
17.402121,45.782413
17.401924,45.781656
17.402562,45.781872
17.402202,45.781069
17.402252,45.780942
17.402602,45.780193
17.402732,45.779959
17.403242,45.77934
17.404452,45.778041
17.404197,45.778329
17.404683,45.777677
17.405227,45.777418
17.405335,45.777123
17.404594,45.777206
17.40451,45.777364
17.404209,45.777881
17.403816,45.778267
17.40313,45.779019
17.402785,45.779326
17.399677,45.781732
17.39905,45.78151
17.398696,45.781268
17.397174,45.780339
17.397784,45.780265
17.396482,45.779755
17.396253,45.779514
17.39485,45.778409
17.394402,45.777991
17.394184,45.777754
17.394955,45.777342
17.396304,45.774956
17.396121,45.773769
17.395622,45.773741
17.394642,45.777064
17.393968,45.777672
17.391256,45.776714
17.385973,45.774384
17.386579,45.777757
17.393921,45.777958
17.393621,45.777718
17.394062,45.778139
17.394778,45.778733
17.394984,45.778886
17.39514,45.779005
17.395442,45.779275
17.395794,45.779551
17.397158,45.780662
17.397427,45.780876
17.397776,45.781076
17.398301,45.781331
17.399256,45.781912
17.400298,45.781985
17.401649,45.782489
17.402174,45.783169
17.402312,45.783496
17.403183,45.784051
17.40301,45.785214
17.403351,45.784593
17.403664,45.786272
17.403737,45.786685
17.40381,45.78729
17.40324,45.787408
17.402962,45.78798
17.398706,45.788567
17.397544,45.788197
17.396374,45.787965
17.396986,45.788402
17.397733,45.78859
17.398629,45.788784
17.40105,45.78851
17.401662,45.788395
17.402534,45.788231
17.402658,45.788225
17.403953,45.788081
17.403774,45.788803
17.401141,45.792831
17.400561,45.79272
17.400157,45.792801
17.398122,45.792736
17.397613,45.79272
17.397111,45.792734
17.399444,45.809047
17.399983,45.809188
17.400423,45.809041
17.401181,45.809174
17.405933,45.807035
17.382837,45.802038
17.407731,45.808952
17.401663,45.799369
17.402871,45.787704
17.386619,45.792142
17.399813,45.809104
17.379381,45.803987
17.402431,45.798529
17.407125,45.80673
17.423115,45.80982
17.386661,45.784788
17.425811,45.802935
17.394876,45.776729
17.396391,45.80448
17.39804,45.780805
17.4169,45.804835
17.430474,45.800792
17.427831,45.801403
17.406362,45.806922
17.430777,45.801262
17.417811,45.795616
17.394932,45.777237
17.428376,45.801304
17.430663,45.800858
17.404402,45.791059
17.423481,45.810769
17.392789,45.7772
17.41668,45.80489
17.409581,45.805646
17.41419,45.805148
17.403684,45.786077
17.411228,45.805662
17.401743,45.794993
17.418194,45.800534
17.395359,45.780288
17.402059,45.801047
17.395524,45.774389
17.428782,45.801547
17.399873,45.792863
17.397589,45.788556
17.389691,45.77684
17.377262,45.806569
17.404138,45.787036
17.402712,45.807427
17.403947,45.778001
17.400906,45.781988
17.403799,45.799594
17.397179,45.780043
17.401201,45.7937
17.403875,45.807556
17.39754,45.780948
17.420695,45.804355
17.429485,45.80109
17.393769,45.800374
17.418297,45.794672
17.418938,45.798292
17.377376,45.805109
17.41321,45.805302
17.407088,45.802214
17.406921,45.802345
17.40693,45.802481
17.402502,45.800418
17.403374,45.799684
17.397314,45.796022
17.397187,45.795925
17.410114,45.8057
17.409197,45.806247
17.424552,45.813876
17.407545,45.809284
17.406392,45.80919
17.405622,45.810339
17.404946,45.799981
17.402195,45.795605
17.406693,45.802056
17.405342,45.801044
17.405079,45.801174
17.403865,45.800041
17.403377,45.800134
17.40221,45.800987
17.401668,45.801144
17.401448,45.800454
17.402522,45.799581
17.398114,45.794687
17.404869,45.810834
17.403148,45.80732
17.409874,45.80289
17.412902,45.805467
17.426822,45.802059
17.429006,45.801548
17.430093,45.801359
17.417964,45.804296
17.418952,45.80183
17.414165,45.792066
17.429874,45.801009
17.421967,45.803826
17.422146,45.803848
17.418677,45.798474
17.417954,45.794983
17.401449,45.807797
17.395388,45.802317
17.396294,45.804095
17.394997,45.802284
17.395047,45.801415
17.396036,45.798406
17.395838,45.797276
17.395637,45.796787
17.398951,45.804676
17.399381,45.803963
17.398054,45.802738
17.392877,45.797856
17.391576,45.796482
17.391725,45.79549
17.39143,45.795302
17.391259,45.794478
17.39106,45.793755
17.393221,45.798915
17.39323,45.798744
17.393574,45.798407
17.393763,45.798008
17.393321,45.797391
17.391698,45.794493
17.392917,45.802288
17.376733,45.809028
17.375794,45.806359
17.377345,45.804905
17.377403,45.804588
17.377804,45.805277
17.379366,45.80188
17.380812,45.801258
17.381036,45.801069
17.380922,45.800914
17.379475,45.804151
17.3817,45.800514
17.390969,45.797898
17.390641,45.797472
17.387909,45.79197
17.388428,45.803596
17.390124,45.799258
17.390439,45.798745
17.389384,45.796069
17.388643,45.795125
17.387446,45.793935
17.402238,45.782704
17.386368,45.704035
17.407925,45.742807
17.407968,45.742573
17.423781,45.755763
17.40328,45.748776
17.40985,45.732164
17.409305,45.733916
17.41731,45.741525
17.398516,45.802578
17.398214,45.802549
17.409481,45.806832
17.405472,45.810486
17.418592,45.80052
17.402038,45.781466
17.399597,45.788667
17.386911,45.791243
17.388708,45.796851
17.393578,45.796961
17.393585,45.796223
17.381243,45.799867
17.381271,45.79979
17.382436,45.79936
17.415885,45.80398
17.402657,45.803602
17.386436,45.793556
17.396128,45.80388
17.396603,45.804653
17.396116,45.804397
17.395479,45.803731
17.39497,45.803205
17.403302,45.804351
17.39804,45.802643
17.383617,45.800419
17.398903,45.804412
17.409631,45.807263
17.400355,45.802616
17.4031,45.806368
17.39592,45.804196
17.39764,45.80459
17.391125,45.803442
17.390278,45.798084
17.401194,45.797932
17.3853,45.799258
17.380047,45.804428
17.39965,45.80528
17.37785,45.805097
17.392879,45.802976
17.393177,45.803379
17.392757,45.803184
17.392065,45.80396
17.395691,45.773492
17.395981,45.77396
17.396182,45.774208
17.39516,45.776866
17.403909,45.776247
17.404596,45.777024
17.402897,45.779762
17.401776,45.780088
17.401487,45.780234
17.39526,45.787913
17.396213,45.788446
17.403382,45.788909
17.401828,45.791794
17.386191,45.777191
17.387029,45.778168
17.388213,45.778911
17.387757,45.779951
17.387874,45.781495
17.387945,45.78183
17.388029,45.782472
17.388155,45.782785
17.376733,45.801164
17.404476,45.791289
17.379666,45.801389
17.379406,45.801457
17.401289,45.812435
17.384003,45.802475
17.417431,45.804911
17.392794,45.797707
17.392092,45.801395
17.392797,45.797309
17.401532,45.807567
17.392388,45.800706
17.394202,45.796811
17.400216,45.806509
17.390756,45.803698
17.40885,45.807983
17.386184,45.799247
17.392087,45.796671
17.421253,45.803934
17.407272,45.803557
17.426134,45.802547
17.39275,45.802544
17.414248,45.8048
17.403704,45.811621
17.390266,45.796276
17.39868,45.803739
17.39747,45.803234
17.397229,45.802998
17.396225,45.802742
17.39551,45.802634
17.398994,45.805502
17.377781,45.804027
17.390577,45.798537
17.387648,45.793769
17.385832,45.804495
17.385248,45.806015
17.391625,45.809318
17.386934,45.808061
17.383946,45.805303
17.392584,45.808282
17.382445,45.809403
17.387307,45.809249
17.383412,45.809732
17.387391,45.808457
17.403981,45.811939
17.383237,45.806048
17.385101,45.806181
17.39066,45.804068
17.39296,45.808872
17.395572,45.809236
17.389549,45.806223
17.389677,45.805074
17.383051,45.810575
17.395207,45.809225
17.388017,45.806984
17.384635,45.809571
17.390785,45.804821
17.392224,45.808875
17.386495,45.808082
17.393796,45.808998
17.383243,45.811062
17.389021,45.806849
17.388687,45.809095
17.386145,45.80992
17.382765,45.809382
17.38662,45.807349
17.382927,45.809955
17.38614,45.80479
17.38897,45.807067
17.397154,45.808887
17.381626,45.810814
17.388997,45.809369
17.383085,45.805938
17.384835,45.804896
17.393097,45.807631
17.384765,45.806665
17.386456,45.806095
17.389892,45.808869
17.390067,45.805228
17.404971,45.811594
17.38617,45.803987
17.390213,45.809401
17.388316,45.8069
17.405192,45.811338
17.39115,45.803818
17.387429,45.808206
17.389067,45.80639
17.383648,45.809598
17.381697,45.811673
17.393643,45.809056
17.391272,45.805857
17.396741,45.808958
17.404624,45.811838
17.38657,45.80779
17.392034,45.809301
17.389297,45.805772
17.384162,45.809615
17.390186,45.805142
17.382746,45.808992
17.396393,45.809064
17.387316,45.809904
17.403788,45.811995
17.383819,45.810057
17.406668,45.809987
17.398062,45.809085
17.398989,45.808783
17.384282,45.805055
17.392383,45.808906
17.382116,45.809384
17.392763,45.808894
17.387675,45.804311
17.385574,45.807024
17.386357,45.809867
17.38557,45.809488
17.389149,45.808997
17.391084,45.808864
17.390278,45.809217
17.386461,45.809842
17.39048,45.804985
17.388499,45.806937
17.385919,45.808888
17.387516,45.807221
17.386619,45.806819
17.383099,45.80949
17.38453,45.805571
17.393496,45.809366
17.386282,45.805963
17.385743,45.810306
17.393068,45.809349
17.385203,45.810124
17.382298,45.808479
17.38784,45.80936
17.387677,45.809412
17.385126,45.810433
17.395711,45.809193
17.406074,45.81051
17.388956,45.803546
17.387927,45.809721
17.387382,45.808412
17.387409,45.809007
17.380427,45.809527
17.382339,45.810706
17.385835,45.809403
17.38015,45.810408
17.384033,45.810666
17.385989,45.802791
17.388045,45.804123
17.389864,45.804929
17.386742,45.809371
17.386639,45.809795
17.386445,45.804225
17.390277,45.808902
17.395421,45.808004
17.383814,45.805757
17.385518,45.806875
17.388275,45.809591
17.388792,45.803813
17.385814,45.809265
17.386145,45.807749
17.383918,45.81042
17.406416,45.810234
17.38735,45.80914
17.387414,45.807906
17.382483,45.810671
17.386131,45.810242
17.384407,45.805832
17.392259,45.809314
17.386916,45.80777
17.388129,45.809744
17.393955,45.808173
17.390549,45.804436
17.386263,45.805905
17.38325,45.810533
17.380839,45.810646
17.3918,45.808784
17.39613,45.809126
17.378463,45.808907
17.388174,45.806908
17.386749,45.806916
17.389708,45.808904
17.385552,45.81036
17.384568,45.804332
17.391225,45.809286
17.386869,45.809012
17.388968,45.806285
17.385057,45.809292
17.381842,45.811066
17.394173,45.809475
17.388103,45.80928
17.386529,45.807887
17.385467,45.802495
17.385738,45.804961
17.391036,45.809296
17.378728,45.809797
17.389646,45.805456
17.386226,45.806588
17.406911,45.809703
17.387549,45.809457
17.394852,45.809577
17.392404,45.804225
17.389355,45.806037
17.395492,45.808307
17.383873,45.809628
17.38125,45.810872
17.385004,45.810172
17.388991,45.805488
17.39093,45.806344
17.386428,45.808513
17.385305,45.809644
17.381634,45.811495
17.395083,45.809034
17.395298,45.80962
17.407106,45.809552
17.381701,45.80802
17.392719,45.808203
17.397974,45.808826
17.385363,45.8091
17.38635,45.808391
17.37969,45.809884
17.385992,45.809954
17.383488,45.810452
17.394671,45.808263
17.394129,45.808945
17.390305,45.804733
17.391275,45.808868
17.388491,45.809144
17.382463,45.810961
17.387443,45.809501
17.39559,45.808711
17.380088,45.809985
17.388874,45.803676
17.386818,45.809206
17.392081,45.8089
17.404441,45.811906
17.389442,45.809291
17.394053,45.808601
17.387985,45.809313
17.37921,45.808278
17.390855,45.808867
17.387089,45.804391
17.388313,45.809237
17.385276,45.808805
17.381879,45.809021
17.385947,45.803522
17.386022,45.808184
17.38774,45.805198
17.38294,45.810589
17.388743,45.806622
17.386379,45.806222
17.392533,45.804068
17.407374,45.809523
17.386229,45.806376
17.38994,45.8093
17.381209,45.807228
17.383311,45.804982
17.389767,45.805668
17.385338,45.810386
17.389647,45.80578
17.38496,45.810554
17.383282,45.810796
17.385521,45.81005
17.384978,45.809662
17.386146,45.80755
17.389713,45.809267
17.385307,45.807137
17.389397,45.806482
17.385253,45.805279
17.386269,45.806468
17.382814,45.809089
17.391996,45.804404
17.399073,45.809157
17.383809,45.810713
17.3984,45.808806
17.384823,45.810187
17.391424,45.809308
17.385825,45.809989
17.387421,45.807753
17.406267,45.810458
17.389232,45.80938
17.383609,45.803849
17.387439,45.807501
17.386715,45.80957
17.378533,45.809706
17.383293,45.803232
17.384355,45.810309
17.38818,45.803654
17.382725,45.810889
17.384491,45.810583
17.384926,45.80426
17.397597,45.808752
17.390565,45.804302
17.398179,45.808836
17.390965,45.804464
17.403255,45.8122
17.378407,45.809624
17.391061,45.804338
17.383736,45.810457
17.386907,45.807636
17.384276,45.810619
17.389301,45.808935
17.386858,45.808908
17.380536,45.810609
17.389086,45.80535
17.383479,45.803574
17.394734,45.80916
17.394229,45.808603
17.38685,45.804466
17.389041,45.806166
17.402842,45.812221
17.384729,45.806308
17.384772,45.80928
17.386655,45.808316
17.382307,45.808592
17.397438,45.809112
17.392463,45.809312
17.39777,45.809084
17.385054,45.806404
17.383229,45.809756
17.38633,45.808796
17.386384,45.806885
17.388184,45.803926
17.396936,45.808925
17.405891,45.81066
17.383418,45.810776
17.390911,45.804553
17.384129,45.810326
17.382334,45.811053
17.394622,45.809581
17.378285,45.809505
17.39323,45.809012
17.384494,45.809626
17.381453,45.811155
17.386718,45.807427
17.388486,45.80967
17.386601,45.808612
17.382394,45.805209
17.39017,45.805447
17.384147,45.8055
17.385924,45.810279
17.386894,45.808215
17.390403,45.808889
17.382379,45.808692
17.404835,45.811822
17.390794,45.809309
17.385767,45.808593
17.384873,45.805838
17.380011,45.810254
17.381934,45.80835
17.395418,45.809254
17.384574,45.804656
17.388209,45.803782
17.38579,45.804682
17.387842,45.807
17.386426,45.807131
17.383586,45.805284
17.398781,45.80907
17.398855,45.808751
17.384818,45.805401
17.382388,45.805026
17.38307,45.806272
17.384728,45.810498
17.386281,45.81015
17.389521,45.80892
17.384278,45.805283
17.386529,45.80482
17.388664,45.809467
17.38774,45.809762
17.382747,45.81066
17.386048,45.807032
17.3889,45.809058
17.387404,45.804321
17.388797,45.807641
17.390729,45.803896
17.3906,45.808863
17.393278,45.809356
17.386898,45.80862
17.381718,45.808132
17.391743,45.804508
17.38274,45.809789
17.386892,45.807555
17.392665,45.809319
17.38297,45.810867
17.391856,45.804046
17.391027,45.804718
17.397793,45.808881
17.391435,45.805721
17.39754,45.809102
17.386063,45.805755
17.386461,45.808199
17.403623,45.812091
17.379679,45.807861
17.385344,45.810097
17.384621,45.810256
17.398356,45.809196
17.387432,45.807353
17.398585,45.808796
17.378465,45.809288
17.39143,45.808831
17.385691,45.809468
17.382151,45.810689
17.392877,45.809338
17.38746,45.808032
17.386277,45.807937
17.393701,45.809371
17.38354,45.810739
17.391118,45.804223
17.391809,45.809259
17.395968,45.809163
17.391599,45.801605
17.387725,45.808807
17.393368,45.805596
17.382208,45.799039
17.382702,45.799228
17.383759,45.801725
17.382215,45.811007
17.397501,45.804938
17.38464,45.798863
17.404122,45.776447
17.397298,45.808871
17.392465,45.797527
17.392408,45.800183
17.393549,45.80246
17.406546,45.802635
17.392571,45.802064
17.421527,45.804528
17.385689,45.807339
17.39531,45.80706
17.409777,45.807123
17.430501,45.801265
17.380767,45.806872
17.378769,45.808101
17.38849,45.799336
17.401851,45.782841
17.393789,45.802255
17.394498,45.808937
17.379829,45.810136
17.381799,45.805219
17.38106,45.80511
17.382152,45.803938
17.385805,45.792925
17.403901,45.785349
17.403942,45.78516
17.395983,45.797837
17.387276,45.797417
17.395981,45.798154
17.389421,45.802227
17.389565,45.802087
17.389148,45.801986
17.383743,45.803066
17.381083,45.804633
17.386595,45.792079
17.389377,45.801742
17.40518,45.77621
17.431716,45.79458
17.405513,45.802919
17.394857,45.80466
17.381152,45.807581
17.386561,45.786437
17.390515,45.805217
17.396049,45.801876
17.423248,45.810121
17.425175,45.803683
17.377411,45.806889
17.387181,45.79784
17.382028,45.810764
17.381923,45.810772
17.392853,45.771783
17.401341,45.794376
17.385395,45.798893
17.411729,45.726489
17.392136,45.799771
17.38166,45.805507
17.382153,45.805612
17.382055,45.806356
17.381674,45.806387
17.386866,45.791508
17.386841,45.790985
17.388001,45.799505
17.38239,45.805093
17.383983,45.806429
17.382223,45.804899
17.381198,45.806077
17.382006,45.80486
17.380851,45.805125
17.3867,45.798557
17.384442,45.802558
17.38535,45.801721
17.385173,45.799343
17.394391,45.804053
17.381029,45.80698
17.397066,45.806714
17.395579,45.806607
17.454891,45.812362
17.910677,45.525409
17.628453,45.72968
17.225676,45.969295
17.405991,45.833494
17.267576,45.949391
17.23947,45.958212
17.380442,45.839332
17.22423,45.940458
17.360232,45.813787
17.490056,45.800458
17.224316,45.949835
17.201267,45.869472
17.397552,45.832197
17.233188,45.951207
17.459398,45.811604
17.182595,45.913571
17.448174,45.790544
17.695916,45.773098
17.207124,45.891698
17.198177,45.89793
17.198086,45.897806
17.526676,45.767593
17.224384,45.949613
17.389685,45.81582
17.23849,45.966494
17.491978,45.798495
17.211973,45.890092
17.712619,45.7068
17.352256,45.972798
17.388987,45.852093
17.3882,45.838001
17.388263,45.838095
17.248557,45.947979
17.396383,45.799287
17.279414,45.983938
17.225558,45.891567
17.928668,45.549234
17.229838,45.949449
17.386421,45.791484
17.147037,45.916018
17.661744,45.758851
17.178291,45.94989
17.519389,45.770107
17.506726,45.794596
17.217711,45.887278
17.754755,45.730826
17.242559,45.965599
17.389572,45.834379
17.685889,45.700887
17.33114,45.824717
17.24856,45.941337
17.382907,45.799148
17.389938,45.796132
17.450586,45.813482
17.388441,45.831363
17.613056,45.738664
17.395408,45.832023
17.240521,45.94312
17.519883,45.769747
17.258001,45.946813
17.572606,45.7048
17.38335,45.831889
17.239797,45.966448
17.429651,45.801065
17.270183,45.949744
17.255103,45.947257
17.382846,45.805666
17.38718,45.815847
17.24736,45.907517
17.389811,45.829951
17.232327,45.948369
17.382815,45.805611
17.386377,45.800604
17.732012,45.68811
17.812607,45.533074
17.514655,45.807652
17.324706,45.943318
17.222823,45.939205
17.337919,45.820209
17.659903,45.762201
17.513218,45.807079
17.223287,45.939562
17.200566,45.890328
17.251586,45.947533
17.199736,45.876504
17.316812,45.943331
17.236895,45.965471
17.206918,45.888822
17.696675,45.703187
17.43493,45.816257
17.395723,45.832022
17.487058,45.802605
17.220506,45.937084
17.20075,45.890299
17.190687,45.89717
17.212464,45.942805
17.401795,45.807134
17.387202,45.836607
17.411778,45.834489
17.414411,45.834476
17.491295,45.798573
17.342709,45.978454
17.39942,45.803699
17.350028,45.824805
17.411079,45.730115
17.65771,45.72375
17.657782,45.723731
17.196382,45.89613
17.179159,45.907337
17.406229,45.833496
17.397675,45.832646
17.493939,45.803001
17.372452,45.833223
17.374401,45.827878
17.372824,45.835211
17.360223,45.84019
17.368603,45.837133
17.376993,45.836788
17.372147,45.833942
17.373955,45.829882
17.37595,45.836215
17.372476,45.831076
17.373556,45.834024
17.372706,45.82953
17.377879,45.834831
17.376319,45.83241
17.372221,45.831878
17.364942,45.83878
17.375455,45.832314
17.371813,45.836509
17.362342,45.838933
17.372938,45.828513
17.372342,45.831212
17.365824,45.837828
17.376217,45.835997
17.376023,45.837256
17.372785,45.835345
17.375237,45.835489
17.371647,45.836112
17.375963,45.837106
17.372013,45.834674
17.376931,45.837456
17.371709,45.832874
17.376466,45.833268
17.374065,45.829426
17.372615,45.830523
17.377118,45.832948
17.362653,45.838839
17.376717,45.834742
17.372845,45.83124
17.374043,45.831936
17.365762,45.8385
17.36726,45.837438
17.362804,45.840268
17.373208,45.835226
17.373487,45.82861
17.372639,45.835915
17.375641,45.837239
17.372964,45.834645
17.375393,45.832637
17.373234,45.833814
17.361828,45.839711
17.36382,45.836201
17.376226,45.835215
17.376264,45.837918
17.373219,45.830335
17.359786,45.840327
17.37314,45.836094
17.371678,45.830787
17.377214,45.836987
17.356049,45.840823
17.363146,45.838663
17.376776,45.837152
17.375785,45.833829
17.375074,45.835252
17.376485,45.833177
17.377731,45.835738
17.375167,45.838392
17.371978,45.836464
17.373263,45.829686
17.364627,45.838274
17.374718,45.832896
17.369395,45.837278
17.363229,45.839243
17.375757,45.834909
17.375483,45.835589
17.375401,45.837601
17.373064,45.832515
17.372102,45.834164
17.373161,45.830027
17.360684,45.840051
17.373257,45.829396
17.371851,45.835262
17.360997,45.839965
17.375313,45.837719
17.364776,45.838793
17.358937,45.839873
17.374664,45.83475
17.377112,45.833486
17.375154,45.837738
17.373433,45.828941
17.372267,45.831767
17.374453,45.83374
17.376306,45.836106
17.374163,45.835448
17.374636,45.828971
17.376871,45.834677
17.374544,45.829432
17.372382,45.83301
17.375402,45.838032
17.373945,45.832509
17.358906,45.839988
17.377492,45.833819
17.367063,45.837983
17.376563,45.836277
17.363006,45.84046
17.37462,45.835679
17.373689,45.835657
17.372297,45.833296
17.377553,45.833313
17.371284,45.830688
17.374857,45.833869
17.372856,45.831014
17.371863,45.836135
17.372238,45.830578
17.372054,45.832258
17.374522,45.829511
17.364303,45.836608
17.376413,45.836229
17.366286,45.838256
17.376075,45.835748
17.373259,45.829574
17.370818,45.836477
17.373882,45.83018
17.364207,45.838364
17.374281,45.828487
17.373849,45.830314
17.372093,45.83641
17.373166,45.834046
17.373272,45.827591
17.375152,45.831367
17.376237,45.83424
17.355187,45.841642
17.37217,45.833846
17.374381,45.82752
17.373752,45.827861
17.37481,45.831259
17.374738,45.835298
17.371167,45.836247
17.367883,45.837792
17.375548,45.838233
17.362011,45.839708
17.37439,45.831933
17.363729,45.836054
17.358689,45.84005
17.36285,45.838784
17.376238,45.832724
17.373313,45.834982
17.358211,45.840803
17.362219,45.839588
17.373076,45.830447
17.37613,45.835872
17.371288,45.836685
17.371537,45.836288
17.375569,45.831465
17.376445,45.833478
17.371909,45.834865
17.363679,45.841164
17.372582,45.836252
17.364882,45.842638
17.372327,45.836067
17.361677,45.839199
17.372292,45.831355
17.374575,45.829269
17.377788,45.833596
17.375951,45.833417
17.369953,45.837089
17.373089,45.834188
17.372597,45.832177
17.366871,45.838087
17.372275,45.831633
17.375026,45.833177
17.377708,45.835662
17.370374,45.836612
17.374,45.835495
17.377803,45.834097
17.371661,45.834312
17.362411,45.839535
17.363163,45.835448
17.375226,45.835894
17.372658,45.831857
17.373922,45.832588
17.36842,45.83718
17.372371,45.831503
17.372929,45.834419
17.373436,45.835542
17.376951,45.835036
17.35732,45.840469
17.371535,45.83036
17.3722,45.833725
17.377107,45.834654
17.371075,45.836378
17.362857,45.839375
17.373296,45.833297
17.376904,45.83334
17.374657,45.828887
17.357979,45.840794
17.377236,45.833066
17.373862,45.830457
17.372868,45.831465
17.367434,45.837902
17.377472,45.833259
17.371694,45.834234
17.376333,45.833604
17.374601,45.831946
17.373213,45.82993
17.362038,45.839034
17.371978,45.834757
17.368754,45.837425
17.367601,45.837372
17.372056,45.834999
17.372757,45.82962
17.374936,45.831822
17.365008,45.838133
17.358786,45.840609
17.374791,45.8326
17.374825,45.834285
17.372763,45.831659
17.368755,45.839506
17.377919,45.833675
17.377694,45.834853
17.374196,45.83118
17.375753,45.831522
17.372987,45.834527
17.375765,45.835029
17.377625,45.834355
17.372415,45.836312
17.374101,45.829255
17.37496,45.833414
17.373486,45.8357
17.377432,45.834638
17.373041,45.835849
17.359358,45.839848
17.361175,45.839933
17.371424,45.836645
17.375194,45.833305
17.375358,45.835408
17.374443,45.832268
17.373835,45.831114
17.372228,45.833497
17.378078,45.833834
17.373193,45.832888
17.372847,45.829468
17.373166,45.829836
17.375201,45.832423
17.375243,45.838574
17.373616,45.828084
17.373604,45.833634
17.372964,45.828917
17.374888,45.831995
17.373606,45.832347
17.374225,45.827497
17.364577,45.838827
17.371842,45.833301
17.376181,45.834653
17.371397,45.824879
17.375162,45.832661
17.377301,45.83494
17.377501,45.836441
17.376278,45.836604
17.369304,45.836962
17.364202,45.838976
17.371628,45.83594
17.373482,45.834324
17.369014,45.837007
17.376676,45.83704
17.373129,45.825556
17.373749,45.833032
17.364381,45.836753
17.373198,45.827902
17.375799,45.83788
17.373299,45.829306
17.373564,45.830728
17.373528,45.834172
17.372617,45.832414
17.371534,45.834702
17.366982,45.838431
17.373342,45.829234
17.375488,45.831633
17.369073,45.837432
17.372091,45.834565
17.36721,45.837543
17.372682,45.831968
17.376318,45.837281
17.372923,45.834798
17.365287,45.838664
17.375105,45.833897
17.377702,45.835913
17.363807,45.838415
17.376839,45.833066
17.371894,45.833169
17.367304,45.83793
17.370147,45.837037
17.373251,45.833734
17.366095,45.837246
17.363737,45.839413
17.374725,45.831963
17.376816,45.83497
17.359504,45.84042
17.374141,45.832459
17.371872,45.834978
17.377832,45.835473
17.376163,45.837738
17.373387,45.832906
17.372691,45.830021
17.377333,45.836848
17.376214,45.83439
17.364434,45.838895
17.374467,45.829691
17.373539,45.832175
17.373665,45.833406
17.373466,45.832554
17.374824,45.835647
17.377704,45.833932
17.375608,45.835748
17.369313,45.83732
17.372389,45.830928
17.374425,45.833895
17.373144,45.828034
17.361442,45.839838
17.358136,45.840217
17.376168,45.834464
17.373189,45.83396
17.374903,45.835265
17.374171,45.828958
17.375925,45.835653
17.374908,45.838035
17.371465,45.830734
17.372778,45.829735
17.372632,45.830395
17.374938,45.833557
17.365094,45.838714
17.372998,45.828782
17.378296,45.834111
17.373798,45.834754
17.372034,45.825595
17.375216,45.835212
17.367798,45.837894
17.373646,45.833485
17.359625,45.840388
17.376479,45.83506
17.373834,45.832895
17.375069,45.83133
17.37182,45.833703
17.372604,45.832997
17.376033,45.833477
17.373228,45.83358
17.377616,45.834586
17.373891,45.830608
17.376042,45.833846
17.373668,45.82827
17.375747,45.837561
17.368523,45.837571
17.37526,45.832192
17.373585,45.832425
17.375077,45.832955
17.373325,45.833129
17.376,45.833948
17.377993,45.834364
17.373387,45.834717
17.377316,45.833722
17.374981,45.835528
17.360907,45.839376
17.37626,45.834143
17.373608,45.828161
17.37473,45.834435
17.375432,45.835145
17.372797,45.831346
17.374624,45.833049
17.3762,45.836488
17.376666,45.836528
17.375474,45.838689
17.374709,45.828699
17.357702,45.840911
17.371153,45.835897
17.374499,45.833512
17.371604,45.836041
17.372007,45.832771
17.374596,45.829185
17.374738,45.832824
17.373717,45.833178
17.375571,45.837615
17.365065,45.837457
17.360911,45.840098
17.375244,45.83227
17.373578,45.833757
17.373596,45.833882
17.373997,45.829727
17.376021,45.835269
17.375854,45.831576
17.377778,45.834211
17.375926,45.837497
17.37468,45.835067
17.376715,45.83498
17.362632,45.839438
17.371354,45.835451
17.36669,45.838135
17.374304,45.834272
17.369532,45.836915
17.377044,45.837053
17.37325,45.830526
17.372749,45.835489
17.375419,45.831761
17.375055,45.833036
17.375679,45.83834
17.376805,45.836662
17.374994,45.831646
17.371837,45.825422
17.37565,45.831641
17.374353,45.82816
17.374316,45.83415
17.373208,45.827765
17.364861,45.83721
17.373729,45.83505
17.37605,45.83359
17.372225,45.834068
17.372092,45.832507
17.370919,45.836449
17.377625,45.835984
17.37424,45.82865
17.376094,45.833162
17.374808,45.832288
17.363961,45.839014
17.372667,45.830272
17.375341,45.831923
17.361122,45.839303
17.360061,45.840216
17.373719,45.827539
17.376156,45.834887
17.37415,45.835761
17.373454,45.828768
17.377345,45.833655
17.374668,45.829738
17.373976,45.832358
17.372831,45.835803
17.363073,45.840598
17.37216,45.832345
17.377022,45.836915
17.37224,45.831479
17.371803,45.835676
17.373884,45.832719
17.37328,45.833427
17.376336,45.833941
17.357927,45.840305
17.373822,45.830754
17.356919,45.840662
17.373478,45.829052
17.373461,45.834408
17.358484,45.840769
17.373069,45.828431
17.363365,45.838627
17.373017,45.832863
17.372212,45.833623
17.37581,45.835261
17.373695,45.833259
17.37306,45.830509
17.373349,45.830725
17.363741,45.838489
17.373323,45.835753
17.371527,45.834836
17.375978,45.837803
17.377992,45.83457
17.368189,45.837202
17.372816,45.829328
17.357189,45.841135
17.373552,45.832108
17.364777,45.838169
17.372991,45.828644
17.374093,45.835093
17.369577,45.837225
17.365364,45.838025
17.372719,45.83176
17.373809,45.835899
17.364568,45.836847
17.366384,45.838249
17.372701,45.832086
17.375753,45.834295
17.373426,45.834548
17.371745,45.83384
17.36301,45.839317
17.369213,45.837379
17.373549,45.831082
17.375841,45.835505
17.37585,45.834177
17.377883,45.835383
17.374475,45.833662
17.374591,45.8358
17.3726,45.832457
17.376098,45.83643
17.37176,45.833573
17.374023,45.829586
17.368288,45.837688
17.366981,45.837589
17.373718,45.836023
17.376244,45.832874
17.37416,45.834802
17.37456,45.833285
17.37325,45.835099
17.374527,45.835379
17.377751,45.8335
17.371714,45.8341
17.376615,45.832863
17.369671,45.837193
17.372954,45.836138
17.372459,45.835886
17.373988,45.835853
17.361373,45.839278
17.367484,45.837439
17.371298,45.835339
17.3742,45.828815
17.372868,45.835066
17.375809,45.834761
17.376438,45.834706
17.362446,45.840737
17.363589,45.83856
17.37562,45.837937
17.374416,45.828014
17.372234,45.825792
17.376147,45.833008
17.372699,45.830139
17.374474,45.832907
17.37161,45.834539
17.370163,45.830048
17.375324,45.832044
17.364664,45.836989
17.363959,45.836336
17.371672,45.833975
17.368932,45.837432
17.375261,45.83391
17.359683,45.839751
17.372032,45.834314
17.373364,45.836021
17.376362,45.834047
17.370504,45.836559
17.376526,45.836853
17.364708,45.838233
17.374729,45.83492
17.376426,45.832076
17.37669,45.837534
17.374023,45.832206
17.367799,45.837356
17.372794,45.836219
17.364753,45.837078
17.364387,45.8383
17.35992,45.840287
17.373611,45.827998
17.374972,45.838139
17.376241,45.832012
17.372076,45.830888
17.373214,45.835375
17.376584,45.836924
17.371939,45.836203
17.372669,45.829856
17.376341,45.837662
17.374267,45.831886
17.371325,45.835666
17.376428,45.836796
17.377793,45.833994
17.370083,45.836659
17.372252,45.832
17.360106,45.839669
17.374995,45.833297
17.367575,45.837851
17.361762,45.839102
17.374521,45.827796
17.373736,45.831104
17.371976,45.83662
17.361708,45.83976
17.376192,45.832478
17.374522,45.833423
17.37727,45.834662
17.364711,45.842296
17.373059,45.8343
17.375815,45.834613
17.375809,45.835963
17.376314,45.831939
17.372589,45.830632
17.368351,45.840074
17.372095,45.830114
17.377586,45.833404
17.372897,45.834949
17.37319,45.835807
17.376646,45.83642
17.357694,45.840367
17.376837,45.835082
17.371823,45.835448
17.375185,45.832494
17.371933,45.833001
17.376518,45.837614
17.374134,45.829112
17.376188,45.834603
17.376556,45.83638
17.363448,45.838594
17.376088,45.833266
17.364989,45.83736
17.372498,45.830952
17.377172,45.833002
17.359024,45.839959
17.357878,45.840836
17.37451,45.827564
17.374205,45.834665
17.371662,45.835796
17.376532,45.832991
17.373919,45.830028
17.373296,45.831078
17.371867,45.830833
17.375406,45.838623
17.362722,45.840137
17.371228,45.83607
17.374752,45.828533
17.373881,45.831915
17.374271,45.834421
17.371617,45.836557
17.374423,45.831172
17.369173,45.83695
17.375823,45.836096
17.365501,45.837539
17.375013,45.838228
17.37506,45.838315
17.377125,45.834977
17.371588,45.825136
17.375925,45.834023
17.374361,45.834041
17.369675,45.836851
17.369893,45.836794
17.36548,45.838535
17.37226,45.836379
17.361528,45.839239
17.37474,45.834572
17.374016,45.827529
17.36516,45.83809
17.37317,45.828143
17.372752,45.831547
17.378008,45.833749
17.360426,45.840209
17.374313,45.828331
17.372589,45.832251
17.375655,45.834838
17.377343,45.83318
17.372067,45.834477
17.372141,45.83425
17.36265,45.840005
17.376429,45.833823
17.364453,45.842078
17.373125,45.830189
17.373976,45.830796
17.374769,45.832445
17.374252,45.834539
17.376551,45.835051
17.363696,45.839116
17.374773,45.832672
17.372472,45.832858
17.372348,45.833077
17.373711,45.827711
17.368039,45.837689
17.375827,45.834459
17.377381,45.836623
17.369805,45.837171
17.368037,45.837221
17.375039,45.837848
17.374771,45.828387
17.372485,45.83282
17.373062,45.830699
17.359114,45.840521
17.376058,45.833702
17.368816,45.83706
17.376981,45.834629
17.372894,45.829079
17.37282,45.829193
17.375113,45.83281
17.371846,45.835079
17.374606,45.833127
17.485191,45.768582
17.37118,45.990219
17.383268,45.837894
17.383081,45.83789
17.242047,45.966187
17.927839,45.51837
17.854101,45.54053
17.852827,45.538183
17.855069,45.542589
17.863032,45.515292
17.86408,45.515923
17.872692,45.519392
17.923539,45.524536
17.916659,45.525545
17.296994,45.935117
17.693239,45.698644
17.395409,45.81542
17.917162,45.525342
17.305903,45.95037
17.147725,45.919162
17.655854,45.728761
17.225313,45.957924
17.694604,45.694111
17.249971,45.947341
17.331983,45.851266
17.530115,45.666437
17.381812,45.79998
17.548534,45.800558
17.324374,45.82482
17.445204,45.814408
17.174373,45.935213
17.209171,45.888909
17.863657,45.515606
17.377546,45.836241
17.377573,45.83614
17.484012,45.797776
17.468989,45.779106
17.722182,45.69911
17.238453,45.950299
17.62421,45.774691
17.410148,45.833716
17.748588,45.759696
17.321872,45.830625
17.32174,45.830182
17.322337,45.830539
17.321811,45.830087
17.322485,45.830519
17.32262,45.830157
17.322917,45.830076
17.322868,45.830299
17.869061,45.519806
17.389017,45.833626
17.388938,45.833559
17.389644,45.83357
17.389514,45.833562
17.389383,45.8336
17.388939,45.833635
17.379201,45.809653
17.215589,45.886072
17.414067,45.834393
17.463238,45.810995
17.400177,45.832462
17.392383,45.800103
17.283393,45.925744
17.392522,45.828518
17.393297,45.828193
17.392064,45.828518
17.392332,45.828498
17.392442,45.82841
17.293877,45.92108
17.204937,45.882971
17.401857,45.708612
17.401595,45.708365
17.402817,45.717167
17.407635,45.744282
17.411703,45.729984
17.411662,45.723925
17.411599,45.721883
17.412451,45.727588
17.409459,45.719232
17.411059,45.720748
17.41205,45.723875
17.411951,45.723262
17.217912,45.957479
17.176299,45.949992
17.233592,45.967731
17.324282,45.827161
17.228249,45.94997
17.917765,45.524777
17.392632,45.799533
17.400376,45.83245
17.379456,45.846064
17.408242,45.808588
17.29316,45.922956
17.696186,45.691342
17.360418,45.813591
17.400543,45.812906
17.940381,45.522473
17.3563,45.819803
17.408382,45.808421
17.394104,45.822028
17.385181,45.79971
17.385179,45.799768
17.365839,45.808815
17.391514,45.801803
17.393135,45.80184
17.401264,45.794194
17.771983,45.738433
17.382515,45.804544
17.387046,45.80021
17.417993,45.835146
17.360772,45.811405
17.145153,45.916515
17.205848,45.884433
17.406821,45.809863
17.853272,45.539017
17.688356,45.695706
17.396552,45.800147
17.723409,45.690638
17.724277,45.689633
17.374441,45.83582
17.343113,45.823796
17.513748,45.791917
17.397969,45.799141
17.217064,45.950435
17.508638,45.793698
17.958278,45.543808
17.660387,45.672726
17.426283,45.802479
17.20485,45.883221
17.29909,45.967243
17.299181,45.96733
17.396801,45.836525
17.20801,45.888946
17.222671,45.970893
17.335894,45.824582
17.91704,45.52535
17.422365,45.807184
17.218418,45.886138
17.202723,45.881237
17.198934,45.877596
17.23454,45.939261
17.402866,45.7126
17.373155,45.831056
17.204312,45.892008
17.390365,45.835591
17.380603,45.835712
17.380427,45.835733
17.380291,45.835801
17.380756,45.835777
17.380904,45.835783
17.379682,45.835712
17.379847,45.835875
17.380066,45.835855
17.379876,45.835704
17.198926,45.877288
17.199282,45.876572
17.199728,45.875841
17.383079,45.837135
17.382232,45.833331
17.382157,45.833123
17.375293,45.827789
17.719069,45.696282
17.395931,45.775317
17.379779,45.807234
17.397009,45.836537
17.208093,45.89286
17.200208,45.869939
17.689244,45.744626
17.210408,45.889636
17.172913,45.937287
17.503469,45.774645
17.506513,45.77443
17.181637,45.918673
17.18148,45.918943
17.181683,45.918791
17.232246,45.967511
17.172159,45.9302
17.358678,45.958207
17.224719,45.949567
17.384201,45.802872
17.387984,45.824845
17.20559,45.883661
17.381302,45.805327
17.688666,45.691887
17.395049,45.818108
17.394331,45.819542
17.221515,45.889131
17.199635,45.879662
17.585404,45.827152
17.239065,45.957032
17.214874,45.96506
17.392181,45.797191
17.384993,45.835841
17.234645,45.939634
17.400965,45.832613
17.200477,45.89054
17.200161,45.872541
17.203137,45.967764
17.228851,45.948949
17.24075,45.942503
17.20007,45.880213
17.399153,45.832502
17.296624,45.919398
17.185765,45.890907
17.185768,45.890785
17.397848,45.799552
17.385577,45.84212
17.389852,45.800593
17.357268,45.964659
17.394019,45.801183
17.393903,45.801398
17.394167,45.802729
17.394898,45.802563
17.396006,45.80144
17.396155,45.802457
17.396379,45.802473
17.391562,45.807287
17.394549,45.806367
17.393864,45.805421
17.394243,45.805309
17.393627,45.805351
17.386704,45.813704
17.386553,45.813712
17.194859,45.893007
17.391084,45.806765
17.394671,45.807385
17.394083,45.807467
17.399294,45.8036
17.399207,45.803455
17.399476,45.802945
17.397882,45.802436
17.397117,45.80217
17.396735,45.802959
17.394352,45.803229
17.39399,45.803022
17.394666,45.804983
17.148011,45.927351
17.185594,45.890513
17.395399,45.805776
17.394299,45.803627
17.39444,45.804333
17.395597,45.805846
17.394214,45.803878
17.393811,45.803379
17.395245,45.805343
17.394654,45.803877
17.39479,45.803417
17.394686,45.803643
17.397215,45.806461
17.397287,45.806359
17.396814,45.806352
17.394574,45.803065
17.394924,45.805938
17.3948,45.805848
17.395139,45.805722
17.394752,45.805556
17.394345,45.805929
17.394243,45.805714
17.394388,45.805045
17.393773,45.805494
17.392936,45.804433
17.392985,45.804351
17.393727,45.804995
17.401992,45.803332
17.220453,45.956726
17.393986,45.807109
17.393631,45.806668
17.393784,45.802726
17.393995,45.80241
17.236167,45.954031
17.335393,45.849302
17.221698,45.938166
17.389377,45.802365
17.374611,45.831379
17.37465,45.831223
17.378724,45.835095
17.523733,45.761493
17.202601,45.886062
17.231342,45.947798
17.212123,45.889538
17.260111,45.947252
17.260609,45.947364
17.39434,45.836025
17.394454,45.836039
17.394557,45.836061
17.393728,45.83597
17.393659,45.83617
17.393917,45.835905
17.394181,45.835976
17.378415,45.827085
17.378277,45.827041
17.39402,45.83604
17.217482,45.965876
17.491704,45.801217
17.260318,45.947268
17.746464,45.735041
17.883776,45.540208
17.904823,45.548963
17.901552,45.548175
17.887461,45.53353
17.904022,45.547937
17.878378,45.528386
17.899786,45.565675
17.886051,45.535882
17.892738,45.532206
17.886898,45.532185
17.881223,45.528012
17.876619,45.525938
17.878529,45.528063
17.880586,45.527236
17.883777,45.538137
17.878662,45.529071
17.874611,45.535169
17.884275,45.53523
17.881946,45.529407
17.874163,45.529771
17.910736,45.554334
17.871167,45.535546
17.883268,45.531116
17.887919,45.534076
17.890878,45.541124
17.874062,45.531216
17.901972,45.547695
17.881649,45.533498
17.885454,45.537219
17.877169,45.528089
17.900382,45.545824
17.86196,45.522898
17.889498,45.551421
17.882856,45.532882
17.874763,45.524739
17.861031,45.516852
17.872475,45.529023
17.866252,45.52507
17.878398,45.527918
17.903146,45.54889
17.901064,45.541558
17.891777,45.536459
17.881407,45.534647
17.87627,45.534681
17.873855,45.526794
17.894927,45.555635
17.902583,45.528757
17.866697,45.53382
17.872055,45.530277
17.877166,45.53335
17.878621,45.532249
17.886941,45.533753
17.884245,45.529869
17.887301,45.537554
17.901643,45.54906
17.896292,45.541132
17.878719,45.533457
17.876546,45.527878
17.883749,45.531702
17.893734,45.538161
17.902269,45.548031
17.88634,45.547827
17.872207,45.527419
17.885152,45.535285
17.882512,45.530298
17.893297,45.532779
17.882272,45.533804
17.871071,45.529035
17.886082,45.531686
17.874039,45.530144
17.864237,45.532954
17.876252,45.52816
17.861088,45.517039
17.862067,45.516491
17.877768,45.529019
17.872621,45.527212
17.891326,45.542313
17.880841,45.53354
17.898419,45.543434
17.883192,45.530723
17.887286,45.538069
17.888591,45.5324
17.900403,45.549904
17.890737,45.541616
17.892958,45.537097
17.8847,45.539306
17.919677,45.560838
17.906362,45.551394
17.895098,45.539974
17.878022,45.533398
17.873196,45.527483
17.859195,45.52254
17.894141,45.538533
17.906008,45.546849
17.897534,45.542481
17.878285,45.527811
17.881257,45.532076
17.868972,45.529888
17.875195,45.531534
17.886699,45.532828
17.877336,45.527932
17.896767,45.551872
17.882762,45.535553
17.886509,45.544209
17.875988,45.525936
17.887592,45.531977
17.862122,45.522964
17.88921,45.539468
17.893821,45.539198
17.890281,45.535832
17.901712,45.547342
17.887795,45.53468
17.867627,45.525322
17.883632,45.538328
17.893336,45.555557
17.902863,45.548411
17.899498,45.544528
17.882705,45.531072
17.898165,45.543002
17.87887,45.534071
17.888139,45.552094
17.874074,45.534205
17.871638,45.527757
17.876583,45.531743
17.905066,45.551161
17.89013,45.536158
17.870377,45.526565
17.874194,45.524287
17.900979,45.547832
17.905006,45.54717
17.887548,45.53588
17.879359,45.524493
17.866368,45.524538
17.875994,45.527891
17.89061,45.535899
17.89661,45.541501
17.90841,45.546307
17.876251,45.526926
17.908594,45.55293
17.888889,45.539852
17.902874,45.528362
17.878556,45.532139
17.899079,45.54407
17.875943,45.535014
17.886971,45.533832
17.886765,45.533085
17.890261,45.531101
17.863572,45.52399
17.861317,45.516305
17.889547,45.540411
17.876665,45.527714
17.863683,45.51964
17.882718,45.533263
17.869621,45.526194
17.883669,45.536977
17.87871,45.533057
17.881119,45.533479
17.893607,45.538022
17.901567,45.548294
17.88149,45.534059
17.878532,45.533525
17.900114,45.548065
17.901048,45.546155
17.901754,45.547041
17.873979,45.526469
17.880885,45.534383
17.868033,45.525465
17.89641,45.540672
17.876611,45.536875
17.873405,45.528118
17.905017,45.548801
17.873381,45.529207
17.873142,45.530571
17.884109,45.53501
17.877395,45.532402
17.893567,45.538602
17.893438,45.537876
17.90041,45.566353
17.896838,45.541651
17.904471,45.547375
17.883813,45.533966
17.887732,45.533961
17.901557,45.548219
17.878905,45.528536
17.862861,45.523549
17.883903,45.534062
17.903599,45.549772
17.892006,45.537017
17.879602,45.527812
17.867762,45.530261
17.87828,45.531902
17.880514,45.526355
17.890483,45.540763
17.878373,45.532065
17.876814,45.527804
17.896973,45.541245
17.876493,45.534611
17.880798,45.532318
17.869888,45.526724
17.876049,45.531821
17.910227,45.553978
17.897805,45.542038
17.876163,45.527674
17.871631,45.528312
17.860933,45.516272
17.881695,45.533711
17.870717,45.535509
17.872595,45.527592
17.884837,45.534849
17.879321,45.531562
17.880191,45.532678
17.890379,45.540594
17.887385,45.532034
17.886651,45.532696
17.882477,45.535351
17.887935,45.534971
17.891814,45.542025
17.883124,45.531026
17.874119,45.530212
17.89954,45.565463
17.892373,45.536895
17.874954,45.528093
17.890538,45.531971
17.861886,45.517515
17.881348,45.532978
17.875512,45.527392
17.877714,45.534302
17.873478,45.531268
17.89875,45.543039
17.863876,45.524063
17.893178,45.537634
17.875152,45.529341
17.873894,45.533947
17.860737,45.522437
17.875913,45.532189
17.882894,45.530467
17.892462,45.536975
17.885881,45.534754
17.884082,45.530647
17.885287,45.536972
17.905674,45.547303
17.862409,45.515296
17.883138,45.531116
17.871509,45.531592
17.869494,45.526127
17.882437,45.535268
17.901539,45.566988
17.860153,45.51935
17.87843,45.52892
17.901029,45.549005
17.861401,45.517009
17.872009,45.526983
17.910605,45.555563
17.882235,45.534886
17.878119,45.531732
17.886881,45.535459
17.891487,45.54169
17.892597,45.537598
17.879324,45.532099
17.876374,45.526157
17.878453,45.524322
17.895067,45.546125
17.896074,45.540928
17.880959,45.529359
17.885915,45.537735
17.872667,45.535355
17.883761,45.538651
17.894034,45.544862
17.887187,45.536899
17.896399,45.552496
17.899076,45.564371
17.873513,45.527394
17.887891,45.534872
17.868732,45.529542
17.892804,45.537908
17.86892,45.529283
17.898707,45.55035
17.888004,45.532611
17.865115,45.518244
17.883144,45.533129
17.870411,45.528643
17.873331,45.527573
17.901197,45.566746
17.920186,45.561214
17.896261,45.54125
17.87442,45.535255
17.899784,45.548151
17.874058,45.528559
17.871415,45.526926
17.882674,45.535423
17.877881,45.528886
17.869258,45.527915
17.89207,45.528358
17.878165,45.527666
17.874804,45.526986
17.884355,45.534602
17.860797,45.516464
17.896541,45.553001
17.898779,45.551012
17.875151,45.530173
17.879081,45.532632
17.885727,45.531386
17.898493,45.542746
17.885283,45.535429
17.860014,45.522232
17.901715,45.541297
17.88236,45.533133
17.886269,45.550037
17.8931,45.532424
17.867177,45.528458
17.872284,45.529959
17.889408,45.532918
17.887101,45.53711
17.876827,45.528892
17.890913,45.541745
17.876465,45.531633
17.895314,45.540338
17.910023,45.545856
17.864706,45.518265
17.874926,45.535017
17.866062,45.524557
17.884002,45.53266
17.893967,45.544662
17.873404,45.535401
17.86452,45.524364
17.868479,45.52982
17.867427,45.525582
17.881429,45.527167
17.883705,45.534868
17.878531,45.533179
17.896665,45.552894
17.884588,45.538569
17.864184,45.533476
17.863637,45.523525
17.874995,45.525375
17.858943,45.522256
17.864047,45.524143
17.872327,45.535397
17.878347,45.528236
17.877852,45.52776
17.890013,45.540856
17.877505,45.534094
17.874319,45.531962
17.877055,45.533759
17.891988,45.537221
17.904596,45.547676
17.888124,45.534385
17.884161,45.531089
17.87793,45.528581
17.884368,45.53083
17.878082,45.52884
17.874929,45.532607
17.870895,45.526783
17.914264,45.556608
17.900321,45.544913
17.883203,45.533853
17.875197,45.532835
17.904124,45.549537
17.880787,45.534065
17.885324,45.53115
17.874816,45.525284
17.874981,45.529161
17.872418,45.528458
17.904854,45.547251
17.86995,45.52679
17.887242,45.532076
17.867077,45.530708
17.873185,45.531064
17.858219,45.522191
17.898862,45.543796
17.871105,45.528192
17.865488,45.528621
17.8846,45.535711
17.900414,45.545113
17.882417,45.536007
17.8863,45.532433
17.88109,45.533711
17.899959,45.539192
17.890135,45.531688
17.899446,45.544438
17.907343,45.552681
17.885131,45.533259
17.87555,45.529671
17.873093,45.5289
17.888748,45.535554
17.866931,45.530814
17.875254,45.528862
17.858704,45.522265
17.897127,45.535596
17.888125,45.535202
17.864281,45.519679
17.869876,45.528671
17.880659,45.532415
17.889434,45.540187
17.871928,45.528761
17.882167,45.529354
17.860528,45.519816
17.887424,45.53823
17.896445,45.553136
17.877751,45.527655
17.893196,45.54405
17.89969,45.544107
17.88252,45.529785
17.876521,45.527387
17.878312,45.529177
17.87141,45.527993
17.874232,45.535314
17.860786,45.519584
17.874874,45.534509
17.883813,45.53824
17.887668,45.534588
17.877933,45.530582
17.875782,45.531582
17.89191,45.536535
17.874059,45.527666
17.909713,45.553626
17.890989,45.536329
17.896093,45.552887
17.889161,45.532602
17.877895,45.527807
17.889011,45.539212
17.898963,45.54327
17.87291,45.530377
17.902977,45.549524
17.875073,45.524975
17.860846,45.516371
17.876816,45.523492
17.873542,45.530807
17.860716,45.516682
17.885831,45.534613
17.903033,45.528509
17.894249,45.538652
17.887398,45.535408
17.888922,45.532916
17.862227,45.521844
17.878758,45.532351
17.89417,45.545058
17.881656,45.529305
17.875626,45.529603
17.892116,45.5423
17.886,45.537013
17.881753,45.531016
17.893483,45.538469
17.874539,45.529996
17.897979,45.542983
17.878686,45.531643
17.880017,45.525895
17.875564,45.526802
17.883943,45.531018
17.872236,45.52881
17.878538,45.529172
17.886844,45.545127
17.898899,45.543952
17.881552,45.534852
17.884227,45.53439
17.900157,45.544646
17.88663,45.5365
17.873603,45.527806
17.918116,45.55976
17.907144,45.552557
17.879071,45.524725
17.900786,45.54654
17.898531,45.543482
17.876666,45.53242
17.877413,45.528746
17.894524,45.538938
17.876823,45.531977
17.865009,45.524174
17.878147,45.533325
17.872843,45.535334
17.884365,45.530739
17.864517,45.517572
17.876036,45.529899
17.883233,45.52919
17.896274,45.553319
17.903004,45.548364
17.886952,45.545295
17.898546,45.539769
17.882933,45.530048
17.885744,45.536412
17.889665,45.540518
17.909801,45.545962
17.887336,45.537646
17.86339,45.522256
17.874214,45.528216
17.890355,45.536234
17.887153,45.532423
17.873782,45.527937
17.865649,45.52445
17.876584,45.528382
17.873078,45.527858
17.906912,45.551667
17.886598,45.544492
17.872934,45.527941
17.875268,45.53057
17.893389,45.544737
17.883092,45.530806
17.87756,45.529755
17.882387,45.530151
17.873706,45.535291
17.909339,45.546132
17.896563,45.541401
17.875562,45.532772
17.891763,45.542572
17.892393,45.558237
17.867166,45.525097
17.893282,45.537732
17.876884,45.530902
17.886196,45.53231
17.900302,45.549445
17.87403,45.534124
17.875095,45.530431
17.87812,45.52762
17.899653,45.565133
17.870494,45.535561
17.902137,45.54797
17.874903,45.531885
17.871457,45.529453
17.879745,45.533616
17.883346,45.536514
17.892753,45.552297
17.900059,45.548116
17.896957,45.537851
17.866806,45.530913
17.888545,45.535442
17.875495,45.531385
17.90528,45.551279
17.882023,45.529863
17.896823,45.55277
17.888245,45.532975
17.901294,45.567302
17.889306,45.535423
17.867976,45.530611
17.863474,45.519565
17.864382,45.523939
17.885032,45.535514
17.895947,45.554035
17.875212,45.527235
17.903928,45.550002
17.899593,45.544636
17.895476,45.53766
17.879885,45.525239
17.883448,45.533526
17.904463,45.527039
17.897149,45.542014
17.887191,45.537949
17.878676,45.534478
17.868678,45.530059
17.876794,45.532874
17.874037,45.529683
17.875366,45.529648
17.874855,45.528284
17.874223,45.526588
17.887621,45.550973
17.88002,45.525421
17.882093,45.535775
17.877736,45.530679
17.876725,45.525997
17.889414,45.535494
17.859729,45.522224
17.874162,45.528671
17.870609,45.529292
17.882833,45.53352
17.885901,45.531662
17.876447,45.530606
17.899824,45.545016
17.885379,45.531838
17.906988,45.552444
17.883044,45.536086
17.896711,45.54156
17.892083,45.536659
17.908832,45.54633
17.881267,45.533894
17.881495,45.533103
17.874748,45.531796
17.867429,45.53048
17.868089,45.525868
17.893103,45.556018
17.870209,45.529229
17.870825,45.528867
17.87776,45.528227
17.873188,45.527987
17.888499,45.539208
17.893616,45.532895
17.880196,45.533003
17.86756,45.530365
17.881838,45.526187
17.887695,45.535247
17.861788,45.517177
17.885407,45.531279
17.883529,45.537728
17.888594,45.531133
17.899147,45.544153
17.874105,45.534713
17.877493,45.528264
17.897924,45.542194
17.873652,45.531364
17.881222,45.533231
17.87448,45.526771
17.881682,45.526455
17.890539,45.531212
17.876018,45.53258
17.892198,45.542749
17.88788,45.532423
17.876713,45.530356
17.883187,45.53709
17.888476,45.535826
17.891014,45.553688
17.888052,45.551793
17.899302,45.543458
17.877494,45.523856
17.890904,45.535878
17.874488,45.524093
17.876708,45.534531
17.876139,45.529117
17.904679,45.550196
17.876563,45.53229
17.904256,45.548832
17.882252,45.52958
17.882859,45.535734
17.87307,45.53096
17.90188,45.547404
17.881726,45.535279
17.881912,45.534481
17.885866,45.536599
17.892338,45.537419
17.871997,45.5354
17.877766,45.52747
17.875864,45.532687
17.875462,45.528559
17.876294,45.532057
17.877748,45.528708
17.888471,45.532238
17.913737,45.556286
17.905366,45.547404
17.887,45.533577
17.895854,45.54008
17.900738,45.549029
17.89938,45.56487
17.903513,45.548126
17.869166,45.526353
17.873803,45.52943
17.868428,45.526016
17.864383,45.524292
17.918768,45.560202
17.911872,45.555043
17.890614,45.540821
17.875972,45.534901
17.874334,45.526643
17.883812,45.537194
17.87534,45.525594
17.8778,45.527711
17.88715,45.551149
17.888417,45.534941
17.889629,45.535916
17.861832,45.516202
17.887998,45.538282
17.881085,45.52938
17.879829,45.528533
17.881788,45.536421
17.889265,45.532763
17.875621,45.527287
17.897485,45.542376
17.896948,45.541763
17.883456,45.529308
17.883348,45.53341
17.90558,45.528464
17.882045,45.535565
17.87059,45.526643
17.88978,45.535967
17.911062,45.555187
17.90478,45.547609
17.860671,45.51677
17.896701,45.541727
17.896055,45.539268
17.891092,45.541978
17.872788,45.530764
17.892407,45.5546
17.884343,45.552321
17.889072,45.532434
17.845927,45.520848
17.914404,45.556741
17.875494,45.525226
17.872566,45.527148
17.874485,45.530463
17.870836,45.529154
17.862,45.517827
17.892896,45.537317
17.874263,45.527812
17.895908,45.528715
17.917208,45.559185
17.88139,45.540242
17.886214,45.538725
17.920093,45.561159
17.876635,45.527299
17.867976,45.525962
17.874649,45.527873
17.871672,45.526924
17.901926,45.567512
17.884046,45.537479
17.881303,45.528157
17.893744,45.545125
17.913588,45.556199
17.861036,45.516759
17.895101,45.532687
17.883458,45.536702
17.876794,45.526439
17.887214,45.533927
17.880128,45.530992
17.875446,45.534833
17.873931,45.528033
17.883972,45.534855
17.876876,45.534456
17.877638,45.534323
17.880875,45.534156
17.903217,45.547746
17.883304,45.537526
17.873947,45.524771
17.903876,45.547657
17.882748,45.536462
17.86967,45.528807
17.870788,45.526718
17.886053,45.544756
17.885435,45.537048
17.918608,45.560105
17.861205,45.516087
17.891794,45.542781
17.878911,45.524558
17.884733,45.538657
17.881622,45.534957
17.894365,45.532842
17.86483,45.518251
17.875965,45.528831
17.874563,45.52454
17.886452,45.536105
17.889062,45.539364
17.893799,45.545305
17.884597,45.531319
17.877955,45.532735
17.890821,45.535995
17.880331,45.531239
17.893313,45.538405
17.888351,45.538687
17.873333,45.529591
17.872917,45.529489
17.870273,45.526502
17.904231,45.549901
17.884031,45.539
17.870667,45.528453
17.864742,45.524097
17.882098,45.534644
17.864684,45.518182
17.891479,45.536274
17.874358,45.534656
17.8938,45.532941
17.87617,45.531942
17.876369,45.530099
17.903502,45.568777
17.874422,45.529918
17.887724,45.53855
17.888141,45.532824
17.877626,45.531252
17.862758,45.523005
17.861137,45.517225
17.886087,45.53811
17.901441,45.546787
17.8973,45.54142
17.888068,45.538809
17.877972,45.533808
17.896399,45.541376
17.892134,45.556735
17.873448,45.52968
17.884562,45.538294
17.884434,45.537858
17.874328,45.529821
17.87658,45.526285
17.906582,45.551506
17.870434,45.529386
17.866364,45.525096
17.874136,45.53433
17.863144,45.523825
17.871627,45.535515
17.91511,45.557155
17.883232,45.533279
17.875194,45.525516
17.867901,45.525417
17.858198,45.522987
17.892055,45.558847
17.908927,45.553099
17.879363,45.530949
17.890682,45.527971
17.901953,45.547575
17.884491,45.530724
17.878596,45.531553
17.878563,45.528118
17.884323,45.535301
17.882853,45.52974
17.911708,45.554952
17.885748,45.544735
17.877245,45.53263
17.896141,45.540981
17.905564,45.550882
17.904445,45.548698
17.888275,45.535287
17.872928,45.530865
17.877368,45.527822
17.883724,45.531021
17.875147,45.532106
17.86644,45.524795
17.887852,45.538123
17.877423,45.529584
17.883651,45.534505
17.900336,45.548074
17.859473,45.522206
17.900036,45.545275
17.875386,45.521975
17.860911,45.517368
17.89295,45.543087
17.896,45.540306
17.897399,45.552525
17.902276,45.548693
17.892663,45.542781
17.874326,45.530366
17.889063,45.533066
17.885595,45.531893
17.900532,45.549353
17.901344,45.547629
17.884205,45.537627
17.886361,45.531903
17.897868,45.542776
17.880305,45.532138
17.889888,45.552044
17.86268,45.515765
17.883437,45.531031
17.901038,45.548507
17.885383,45.545426
17.855335,45.522326
17.89728,45.542111
17.89596,45.540848
17.869028,45.52632
17.886749,45.544961
17.877679,45.533599
17.884694,45.533055
17.878644,45.524372
17.876553,45.530223
17.882408,45.535162
17.877789,45.532669
17.892834,45.532416
17.881632,45.532429
17.874016,45.535556
17.874866,45.532435
17.866702,45.531034
17.895352,45.528364
17.877155,45.528407
17.884015,45.538753
17.879553,45.532415
17.88282,45.531556
17.883944,45.538582
17.897639,45.542578
17.881156,45.53445
17.902264,45.52867
17.892243,45.542819
17.890743,45.536241
17.886326,45.543431
17.883736,45.534698
17.880968,45.528432
17.900406,45.565229
17.871167,45.529196
17.881579,45.527588
17.867202,45.525509
17.883447,45.534263
17.868903,45.525852
17.874915,45.530318
17.874577,45.532214
17.884303,45.532899
17.873594,45.526217
17.889085,45.535348
17.903655,45.549233
17.87469,45.528967
17.868315,45.530349
17.877277,45.537876
17.879972,45.532815
17.874732,45.534129
17.886,45.537313
17.886939,45.533484
17.904907,45.547563
17.886667,45.546953
17.900732,45.545564
17.91165,45.555503
17.88218,45.535999
17.861776,45.516913
17.882134,45.533251
17.894512,45.539583
17.891015,45.541247
17.877097,45.534322
17.881266,45.533624
17.878011,45.53164
17.912496,45.555425
17.894887,45.553873
17.878968,45.531238
17.908207,45.552642
17.891595,45.541812
17.89312,45.537396
17.896492,45.540834
17.883939,45.537282
17.880537,45.529574
17.865327,45.524336
17.877155,45.527136
17.858863,45.522881
17.903059,45.549321
17.880406,45.532582
17.874947,45.527078
17.90163,45.546945
17.885276,45.538987
17.888693,45.532579
17.873101,45.535311
17.882295,45.529637
17.881611,45.533185
17.883332,45.530243
17.906947,45.546875
17.880374,45.52614
17.881209,45.532868
17.902716,45.528367
17.868565,45.526062
17.900396,45.548024
17.875035,45.534888
17.882387,45.531328
17.867611,45.53084
17.863431,45.521738
17.903913,45.550763
17.888894,45.535889
17.87023,45.529527
17.86288,45.522008
17.885923,45.551144
17.873785,45.526341
17.915285,45.557288
17.919845,45.560951
17.889951,45.540236
17.880615,45.52952
17.889459,45.535894
17.900927,45.548354
17.895621,45.539907
17.902788,45.547824
17.899542,45.536503
17.878463,45.532076
17.884504,45.530879
17.893521,45.560196
17.887636,45.533787
17.873526,45.525186
17.862648,45.519588
17.902106,45.5406
17.887094,45.535628
17.88574,45.53199
17.865054,45.52455
17.872272,45.528309
17.862621,45.52287
17.91464,45.556867
17.903003,45.528408
17.899594,45.544822
17.871599,45.529072
17.89623,45.54057
17.886619,45.536921
17.893721,45.53875
17.902987,45.547781
17.883302,45.531218
17.892597,45.543123
17.874513,45.53156
17.902843,45.549124
17.87596,45.53721
17.873413,45.530722
17.874806,45.523939
17.896736,45.540986
17.88579,45.53053
17.881866,45.533897
17.868302,45.525965
17.885454,45.544967
17.901381,45.546634
17.88525,45.536862
17.882353,45.535079
17.878503,45.53424
17.878102,45.52785
17.902622,45.528488
17.900847,45.545788
17.862902,45.523157
17.895589,45.540453
17.874213,45.527419
17.886507,45.538278
17.868593,45.52969
17.881793,45.529758
17.87012,45.526462
17.89225,45.537254
17.879397,45.532257
17.876452,45.527511
17.874126,45.524939
17.883206,45.536312
17.893181,45.533972
17.894659,45.539082
17.861531,45.519378
17.860182,45.519208
17.878382,45.533609
17.881366,45.528332
17.874404,45.52793
17.885253,45.531269
17.879344,45.524903
17.874372,45.528915
17.85808,45.523403
17.889845,45.532343
17.890593,45.536261
17.89394,45.538905
17.888956,45.532279
17.881956,45.532805
17.871266,45.529243
17.886531,45.532642
17.899574,45.548164
17.881653,45.52791
17.883191,45.537208
17.886782,45.54503
17.888478,45.538807
17.898828,45.553087
17.872409,45.530038
17.90646,45.546995
17.884141,45.531955
17.851857,45.522177
17.886536,45.544351
17.882733,45.530341
17.899799,45.544161
17.896603,45.540911
17.882808,45.533894
17.884755,45.531377
17.870388,45.526938
17.87362,45.526636
17.915653,45.557516
17.881631,45.528959
17.890335,45.541228
17.884391,45.538151
17.876306,45.527588
17.882676,45.529762
17.899734,45.5661
17.901837,45.545646
17.88812,45.538434
17.904886,45.550375
17.89443,45.545298
17.881951,45.528204
17.869267,45.52654
17.883547,45.530426
17.879103,45.533236
17.883007,45.532999
17.874436,45.532095
17.887332,45.534076
17.878442,45.541388
17.875773,45.526832
17.90584,45.528334
17.892607,45.537045
17.874678,45.530122
17.875924,45.526858
17.879103,45.529342
17.887876,45.538764
17.891332,45.541539
17.874767,45.534958
17.890465,45.531479
17.893188,45.537496
17.860855,45.519613
17.887549,45.53433
17.875804,45.529834
17.895706,45.539988
17.873051,45.527388
17.864591,45.519617
17.877729,45.532574
17.883153,45.530144
17.882244,45.530094
17.889232,45.539576
17.902062,45.547775
17.875451,45.53233
17.873245,45.529526
17.862738,45.523762
17.877404,45.530307
17.870963,45.528306
17.884984,45.536306
17.889687,45.532146
17.886575,45.531939
17.875423,45.529472
17.869751,45.526256
17.861787,45.51666
17.88496,45.549323
17.899487,45.548204
17.898633,45.54288
17.884523,45.535613
17.90028,45.540094
17.861378,45.51672
17.902125,45.567725
17.902006,45.540422
17.887387,45.53332
17.898261,45.542207
17.882069,45.530153
17.871879,45.529311
17.874824,45.529072
17.861947,45.517709
17.882054,45.529475
17.878903,45.531872
17.907389,45.551988
17.889928,45.536157
17.908152,45.546556
17.886701,45.532117
17.911275,45.555291
17.876537,45.522802
17.901315,45.548854
17.883157,45.536214
17.891044,45.541828
17.879178,45.528766
17.887168,45.55167
17.870701,45.534886
17.881898,45.535348
17.895272,45.539678
17.861104,45.517147
17.897525,45.55227
17.881272,45.534578
17.893211,45.554096
17.883308,45.536396
17.868584,45.530185
17.885545,45.535631
17.900687,45.546419
17.875135,45.52824
17.892738,45.533806
17.900805,45.549561
17.877595,45.532469
17.867797,45.525719
17.895833,45.540712
17.897352,45.535725
17.858027,45.522177
17.874245,45.530313
17.877479,45.529688
17.884185,45.530689
17.876708,45.531866
17.877885,45.529438
17.90474,45.548678
17.895233,45.534377
17.880954,45.532236
17.874254,45.528719
17.885385,45.535538
17.883703,45.53022
17.872886,45.529351
17.863671,45.522189
17.917301,45.55952
17.916024,45.557726
17.881145,45.528822
17.860753,45.516574
17.862011,45.515076
17.900945,45.54602
17.886873,45.53334
17.89412,45.539302
17.879104,45.531991
17.910527,45.554875
17.866199,45.528431
17.884159,45.535139
17.864691,45.524406
17.88343,45.530313
17.883915,45.530594
17.877844,45.531487
17.87614,45.526033
17.888273,45.538135
17.869759,45.5296
17.867597,45.525655
17.877044,45.528131
17.874678,45.526883
17.870041,45.529363
17.865741,45.52485
17.862376,45.519612
17.861625,45.516349
17.899679,45.546255
17.885553,45.538376
17.861232,45.517439
17.907335,45.546263
17.89292,45.552828
17.891923,45.53694
17.882998,45.536952
17.877788,45.533886
17.903379,45.5477
17.886692,45.544767
17.877633,45.528255
17.875329,45.531133
17.895379,45.53973
17.878465,45.52799
17.858286,45.52322
17.860713,45.516876
17.870109,45.528494
17.876081,45.526904
17.882936,45.535951
17.875293,45.52954
17.864521,45.523987
17.888536,45.534704
17.875939,45.527163
17.875627,45.52576
17.858394,45.522195
17.883659,45.533709
17.900694,45.548431
17.900678,45.547997
17.882935,45.533628
17.873282,45.526419
17.889808,45.541011
17.873216,45.529082
17.863395,45.523348
17.88425,45.53775
17.886445,45.53245
17.859143,45.523827
17.875943,45.531695
17.877929,45.528205
17.874066,45.528134
17.85997,45.515353
17.885625,45.536213
17.877658,45.523921
17.873756,45.535554
17.893016,45.543226
17.881753,45.532559
17.872245,45.527672
17.868994,45.525895
17.860706,45.51508
17.88404,45.537361
17.905441,45.551406
17.899717,45.544907
17.877011,45.530661
17.874109,45.526944
17.869363,45.526025
17.897483,45.541558
17.888081,45.538352
17.878974,45.532943
17.901296,45.54644
17.899143,45.543374
17.872846,45.527747
17.888016,45.535586
17.876346,45.531515
17.877726,45.531382
17.864508,45.528613
17.881705,45.534125
17.876887,45.528151
17.861842,45.522752
17.861201,45.516472
17.881887,45.53269
17.880653,45.529193
17.860691,45.516966
17.903944,45.569548
17.904524,45.55003
17.9006,45.545449
17.878203,45.528729
17.883701,45.537085
17.858413,45.523079
17.861452,45.517562
17.888322,45.539103
17.861698,45.519511
17.875734,45.527187
17.890746,45.540995
17.885091,45.535141
17.902626,45.548539
17.895893,45.54026
17.854577,45.521813
17.886562,45.536336
17.898137,45.550809
17.901909,45.548896
17.880791,45.52711
17.887146,45.536759
17.88068,45.533912
17.866218,45.524664
17.879199,45.532839
17.903514,45.528608
17.906308,45.547131
17.891193,45.54137
17.891206,45.536039
17.881497,45.532319
17.8781,45.528405
17.878658,45.528308
17.904692,45.548559
17.873917,45.527556
17.896148,45.541075
17.883464,45.53761
17.870083,45.526798
17.864955,45.518189
17.877886,45.524927
17.880613,45.531496
17.881708,45.530401
17.893928,45.544923
17.899099,45.546942
17.892996,45.537452
17.888372,45.535343
17.859148,45.523375
17.873646,45.529918
17.892495,45.537536
17.887365,45.533251
17.87183,45.526324
17.874884,45.531262
17.884275,45.538052
17.878017,45.527913
17.874544,45.534594
17.861272,45.516388
17.889603,45.539886
17.871879,45.528546
17.878235,45.52814
17.864635,45.518319
17.873846,45.528432
17.893718,45.538636
17.863509,45.523899
17.880712,45.533334
17.862473,45.515405
17.899826,45.565331
17.886605,45.537065
17.864235,45.523892
17.872366,45.530431
17.899774,45.529121
17.878651,45.528227
17.880302,45.528383
17.865264,45.524735
17.889473,45.539783
17.881727,45.53427
17.874713,45.534547
17.894388,45.554459
17.896368,45.553237
17.874641,45.528485
17.866253,45.524703
17.905716,45.549111
17.883252,45.530207
17.874713,45.53064
17.876415,45.52826
17.877038,45.527573
17.887026,45.532179
17.878015,45.527521
17.898658,45.543598
17.876772,45.527658
17.86942,45.529392
17.904187,45.547843
17.875532,45.527763
17.888413,45.539538
17.874708,45.532322
17.874379,45.531439
17.878123,45.531857
17.866801,45.525279
17.899281,45.54367
17.894027,45.538424
17.879421,45.534124
17.890659,45.541437
17.865788,45.52453
17.890564,45.531621
17.874923,45.528639
17.862058,45.519558
17.898274,45.538608
17.860044,45.519132
17.862025,45.515151
17.874159,45.531812
17.884967,45.531506
17.871946,45.530197
17.901609,45.548386
17.892723,45.537782
17.868795,45.5294
17.877912,45.529173
17.878889,45.534348
17.878065,45.527572
17.885288,45.531679
17.879655,45.525131
17.872953,45.527784
17.900647,45.54511
17.851007,45.522359
17.874553,45.530512
17.864517,45.518044
17.859277,45.515569
17.895205,45.53948
17.862664,45.523366
17.905792,45.551024
17.882094,45.529307
17.898504,45.551114
17.888912,45.535682
17.903243,45.548222
17.893896,45.538336
17.878179,45.528086
17.894888,45.539857
17.866902,45.524992
17.859716,45.524268
17.88077,45.5335
17.878063,45.52797
17.878122,45.533726
17.881464,45.528906
17.859282,45.52239
17.897885,45.542867
17.900206,45.545586
17.896783,45.541109
17.860845,45.517174
17.920032,45.561034
17.899844,45.548107
17.871827,45.527638
17.883057,45.530503
17.879531,45.531784
17.874915,45.53078
17.878884,45.529077
17.887427,45.525884
17.897267,45.541297
17.888314,45.534631
17.873917,45.529586
17.899883,45.545575
17.86904,45.528124
17.868479,45.526284
17.882185,45.531202
17.898701,45.543708
17.887435,45.533385
17.891785,45.553033
17.903336,45.549021
17.884784,45.535977
17.88684,45.537791
17.879045,45.528538
17.899529,45.549681
17.878455,45.531367
17.868759,45.530114
17.880484,45.529642
17.886893,45.537549
17.90445,45.527836
17.919499,45.560692
17.914064,45.556494
17.885436,45.537464
17.918935,45.560291
17.88657,45.533381
17.889533,45.535483
17.884659,45.53473
17.9052,45.547465
17.881321,45.529478
17.887578,45.538532
17.892427,45.542582
17.872638,45.530176
17.881559,45.530904
17.887242,45.532992
17.861474,45.517325
17.904932,45.546625
17.875204,45.531011
17.862452,45.523259
17.899632,45.543946
17.90364,45.547774
17.874686,45.52814
17.885776,45.538242
17.84735,45.520467
17.89107,45.553954
17.886115,45.532225
17.868131,45.525556
17.888873,45.532108
17.886325,45.538354
17.886394,45.53796
17.899516,45.564999
17.882582,45.536226
17.863975,45.52004
17.883555,45.53687
17.874012,45.531693
17.892656,45.542603
17.882887,45.535826
17.88788,45.534205
17.876926,45.530569
17.87437,45.5275
17.875803,45.52586
17.866686,45.524912
17.855667,45.522046
17.880358,45.527283
17.851242,45.522202
17.907119,45.546389
17.894424,45.538806
17.863356,45.515809
17.878167,45.527816
17.885091,45.531174
17.877172,45.529388
17.90372,45.54942
17.89771,45.555971
17.8802,45.526021
17.879092,45.53136
17.873892,45.53008
17.877336,45.53281
17.908977,45.546266
17.873817,45.531513
17.89648,45.538288
17.88895,45.539721
17.875087,45.530892
17.898246,45.543221
17.900873,45.546701
17.883024,45.53165
17.872319,45.535334
17.875273,45.529366
17.884241,45.531211
17.864324,45.51785
17.862052,45.514948
17.905932,45.54724
17.895187,45.540098
17.913423,45.556104
17.881013,45.52793
17.897052,45.54135
17.873258,45.530661
17.887259,45.532745
17.890009,45.532636
17.889915,45.532509
17.874678,45.524009
17.885791,45.538056
17.897983,45.542829
17.895345,45.54053
17.890167,45.540409
17.907956,45.552461
17.87982,45.532409
17.881707,45.53506
17.886736,45.537191
17.87801,45.528288
17.8851,45.536444
17.871795,45.530071
17.906021,45.547185
17.900915,45.545902
17.888107,45.538902
17.88483,45.539005
17.886261,45.535258
17.880322,45.53363
17.893861,45.538774
17.889405,45.531633
17.8916,45.536323
17.886119,45.53177
17.902673,45.548127
17.869167,45.528062
17.872706,45.52766
17.872625,45.530655
17.875279,45.532224
17.875042,45.53165
17.910422,45.53859
17.884809,45.530936
17.8712,45.528053
17.900863,45.547038
17.899315,45.536408
17.878334,45.533247
17.869495,45.526616
17.862363,45.515081
17.905292,45.547134
17.87639,45.528925
17.885522,45.5361
17.869947,45.528587
17.855589,45.522272
17.886056,45.550568
17.887772,45.53566
17.897457,45.541752
17.87825,45.527774
17.893737,45.537933
17.888816,45.535121
17.875434,45.525676
17.873596,45.524558
17.876888,45.527609
17.87354,45.528339
17.879759,45.539692
17.883742,45.530515
17.869094,45.529805
17.905599,45.549446
17.886246,45.547552
17.874632,45.525129
17.86146,45.517221
17.877377,45.528305
17.892042,45.552699
17.888308,45.538491
17.90432,45.547763
17.897407,45.542218
17.882083,45.532941
17.878123,45.528032
17.862577,45.515619
17.875741,45.534894
17.889975,45.535728
17.877215,45.53087
17.892675,45.532068
17.883402,45.531829
17.888628,45.539596
17.889109,45.535761
17.87758,45.53365
17.870295,45.526897
17.905346,45.549222
17.892577,45.543513
17.87179,45.535439
17.917721,45.55951
17.871829,45.528153
17.862781,45.523466
17.889831,45.540732
17.874342,45.528318
17.872582,45.528566
17.86559,45.524794
17.871223,45.534321
17.882019,45.53459
17.914898,45.557021
17.901172,45.546319
17.885976,45.536809
17.885865,45.532076
17.88354,45.530966
17.90654,45.546624
17.870989,45.528631
17.920466,45.561329
17.879251,45.533902
17.884487,45.53298
17.858951,45.523286
17.884203,45.537927
17.903749,45.549919
17.900665,45.549658
17.874972,45.529906
17.903343,45.549534
17.900221,45.544748
17.877478,45.531131
17.873672,45.528384
17.877257,45.528013
17.886824,45.537375
17.861472,45.516271
17.874028,45.530436
17.877573,45.527738
17.873921,45.531113
17.871503,45.528981
17.90018,45.545498
17.872157,45.530344
17.90224,45.545828
17.887749,45.537985
17.891285,45.53614
17.879067,45.534276
17.876246,45.530018
17.877202,45.533548
17.887621,45.535796
17.917235,45.559391
17.898273,45.542574
17.90061,45.548031
17.875697,45.53146
17.905931,45.528259
17.874487,45.528402
17.894376,45.539384
17.896945,45.53538
17.887482,45.53425
17.876805,45.527207
17.874737,45.525647
17.895783,45.554171
17.884692,45.535851
17.900531,45.546097
17.896967,45.552662
17.883883,45.538377
17.88929,45.53583
17.868855,45.52619
17.882229,45.535841
17.868492,45.525725
17.902736,45.548465
17.875606,45.528121
17.900502,45.546241
17.884438,45.535444
17.882814,45.533363
17.871331,45.528825
17.921396,45.561341
17.875979,45.531169
17.898029,45.539157
17.883154,45.530573
17.897766,45.54183
17.869329,45.529583
17.861154,45.51655
17.887311,45.533158
17.884369,45.531311
17.878903,45.53334
17.877066,45.532202
17.89087,45.540866
17.911462,45.555401
17.866564,45.528476
17.865216,45.524293
17.884693,45.535073
17.867468,45.525281
17.859648,45.519698
17.876815,45.52312
17.909147,45.546193
17.878346,45.527856
17.867917,45.525351
17.8728,45.527319
17.898944,45.546655
17.909543,45.546058
17.87546,45.529995
17.890435,45.535887
17.881927,45.533349
17.892246,45.536768
17.872174,45.527103
17.87509,45.529229
17.87436,45.524213
17.880313,45.533834
17.881508,45.529579
17.913897,45.556392
17.901132,45.547211
17.885727,45.535731
17.891006,45.536034
17.884116,45.53282
17.881744,45.528521
17.900565,45.566065
17.907133,45.546756
17.895717,45.54059
17.902511,45.547785
17.900938,45.54686
17.879304,45.534288
17.88976,45.531857
17.874535,45.527621
17.897617,45.550737
17.893183,45.53831
17.904315,45.547456
17.879523,45.533049
17.883637,45.529389
17.879289,45.533141
17.863013,45.523741
17.893296,45.54448
17.911551,45.554859
17.884281,45.53449
17.889435,45.53181
17.901762,45.547163
17.876183,45.532509
17.891916,45.542113
17.900344,45.541477
17.895012,45.539335
17.877944,45.530667
17.903809,45.528003
17.863734,45.524005
17.881292,45.529933
17.869904,45.529022
17.885352,45.550634
17.905442,45.549342
17.861414,45.516076
17.889891,45.532926
17.867233,45.530582
17.877248,45.52834
17.871271,45.526902
17.881065,45.532734
17.876769,45.532538
17.899207,45.564665
17.89994,45.545136
17.897022,45.541888
17.907727,45.546565
17.904744,45.548846
17.888821,45.532742
17.878425,45.532197
17.883912,45.53187
17.871666,45.52977
17.861165,45.519272
17.87677,45.532718
17.887631,45.537843
17.892667,45.537728
17.862966,45.519608
17.886832,45.533227
17.863267,45.515954
17.893687,45.544348
17.8753,45.528447
17.877774,45.530764
17.881672,45.529667
17.8783,45.528195
17.876228,45.52241
17.873929,45.535277
17.884856,45.536089
17.385706,45.792581
17.382043,45.807284
17.383146,45.807515
17.383735,45.807732
17.381175,45.80767
17.381194,45.807797
17.380232,45.805887
17.380691,45.807509
17.385159,45.799529
17.380498,45.806112
17.385763,45.798965
17.386122,45.799753
17.397376,45.836602
17.889782,45.540066
17.382169,45.805193
17.382675,45.806363
17.382826,45.805399
17.383221,45.803584
17.386102,45.800413
17.386114,45.80034
17.380435,45.80361
17.383866,45.806718
17.382375,45.804081
17.382396,45.804151
17.382251,45.803807
17.382728,45.803548
17.382097,45.806465
17.382804,45.806591
17.382149,45.806962
17.379679,45.80433
17.385973,45.797363
17.383942,45.802095
17.382727,45.803145
17.696016,45.705044
17.387407,45.799225
17.719282,45.699728
17.404585,45.804365
17.31725,45.944334
17.838387,45.523967
17.20397,45.893749
17.326975,45.82607
17.67676,45.704563
17.318711,45.945025
17.319337,45.945589
17.688709,45.774243
17.688862,45.774391
17.223421,45.950836
17.852748,45.515525
17.698432,45.713964
17.499466,45.806347
17.713906,45.722787
17.715675,45.724036
17.351863,45.824515
17.215877,45.950499
17.705309,45.70114
17.704656,45.701378
17.705653,45.701022
17.70507,45.701228
17.70484,45.701313
17.705664,45.701486
17.233716,45.948771
17.638748,45.732366
17.851848,45.511267
17.397738,45.836664
17.877323,45.526286
17.92766,45.518806
17.43771,45.8151
17.942634,45.527134
17.232301,45.948254
17.343684,45.821026
17.401292,45.823874
17.400832,45.824621
17.416301,45.82129
17.425495,45.819239
17.408998,45.813475
17.409716,45.813135
17.408653,45.823137
17.414037,45.821348
17.404859,45.819095
17.412211,45.813478
17.409835,45.821339
17.419332,45.820677
17.422146,45.820027
17.421158,45.819672
17.417847,45.820405
17.407047,45.823546
17.416732,45.819202
17.402793,45.823182
17.422628,45.821637
17.404895,45.817824
17.403451,45.819324
17.400787,45.824398
17.43095,45.818763
17.417598,45.818733
17.41062,45.822702
17.404612,45.818433
17.407755,45.816182
17.404848,45.819208
17.414797,45.82082
17.412027,45.82008
17.406487,45.823777
17.431261,45.8185
17.43381,45.827347
17.420685,45.820354
17.406054,45.816528
17.424706,45.81648
17.40848,45.815825
17.400133,45.825946
17.398042,45.828514
17.413109,45.815215
17.423223,45.823015
17.411872,45.815346
17.401749,45.817099
17.422825,45.822431
17.401563,45.824961
17.398641,45.825693
17.419184,45.818416
17.405821,45.823979
17.400925,45.825298
17.402008,45.823307
17.415276,45.818645
17.401585,45.81951
17.425702,45.819191
17.41507,45.820101
17.403827,45.816872
17.409495,45.815653
17.400722,45.825381
17.41296,45.821606
17.413112,45.819809
17.418504,45.818808
17.411776,45.815362
17.4261,45.819119
17.411317,45.820483
17.411691,45.820142
17.420815,45.817991
17.401878,45.816763
17.400331,45.825512
17.404466,45.817913
17.412742,45.819885
17.410099,45.815841
17.41551,45.821042
17.414822,45.820351
17.411478,45.821631
17.40365,45.81929
17.416444,45.818125
17.411503,45.812882
17.422366,45.817943
17.408898,45.817285
17.413899,45.82136
17.402023,45.819763
17.405259,45.824199
17.403995,45.816442
17.422946,45.819241
17.412399,45.813047
17.40334,45.824748
17.410604,45.820381
17.404479,45.818974
17.406085,45.824467
17.41332,45.819762
17.409648,45.81555
17.430738,45.818035
17.415024,45.821668
17.433255,45.824255
17.427286,45.818707
17.405201,45.816593
17.399034,45.825666
17.408858,45.823079
17.412185,45.820022
17.433108,45.823799
17.410842,45.812997
17.4172,45.820548
17.41783,45.818677
17.40131,45.816882
17.418403,45.820905
17.431232,45.819579
17.41468,45.818536
17.412911,45.814603
17.424567,45.823943
17.427838,45.818125
17.415843,45.81879
17.404368,45.817515
17.401081,45.816912
17.404688,45.823617
17.404774,45.824377
17.41251,45.814532
17.399092,45.826329
17.407586,45.815974
17.413033,45.816561
17.412739,45.822218
17.410441,45.821008
17.423611,45.819656
17.406259,45.816469
17.430799,45.818323
17.417452,45.818153
17.3974,45.826949
17.402944,45.824904
17.406637,45.823724
17.411852,45.812759
17.39909,45.824974
17.429319,45.818378
17.416541,45.819243
17.424699,45.824006
17.423964,45.819572
17.399952,45.817052
17.420193,45.818177
17.432112,45.823678
17.409935,45.81563
17.411759,45.821829
17.406215,45.82385
17.407213,45.816026
17.433704,45.825538
17.41328,45.821534
17.412139,45.815547
17.418584,45.820243
17.411314,45.815665
17.416255,45.818178
17.401058,45.824113
17.412365,45.819542
17.429056,45.818415
17.409495,45.822942
17.411018,45.820583
17.403612,45.824673
17.41033,45.812964
17.417877,45.821032
17.409054,45.817571
17.403459,45.824138
17.408007,45.823297
17.4007,45.819957
17.402563,45.819691
17.429523,45.817726
17.404696,45.820184
17.404067,45.81948
17.40278,45.819707
17.416881,45.819201
17.422912,45.817825
17.41768,45.82106
17.397986,45.830756
17.400974,45.825623
17.422429,45.821852
17.407801,45.823408
17.421628,45.819585
17.414457,45.818645
17.401252,45.817114
17.404555,45.819576
17.401649,45.823631
17.40493,45.819362
17.424539,45.819444
17.421833,45.819516
17.420925,45.817789
17.420609,45.818365
17.421109,45.820249
17.403838,45.817033
17.406826,45.816076
17.408336,45.823215
17.400182,45.817288
17.403264,45.824763
17.408828,45.816772
17.426667,45.818851
17.415049,45.821008
17.409359,45.817236
17.408282,45.813846
17.412115,45.813164
17.400265,45.825894
17.432199,45.825107
17.405165,45.822763
17.400233,45.825538
17.430265,45.817506
17.403981,45.817404
17.418688,45.820073
17.410594,45.821441
17.404718,45.819976
17.410645,45.821714
17.412454,45.813203
17.407421,45.815994
17.419195,45.820123
17.400608,45.825411
17.43371,45.826983
17.408533,45.813543
17.40309,45.824844
17.415644,45.821466
17.418146,45.818623
17.414906,45.8205
17.427732,45.8187
17.400527,45.817223
17.403172,45.81962
17.423264,45.822356
17.401263,45.81987
17.402978,45.819633
17.418434,45.820276
17.413718,45.819901
17.408725,45.816344
17.427402,45.818204
17.42233,45.819993
17.421443,45.818268
17.415423,45.82093
17.427633,45.818147
17.428518,45.818546
17.416939,45.820609
17.424474,45.815344
17.417011,45.819134
17.402386,45.824697
17.407553,45.816212
17.398712,45.825579
17.39719,45.829405
17.422578,45.8221
17.409439,45.817535
17.421376,45.82068
17.417117,45.818248
17.434398,45.8275
17.396715,45.825578
17.420979,45.819715
17.410484,45.821148
17.413683,45.818212
17.409691,45.815914
17.403256,45.81934
17.433578,45.825113
17.408972,45.822995
17.428319,45.818021
17.404231,45.816405
17.406756,45.823647
17.428057,45.818077
17.416206,45.819057
17.415329,45.821559
17.415927,45.818517
17.414908,45.819801
17.400403,45.825833
17.410887,45.815732
17.401778,45.819848
17.434586,45.829701
17.416287,45.820785
17.41033,45.815557
17.422837,45.819873
17.413461,45.816124
17.40083,45.82535
17.421724,45.820205
17.40097,45.81991
17.40074,45.824243
17.431531,45.820674
17.417557,45.820469
17.412179,45.820274
17.400074,45.82559
17.415348,45.820662
17.404023,45.824501
17.413735,45.821901
17.434316,45.827187
17.412814,45.815447
17.412505,45.822427
17.409984,45.813337
17.401416,45.824682
17.403845,45.824588
17.411635,45.820421
17.412422,45.819984
17.426534,45.81898
17.422653,45.819893
17.398376,45.826196
17.430836,45.81848
17.399912,45.825625
17.401967,45.825286
17.412268,45.82176
17.41423,45.819162
17.412378,45.81968
17.413608,45.816873
17.404941,45.824305
17.414005,45.817827
17.404166,45.816908
17.430493,45.818153
17.398542,45.825431
17.40082,45.824568
17.410922,45.822585
17.418951,45.820212
17.40468,45.818699
17.399219,45.826269
17.410606,45.82157
17.412487,45.813321
17.413046,45.816385
17.428329,45.818778
17.406676,45.816354
17.408341,45.82735
17.398669,45.826577
17.413116,45.820079
17.413654,45.818077
17.419782,45.820579
17.405087,45.819963
17.402285,45.825192
17.400923,45.824886
17.413409,45.815957
17.420221,45.819962
17.419383,45.818581
17.410525,45.813231
17.415861,45.819147
17.412995,45.812906
17.415936,45.821375
17.411231,45.82257
17.423067,45.822915
17.413477,45.816457
17.413261,45.815788
17.417351,45.818778
17.432657,45.824106
17.431329,45.818347
17.400778,45.82573
17.412954,45.820092
17.414619,45.821101
17.424575,45.818793
17.400974,45.825058
17.428022,45.81857
17.412741,45.812946
17.410752,45.822061
17.414734,45.819415
17.412677,45.813848
17.401066,45.82524
17.423058,45.822707
17.405,45.819511
17.402845,45.825122
17.431626,45.820863
17.401782,45.824988
17.411308,45.821933
17.396664,45.827307
17.415493,45.81837
17.416697,45.820612
17.404337,45.81875
17.409338,45.813432
17.413455,45.820029
17.398322,45.826755
17.432971,45.823543
17.400785,45.8245
17.401199,45.824476
17.404287,45.818834
17.41727,45.821138
17.433634,45.826633
17.39888,45.826558
17.41518,45.821604
17.421385,45.820196
17.414212,45.821779
17.399249,45.825654
17.412346,45.812737
17.40749,45.823381
17.412791,45.821628
17.410941,45.822022
17.402416,45.819706
17.405027,45.81962
17.396735,45.82577
17.419886,45.820063
17.404104,45.817861
17.416122,45.821332
17.399139,45.825592
17.417024,45.81799
17.403732,45.816467
17.4103,45.815815
17.399491,45.826188
17.410918,45.820322
17.428551,45.81798
17.415429,45.820812
17.414208,45.821302
17.402686,45.819432
17.416093,45.819355
17.409229,45.813154
17.415668,45.819161
17.411959,45.821832
17.412484,45.820216
17.41172,45.815598
17.407666,45.82327
17.410298,45.822745
17.410459,45.822732
17.412261,45.819186
17.411517,45.821883
17.408085,45.816184
17.412367,45.814021
17.408661,45.816155
17.401098,45.824236
17.412635,45.819932
17.424571,45.815814
17.40602,45.823925
17.434074,45.826851
17.401983,45.819499
17.401015,45.825265
17.402925,45.816591
17.403881,45.81953
17.425889,45.819043
17.400852,45.817194
17.40499,45.816611
17.401872,45.825497
17.401965,45.824841
17.416712,45.818884
17.397256,45.825434
17.414447,45.818908
17.433173,45.823969
17.400605,45.816962
17.406336,45.823792
17.413357,45.822046
17.400828,45.816958
17.410769,45.82034
17.397279,45.826332
17.424885,45.824213
17.409747,45.813375
17.409467,45.813078
17.415482,45.821511
17.404523,45.819183
17.412786,45.81425
17.412308,45.813863
17.399973,45.826013
17.398775,45.825229
17.430507,45.817543
17.413531,45.819721
17.414302,45.818468
17.426436,45.819056
17.414703,45.819239
17.42428,45.817487
17.410261,45.820479
17.415803,45.821453
17.416066,45.819083
17.414934,45.819658
17.422008,45.819477
17.409547,45.81339
17.413848,45.818479
17.42754,45.818644
17.4205,45.819803
17.41214,45.822371
17.410409,45.820875
17.422882,45.821895
17.417236,45.817941
17.421157,45.817862
17.402492,45.819464
17.414714,45.821725
17.420465,45.820404
17.422744,45.819316
17.400345,45.817247
17.424787,45.817266
17.412512,45.822286
17.399823,45.817323
17.433348,45.825821
17.409161,45.822967
17.411872,45.820386
17.411118,45.821989
17.410783,45.822678
17.406916,45.816417
17.422717,45.822283
17.422282,45.819414
17.402124,45.825265
17.420662,45.819798
17.415499,45.819506
17.408549,45.814798
17.401428,45.825753
17.404303,45.81729
17.400667,45.825393
17.410001,45.822837
17.41476,45.820213
17.408905,45.817004
17.402247,45.816727
17.403519,45.816478
17.41756,45.821111
17.408468,45.823146
17.424473,45.815956
17.415205,45.82037
17.430851,45.818672
17.413455,45.82141
17.412338,45.820241
17.410248,45.813293
17.403889,45.81717
17.41193,45.815578
17.405012,45.818769
17.410196,45.822779
17.413746,45.821401
17.414644,45.819933
17.424664,45.816145
17.422922,45.822585
17.411506,45.822491
17.403383,45.819608
17.397958,45.826746
17.400868,45.824701
17.413018,45.819122
17.411693,45.812831
17.412896,45.812689
17.413717,45.819666
17.412133,45.81277
17.411862,45.820114
17.400984,45.825107
17.423277,45.819156
17.404331,45.823935
17.416265,45.819336
17.419535,45.820189
17.400781,45.817207
17.412301,45.819413
17.404967,45.817662
17.434381,45.827325
17.399791,45.826073
17.417365,45.820516
17.405711,45.824009
17.419605,45.818525
17.423432,45.823136
17.411113,45.815692
17.400846,45.824659
17.413898,45.821853
17.408475,45.814126
17.402479,45.816693
17.420156,45.818456
17.401228,45.823572
17.41269,45.815033
17.404251,45.817142
17.412703,45.815155
17.417657,45.820444
17.400121,45.825572
17.415665,45.818323
17.401,45.825145
17.424503,45.815643
17.419554,45.820619
17.399351,45.826247
17.41294,45.814737
17.400929,45.824843
17.400755,45.824293
17.415009,45.818472
17.411963,45.822464
17.411467,45.820199
17.409482,45.817697
17.402687,45.816928
17.404444,45.816285
17.422509,45.819929
17.402285,45.819484
17.404234,45.818424
17.412934,45.815828
17.40094,45.824959
17.412913,45.816022
17.404324,45.818552
17.4151,45.82112
17.404682,45.819713
17.402596,45.825021
17.43348,45.824803
17.424229,45.81951
17.427845,45.81861
17.423708,45.822962
17.413576,45.821975
17.400309,45.817015
17.398124,45.825748
17.410515,45.821309
17.424793,45.819373
17.4018,45.823478
17.397098,45.82643
17.400939,45.824919
17.41806,45.820364
17.427209,45.818259
17.411351,45.813147
17.423572,45.822671
17.414308,45.819266
17.398495,45.826678
17.415545,45.818732
17.413003,45.816164
17.413914,45.819861
17.408721,45.816547
17.411473,45.820485
17.400377,45.825467
17.40167,45.816793
17.40248,45.816967
17.412022,45.820326
17.397201,45.827064
17.410675,45.81576
17.404128,45.818129
17.410873,45.815466
17.418211,45.820924
17.414227,45.819382
17.397631,45.826866
17.404834,45.818972
17.417403,45.821146
17.407318,45.823436
17.414242,45.819436
17.404578,45.819397
17.4137,45.817085
17.414868,45.820627
17.41999,45.820049
17.405035,45.819792
17.41982,45.818111
17.407136,45.816276
17.410141,45.813072
17.411239,45.812912
17.413546,45.816695
17.414094,45.822058
17.402073,45.817051
17.432362,45.822894
17.400596,45.825794
17.414527,45.819813
17.420584,45.818077
17.416841,45.818036
17.404407,45.8177
17.434033,45.826427
17.423917,45.823204
17.400174,45.825557
17.414862,45.821692
17.412102,45.821782
17.416498,45.820734
17.412572,45.821785
17.417057,45.821223
17.3984,45.825559
17.403837,45.819264
17.411077,45.822598
17.417155,45.818846
17.400542,45.825429
17.399423,45.825222
17.404695,45.818562
17.408321,45.813568
17.414075,45.82181
17.402874,45.819408
17.402675,45.816646
17.400762,45.824345
17.411743,45.82248
17.408749,45.813504
17.412936,45.819853
17.409655,45.822881
17.425186,45.817913
17.413592,45.821452
17.411167,45.820519
17.420305,45.819894
17.402173,45.824848
17.400956,45.825001
17.418603,45.818534
17.424959,45.818725
17.415103,45.820226
17.423493,45.819109
17.399649,45.826112
17.41324,45.820044
17.409288,45.816973
17.41322,45.815637
17.401008,45.817151
17.414367,45.82171
17.413246,45.816964
17.401135,45.819594
17.40994,45.813097
17.421793,45.820088
17.415015,45.818702
17.41587,45.818273
17.408871,45.815778
17.42022,45.820467
17.409399,45.817374
17.40138,45.824545
17.411487,45.815642
17.409309,45.817098
17.41287,45.822115
17.423895,45.819005
17.410361,45.820726
17.428935,45.817865
17.412561,45.814709
17.410454,45.820425
17.423477,45.819666
17.410182,45.827357
17.416642,45.818083
17.419588,45.820037
17.39706,45.82713
17.433227,45.824118
17.418956,45.82074
17.422004,45.820053
17.408315,45.815824
17.412854,45.815583
17.414358,45.821267
17.400287,45.825529
17.431323,45.818655
17.411579,45.815353
17.410762,45.813227
17.424056,45.82334
17.412766,45.820187
17.408593,45.82241
17.42377,45.822792
17.420905,45.820306
17.415938,45.8194
17.409305,45.815968
17.426961,45.818283
17.413202,45.816678
17.421389,45.819607
17.418273,45.818843
17.403074,45.819389
17.412707,45.812687
17.400713,45.819618
17.400775,45.825367
17.415275,45.81928
17.408927,45.813485
17.419151,45.820721
17.431051,45.819059
17.410695,45.815543
17.411321,45.815452
17.429289,45.817766
17.399654,45.825461
17.398778,45.826961
17.42371,45.819057
17.401143,45.825672
17.408798,45.815559
17.413178,45.819347
17.416343,45.819027
17.412193,45.813342
17.404015,45.819214
17.418798,45.818764
17.414712,45.820066
17.411034,45.813167
17.411337,45.822545
17.398117,45.826713
17.414063,45.817978
17.409326,45.827673
17.423451,45.822492
17.397338,45.827746
17.407011,45.816049
17.40159,45.825669
17.422677,45.817514
17.404604,45.824424
17.402485,45.825142
17.401404,45.823807
17.425282,45.819333
17.40091,45.824799
17.419998,45.820508
17.409273,45.815682
17.414996,45.819948
17.399041,45.826494
17.401154,45.824353
17.409145,45.813454
17.432753,45.824319
17.404074,45.817705
17.410557,45.815779
17.399976,45.817305
17.409893,45.815877
17.408179,45.823263
17.401459,45.832329
17.412041,45.813036
17.427123,45.818837
17.404128,45.816722
17.403925,45.817283
17.418218,45.820302
17.410877,45.820603
17.424308,45.823668
17.407889,45.823332
17.412741,45.815253
17.413125,45.821562
17.403702,45.824636
17.404702,45.819845
17.412582,45.814826
17.407175,45.823486
17.416568,45.821353
17.415281,45.820543
17.41357,45.819951
17.404183,45.824462
17.424111,45.823424
17.433476,45.826287
17.404036,45.81755
17.412834,45.814426
17.406595,45.816116
17.396886,45.827184
17.401532,45.823164
17.40295,45.816883
17.178766,45.899057
17.206538,45.888449
17.688606,45.702811
17.860644,45.545604
17.862236,45.543574
17.859074,45.542088
17.858111,45.541932
17.860299,45.544957
17.859387,45.544801
17.857704,45.541346
17.85528,45.542241
17.85523,45.542128
17.850329,45.535439
17.854749,45.539934
17.854008,45.539941
17.872557,45.529129
17.70079,45.690599
17.748493,45.742688
17.360398,45.812189
17.525615,45.781365
17.559024,45.692834
17.399577,45.83249
17.247043,45.948284
17.203207,45.887689
17.3658,45.974607
17.853857,45.543025
17.853889,45.543221
17.884639,45.530946
17.884781,45.530789
17.238709,45.949145
17.172914,45.937416
17.690349,45.693253
17.203309,45.88686
17.215001,45.88976
17.360432,45.839569
17.695799,45.705093
17.218844,45.950326
17.357011,45.964655
17.417633,45.818985
17.417288,45.819128
17.180347,45.90169
17.689179,45.700442
17.503823,45.795981
17.396678,45.854157
17.360395,45.817729
17.360197,45.817488
17.360499,45.817693
17.360918,45.817436
17.359991,45.818078
17.360185,45.817867
17.359813,45.817548
17.361119,45.817409
17.361234,45.817395
17.360371,45.817441
17.652168,45.704399
17.489454,45.800214
17.180622,45.890614
17.35899,45.814214
17.882577,45.529543
17.882738,45.529485
17.389751,45.818008
17.348431,45.82026
17.203719,45.963805
17.875686,45.530907
17.438069,45.798106
17.481742,45.775273
17.170488,45.928441
17.170625,45.928577
17.503383,45.774099
17.503251,45.774119
17.212189,45.889431
17.624979,45.772848
17.625384,45.773814
17.624512,45.775624
17.460636,45.785632
17.868776,45.525836
17.230489,45.945049
17.70456,45.713778
17.651969,45.704852
17.702052,45.7041
17.38599,45.838096
17.400023,45.806819
17.399987,45.807576
17.399994,45.807873
17.190253,45.896042
17.378224,45.829223
17.621733,45.733
17.233187,45.933534
17.213293,45.887913
17.232055,45.951186
17.438096,45.813293
17.437975,45.813138
17.437881,45.812953
17.440777,45.816085
17.96014,45.57324
17.960339,45.573064
17.960543,45.57284
17.960922,45.571389
17.96078,45.572601
17.960981,45.571251
17.961007,45.572368
17.961085,45.571127
17.961321,45.571809
17.96143,45.57169
17.961556,45.571447
17.96154,45.570306
17.961521,45.571288
17.961555,45.570002
17.961614,45.571189
17.9619,45.569732
17.961795,45.570819
17.961904,45.57055
17.962475,45.569212
17.962621,45.569038
17.962053,45.570328
17.962681,45.568919
17.962155,45.570247
17.962933,45.56866
17.962197,45.570131
17.962329,45.570006
17.963744,45.567856
17.963992,45.567661
17.962683,45.569671
17.96293,45.569571
17.964062,45.567443
17.962857,45.569444
17.964242,45.567023
17.962929,45.569326
17.964526,45.567025
17.96326,45.569033
17.964852,45.566719
17.964095,45.56816
17.964235,45.568016
17.965147,45.566376
17.964646,45.567616
17.965462,45.566198
17.964698,45.567484
17.964886,45.56738
17.965909,45.565863
17.965036,45.567239
17.966137,45.565677
17.965125,45.567088
17.966333,45.565644
17.965385,45.566914
17.966296,45.565335
17.965441,45.566779
17.966612,45.565484
17.965597,45.566671
17.966755,45.56539
17.965789,45.566484
17.966016,45.566413
17.966924,45.565305
17.966422,45.566055
17.967436,45.564987
17.966567,45.566035
17.966679,45.565915
17.967122,45.565671
17.967401,45.565523
17.967523,45.565382
17.967736,45.56527
17.968024,45.565145
17.968177,45.564997
17.96841,45.564852
17.483399,45.861159
17.484545,45.860725
17.483095,45.861273
17.484416,45.860846
17.482896,45.861243
17.48266,45.861245
17.483691,45.860759
17.482116,45.86135
17.483419,45.860872
17.481845,45.861352
17.483075,45.860906
17.481575,45.861364
17.482803,45.860919
17.481304,45.861465
17.482607,45.860948
17.481063,45.861519
17.482121,45.861036
17.480594,45.861612
17.481768,45.861026
17.480387,45.861633
17.480215,45.861647
17.48131,45.861097
17.480061,45.861684
17.481024,45.861182
17.479886,45.861626
17.480804,45.861223
17.479762,45.861619
17.480571,45.861226
17.479543,45.86169
17.48007,45.861248
17.479621,45.861144
17.478005,45.861625
17.477816,45.861637
17.478412,45.861211
17.477472,45.861746
17.478153,45.861264
17.47717,45.861657
17.477885,45.861319
17.476941,45.861708
17.477644,45.861338
17.476766,45.861689
17.477393,45.86135
17.476429,45.861776
17.477099,45.861338
17.476808,45.861364
17.475969,45.861764
17.476471,45.861423
17.475693,45.861762
17.476101,45.861431
17.475517,45.861763
17.475576,45.861518
17.475332,45.861516
17.474779,45.861839
17.474468,45.861893
17.474917,45.86157
17.474189,45.861935
17.473606,45.862002
17.474208,45.861645
17.473151,45.862104
17.472754,45.862126
17.473729,45.861675
17.472495,45.862166
17.473483,45.861706
17.473234,45.861747
17.472966,45.861698
17.490983,45.859231
17.491321,45.859041
17.490702,45.859459
17.48856,45.860237
17.48835,45.860251
17.489113,45.859877
17.488848,45.859853
17.487732,45.860425
17.488647,45.859931
17.488519,45.859985
17.488226,45.860051
17.486543,45.860655
17.487484,45.860179
17.486184,45.860747
17.487299,45.860253
17.487047,45.860242
17.485219,45.860943
17.48689,45.860312
17.484634,45.861001
17.48625,45.86045
17.484261,45.86109
17.485536,45.860604
17.485393,45.860536
17.484731,45.860709
17.786699,45.641594
17.789409,45.639086
17.791312,45.638195
17.789959,45.638785
17.792795,45.636241
17.797545,45.6313
17.797383,45.630185
17.797795,45.628026
17.798104,45.626674
17.798348,45.627853
17.993212,45.675793
17.992763,45.675869
17.993426,45.675021
17.992872,45.675536
17.99348,45.674417
17.993605,45.674044
17.993638,45.67365
17.993796,45.67347
17.992879,45.674874
17.992994,45.674684
17.992913,45.674451
17.993985,45.672201
17.99314,45.674235
17.994043,45.671792
17.993091,45.67399
17.993126,45.673751
17.993259,45.673609
17.993263,45.67338
17.993306,45.67322
17.994332,45.670493
17.993371,45.672966
17.99435,45.670261
17.993354,45.672649
17.994359,45.670141
17.993458,45.672301
17.994467,45.669896
17.994478,45.669531
17.993641,45.671313
17.994588,45.669312
17.993888,45.668687
17.982491,45.677349
17.982279,45.676861
17.982934,45.677263
17.982844,45.676838
17.984343,45.676706
17.984626,45.676653
17.985429,45.676359
17.98565,45.676397
17.986035,45.676343
17.986069,45.676671
17.987246,45.676572
17.990468,45.676314
17.987541,45.677108
17.9903,45.677773
17.99193,45.678172
17.991758,45.678448
17.992719,45.678728
17.993498,45.678956
17.994489,45.679243
17.995348,45.679533
17.981806,45.673834
17.982379,45.673869
17.982041,45.672948
17.982495,45.672884
17.982082,45.6727
17.98281,45.67127
17.98334,45.668932
17.982057,45.672309
17.984891,45.668135
17.982261,45.671976
17.982386,45.671545
17.9866,45.667889
17.982409,45.671244
17.982901,45.668972
17.983839,45.666983
17.982985,45.668527
17.983088,45.667097
17.976221,45.674897
17.976349,45.674179
17.976564,45.673189
17.987536,45.677407
17.987194,45.678978
17.987004,45.679722
17.987017,45.679992
17.987162,45.68103
17.987339,45.680148
17.987499,45.679342
17.987573,45.678894
17.987924,45.677492
17.991864,45.666626
17.992232,45.666736
17.39452,45.864595
17.394436,45.865307
17.394324,45.864271
17.394919,45.866086
17.395157,45.866364
17.395319,45.866647
17.39561,45.86712
17.396234,45.86742
17.808814,45.669703
17.805255,45.66975
17.804802,45.669825
17.801841,45.669888
17.807085,45.670054
17.801402,45.670269
17.796758,45.670377
17.794869,45.670504
17.545051,45.857641
17.544496,45.857375
17.546161,45.857746
17.547417,45.858668
17.547891,45.858866
17.546792,45.858018
17.547003,45.858125
17.548539,45.859177
17.549264,45.85956
17.548872,45.859353
17.54721,45.858206
17.549615,45.859699
17.54741,45.858301
17.550583,45.860075
17.547731,45.858467
17.55123,45.860402
17.547922,45.858546
17.551571,45.860679
17.552091,45.862241
17.552305,45.86273
17.548317,45.858696
17.552577,45.863676
17.548729,45.858889
17.552776,45.863996
17.552845,45.864275
17.552877,45.864562
17.549144,45.859075
17.552984,45.865624
17.54946,45.859207
17.553393,45.865719
17.549563,45.859252
17.553577,45.865781
17.549809,45.85927
17.553962,45.866103
17.549961,45.859442
17.554114,45.866219
17.550186,45.85954
17.554244,45.866327
17.550882,45.859841
17.554382,45.866385
17.5512,45.859994
17.554525,45.866449
17.551524,45.860148
17.554656,45.86653
17.551698,45.860223
17.554956,45.866231
17.551892,45.860305
17.557088,45.86678
17.552021,45.86037
17.557484,45.866613
17.552401,45.860538
17.557656,45.866667
17.551987,45.860699
17.557842,45.866703
17.552577,45.862306
17.558031,45.866754
17.552908,45.862255
17.558341,45.866812
17.552991,45.862415
17.558526,45.866827
17.55779,45.866418
17.558646,45.866905
17.558161,45.866447
17.558727,45.866931
17.558389,45.86656
17.558541,45.866619
17.558632,45.866641
17.559273,45.866988
17.558846,45.866627
17.55963,45.867085
17.559,45.866703
17.559304,45.866801
17.561029,45.868462
17.559801,45.866875
17.559997,45.866897
17.560088,45.867041
17.557423,45.866171
17.557027,45.863721
17.55685,45.866097
17.557295,45.865961
17.557204,45.863391
17.557312,45.865804
17.558189,45.862422
17.557337,45.86567
17.558382,45.862493
17.557354,45.865521
17.558566,45.862374
17.557293,45.865365
17.558762,45.862346
17.557329,45.865293
17.557251,45.86517
17.559032,45.86229
17.557351,45.865051
17.559304,45.862191
17.55739,45.864845
17.559516,45.862155
17.557346,45.8646
17.559708,45.862116
17.55736,45.864496
17.557393,45.864393
17.560051,45.862009
17.560227,45.861761
17.557401,45.864043
17.560497,45.861877
17.557448,45.863928
17.56063,45.861853
17.557609,45.863819
17.560767,45.861821
17.557625,45.863674
17.56091,45.861782
17.561031,45.861768
17.557786,45.863549
17.561327,45.861676
17.561633,45.861549
17.55781,45.863409
17.557828,45.863247
17.558758,45.862713
17.561971,45.861534
17.558861,45.862591
17.562134,45.861403
17.559011,45.862628
17.562331,45.861446
17.559208,45.862492
17.562733,45.861343
17.563041,45.861232
17.56358,45.861088
17.559515,45.862471
17.563779,45.860987
17.564282,45.860951
17.564425,45.860896
17.55996,45.862336
17.564737,45.860794
17.56493,45.860717
17.560709,45.86215
17.565086,45.860714
17.565252,45.860645
17.560872,45.862098
17.565634,45.860493
17.561274,45.862
17.566118,45.860373
17.561956,45.861839
17.566361,45.86033
17.562197,45.861804
17.566513,45.860269
17.562362,45.861769
17.566781,45.860209
17.562585,45.861678
17.563178,45.861541
17.567082,45.860093
17.5634,45.86149
17.567206,45.860072
17.567305,45.860036
17.563698,45.861411
17.56757,45.860198
17.564205,45.861282
17.564356,45.861296
17.564732,45.861202
17.565087,45.861102
17.565238,45.86107
17.565505,45.861007
17.565868,45.860958
17.566348,45.860843
17.566827,45.860729
17.567328,45.860738
17.567825,45.860815
17.568999,45.861304
17.627591,45.856136
17.62614,45.855727
17.625586,45.855503
17.624826,45.855202
17.623903,45.854771
17.623712,45.854686
17.622928,45.854358
17.622689,45.854293
17.622359,45.85391
17.622231,45.853272
17.622105,45.852341
17.622029,45.852131
17.621998,45.851685
17.621382,45.850122
17.620826,45.849731
17.62137,45.849817
17.622802,45.849914
17.623017,45.849645
17.62329,45.849305
17.623404,45.849133
17.623677,45.848795
17.623733,45.84867
17.623997,45.848326
17.62417,45.848174
17.624675,45.84777
17.624864,45.847602
17.625506,45.847158
17.625691,45.847012
17.626228,45.846724
17.62652,45.846722
17.626903,45.846541
17.628257,45.84623
17.628646,45.846137
17.629016,45.846078
17.629738,45.846183
17.630113,45.846222
17.630422,45.846267
17.630947,45.846303
17.631115,45.846336
17.631875,45.846424
17.632787,45.846525
17.626381,45.850452
17.626984,45.850529
17.627182,45.850217
17.628002,45.850307
17.628549,45.850209
17.62876,45.850634
17.628892,45.850334
17.628887,45.850788
17.629368,45.850345
17.629408,45.850702
17.630485,45.850458
17.630054,45.850711
17.630762,45.850454
17.631255,45.850533
17.631407,45.850488
17.631015,45.85082
17.631705,45.850523
17.63165,45.850852
17.63204,45.850497
17.631928,45.850875
17.632355,45.850501
17.632922,45.850621
17.633609,45.850636
17.634293,45.850709
17.634006,45.851044
17.635049,45.850748
17.634165,45.851057
17.635234,45.850795
17.634522,45.851084
17.635444,45.850778
17.634904,45.85111
17.636047,45.850875
17.635323,45.851119
17.636305,45.85091
17.637527,45.851296
17.636725,45.850901
17.637932,45.851313
17.637216,45.850915
17.638886,45.851369
17.639407,45.851414
17.638357,45.85098
17.63889,45.851057
17.640314,45.851508
17.640815,45.851501
17.639539,45.851092
17.641493,45.851547
17.640331,45.851152
17.640914,45.851185
17.472794,45.889804
17.47237,45.888531
17.472591,45.88857
17.472939,45.889911
17.472863,45.888656
17.473005,45.890097
17.473969,45.889072
17.473045,45.890259
17.474048,45.889237
17.474189,45.889334
17.473097,45.890641
17.474247,45.889569
17.474498,45.889864
17.473361,45.890897
17.474647,45.890057
17.473334,45.89106
17.474834,45.890091
17.551721,45.764963
17.549974,45.763125
17.551386,45.762564
17.549793,45.762932
17.550996,45.76276
17.551421,45.760382
17.550781,45.761825
17.551292,45.75915
17.550994,45.758705
17.550854,45.761292
17.550844,45.758259
17.550824,45.758043
17.550799,45.757832
17.550918,45.76088
17.55109,45.760413
17.55082,45.757522
17.551027,45.759595
17.550829,45.75724
17.550953,45.759468
17.550875,45.759263
17.551044,45.756663
17.550827,45.759032
17.550961,45.756487
17.550639,45.758765
17.550954,45.756206
17.550441,45.75822
17.550626,45.75539
17.550427,45.757958
17.550363,45.754874
17.550409,45.757805
17.550448,45.754448
17.550733,45.753959
17.550812,45.753851
17.551118,45.753505
17.550542,45.7571
17.550505,45.756905
17.551109,45.752417
17.550414,45.755846
17.551209,45.752103
17.550309,45.755598
17.551369,45.75193
17.550245,45.755388
17.552017,45.751372
17.550103,45.755086
17.552322,45.751163
17.553389,45.750243
17.549765,45.754543
17.550068,45.754149
17.550259,45.753965
17.550751,45.753484
17.550837,45.753292
17.550683,45.752798
17.55073,45.752367
17.473423,45.891453
17.474866,45.890291
17.473542,45.891629
17.475032,45.89057
17.475137,45.890741
17.475353,45.890912
17.475475,45.891225
17.473931,45.892615
17.475778,45.891372
17.474015,45.892736
17.475572,45.891594
17.475728,45.891755
17.474072,45.893034
17.475611,45.891943
17.475826,45.892045
17.474344,45.893761
17.475906,45.892317
17.474395,45.893927
17.475937,45.89277
17.475997,45.892887
17.475989,45.893014
17.475922,45.89315
17.474909,45.895039
17.476032,45.893294
17.474966,45.895209
17.476088,45.893453
17.476128,45.893793
17.475138,45.895751
17.476342,45.894125
17.476322,45.894657
17.4763,45.894759
17.478725,45.896544
17.478003,45.897299
17.478171,45.898022
17.478428,45.898121
17.478245,45.89811
17.550822,45.752186
17.551795,45.75119
17.55288,45.750336
17.55312,45.750083
17.582779,45.753117
17.582904,45.75243
17.5829,45.75297
17.583154,45.752208
17.583103,45.752724
17.583335,45.752048
17.583342,45.752598
17.583476,45.752479
17.583694,45.751841
17.583583,45.752378
17.583848,45.751733
17.583799,45.752186
17.584187,45.751303
17.584064,45.752035
17.584383,45.751142
17.584241,45.751941
17.584954,45.749861
17.584627,45.750688
17.584557,45.751597
17.585909,45.749807
17.58499,45.751208
17.585535,45.750642
17.585685,45.750488
17.585785,45.750372
17.585914,45.750303
17.586081,45.7502
17.586474,45.749865
17.586998,45.749732
17.593596,45.747775
17.587694,45.749574
17.588134,45.749481
17.595158,45.747312
17.588405,45.749456
17.588688,45.749353
17.588994,45.749294
17.572488,45.756274
17.572562,45.75597
17.571412,45.755265
17.569997,45.753989
17.582103,45.750565
17.581324,45.749957
17.578485,45.748538
17.357258,45.89947
17.356859,45.899444
17.356614,45.899433
17.357195,45.8991
17.356963,45.898941
17.356688,45.899038
17.355193,45.899341
17.356444,45.89903
17.354704,45.899302
17.354554,45.899167
17.356126,45.89896
17.354073,45.899119
17.355872,45.898855
17.353444,45.898926
17.355672,45.898929
17.355481,45.898853
17.35296,45.898862
17.355243,45.898951
17.355078,45.898919
17.35494,45.8989
17.351663,45.898601
17.354702,45.898889
17.349742,45.898335
17.354361,45.898875
17.345343,45.899301
17.354122,45.898759
17.345138,45.899301
17.353817,45.898726
17.34482,45.899396
17.353527,45.898656
17.344609,45.899424
17.353284,45.898568
17.344435,45.899508
17.353031,45.898561
17.344193,45.899498
17.352846,45.898525
17.344052,45.899585
17.352648,45.898466
17.343866,45.8996
17.343491,45.899692
17.343309,45.899749
17.352113,45.898412
17.351935,45.898303
17.342895,45.899781
17.351732,45.898329
17.342665,45.899813
17.351553,45.898242
17.342268,45.899887
17.351357,45.898195
17.342061,45.89993
17.351172,45.898169
17.341879,45.899949
17.350884,45.898149
17.341725,45.900037
17.341529,45.900046
17.341336,45.90012
17.35005,45.898062
17.341156,45.900116
17.349837,45.898119
17.349574,45.898097
17.340775,45.900242
17.349225,45.897946
17.348992,45.898168
17.348737,45.898193
17.340185,45.900304
17.348529,45.898198
17.339931,45.900406
17.34809,45.898295
17.339641,45.900441
17.347779,45.898337
17.33926,45.900517
17.347581,45.898393
17.338674,45.900632
17.338332,45.900667
17.338105,45.900734
17.337922,45.900784
17.346987,45.898534
17.337729,45.90083
17.346781,45.898523
17.337523,45.900839
17.346603,45.898608
17.33733,45.900878
17.346409,45.898643
17.337059,45.900894
17.336833,45.900984
17.346072,45.898689
17.345877,45.898753
17.33574,45.901136
17.345631,45.898775
17.335313,45.901156
17.345376,45.898811
17.334952,45.901193
17.334596,45.901214
17.334458,45.901208
17.344644,45.898936
17.344387,45.898966
17.344236,45.899067
17.343933,45.899079
17.34371,45.899142
17.343245,45.899231
17.343031,45.899318
17.342808,45.899347
17.342539,45.899395
17.34225,45.89942
17.342053,45.899498
17.341838,45.899536
17.341529,45.899582
17.340853,45.899717
17.339504,45.899638
17.339195,45.900023
17.338864,45.899948
17.337742,45.900306
17.337447,45.900357
17.335928,45.900617
17.335443,45.900615
17.357533,45.899654
17.358718,45.899504
17.357761,45.899832
17.358598,45.899673
17.357875,45.899982
17.357905,45.900121
17.357954,45.900219
17.358603,45.900264
17.358091,45.900353
17.358165,45.900474
17.358696,45.900574
17.358145,45.900691
17.358837,45.900705
17.358286,45.90081
17.358835,45.90085
17.358353,45.900949
17.358983,45.901064
17.358409,45.901076
17.359044,45.901187
17.358433,45.901182
17.359064,45.901263
17.358545,45.901278
17.35927,45.901465
17.35938,45.90155
17.358802,45.901578
17.359462,45.901891
17.358799,45.901772
17.359534,45.902012
17.358914,45.901917
17.35954,45.902134
17.359001,45.90203
17.359663,45.902252
17.359131,45.902224
17.359665,45.90238
17.359758,45.902491
17.359063,45.902484
17.359871,45.90272
17.359271,45.90254
17.359313,45.902689
17.359937,45.903018
17.359344,45.902822
17.359953,45.90323
17.3593,45.903034
17.359994,45.903335
17.359322,45.903176
17.360143,45.903821
17.359415,45.9033
17.360189,45.903924
17.359477,45.903506
17.360289,45.904239
17.359429,45.903736
17.359141,45.90419
17.360577,45.904617
17.359994,45.904689
17.36043,45.904918
17.360809,45.904741
17.360849,45.905115
17.362126,45.905306
17.361097,45.905265
17.362374,45.905489
17.36132,45.90556
17.362739,45.90564
17.361517,45.905487
17.363317,45.905879
17.361754,45.905569
17.36366,45.906027
17.362031,45.905677
17.364165,45.905959
17.36242,45.905884
17.364136,45.90619
17.363357,45.906398
17.363659,45.90642
17.364082,45.906588
17.364453,45.906752
17.364899,45.906949
17.365699,45.90731
17.341446,45.882722
17.342159,45.883441
17.341227,45.882643
17.341976,45.883322
17.340813,45.882469
17.341589,45.883137
17.341273,45.882996
17.359009,45.899004
17.358584,45.899092
17.359175,45.898688
17.358925,45.898432
17.359247,45.898544
17.359,45.898088
17.359284,45.898324
17.359077,45.897926
17.359103,45.897826
17.359379,45.89799
17.359159,45.897715
17.359466,45.897859
17.359065,45.897556
17.35958,45.897714
17.359149,45.897445
17.35962,45.897545
17.359657,45.897361
17.359287,45.897216
17.359769,45.897251
17.359359,45.897077
17.359967,45.897005
17.359506,45.896969
17.359566,45.896838
17.359773,45.896628
17.360618,45.89588
17.360834,45.895531
17.360039,45.896285
17.360839,45.895317
17.36012,45.896076
17.360922,45.895174
17.361037,45.895
17.360239,45.895811
17.36026,45.895684
17.360299,45.895527
17.360143,45.895327
17.361414,45.894255
17.360469,45.895222
17.36145,45.894074
17.360571,45.895136
17.361524,45.893889
17.360659,45.894909
17.36172,45.893749
17.360614,45.894771
17.361783,45.893518
17.360864,45.894464
17.361862,45.893427
17.360924,45.89423
17.362029,45.893311
17.36097,45.893966
17.36216,45.893225
17.360786,45.893819
17.362147,45.893048
17.360826,45.893536
17.362234,45.892918
17.360531,45.892392
17.362377,45.892825
17.359998,45.892232
17.36236,45.892665
17.359437,45.89176
17.362603,45.892616
17.359247,45.891586
17.362569,45.892428
17.359088,45.891432
17.362718,45.892311
17.358666,45.891425
17.362825,45.892262
17.358076,45.89163
17.357865,45.89123
17.362892,45.892153
17.357707,45.891495
17.362949,45.89201
17.357516,45.891494
17.357354,45.8915
17.360234,45.891796
17.360516,45.891994
17.363064,45.891926
17.361506,45.89335
17.363152,45.891818
17.361668,45.8932
17.363242,45.8917
17.361766,45.893016
17.363348,45.891523
17.361886,45.892753
17.363539,45.891444
17.361999,45.892627
17.36365,45.891295
17.362057,45.892473
17.363666,45.891142
17.363793,45.890954
17.362314,45.892173
17.363887,45.890881
17.366623,45.890586
17.362461,45.891873
17.364588,45.890294
17.362647,45.891732
17.364554,45.89016
17.362978,45.891399
17.364721,45.890022
17.362981,45.891241
17.364838,45.889884
17.363099,45.891116
17.365046,45.889758
17.363224,45.890989
17.365235,45.889629
17.363301,45.890837
17.365046,45.88946
17.363483,45.890698
17.365359,45.889303
17.363681,45.890419
17.365389,45.889198
17.363823,45.890264
17.364243,45.889685
17.365384,45.889012
17.365628,45.888722
17.576753,45.756918
17.576487,45.75651
17.576045,45.756144
17.576074,45.75649
17.575844,45.755963
17.575352,45.755728
17.574895,45.755877
17.57517,45.755623
17.574769,45.755763
17.575082,45.755394
17.57469,45.755629
17.574935,45.755231
17.574602,45.755509
17.574524,45.755386
17.57468,45.75493
17.574411,45.755217
17.574345,45.755075
17.57448,45.754526
17.57446,45.754264
17.574142,45.754726
17.574304,45.754072
17.574046,45.754561
17.573972,45.754294
17.575841,45.754132
17.573932,45.75408
17.57386,45.753883
17.575544,45.753837
17.575496,45.75369
17.573617,45.753647
17.575489,45.753474
17.573172,45.75313
17.572224,45.752808
17.575626,45.753061
17.572068,45.75216
17.575062,45.752717
17.571802,45.751942
17.574544,45.75253
17.571597,45.75178
17.57455,45.752367
17.571323,45.751491
17.574391,45.752264
17.571162,45.751317
17.574296,45.752201
17.570861,45.751206
17.574258,45.751982
17.570407,45.750062
17.570052,45.749412
17.572756,45.751207
17.572492,45.750851
17.568275,45.748571
17.57217,45.750364
17.572079,45.750058
17.571831,45.749654
17.57174,45.749511
17.571541,45.749271
17.571494,45.751073
17.571368,45.750822
17.571192,45.750675
17.571044,45.750422
17.570914,45.750187
17.570543,45.749596
17.569447,45.748631
17.572038,45.762001
17.571897,45.761924
17.571746,45.761845
17.57076,45.761293
17.567207,45.761248
17.593657,45.768083
17.593871,45.768347
17.593276,45.768177
17.593636,45.768407
17.593067,45.768258
17.593438,45.768512
17.592843,45.76833
17.593233,45.768569
17.592623,45.768415
17.592377,45.768441
17.592565,45.768762
17.5921,45.768419
17.592335,45.768842
17.591944,45.768576
17.592236,45.769061
17.591893,45.768984
17.591515,45.768753
17.591421,45.76908
17.591297,45.768802
17.591069,45.76886
17.590991,45.769411
17.590618,45.769023
17.58967,45.769701
17.590353,45.769111
17.589011,45.769872
17.589507,45.769289
17.5887,45.76999
17.588148,45.769757
17.587761,45.769889
17.583871,45.771522
17.583351,45.771653
17.582734,45.771836
17.582278,45.772015
17.583392,45.771237
17.582656,45.77147
17.582294,45.771555
17.581794,45.771778
17.580959,45.759459
17.580118,45.758331
17.581142,45.759567
17.581254,45.758058
17.581253,45.759678
17.580865,45.759009
17.581826,45.759482
17.582393,45.760405
17.582361,45.759902
17.582704,45.760582
17.582672,45.760119
17.583033,45.760381
17.583215,45.760996
17.583641,45.761305
17.583802,45.761405
17.583961,45.761475
17.584071,45.761616
17.585341,45.761868
17.584424,45.761727
17.584576,45.761842
17.58493,45.762118
17.58653,45.762647
17.58513,45.762197
17.585253,45.762369
17.58545,45.762481
17.58562,45.762531
17.587759,45.763396
17.58616,45.762904
17.586519,45.763143
17.586603,45.763349
17.586825,45.763363
17.587336,45.763677
17.589924,45.764947
17.587755,45.763963
17.587948,45.764085
17.588327,45.764326
17.588472,45.764455
17.58867,45.764562
17.586488,45.749494
17.586373,45.74916
17.585626,45.748698
17.586125,45.748844
17.585413,45.748346
17.58608,45.748614
17.58596,45.748527
17.585769,45.748204
17.586865,45.747691
17.584831,45.746901
17.582253,45.745944
17.584634,45.746554
17.582556,45.745618
17.584851,45.746245
17.585189,45.74573
17.584312,45.746523
17.566928,45.767969
17.565292,45.768174
17.565012,45.768283
17.56472,45.7684
17.565051,45.7687
17.564251,45.768984
17.563954,45.769109
17.563621,45.769259
17.563103,45.769428
17.562079,45.769826
17.561964,45.769869
17.560079,45.770154
17.560544,45.770405
17.55935,45.770264
17.560068,45.770521
17.558639,45.770338
17.55787,45.770419
17.559203,45.770613
17.558822,45.770649
17.557062,45.770867
17.556128,45.770973
17.555217,45.770709
17.554681,45.770785
17.554336,45.770831
17.553784,45.770873
17.553504,45.77093
17.553614,45.771256
17.553227,45.770951
17.553317,45.771304
17.561304,45.764638
17.559752,45.764776
17.559514,45.764791
17.558236,45.764873
17.557782,45.764899
17.556128,45.765036
17.555831,45.765059
17.55549,45.76502
17.555275,45.765079
17.554156,45.765129
17.577717,45.757197
17.577597,45.757264
17.577508,45.757379
17.577462,45.75746
17.576701,45.757575
17.577347,45.757521
17.576603,45.757671
17.57723,45.7576
17.577177,45.757729
17.576402,45.757906
17.577059,45.757838
17.576942,45.757965
17.575895,45.758262
17.576866,45.758266
17.575687,45.758508
17.576778,45.758355
17.575386,45.758629
17.576492,45.758366
17.575175,45.758829
17.576556,45.758729
17.574993,45.758974
17.576218,45.75879
17.574923,45.759335
17.574391,45.75917
17.575978,45.758888
17.575817,45.759033
17.573914,45.760164
17.575686,45.75911
17.573356,45.760642
17.573305,45.761257
17.575121,45.760629
17.573151,45.761321
17.574152,45.760818
17.573269,45.761511
17.574059,45.760981
17.573096,45.761569
17.574046,45.761224
17.573136,45.761916
17.573875,45.761389
17.573051,45.762086
17.572886,45.762328
17.573517,45.762298
17.572652,45.762879
17.573475,45.762561
17.573348,45.762814
17.572614,45.763158
17.573217,45.763056
17.572349,45.763484
17.573219,45.763315
17.572426,45.763657
17.572381,45.763854
17.572084,45.763966
17.572798,45.76418
17.572285,45.764171
17.572149,45.764321
17.571868,45.764805
17.571861,45.764986
17.571633,45.765022
17.57173,45.765325
17.57156,45.765511
17.578035,45.756826
17.578151,45.756727
17.577683,45.756555
17.578363,45.756634
17.578445,45.756543
17.578548,45.756435
17.578315,45.756174
17.578457,45.755974
17.578936,45.756128
17.578901,45.75568
17.579317,45.755958
17.579153,45.755429
17.579395,45.755831
17.579553,45.755319
17.579562,45.75576
17.579667,45.755241
17.579685,45.755708
17.579997,45.754986
17.580088,45.755666
17.580069,45.755382
17.580485,45.754606
17.580303,45.755205
17.580705,45.754444
17.580497,45.755106
17.580824,45.754305
17.58095,45.754223
17.580855,45.754903
17.581082,45.754119
17.581002,45.754746
17.581223,45.754018
17.581324,45.753894
17.581412,45.754398
17.581404,45.753786
17.581518,45.753697
17.581598,45.753511
17.582162,45.753033
17.582336,45.753511
17.582499,45.7533
17.582465,45.752595
17.582627,45.753196
17.582801,45.752584
17.938909,45.6943
17.93953,45.694508
17.939018,45.694498
17.939452,45.695056
17.939926,45.695002
17.9396,45.695295
17.94025,45.695291
17.940357,45.695438
17.939759,45.695524
17.940525,45.695539
17.939888,45.695643
17.940669,45.695793
17.940047,45.695794
17.940277,45.696074
17.940668,45.695934
17.940401,45.696316
17.940849,45.696042
17.940894,45.696098
17.940979,45.696308
17.940777,45.696772
17.940898,45.696922
17.941176,45.696563
17.941155,45.697124
17.941282,45.69732
17.941505,45.696826
17.941249,45.697549
17.941679,45.696949
17.941667,45.697075
17.941581,45.697723
17.941748,45.697236
17.941736,45.697869
17.941909,45.698101
17.942111,45.697638
17.942184,45.697777
17.942104,45.698467
17.942333,45.697897
17.942396,45.698
17.938674,45.693364
17.939123,45.692904
17.938867,45.693367
17.939369,45.693006
17.938998,45.693336
17.939218,45.693102
17.939155,45.693332
17.941158,45.693042
17.939302,45.693304
17.941594,45.693225
17.939435,45.69328
17.941836,45.693335
17.939629,45.693275
17.942244,45.693512
17.939974,45.693232
17.942353,45.693585
17.940257,45.69323
17.942487,45.693678
17.94261,45.693731
17.940452,45.693188
17.943243,45.69389
17.94314,45.694753
17.940876,45.693257
17.942963,45.694746
17.941244,45.693382
17.941519,45.693487
17.942469,45.694838
17.941827,45.693689
17.942827,45.694193
17.938425,45.692736
17.937697,45.692471
17.938423,45.692522
17.937628,45.692258
17.937603,45.692138
17.937569,45.691941
17.938299,45.692214
17.9375,45.691728
17.938281,45.692123
17.937419,45.69162
17.938225,45.692028
17.937396,45.691366
17.938189,45.691817
17.937374,45.691293
17.938149,45.691455
17.937347,45.691142
17.937359,45.691031
17.938046,45.691249
17.937252,45.6909
17.937919,45.690971
17.93729,45.690707
17.937229,45.690569
17.937915,45.690885
17.937189,45.690411
17.937196,45.690236
17.937921,45.690525
17.937228,45.690066
17.937947,45.690453
17.937179,45.689881
17.937899,45.690369
17.937107,45.689756
17.937797,45.690229
17.937207,45.68959
17.937832,45.690093
17.937129,45.689413
17.93777,45.689942
17.937076,45.689153
17.937777,45.689755
17.937722,45.689548
17.937038,45.688886
17.937735,45.689344
17.937139,45.688646
17.93773,45.689158
17.936964,45.688537
17.937739,45.688916
17.936895,45.688294
17.937668,45.688774
17.936949,45.688189
17.938019,45.688598
17.936906,45.688044
17.936919,45.687907
17.937688,45.688349
17.936784,45.687752
17.937881,45.685878
17.938124,45.685954
17.936659,45.687441
17.937657,45.685646
17.935881,45.686968
17.937369,45.685634
17.936288,45.686499
17.937203,45.685497
17.936937,45.685397
17.935954,45.685487
17.936728,45.685293
17.935985,45.685316
17.935904,45.68514
17.936472,45.685112
17.935803,45.685061
17.935714,45.684959
17.936376,45.68487
17.936288,45.684714
17.935493,45.684842
17.936249,45.68458
17.935665,45.684317
17.936208,45.684501
17.935591,45.684121
17.93618,45.684366
17.935513,45.68394
17.936127,45.684235
17.935527,45.68386
17.935338,45.683713
17.936022,45.683895
17.93597,45.68376
17.935291,45.683421
17.935228,45.683286
17.935884,45.683554
17.935256,45.683082
17.935845,45.683427
17.935762,45.683311
17.935062,45.682692
17.93573,45.683155
17.935652,45.683001
17.93553,45.682762
17.935514,45.682591
17.93552,45.682458
17.935426,45.682278
17.937873,45.693108
17.938318,45.693439
17.937057,45.69287
17.938219,45.693454
17.936932,45.693035
17.938119,45.693501
17.936627,45.693146
17.938009,45.693489
17.936073,45.693286
17.937767,45.693566
17.935857,45.693336
17.937568,45.693581
17.935678,45.693362
17.937285,45.693554
17.935506,45.693422
17.9371,45.693621
17.93529,45.693399
17.936891,45.693636
17.93514,45.693403
17.936774,45.693656
17.934906,45.693432
17.934804,45.693501
17.93634,45.693735
17.93462,45.693539
17.93437,45.693526
17.936005,45.693759
17.934199,45.693559
17.935873,45.693764
17.933989,45.693601
17.935768,45.693806
17.933861,45.693608
17.935577,45.693745
17.933644,45.693431
17.933492,45.693636
17.933292,45.69365
17.935341,45.693873
17.933072,45.693699
17.935201,45.693864
17.932954,45.693732
17.935029,45.693934
17.932589,45.693769
17.932288,45.693795
17.93459,45.693976
17.932127,45.693837
17.934399,45.69394
17.931998,45.69385
17.934126,45.69402
17.931862,45.69382
17.931676,45.693927
17.933812,45.694038
17.931486,45.693935
17.933656,45.694051
17.933507,45.694065
17.933347,45.694141
17.931055,45.693981
17.933096,45.694184
17.930844,45.693979
17.932835,45.694179
17.932655,45.694205
17.930602,45.693955
17.932523,45.694207
17.930371,45.69397
17.932385,45.694251
17.930179,45.693949
17.932277,45.694264
17.930004,45.693914
17.932165,45.694296
17.929861,45.693893
17.932044,45.694283
17.929588,45.693847
17.931738,45.694305
17.929279,45.693784
17.931559,45.694348
17.929046,45.693763
17.931355,45.694366
17.928187,45.693558
17.931111,45.694406
17.930873,45.694427
17.930666,45.694388
17.930379,45.694474
17.930235,45.694453
17.930006,45.694479
17.929885,45.694484
17.929473,45.694682
17.929359,45.694504
17.582282,45.890406
17.582079,45.890849
17.582554,45.890471
17.582272,45.890814
17.582786,45.890436
17.582629,45.89081
17.583076,45.890494
17.582938,45.890876
17.583169,45.890884
17.58384,45.890446
17.583612,45.890956
17.584228,45.890483
17.583922,45.890907
17.584777,45.890496
17.58432,45.890955
17.585081,45.890475
17.584729,45.891817
17.585853,45.89048
17.586842,45.89044
17.586029,45.890908
17.587069,45.890419
17.586427,45.89095
17.58735,45.890357
17.586672,45.890969
17.586908,45.890886
17.588446,45.890354
17.587274,45.890866
17.58891,45.890405
17.587533,45.890894
17.58951,45.890359
17.587936,45.890898
17.589641,45.890248
17.588377,45.890833
17.589836,45.890298
17.588597,45.89084
17.590336,45.89001
17.588747,45.890809
17.590848,45.890258
17.588968,45.890996
17.591249,45.890198
17.589289,45.890909
17.591441,45.890226
17.589422,45.890764
17.591936,45.890215
17.590128,45.890777
17.592967,45.890121
17.590581,45.890748
17.593262,45.890026
17.590781,45.89072
17.593552,45.890113
17.591015,45.890732
17.593761,45.890112
17.594411,45.890021
17.591385,45.890699
17.59179,45.890702
17.591995,45.89066
17.595032,45.889976
17.592155,45.890631
17.595235,45.889951
17.592508,45.890631
17.592656,45.890577
17.592946,45.890556
17.596194,45.889673
17.593166,45.890553
17.596473,45.889616
17.593405,45.890639
17.596831,45.889419
17.593607,45.89053
17.597767,45.888892
17.593719,45.890512
17.598378,45.888628
17.593911,45.890476
17.59854,45.888296
17.594056,45.890459
17.598537,45.888116
17.598502,45.887968
17.594819,45.890516
17.595044,45.890395
17.595232,45.89039
17.598744,45.887469
17.59534,45.890385
17.598854,45.887129
17.598957,45.88686
17.603164,45.898156
17.598961,45.88676
17.599118,45.886532
17.599186,45.892734
17.598781,45.892544
17.599312,45.885819
17.598424,45.892357
17.599393,45.885691
17.598263,45.892264
17.599455,45.885509
17.596063,45.891505
17.59951,45.885369
17.599605,45.88517
17.596107,45.891037
17.596113,45.890576
17.599573,45.885024
17.596183,45.890381
17.596183,45.890184
17.596514,45.889991
17.599745,45.884527
17.596729,45.889829
17.59984,45.884354
17.597043,45.889685
17.597213,45.889588
17.597421,45.889502
17.597704,45.889406
17.598172,45.889214
17.600194,45.883344
17.600386,45.88939
17.600264,45.883207
17.600453,45.882474
17.601317,45.88964
17.600125,45.882049
17.601513,45.889723
17.600026,45.881835
17.601675,45.889822
17.599843,45.881634
17.599617,45.881324
17.602304,45.890411
17.602974,45.890579
17.599347,45.881057
17.603535,45.890723
17.599153,45.880735
17.598854,45.880342
17.600502,45.888697
17.598706,45.88014
17.600111,45.888974
17.598592,45.879962
17.598864,45.888738
17.598407,45.879814
17.598941,45.888482
17.598239,45.879659
17.599037,45.888322
17.599156,45.888035
17.599225,45.887686
17.599311,45.887519
17.599346,45.887292
17.597116,45.878051
17.599562,45.886842
17.599647,45.886638
17.599775,45.886025
17.600096,45.885536
17.600074,45.885237
17.600267,45.884928
17.600648,45.883607
17.600815,45.883249
17.600695,45.882187
17.600303,45.881537
17.600131,45.881174
17.598845,45.879742
17.598649,45.879519
17.59777,45.878367
17.597573,45.877926
17.588566,45.904674
17.589176,45.905884
17.589278,45.906856
17.588988,45.908115
17.589098,45.910399
17.589347,45.90809
17.589413,45.908757
17.588905,45.91257
17.589669,45.910352
17.815129,45.677991
17.816993,45.678459
17.818379,45.68158
17.818704,45.682738
17.948511,45.636755
17.948927,45.63535
17.948487,45.637
17.94899,45.63566
17.948628,45.637405
17.948919,45.635946
17.948955,45.63619
17.94862,45.637598
17.949024,45.636654
17.948676,45.637742
17.948609,45.637947
17.9491,45.637068
17.948635,45.638147
17.949074,45.637232
17.948658,45.638336
17.949176,45.63762
17.948667,45.638718
17.949164,45.637826
17.948706,45.639118
17.949185,45.637924
17.948747,45.639266
17.948785,45.639533
17.949201,45.638288
17.948769,45.639782
17.949282,45.638423
17.948653,45.63994
17.94928,45.638519
17.94838,45.640083
17.94923,45.638611
17.948485,45.640289
17.949372,45.63879
17.948431,45.64043
17.949299,45.638965
17.948347,45.640594
17.949314,45.639296
17.948273,45.640769
17.949315,45.639615
17.949222,45.639933
17.948161,45.641064
17.949107,45.640121
17.947997,45.641248
17.949067,45.640425
17.94786,45.641577
17.948958,45.640495
17.947773,45.641925
17.948908,45.640578
17.947561,45.642253
17.94876,45.640911
17.94746,45.642423
17.948738,45.641085
17.947411,45.642589
17.948633,45.641207
17.947306,45.642699
17.94856,45.641384
17.947272,45.642831
17.948426,45.641691
17.94717,45.643064
17.948267,45.642004
17.947124,45.643252
17.946946,45.643546
17.948063,45.642499
17.946786,45.643876
17.947891,45.642689
17.947815,45.642928
17.947693,45.64316
17.947614,45.643303
17.947279,45.644277
17.947244,45.644795
17.934468,45.566911
17.933473,45.567069
17.934121,45.566646
17.933584,45.566951
17.934229,45.566552
17.933607,45.566812
17.93368,45.566529
17.933653,45.566253
17.933692,45.566111
17.93382,45.56573
17.934786,45.565285
17.929055,45.566094
17.929148,45.565676
17.929178,45.565545
17.929204,45.56542
17.929361,45.565159
17.9294,45.565022
17.929478,45.564768
17.926659,45.570195
17.929043,45.568473
17.928768,45.568118
17.929207,45.567634
17.929617,45.567393
17.934071,45.564616
17.922297,45.562519
17.922794,45.562878
17.923574,45.5634
17.924318,45.563193
17.926681,45.565431
17.926795,45.565504
17.924841,45.563556
17.926921,45.565594
17.927128,45.565717
17.927241,45.565852
17.925965,45.564325
17.927373,45.565984
17.926211,45.564567
17.927548,45.565999
17.926696,45.564897
17.927959,45.566272
17.926976,45.564937
17.928087,45.566368
17.927131,45.565143
17.928318,45.566519
17.927458,45.565395
17.928471,45.566639
17.927703,45.56557
17.928617,45.566717
17.927951,45.565733
17.928739,45.5668
17.928114,45.565833
17.930726,45.56816
17.931195,45.568469
17.9287,45.566248
17.931433,45.568638
17.929042,45.566479
17.931601,45.56884
17.929452,45.566696
17.931873,45.568995
17.929701,45.566862
17.932017,45.569025
17.930337,45.567141
17.932147,45.569111
17.932264,45.56917
17.931234,45.567748
17.932343,45.569323
17.931265,45.567907
17.93164,45.568146
17.935513,45.570672
17.932608,45.569399
17.9362,45.571144
17.932824,45.569549
17.93305,45.569729
17.933228,45.569833
17.933451,45.569967
17.933739,45.570151
17.934069,45.570376
17.933804,45.568015
17.933145,45.568253
17.933822,45.5677
17.933256,45.568075
17.933894,45.567459
17.933397,45.567755
17.933952,45.567355
17.933389,45.567605
17.934018,45.5672
17.93413,45.566963
17.93346,45.567203
17.465368,45.876642
17.465615,45.876321
17.465562,45.87688
17.465867,45.876648
17.465814,45.877067
17.46614,45.876883
17.465949,45.877366
17.466583,45.877318
17.466205,45.877562
17.466765,45.877573
17.466265,45.877859
17.467104,45.87791
17.466588,45.878049
17.467527,45.87838
17.466838,45.878261
17.467885,45.87881
17.467062,45.878452
17.468213,45.879165
17.467287,45.878678
17.467458,45.878936
17.468708,45.879665
17.467741,45.879273
17.445708,45.878746
17.445466,45.878869
17.445272,45.878953
17.448205,45.877675
17.445075,45.879037
17.444894,45.879145
17.447844,45.877814
17.444736,45.879155
17.44763,45.877909
17.444593,45.879255
17.447278,45.878144
17.443965,45.879339
17.447095,45.878201
17.443808,45.879434
17.446975,45.878374
17.44364,45.879444
17.446741,45.878412
17.443441,45.879429
17.446544,45.878467
17.443248,45.879478
17.446308,45.878589
17.443043,45.879538
17.446162,45.878683
17.442525,45.879653
17.446067,45.878825
17.442134,45.879787
17.445949,45.878967
17.441904,45.879724
17.445766,45.87907
17.441731,45.87993
17.44558,45.87914
17.441451,45.879964
17.44537,45.879285
17.441144,45.879994
17.445032,45.879355
17.444882,45.879394
17.444683,45.879502
17.444486,45.879533
17.444325,45.879587
17.443804,45.879712
17.44362,45.879815
17.44342,45.879789
17.443236,45.879813
17.443053,45.879802
17.442779,45.879911
17.4425,45.879963
17.442243,45.879991
17.441967,45.880111
17.441436,45.880199
17.441259,45.880263
17.441083,45.880306
17.44091,45.880385
17.447328,45.876247
17.446888,45.876281
17.446417,45.876344
17.446138,45.876256
17.445936,45.8764
17.445673,45.876467
17.445468,45.876525
17.445151,45.876535
17.444923,45.876521
17.44478,45.876601
17.444612,45.876629
17.444483,45.876564
17.444512,45.876789
17.444834,45.876904
17.444923,45.87701
17.444976,45.8772
17.444983,45.877313
17.445019,45.877462
17.445044,45.877765
17.447652,45.875401
17.447036,45.874838
17.446961,45.874478
17.44755,45.874204
17.446845,45.874183
17.446765,45.87392
17.446778,45.873645
17.445841,45.8733
17.446743,45.873241
17.446681,45.872803
17.44664,45.872582
17.447723,45.876111
17.449245,45.876317
17.447887,45.876033
17.449543,45.87624
17.448106,45.875989
17.449691,45.876245
17.448308,45.875968
17.449956,45.876121
17.448582,45.875929
17.450255,45.876132
17.448848,45.875891
17.450469,45.876089
17.449097,45.875843
17.449321,45.875795
17.450842,45.87593
17.449546,45.875838
17.449743,45.875819
17.44992,45.875816
17.450068,45.875742
17.451729,45.875768
17.450262,45.875726
17.451853,45.875697
17.450423,45.87563
17.451991,45.875578
17.450605,45.875595
17.452139,45.875519
17.452484,45.875388
17.451349,45.87545
17.452675,45.875399
17.451823,45.875333
17.452831,45.875347
17.452997,45.875113
17.453272,45.875101
17.452331,45.875056
17.45347,45.875004
17.452529,45.874954
17.453701,45.874897
17.452747,45.874918
17.45388,45.874763
17.454048,45.874742
17.453154,45.874713
17.454214,45.874669
17.45344,45.874607
17.454502,45.874604
17.453507,45.874418
17.454624,45.874558
17.453979,45.874409
17.454735,45.874512
17.454123,45.874306
17.454364,45.874275
17.45457,45.874239
17.455248,45.874396
17.454677,45.87417
17.455103,45.874089
17.455712,45.874259
17.455315,45.874023
17.456068,45.874141
17.455593,45.873992
17.456305,45.874094
17.455761,45.873764
17.456739,45.87392
17.455959,45.873769
17.456989,45.873842
17.456198,45.873819
17.456299,45.873668
17.457719,45.87366
17.456552,45.87364
17.457897,45.873587
17.456734,45.873629
17.458057,45.873485
17.456861,45.873519
17.458279,45.873527
17.458663,45.873361
17.457613,45.873367
17.458882,45.873291
17.457849,45.873294
17.459119,45.873261
17.458065,45.873221
17.459313,45.873144
17.458197,45.873093
17.459572,45.873135
17.45835,45.873107
17.459814,45.873077
17.458536,45.87305
17.458737,45.873007
17.460327,45.872967
17.460456,45.872832
17.459153,45.872832
17.460693,45.872797
17.460998,45.872835
17.459589,45.872749
17.461152,45.872631
17.461596,45.872513
17.460538,45.872516
17.460755,45.872416
17.460985,45.872335
17.461252,45.872258
17.462614,45.872227
17.463013,45.872082
17.462045,45.872021
17.462596,45.87186
17.463199,45.871961
17.462643,45.871719
17.463403,45.87188
17.46368,45.871763
17.463042,45.87171
17.463147,45.871677
17.46339,45.871626
17.463533,45.871553
17.463696,45.871447
17.463906,45.871372
17.430507,45.893806
17.430139,45.893685
17.430093,45.89348
17.429935,45.893325
17.430902,45.893647
17.430654,45.893407
17.430725,45.894045
17.430949,45.894247
17.431384,45.893714
17.431136,45.894474
17.431324,45.894641
17.431577,45.894856
17.431732,45.894948
17.432048,45.895117
17.432321,45.895316
17.431567,45.894294
17.432475,45.895515
17.431758,45.894437
17.432695,45.895762
17.432965,45.895903
17.432192,45.894782
17.433156,45.896094
17.432386,45.894925
17.433305,45.896281
17.432609,45.895068
17.433561,45.896463
17.432738,45.895217
17.433741,45.896639
17.433047,45.895327
17.433913,45.896856
17.434021,45.896938
17.433073,45.895514
17.434095,45.897039
17.434235,45.897148
17.43334,45.895643
17.434434,45.897476
17.433448,45.895809
17.434673,45.89766
17.433613,45.895946
17.434762,45.897875
17.434994,45.897993
17.43503,45.898125
17.433895,45.896243
17.435073,45.898246
17.43405,45.89637
17.435297,45.898423
17.435425,45.898642
17.434199,45.896477
17.435585,45.898871
17.434361,45.896629
17.435742,45.89906
17.434463,45.896784
17.435947,45.899261
17.435708,45.899162
17.434629,45.896939
17.436111,45.899467
17.434883,45.89724
17.436305,45.899678
17.435065,45.89738
17.436536,45.89998
17.437637,45.900873
17.435123,45.897564
17.43528,45.897679
17.439433,45.902108
17.435368,45.897873
17.43959,45.902279
17.439489,45.902461
17.435509,45.898024
17.43975,45.902792
17.435639,45.898183
17.439991,45.902972
17.435778,45.898423
17.439915,45.903112
17.440003,45.903219
17.436118,45.898661
17.440199,45.903383
17.43618,45.898845
17.440345,45.903569
17.436396,45.898944
17.440424,45.903682
17.436379,45.899131
17.440587,45.903884
17.436522,45.899321
17.4406,45.904198
17.436679,45.899538
17.441043,45.904346
17.436865,45.899763
17.438297,45.900804
17.441685,45.905094
17.438482,45.900905
17.441696,45.90523
17.438623,45.901014
17.438818,45.901046
17.441611,45.905354
17.439039,45.901213
17.44156,45.905521
17.439275,45.901445
17.441525,45.905682
17.439423,45.90159
17.441433,45.905915
17.439592,45.901749
17.441382,45.906028
17.439907,45.901899
17.441158,45.906527
17.439948,45.902063
17.441103,45.906633
17.440044,45.90221
17.441022,45.906814
17.440165,45.902364
17.440991,45.906986
17.440307,45.902633
17.440231,45.902497
17.440932,45.907144
17.440407,45.902744
17.440763,45.907289
17.44046,45.902879
17.440818,45.907536
17.440626,45.903215
17.440675,45.907625
17.440834,45.903535
17.440604,45.907913
17.441057,45.903695
17.440709,45.9081
17.441458,45.90392
17.440627,45.908271
17.441533,45.904119
17.440601,45.90844
17.441923,45.90435
17.440585,45.908611
17.44198,45.904512
17.440547,45.90878
17.442111,45.904612
17.440481,45.908965
17.44214,45.90466
17.440357,45.909053
17.442215,45.904977
17.440356,45.909218
17.442217,45.905076
17.440231,45.909437
17.442089,45.905395
17.436943,45.912119
17.438805,45.910412
17.442059,45.905519
17.440507,45.910219
17.442043,45.905811
17.441803,45.910396
17.441946,45.905928
17.442053,45.910531
17.44186,45.906097
17.442175,45.910646
17.441868,45.906288
17.442291,45.910741
17.441731,45.906376
17.442377,45.91093
17.441646,45.906734
17.442548,45.911065
17.441547,45.906879
17.441475,45.90705
17.441454,45.907214
17.442927,45.911264
17.441401,45.907396
17.443112,45.911389
17.441374,45.907648
17.443241,45.911652
17.441258,45.907842
17.44358,45.911759
17.443682,45.91195
17.441235,45.908036
17.443868,45.912049
17.441227,45.908281
17.444278,45.912295
17.44122,45.908384
17.441163,45.90859
17.444608,45.912631
17.441232,45.908884
17.444769,45.91278
17.441232,45.909038
17.444903,45.912906
17.441254,45.909172
17.441255,45.909314
17.445428,45.913451
17.441552,45.909475
17.4416,45.909613
17.445964,45.913793
17.446223,45.914125
17.441728,45.909766
17.446406,45.914273
17.446528,45.914428
17.442035,45.909892
17.442033,45.910006
17.446663,45.914556
17.442274,45.910122
17.44714,45.915232
17.44242,45.910355
17.44239,45.910211
17.447157,45.915402
17.442638,45.910454
17.442728,45.910607
17.44307,45.910708
17.443035,45.910857
17.443215,45.911
17.443339,45.911141
17.443698,45.911401
17.444109,45.911676
17.444641,45.912178
17.445586,45.912893
17.445761,45.913088
17.446929,45.913995
17.445973,45.913279
17.446594,45.91351
17.447145,45.914326
17.51472,45.855739
17.514552,45.855704
17.514315,45.855929
17.514229,45.85559
17.514096,45.855936
17.514015,45.855474
17.514047,45.855777
17.513694,45.855357
17.513868,45.85572
17.513361,45.855149
17.513138,45.855106
17.513478,45.855563
17.512906,45.854993
17.513313,45.855531
17.512703,45.854799
17.513186,45.855414
17.512511,45.854673
17.513023,45.855342
17.51207,45.854354
17.512867,45.855226
17.51177,45.854212
17.512653,45.855238
17.511591,45.854052
17.512581,45.855051
17.516659,45.856137
17.51692,45.856174
17.516867,45.855871
17.517286,45.855799
17.517887,45.855964
17.517996,45.855953
17.518117,45.855941
17.517811,45.855669
17.518041,45.855605
17.518073,45.85547
17.518645,45.855879
17.518346,45.855458
17.518619,45.855489
17.518925,45.855662
17.51912,45.855649
17.51908,45.85534
17.519302,45.855575
17.519323,45.855276
17.519545,45.855208
17.51965,45.855477
17.519729,45.855075
17.519924,45.855381
17.520197,45.855278
17.520251,45.855188
17.520329,45.854683
17.52032,45.855121
17.520411,45.854486
17.520382,45.855039
17.520625,45.85435
17.52053,45.854956
17.520903,45.854227
17.521222,45.854055
17.521301,45.853958
17.520941,45.854659
17.521513,45.853772
17.521756,45.853718
17.521105,45.854514
17.522042,45.853554
17.522306,45.853375
17.522883,45.853037
17.521695,45.854032
17.523138,45.853118
17.521827,45.853966
17.52333,45.853114
17.521982,45.853905
17.523555,45.853096
17.522093,45.853803
17.523812,45.85302
17.522306,45.853677
17.524072,45.853
17.52428,45.852931
17.522901,45.85343
17.524542,45.852882
17.523463,45.853441
17.524911,45.852864
17.525109,45.852785
17.523809,45.853402
17.524263,45.853325
17.528383,45.852668
17.525744,45.852693
17.529313,45.852629
17.530253,45.852672
17.532539,45.852954
17.526472,45.852624
17.534195,45.853224
17.526984,45.852491
17.527223,45.852482
17.527476,45.852464
17.527725,45.852392
17.527972,45.852353
17.528219,45.85237
17.528462,45.852353
17.528712,45.852358
17.528937,45.852348
17.529207,45.852345
17.529441,45.852341
17.529691,45.852331
17.53029,45.852386
17.530743,45.852306
17.531126,45.85236
17.531244,45.852392
17.531779,45.852554
17.531921,45.852572
17.532282,45.8526
17.535083,45.852999
17.535583,45.853232
17.516592,45.856933
17.516029,45.856946
17.516771,45.857081
17.516884,45.85718
17.517233,45.85743
17.516431,45.8573
17.517245,45.857565
17.516538,45.857467
17.516634,45.85765
17.517476,45.857834
17.516807,45.857753
17.517481,45.857994
17.517562,45.858119
17.516967,45.858039
17.517751,45.858379
17.517134,45.858238
17.517742,45.858523
17.517156,45.858393
17.517822,45.858666
17.517405,45.858742
17.518062,45.858894
17.517527,45.858919
17.517617,45.859064
17.518214,45.859128
17.517672,45.859194
17.518259,45.859284
17.517823,45.859346
17.517917,45.859623
17.518406,45.859438
17.518061,45.859998
17.518235,45.860403
17.518489,45.860769
17.518438,45.85961
17.518653,45.861324
17.518826,45.861804
17.518495,45.859717
17.518638,45.859968
17.518943,45.862163
17.518978,45.86066
17.519065,45.862323
17.519246,45.861452
17.519104,45.8625
17.519267,45.86173
17.519095,45.862644
17.519345,45.861878
17.519143,45.862812
17.519258,45.862995
17.519424,45.862003
17.519257,45.863197
17.519499,45.862159
17.519482,45.862276
17.519325,45.863407
17.519501,45.862427
17.519361,45.863586
17.519304,45.863727
17.519532,45.862542
17.519664,45.864887
17.51971,45.865049
17.519733,45.863165
17.519922,45.865388
17.519795,45.863385
17.519862,45.863592
17.519928,45.863759
17.51994,45.865679
17.520059,45.864234
17.520098,45.864416
17.519995,45.865863
17.52012,45.864605
17.519975,45.866058
17.520193,45.864845
17.520094,45.866204
17.520309,45.865446
17.52012,45.866382
17.521016,45.865969
17.520703,45.866821
17.52017,45.866667
17.520871,45.867533
17.520361,45.867398
17.520474,45.867721
17.521321,45.869318
17.520604,45.868287
17.521565,45.870209
17.520636,45.868826
17.523012,45.87309
17.520812,45.869094
17.520869,45.869449
17.520799,45.870429
17.505917,45.853941
17.505914,45.853506
17.505371,45.853372
17.505908,45.853252
17.505343,45.853262
17.505898,45.853039
17.505305,45.853026
17.505781,45.852803
17.505311,45.852811
17.505728,45.852489
17.505279,45.852586
17.505755,45.852246
17.505206,45.852402
17.505705,45.851999
17.505182,45.852206
17.505793,45.851537
17.505175,45.85197
17.505144,45.851758
17.505513,45.851023
17.505048,45.851563
17.505478,45.850753
17.505029,45.851328
17.50542,45.850512
17.505401,45.850314
17.504976,45.850907
17.505369,45.850118
17.504955,45.850647
17.505344,45.849949
17.504909,45.850499
17.505395,45.849763
17.504897,45.850264
17.50537,45.849575
17.504849,45.849686
17.505274,45.849396
17.504731,45.849352
17.505344,45.849203
17.505216,45.849034
17.504639,45.849027
17.505309,45.848859
17.504606,45.848886
17.504591,45.848291
17.505157,45.848522
17.504575,45.848097
17.505121,45.848342
17.505174,45.84817
17.505101,45.848012
17.504389,45.846603
17.505062,45.847832
17.505011,45.847504
17.504975,45.847197
17.504932,45.846585
17.504905,45.846426
17.504795,45.845809
17.504887,45.84559
17.505104,45.854641
17.504477,45.854373
17.504674,45.854777
17.50439,45.854739
17.503292,45.854557
17.503866,45.854853
17.503032,45.854575
17.503532,45.854854
17.503265,45.854881
17.502779,45.855006
17.501597,45.85474
18.015439,45.618518
18.016055,45.622101
18.016348,45.622181
18.019372,45.623
18.019749,45.62309
18.020119,45.623189
18.032901,45.626603
18.035206,45.62666
17.568862,45.774811
17.569485,45.774707
17.569493,45.774399
17.570152,45.774896
17.570665,45.774235
17.571508,45.77409
17.573237,45.773874
17.576895,45.773654
17.576262,45.773444
17.57547,45.772253
17.576514,45.773241
17.565314,45.775408
17.56499,45.775537
17.564329,45.775714
17.563417,45.775478
17.564029,45.775806
17.561199,45.776684
17.56074,45.776807
17.559261,45.777269
17.55842,45.777525
17.557939,45.777667
17.570524,45.784366
17.570268,45.784794
17.569676,45.784904
17.562912,45.785583
17.564784,45.785662
17.56443,45.78573
17.563012,45.78594
17.569308,45.776306
17.569464,45.776779
17.569245,45.77782
17.569967,45.778331
17.569644,45.779225
17.57028,45.779466
17.569716,45.779548
17.569765,45.779831
17.570471,45.780017
17.569883,45.780051
17.570556,45.780267
17.569882,45.78044
17.570552,45.780434
17.570644,45.780701
17.570075,45.780775
17.570761,45.781104
17.570126,45.780944
17.570826,45.781366
17.571063,45.781936
17.570517,45.782065
17.571322,45.782838
17.570678,45.782668
17.571379,45.783131
17.570747,45.782957
17.570844,45.783261
17.57161,45.783623
17.571632,45.784079
17.571294,45.785247
17.571863,45.785136
17.57162,45.78646
17.560036,45.787298
17.559655,45.787867
17.558351,45.788828
17.568924,45.772334
17.569274,45.772292
17.569391,45.771916
17.569785,45.771534
17.561895,45.782006
17.561595,45.782376
17.562056,45.782588
17.561691,45.782716
17.5623,45.783424
17.561926,45.783495
17.561927,45.783654
17.562122,45.784308
17.41417,45.887088
17.414348,45.887168
17.414737,45.887363
17.4146,45.886875
17.414981,45.887076
17.415286,45.887252
17.413632,45.887609
17.412399,45.888263
17.412866,45.888059
17.413067,45.888056
17.415917,45.88751
17.416722,45.887922
17.417035,45.888098
17.413247,45.888072
17.417327,45.888241
17.417543,45.888322
17.417792,45.888227
17.413721,45.887952
17.41802,45.888345
17.413942,45.887797
17.418032,45.888527
17.418143,45.888607
17.41832,45.888671
17.4144,45.887666
17.418949,45.888761
17.414606,45.887593
17.419042,45.889016
17.414835,45.887564
17.419286,45.889097
17.419606,45.889328
17.415422,45.887753
17.42029,45.889043
17.416163,45.888147
17.420443,45.888806
17.416533,45.888262
17.416728,45.888327
17.420069,45.88953
17.417022,45.888584
17.420229,45.889638
17.41853,45.889248
17.418981,45.889513
17.420985,45.889836
17.419318,45.889672
17.419417,45.88974
17.421203,45.88998
17.419662,45.889835
17.421408,45.8901
17.419946,45.889937
17.421629,45.890202
17.420273,45.890075
17.420451,45.890167
17.422076,45.890411
17.420839,45.890363
17.422248,45.890662
17.419939,45.89142
17.422572,45.890796
17.419689,45.891664
17.42273,45.890903
17.419538,45.891895
17.419441,45.892004
17.41933,45.892139
17.423197,45.891095
17.419217,45.892404
17.419065,45.892629
17.420302,45.893051
17.419059,45.893542
17.421216,45.890523
17.421386,45.890688
17.421635,45.890779
17.421821,45.890856
17.422031,45.890954
17.422258,45.891069
17.422415,45.891188
17.422823,45.891323
17.423218,45.891556
17.423464,45.891697
17.424274,45.892048
17.4246,45.892191
17.424795,45.892265
17.471873,45.933368
17.471229,45.932528
17.47185,45.932132
17.471204,45.932239
17.472165,45.932057
17.471018,45.932012
17.472491,45.931932
17.470702,45.931575
17.47057,45.93133
17.473166,45.93172
17.473486,45.931623
17.470454,45.93053
17.470647,45.930718
17.470792,45.930877
17.470887,45.93113
17.471435,45.931864
17.471658,45.931873
17.47199,45.931759
17.472324,45.931654
17.472636,45.931544
17.472943,45.931405
17.473275,45.931303
17.473616,45.93121
17.920744,45.668473
17.920588,45.66809
17.920619,45.666864
17.921231,45.667297
17.954302,45.614134
17.965701,45.613485
17.958957,45.613318
17.95494,45.613854
17.956713,45.613668
17.966084,45.61309
17.963846,45.61388
17.967655,45.613442
17.964272,45.613801
17.967848,45.613482
17.964371,45.613809
17.964589,45.613804
17.968225,45.613643
17.965076,45.613836
17.968424,45.613739
17.96546,45.613818
17.968626,45.613821
17.965816,45.613908
17.969372,45.614118
17.966209,45.613952
17.966448,45.613983
17.969562,45.614294
17.969752,45.614371
17.966592,45.614055
17.966721,45.614127
17.969955,45.614682
17.966914,45.614219
17.970085,45.614806
17.967108,45.614287
17.967203,45.614366
17.970346,45.614988
17.970643,45.6149
17.967493,45.61448
17.970629,45.615074
17.967697,45.614609
17.970772,45.615139
17.967896,45.614687
17.97095,45.615189
17.968194,45.61485
17.971139,45.615269
17.968695,45.615128
17.971275,45.615312
17.968956,45.615334
17.969298,45.615343
17.97161,45.615448
17.969391,45.615423
17.971771,45.615542
17.96963,45.615534
17.971971,45.615676
17.972229,45.615789
17.970313,45.61589
17.972308,45.61581
17.970489,45.615976
17.972607,45.615951
17.972808,45.615996
17.970632,45.616184
17.972984,45.616095
17.97084,45.616347
17.973529,45.616242
17.971047,45.616289
17.973777,45.616249
17.971099,45.616374
17.973926,45.616313
17.971466,45.616436
17.974241,45.616399
17.971636,45.616494
17.974737,45.616565
17.971961,45.616673
17.974877,45.616616
17.975132,45.616598
17.972584,45.616951
17.976475,45.616924
17.972731,45.617032
17.976619,45.617012
17.9728,45.617085
17.972944,45.617148
17.977544,45.617358
17.973209,45.617294
17.974774,45.616908
17.977793,45.617711
17.975198,45.617041
17.977953,45.617727
17.978025,45.617828
17.975616,45.617156
17.975824,45.617195
17.976014,45.61726
17.978319,45.618171
17.978492,45.618379
17.976666,45.617495
17.978997,45.61859
17.976822,45.617532
17.979167,45.618548
17.979585,45.618755
17.980048,45.61898
17.977294,45.617887
17.977429,45.618011
17.98063,45.619195
17.977488,45.61814
17.977496,45.618257
17.977927,45.618567
17.977978,45.618752
17.97879,45.618821
17.97901,45.618848
17.979191,45.61892
17.980089,45.619246
17.503648,45.841737
17.49896,45.842278
17.498807,45.842638
17.495168,45.842669
17.49495,45.842708
17.496956,45.842818
17.496307,45.842888
17.49539,45.842973
17.494321,45.843138
17.493903,45.843154
17.492422,45.843359
17.492069,45.843372
17.491261,45.843517
17.489855,45.843609
17.502707,45.834799
17.502696,45.835132
17.502377,45.83483
17.502053,45.834797
17.50213,45.835125
17.501888,45.834901
17.500883,45.835298
17.501247,45.834965
17.5005,45.835361
17.500259,45.835076
17.499113,45.835571
17.497931,45.835714
17.497094,45.83584
17.495087,45.835723
17.495535,45.836087
17.49372,45.835935
17.49317,45.836014
17.493828,45.836282
17.492576,45.836092
17.492991,45.836393
17.492082,45.836155
17.49229,45.836465
17.489522,45.836821
17.491114,45.836298
17.489762,45.836486
17.487923,45.837015
17.489057,45.836579
17.487084,45.837065
17.488728,45.836595
17.484572,45.837199
17.487828,45.836703
17.487334,45.836727
17.481764,45.837169
17.487098,45.836744
17.481334,45.837168
17.48674,45.836766
17.480958,45.83722
17.486376,45.836761
17.480637,45.83727
17.47847,45.837365
17.4853,45.836797
17.48414,45.836848
17.483843,45.836924
17.477323,45.837416
17.482795,45.836815
17.476928,45.837456
17.482139,45.836855
17.476545,45.837499
17.480938,45.836917
17.475761,45.837549
17.480442,45.836903
17.47542,45.837566
17.475021,45.83758
17.479921,45.836936
17.477552,45.837121
17.503188,45.835013
17.503177,45.834796
17.504111,45.834997
17.50475,45.83508
17.504986,45.834716
17.505117,45.83509
17.505757,45.834543
17.506256,45.834563
17.506756,45.834412
17.514038,45.833854
17.507664,45.834169
17.514825,45.834617
17.509878,45.833609
17.516286,45.836052
17.514594,45.833808
17.514923,45.834083
17.515193,45.834471
17.516702,45.835938
17.50997,45.839238
17.510916,45.839065
17.511845,45.838633
17.513106,45.838153
17.514361,45.837295
17.517097,45.836333
17.517163,45.836728
17.51813,45.835978
17.518001,45.836421
17.51829,45.835954
17.518749,45.835661
17.520443,45.835554
17.521803,45.835067
17.519825,45.835427
17.523823,45.834355
17.527086,45.833229
17.521523,45.834819
17.529277,45.832575
17.522757,45.834377
17.529616,45.832311
17.531532,45.831648
17.523379,45.834153
17.532113,45.831434
17.525867,45.833289
17.533058,45.831074
17.527559,45.832698
17.534245,45.830691
17.527914,45.832589
17.534741,45.83055
17.528302,45.832316
17.528802,45.832256
17.530157,45.831774
17.534277,45.83033
17.535404,45.829909
17.297578,45.893734
17.297546,45.893893
17.29756,45.894085
17.297592,45.894391
17.298102,45.894639
17.297488,45.895307
17.297368,45.895484
17.297265,45.895614
17.297144,45.895756
17.296922,45.896113
17.296839,45.896487
17.288352,45.877023
17.288442,45.8772
17.288477,45.878708
17.288341,45.876817
17.288276,45.877546
17.288449,45.879289
17.28869,45.880989
17.288643,45.881158
17.289003,45.877584
17.288754,45.881345
17.288717,45.881485
17.289038,45.877764
17.288691,45.881749
17.288734,45.881978
17.289079,45.877921
17.288739,45.882236
17.289044,45.878079
17.288838,45.882477
17.289062,45.878253
17.288766,45.882624
17.289101,45.878422
17.288784,45.88276
17.28918,45.878606
17.288641,45.882964
17.289182,45.878777
17.288832,45.883134
17.288857,45.883225
17.288896,45.883371
17.289281,45.882515
17.28887,45.883486
17.28937,45.882776
17.288833,45.883731
17.28888,45.883868
17.289302,45.883236
17.28888,45.883957
17.289368,45.883531
17.28885,45.884399
17.288697,45.88455
17.289334,45.88384
17.288868,45.884768
17.288927,45.885075
17.288829,45.885303
17.289422,45.884289
17.289409,45.884716
17.289391,45.88485
17.289038,45.886693
17.289408,45.884969
17.288997,45.886993
17.28938,45.885127
17.288965,45.887252
17.28944,45.885724
17.289454,45.886049
17.289087,45.887634
17.289043,45.887847
17.289459,45.886488
17.289032,45.888016
17.289051,45.888196
17.289563,45.886646
17.289071,45.888389
17.289447,45.886776
17.289135,45.888585
17.289506,45.886933
17.289065,45.888791
17.289506,45.88708
17.289051,45.888983
17.289493,45.887226
17.289127,45.88922
17.289554,45.887413
17.289123,45.889343
17.289564,45.88758
17.289127,45.889518
17.289517,45.88771
17.28912,45.889733
17.289554,45.887867
17.289019,45.89009
17.289568,45.888034
17.28916,45.89039
17.289551,45.888202
17.289221,45.89055
17.289625,45.88842
17.290003,45.888924
17.289254,45.890727
17.289639,45.889172
17.289179,45.890891
17.28971,45.889392
17.289476,45.891015
17.289597,45.891194
17.289739,45.891313
17.289928,45.891667
17.292292,45.895904
17.292147,45.896415
17.290133,45.891911
17.290212,45.892081
17.292753,45.898206
17.292838,45.898516
17.290308,45.89235
17.292874,45.898686
17.290318,45.892491
17.292913,45.898851
17.290511,45.892599
17.293021,45.899025
17.290604,45.892747
17.292979,45.899189
17.290678,45.892854
17.292977,45.899319
17.29069,45.892936
17.293044,45.899477
17.290748,45.893225
17.293065,45.899627
17.290861,45.893317
17.292998,45.899757
17.290957,45.893468
17.292983,45.900011
17.29108,45.893532
17.292958,45.900108
17.291106,45.893696
17.292949,45.900315
17.291249,45.893835
17.292873,45.90054
17.29127,45.894007
17.292906,45.900825
17.291289,45.894152
17.292862,45.90124
17.292759,45.901475
17.291564,45.894397
17.292782,45.901707
17.292764,45.901985
17.291615,45.894713
17.292723,45.902423
17.291467,45.89486
17.2927,45.902604
17.292823,45.904125
17.291541,45.894918
17.291739,45.895232
17.291651,45.895354
17.29174,45.895572
17.291726,45.895711
17.291746,45.895863
17.291741,45.89602
17.291598,45.89618
17.291638,45.896321
17.291626,45.89646
17.291661,45.896677
17.291724,45.897121
17.291732,45.897236
17.291803,45.89748
17.291894,45.897629
17.291828,45.89775
17.292023,45.897926
17.291923,45.898057
17.292048,45.898139
17.292058,45.898264
17.292263,45.898377
17.291793,45.898531
17.292151,45.8986
17.292421,45.898717
17.292429,45.898912
17.292423,45.899019
17.292526,45.899118
17.292557,45.899243
17.292466,45.899396
17.292568,45.899529
17.292551,45.8997
17.292424,45.899976
17.292503,45.900355
17.29241,45.901173
17.292406,45.901473
17.292037,45.903577
17.291764,45.901186
17.291767,45.901507
17.291574,45.901429
17.291241,45.901441
17.523318,45.874118
17.523869,45.874902
17.522161,45.874275
17.520933,45.874439
17.519853,45.874364
17.524084,45.877571
17.523161,45.87702
17.524453,45.881047
17.523845,45.87826
17.520955,45.880313
17.524526,45.881255
17.519846,45.880373
17.524218,45.881189
17.515345,45.880179
17.515059,45.880173
17.51332,45.877146
17.512984,45.876508
17.512789,45.876117
17.512518,45.876653
17.512987,45.87741
17.513098,45.878042
17.511003,45.877801
17.508417,45.876299
17.509786,45.878417
17.509742,45.878746
17.509558,45.879104
17.509778,45.882907
17.511058,45.882936
17.510171,45.883315
17.503586,45.883719
17.503126,45.883859
17.503506,45.884192
17.50908,45.887661
17.510819,45.886074
17.511338,45.886021
17.511927,45.88631
17.512376,45.88585
17.511798,45.885774
17.510945,45.88552
17.513958,45.88366
17.520426,45.884116
17.515247,45.883443
17.513622,45.883105
17.403622,45.877819
17.4,45.875009
17.401593,45.874062
17.405218,45.876286
17.405421,45.876236
17.40557,45.876201
17.402341,45.875623
17.406015,45.876165
17.40527,45.875796
17.406245,45.876118
17.406428,45.876087
17.406499,45.875667
17.406585,45.876061
17.40677,45.876059
17.406946,45.875613
17.406979,45.875986
17.407154,45.875577
17.407219,45.875968
17.407534,45.875879
17.407362,45.875538
17.407728,45.875896
17.407601,45.875492
17.408011,45.875866
17.408347,45.875789
17.407807,45.875464
17.408636,45.875768
17.408927,45.875657
17.408028,45.875433
17.409141,45.875627
17.408251,45.875397
17.409371,45.875576
17.409523,45.875633
17.408492,45.875352
17.409603,45.875566
17.408686,45.875316
17.409851,45.875557
17.410128,45.875464
17.410607,45.875411
17.408906,45.875283
17.409121,45.875252
17.410977,45.875331
17.409327,45.875203
17.411185,45.875306
17.40958,45.875155
17.411431,45.875249
17.41165,45.875256
17.409758,45.875133
17.411871,45.875219
17.409971,45.875102
17.412129,45.875125
17.410194,45.875066
17.412316,45.875136
17.412543,45.875114
17.410433,45.875027
17.412763,45.875095
17.410645,45.874962
17.41304,45.87506
17.411847,45.874623
17.413227,45.874979
17.413434,45.874591
17.413626,45.874564
17.413653,45.874901
17.413806,45.874529
17.413879,45.874869
17.413996,45.874491
17.414172,45.874448
17.414538,45.874827
17.414531,45.874364
17.414819,45.874705
17.414717,45.874308
17.415034,45.874644
17.414964,45.874297
17.415296,45.87462
17.415095,45.874286
17.41553,45.874623
17.41523,45.874268
17.415437,45.874167
17.41597,45.874513
17.415743,45.874142
17.416148,45.874474
17.415998,45.874138
17.416325,45.87443
17.416216,45.874023
17.416552,45.874394
17.416875,45.874356
17.417043,45.874325
17.417268,45.874293
17.417505,45.873893
17.417792,45.874218
17.418056,45.874137
17.417987,45.873815
17.418227,45.874114
17.418221,45.873803
17.418425,45.874098
17.419598,45.873862
17.418691,45.873717
17.419923,45.873898
17.418249,45.872218
17.420635,45.873667
17.420546,45.873798
17.421224,45.873625
17.419596,45.873544
17.421481,45.873593
17.421724,45.873558
17.41991,45.873555
17.422056,45.873471
17.420161,45.873494
17.422452,45.873436
17.420676,45.873394
17.420865,45.873338
17.420996,45.873285
17.423213,45.873275
17.423405,45.87325
17.422061,45.873127
17.423593,45.87325
17.422507,45.873014
17.423756,45.873265
17.422679,45.872974
17.422875,45.872957
17.424451,45.873107
17.423064,45.872969
17.424666,45.873054
17.423216,45.872957
17.424892,45.873018
17.425052,45.873033
17.423405,45.872929
17.425188,45.873202
17.423559,45.872869
17.425354,45.873028
17.423747,45.872839
17.425512,45.872994
17.423947,45.87281
17.425737,45.873025
17.424112,45.872826
17.424205,45.872813
17.426317,45.872946
17.42435,45.872792
17.426475,45.872968
17.424483,45.872726
17.426891,45.872944
17.42467,45.872661
17.427059,45.872925
17.424866,45.872715
17.427263,45.87292
17.425001,45.872726
17.425084,45.872509
17.427808,45.87276
17.42532,45.87269
17.427965,45.872742
17.428148,45.87276
17.425497,45.872641
17.42833,45.87267
17.425626,45.872634
17.428582,45.872616
17.425804,45.872603
17.426,45.872637
17.429007,45.872563
17.426399,45.872609
17.429254,45.872505
17.426712,45.872567
17.429559,45.872443
17.426961,45.872555
17.429993,45.872373
17.427059,45.872527
17.430413,45.872316
17.427323,45.872494
17.430769,45.872314
17.429541,45.872195
17.430814,45.871888
17.432996,45.871141
17.432622,45.871835
17.433357,45.870869
17.995404,45.654212
17.994471,45.654108
17.995879,45.65425
17.995797,45.654662
17.995656,45.655042
17.992576,45.664054
17.995519,45.65546
17.995335,45.655828
17.992177,45.665435
17.995072,45.657016
17.992008,45.665747
17.991914,45.666284
17.994989,45.657455
17.999523,45.648234
17.994466,45.659024
18.002673,45.649571
17.994405,45.659622
18.003156,45.649754
18.004582,45.650344
17.993882,45.661482
18.004877,45.650483
17.993695,45.661945
17.993557,45.662202
17.993756,45.662392
18.005653,45.650844
17.993659,45.662551
18.00595,45.650866
17.993393,45.662816
17.993361,45.663125
18.016209,45.655684
17.993162,45.663367
17.993105,45.663768
17.992782,45.664907
17.992614,45.665452
17.992554,45.665691
17.992511,45.665879
17.99245,45.666168
17.992465,45.666426
17.996687,45.649677
17.997038,45.648354
17.997245,45.647822
17.93928,45.659908
17.93943,45.660565
17.939043,45.66029
17.938812,45.661714
17.938744,45.660632
17.938511,45.661284
17.938778,45.661923
17.938368,45.661557
17.938151,45.661665
17.938657,45.662146
17.937928,45.662173
17.938517,45.662311
17.9375,45.663243
17.938295,45.662534
17.937278,45.663404
17.938168,45.662992
17.937194,45.663555
17.938088,45.663192
17.937114,45.663724
17.937872,45.66342
17.937012,45.663862
17.937769,45.663672
17.936764,45.664349
17.937626,45.663784
17.936586,45.66467
17.937538,45.663951
17.936471,45.664823
17.93747,45.664096
17.936404,45.66497
17.936415,45.665137
17.93706,45.664926
17.936251,45.665304
17.936196,45.665462
17.936865,45.665464
17.936119,45.66564
17.935882,45.665753
17.936554,45.665881
17.935666,45.66591
17.93643,45.665998
17.935659,45.666216
17.935562,45.666383
17.936219,45.666334
17.935479,45.66653
17.936096,45.666483
17.935419,45.666705
17.936131,45.666691
17.935332,45.666868
17.935977,45.666808
17.935329,45.667023
17.935845,45.666992
17.935119,45.667294
17.935767,45.667129
17.93488,45.667675
17.934711,45.6679
17.934591,45.668063
17.935673,45.667242
17.934489,45.668393
17.935641,45.66734
17.935084,45.668462
17.816953,45.607813
17.800913,45.617011
17.800452,45.617054
17.798484,45.616941
17.797468,45.617391
17.797965,45.617019
17.796336,45.617151
17.790312,45.617863
17.790118,45.617852
17.78889,45.618395
17.787116,45.618572
17.78692,45.618186
17.786027,45.618212
17.78576,45.618328
17.81096,45.612379
17.810981,45.612631
17.813177,45.612006
17.810953,45.608409
17.810182,45.608846
17.809613,45.61329
17.809933,45.61422
17.809649,45.614638
17.810244,45.615135
17.810431,45.61562
17.810477,45.61579
17.810584,45.616122
17.802386,45.620702
17.801876,45.620893
17.801903,45.620309
17.802221,45.619712
17.802712,45.619727
17.802894,45.619511
17.802619,45.61896
17.802901,45.619367
17.80271,45.61871
17.803376,45.617135
17.803707,45.617522
17.80393,45.617146
17.804151,45.61662
17.80393,45.615506
17.804079,45.615392
17.804465,45.615787
17.804116,45.614068
17.805042,45.613268
17.805539,45.613244
17.806068,45.613483
17.80693,45.613406
17.810638,45.61092
17.81078,45.610795
17.811495,45.609989
17.811816,45.609579
17.814422,45.607392
17.806849,45.615176
17.806736,45.614771
17.809084,45.614998
17.827594,45.669587
17.823723,45.668717
17.820975,45.669237
17.820763,45.669352
17.825772,45.666084
17.824024,45.665162
17.824414,45.664577
17.824397,45.663145
17.824872,45.660711
17.824846,45.658202
17.820491,45.644616
17.556184,45.922245
17.555432,45.922642
17.555075,45.923033
17.554756,45.923134
17.55475,45.923262
17.554258,45.923698
17.554153,45.923878
17.55397,45.924119
17.553877,45.924619
17.553581,45.924695
17.55348,45.924864
17.553413,45.925186
17.5529,45.925932
17.552745,45.926122
17.552593,45.926323
17.552465,45.926439
17.552337,45.92673
17.548285,45.913527
17.548945,45.913587
17.548565,45.913845
17.549064,45.913886
17.548699,45.914043
17.54881,45.914244
17.549429,45.914535
17.549022,45.914653
17.549081,45.914768
17.54972,45.915199
17.549218,45.915106
17.549774,45.915296
17.549272,45.915295
17.54948,45.91552
17.549948,45.915833
17.549639,45.915875
17.549711,45.916184
17.550323,45.916418
17.549799,45.919009
17.550387,45.916679
17.552453,45.920068
17.552651,45.920055
17.550438,45.9169
17.552841,45.920028
17.553054,45.920119
17.550606,45.917085
17.553479,45.920103
17.550741,45.917277
17.554155,45.92008
17.551033,45.917622
17.554884,45.920058
17.555091,45.920087
17.551425,45.918372
17.555605,45.92063
17.555739,45.920074
17.551715,45.918904
17.55608,45.920068
17.552104,45.919377
17.552404,45.919649
17.556745,45.920115
17.557004,45.92012
17.552982,45.91966
17.553586,45.919703
17.554232,45.919706
17.554644,45.919599
17.554876,45.919732
17.559401,45.920464
17.55585,45.919747
17.559993,45.920588
17.556154,45.919772
17.567323,45.924868
17.556766,45.919812
17.557125,45.919776
17.557377,45.919756
17.301644,45.873911
17.301989,45.873495
17.302136,45.873696
17.301925,45.874001
17.302311,45.873713
17.301983,45.874208
17.302635,45.873938
17.302377,45.874199
17.303109,45.874128
17.303377,45.874264
17.303629,45.874727
17.304576,45.874856
17.304805,45.874952
17.305134,45.875019
17.3046,45.875193
17.305572,45.875304
17.304858,45.875297
17.306038,45.875516
17.305182,45.875707
17.307049,45.875962
17.305502,45.875709
17.307578,45.876135
17.306069,45.875864
17.307786,45.876253
17.306338,45.875942
17.308091,45.876245
17.306577,45.87608
17.306812,45.8762
17.307125,45.876307
17.307276,45.876454
17.307488,45.87661
17.307688,45.876577
17.307864,45.876775
17.30803,45.876781
17.308283,45.876897
17.308956,45.877002
17.981771,45.651171
17.981891,45.65135
17.979582,45.650928
17.981888,45.650956
17.981431,45.650869
17.982029,45.650592
17.981527,45.650676
17.981507,45.650457
17.982077,45.650213
17.981635,45.650322
17.981674,45.650139
17.982202,45.649816
17.981762,45.649956
17.982315,45.649677
17.981791,45.649768
17.981889,45.649391
17.982438,45.649309
17.981963,45.649212
17.982101,45.649033
17.982578,45.648943
17.982059,45.648836
17.982163,45.648609
17.982637,45.648554
17.982226,45.648487
17.982873,45.648206
17.982404,45.648048
17.982904,45.647961
17.982419,45.647804
17.98294,45.647784
17.982497,45.647701
17.982508,45.647605
17.983019,45.647598
17.982508,45.647502
17.983082,45.647419
17.983113,45.647233
17.982767,45.64674
17.983173,45.647053
17.982804,45.646583
17.983212,45.646856
17.98293,45.646393
17.983337,45.646495
17.982997,45.646227
17.983432,45.646358
17.982948,45.646011
17.983513,45.646128
17.983055,45.645859
17.983579,45.645932
17.983105,45.645679
17.98328,45.6453
17.983646,45.645771
17.983267,45.645013
17.983723,45.645589
17.983397,45.644943
17.983784,45.645149
17.983852,45.645027
17.983527,45.644393
17.984041,45.644482
17.984113,45.644293
17.946494,45.619689
17.946472,45.61958
17.945813,45.618147
17.946304,45.619368
17.945593,45.617865
17.946052,45.619056
17.945332,45.617667
17.945837,45.618854
17.945108,45.617428
17.945737,45.61865
17.943884,45.616127
17.943857,45.615919
17.943729,45.615825
17.943533,45.615667
17.94339,45.615511
17.944334,45.617247
17.944015,45.616824
17.943858,45.616683
17.941205,45.613376
17.943156,45.615827
17.94085,45.61309
17.942974,45.615776
17.940576,45.612871
17.938654,45.611781
17.941749,45.614413
17.941439,45.614059
17.941195,45.613783
17.941012,45.613599
17.940457,45.61321
17.939823,45.61275
17.939247,45.612389
17.939054,45.612306
17.937844,45.611715
17.937547,45.611606
17.936795,45.611234
17.36059,45.93267
17.361258,45.933179
17.360316,45.932615
17.359762,45.932979
17.359895,45.932589
17.358571,45.932615
17.359067,45.933005
17.34186,45.93017
17.341463,45.929739
17.34033,45.928023
17.339592,45.927359
17.368426,45.917609
17.369098,45.921595
17.369613,45.916956
17.37132,45.918724
17.37337,45.919775
17.373925,45.919671
17.368848,45.918558
17.369051,45.922549
17.368834,45.918795
17.368848,45.925526
17.368873,45.926322
17.36882,45.919042
17.368799,45.926697
17.368811,45.9193
17.368763,45.919898
17.368648,45.920259
17.368706,45.921042
17.372589,45.927126
17.368682,45.921409
17.373265,45.927148
17.368643,45.921683
17.368848,45.927039
17.368747,45.927272
17.368727,45.927479
17.364036,45.921847
17.368693,45.92772
17.368695,45.928198
17.368629,45.928636
17.368581,45.929119
17.368567,45.929332
17.368614,45.929535
17.368612,45.929799
17.365318,45.922228
17.368524,45.930266
17.365952,45.922262
17.369045,45.930948
17.368453,45.931211
17.366462,45.922283
17.368597,45.922253
17.366132,45.922283
17.368544,45.922752
17.36898,45.931316
17.368424,45.92456
17.368306,45.925697
17.36842,45.93167
17.368582,45.932173
17.368294,45.9261
17.368314,45.926436
17.36831,45.926879
17.368187,45.927001
17.368232,45.927356
17.36806,45.927596
17.375842,45.93174
17.36818,45.927899
17.368084,45.928655
17.368272,45.933213
17.368147,45.929053
17.368276,45.934234
17.368124,45.929278
17.368232,45.934836
17.368161,45.935562
17.368114,45.929768
17.368051,45.936493
17.368073,45.930324
17.368081,45.936762
17.368095,45.937007
17.367844,45.930749
17.368006,45.937195
17.368041,45.931008
17.368005,45.93743
17.36795,45.931613
17.367621,45.93375
17.367965,45.931689
17.367915,45.933209
17.367926,45.932063
17.367693,45.933193
17.367913,45.932325
17.367948,45.932434
17.366876,45.933189
17.3679,45.93265
17.364724,45.93273
17.366464,45.933206
17.364761,45.933284
17.364379,45.933112
17.362089,45.932731
17.363956,45.933097
17.363684,45.933185
17.361646,45.932724
17.363395,45.933205
17.361103,45.932721
17.362585,45.933383
17.360823,45.932684
17.361721,45.933034
17.812242,45.619372
17.812349,45.618678
17.812651,45.619798
17.81388,45.621511
17.814292,45.621365
17.814362,45.622812
17.814577,45.622024
17.814677,45.6239
17.815061,45.623548
17.815366,45.625711
17.815568,45.62504
17.815606,45.626534
17.815689,45.626605
17.815738,45.625367
17.815998,45.627451
17.816206,45.626757
17.816147,45.626598
17.816364,45.627009
17.816722,45.629545
17.816705,45.628156
17.817721,45.632356
17.819171,45.635107
17.823191,45.646388
17.52634,45.876853
17.526958,45.877854
17.527064,45.878048
17.527204,45.877481
17.528121,45.880138
17.527443,45.877733
17.527532,45.877899
17.527521,45.878016
17.528472,45.880879
17.527562,45.878165
17.528678,45.881269
17.527874,45.878687
17.528919,45.881624
17.529194,45.8819
17.52894,45.878786
17.529253,45.882123
17.529378,45.878926
17.529478,45.882261
17.529616,45.882404
17.529586,45.882623
17.528444,45.879803
17.530058,45.883109
17.528615,45.880081
17.530203,45.883188
17.528816,45.880331
17.530309,45.883414
17.529011,45.880716
17.529085,45.88091
17.530659,45.883786
17.529186,45.881145
17.530778,45.88387
17.29331,45.905619
17.294044,45.905693
17.294395,45.905613
17.294899,45.905628
17.295198,45.905591
17.295342,45.905613
17.295894,45.905275
17.295507,45.905642
17.295911,45.90559
17.296154,45.905716
17.29654,45.905735
17.298127,45.905347
17.296823,45.905587
17.298323,45.905273
17.298228,45.905897
17.298367,45.905639
17.29879,45.90525
17.298789,45.905804
17.298965,45.905227
17.299081,45.905566
17.299175,45.905069
17.299436,45.906034
17.299734,45.905137
17.298772,45.906287
17.299734,45.905296
17.529321,45.881294
17.52953,45.881521
17.530883,45.884176
17.529616,45.881681
17.531112,45.884368
17.529761,45.881894
17.531236,45.884554
17.529882,45.882057
17.531398,45.884724
17.53002,45.882165
17.531511,45.88485
17.530105,45.882309
17.531627,45.884991
17.530191,45.882425
17.531676,45.885208
17.530253,45.88255
17.531897,45.885393
17.531214,45.882168
17.531973,45.885551
17.531053,45.882463
17.530823,45.8833
17.532167,45.88562
17.531156,45.883651
17.532208,45.885834
17.532214,45.884949
17.532209,45.886046
17.532247,45.885034
17.532774,45.885392
17.533819,45.885769
17.534077,45.885469
17.534101,45.885338
17.534243,45.884964
17.534308,45.884739
17.534442,45.884517
17.534478,45.883763
17.532939,45.886761
17.53505,45.884447
17.535072,45.88421
17.535148,45.883574
17.532888,45.886889
17.535352,45.884539
17.53271,45.887067
17.534857,45.884667
17.532745,45.887182
17.534936,45.884776
17.532656,45.887317
17.534873,45.884911
17.534844,45.884999
17.532505,45.887654
17.534818,45.885142
17.532163,45.887928
17.534784,45.885284
17.532214,45.888191
17.534674,45.885419
17.531987,45.888496
17.53444,45.88567
17.534297,45.885748
17.531795,45.889163
17.5317,45.889341
17.534158,45.885991
17.531594,45.889497
17.533978,45.88606
17.531246,45.890132
17.533812,45.886251
17.530983,45.890848
17.533732,45.886417
17.530842,45.891135
17.533628,45.886563
17.533568,45.886714
17.530604,45.891321
17.533377,45.886862
17.530557,45.891524
17.533277,45.886979
17.530261,45.89186
17.530073,45.89239
17.533217,45.887153
17.529937,45.892675
17.533173,45.887252
17.52977,45.892807
17.533113,45.887322
17.529768,45.893025
17.533074,45.887493
17.528369,45.894147
17.528715,45.894381
17.533047,45.887677
17.528829,45.894698
17.532923,45.88787
17.528938,45.894865
17.52895,45.895045
17.528999,45.895226
17.52913,45.89535
17.529028,45.895316
17.532706,45.888254
17.529178,45.895544
17.532661,45.888356
17.529255,45.895687
17.532625,45.888476
17.529327,45.89583
17.299718,45.905518
17.299704,45.90655
17.299777,45.905681
17.299758,45.906698
17.300085,45.905958
17.299995,45.907008
17.300147,45.90616
17.30017,45.9074
17.301695,45.906053
17.300245,45.907585
17.300391,45.90779
17.30215,45.905934
17.300493,45.907961
17.30057,45.908157
17.300767,45.908486
17.300845,45.908674
17.303582,45.905776
17.300967,45.908813
17.303914,45.90576
17.301062,45.909026
17.30428,45.905697
17.30061,45.907388
17.300507,45.906638
17.300972,45.906538
17.301416,45.906498
17.301778,45.906437
17.302144,45.906386
17.302366,45.906295
17.3029,45.906262
17.303178,45.906277
17.303738,45.906313
17.305361,45.905927
17.305931,45.905841
17.306162,45.90581
17.306487,45.90578
17.307921,45.905516
17.308226,45.905572
17.309171,45.905437
17.309685,45.905331
17.309926,45.905313
17.310609,45.905195
17.310791,45.905185
17.311094,45.905195
17.311458,45.905064
17.314028,45.904687
17.314972,45.904553
17.315436,45.904495
17.315677,45.90444
17.316114,45.904363
17.316439,45.904408
17.317823,45.904082
17.318427,45.904046
17.318704,45.903974
17.318947,45.903962
17.319335,45.903848
17.31975,45.903843
17.320278,45.903735
17.320842,45.903649
17.321385,45.903539
17.52934,45.896021
17.532709,45.888816
17.532306,45.889019
17.529582,45.896517
17.532374,45.889148
17.5297,45.89665
17.529755,45.896871
17.529805,45.897068
17.532363,45.889334
17.529704,45.897231
17.532199,45.889404
17.530081,45.89821
17.52836,45.898085
17.53205,45.889575
17.527583,45.898071
17.532025,45.889757
17.531747,45.890084
17.531825,45.890215
17.531599,45.890415
17.531537,45.89051
17.531504,45.890622
17.531476,45.890723
17.531424,45.890852
17.531284,45.891009
17.531293,45.891105
17.5312,45.891176
17.531004,45.891562
17.530919,45.891692
17.530957,45.891806
17.530826,45.891894
17.530692,45.89218
17.530604,45.892259
17.53052,45.892518
17.53036,45.892624
17.530353,45.892756
17.530185,45.892999
17.529847,45.893539
17.529839,45.893739
17.529509,45.895005
17.529521,45.894717
17.529627,45.89521
17.530874,45.898611
17.531201,45.89884
17.530616,45.899143
17.530561,45.899333
17.530302,45.898532
17.529482,45.898443
17.528357,45.898426
17.527549,45.898369
17.466958,45.902785
17.466656,45.903255
17.465989,45.903858
17.465769,45.903766
17.465244,45.903361
17.465069,45.90318
17.464849,45.903129
17.464432,45.902882
17.464387,45.902691
17.464693,45.902341
17.465063,45.902186
17.465379,45.902049
17.465734,45.901897
17.466387,45.901621
17.466706,45.901497
17.467003,45.901325
17.467331,45.901202
17.46763,45.900929
17.468368,45.900262
17.468842,45.899894
17.469681,45.898954
17.465535,45.902995
17.94799,45.595649
17.947341,45.597246
17.948242,45.596343
17.946865,45.598664
17.946686,45.598925
17.946396,45.599043
17.947784,45.598315
17.945962,45.599094
17.947676,45.59845
17.945777,45.599052
17.947676,45.59857
17.945634,45.599062
17.947701,45.598686
17.945363,45.598934
17.946882,45.599141
17.94667,45.59922
17.946182,45.59937
17.9444,45.598635
17.943233,45.598661
17.946169,45.600424
17.943468,45.59894
17.946556,45.600984
17.943679,45.599067
17.944026,45.599192
17.946181,45.601308
17.944151,45.59922
17.944197,45.599267
17.946341,45.601634
17.9464,45.601901
17.946721,45.602418
17.9449,45.59951
17.946956,45.602765
17.945146,45.599833
17.946973,45.602912
17.945079,45.599966
17.947119,45.603064
17.945278,45.600071
17.947126,45.603143
17.945405,45.600247
17.947267,45.603356
17.945423,45.600417
17.947556,45.603613
17.94558,45.600926
17.945692,45.601126
17.947989,45.603944
17.945771,45.601222
17.948372,45.60413
17.948635,45.604161
17.945853,45.601626
17.948821,45.604266
17.945988,45.601931
17.949184,45.604332
17.946122,45.602137
17.949561,45.604405
17.949861,45.604493
17.946214,45.602392
17.946314,45.602519
17.946459,45.602773
17.946528,45.602901
17.946622,45.603027
17.946657,45.603216
17.946818,45.603447
17.946945,45.603562
17.947402,45.604022
17.947643,45.60421
17.947924,45.60433
17.948227,45.604677
17.948517,45.604632
17.94869,45.604737
17.948918,45.604828
17.949196,45.604905
17.949418,45.604984
17.949591,45.605013
17.949853,45.605205
17.949973,45.605441
17.950161,45.606006
17.950238,45.606091
17.950348,45.606178
17.950446,45.606338
17.950506,45.606429
17.950628,45.606595
17.951001,45.607251
17.950975,45.607457
17.951167,45.60758
17.951211,45.607769
17.951305,45.60792
17.951724,45.608553
17.954189,45.612949
17.954193,45.61342
17.583803,45.857515
17.583951,45.857876
17.584378,45.857621
17.584844,45.858357
17.584221,45.858306
17.584803,45.858566
17.584907,45.858741
17.585001,45.858865
17.585101,45.859779
17.585026,45.860004
17.976764,45.650417
17.978573,45.650653
17.976881,45.650168
17.970003,45.648996
17.976954,45.649888
17.977058,45.649752
17.970471,45.649168
17.977086,45.649631
17.977146,45.649364
17.972282,45.649531
17.977223,45.649107
17.977287,45.648979
17.973202,45.649651
17.977363,45.648825
17.973783,45.649828
17.97429,45.64986
17.977472,45.648577
17.977491,45.648439
17.976363,45.65004
17.977509,45.648284
17.977616,45.648144
17.977776,45.647763
17.977782,45.647912
17.976433,45.649794
17.976497,45.649664
17.977892,45.647388
17.976584,45.649533
17.97799,45.647121
17.976626,45.649276
17.97804,45.646982
17.97663,45.649132
17.978186,45.646535
17.9767,45.648992
17.978211,45.64645
17.976809,45.648875
17.978373,45.646189
17.976905,45.648618
17.978469,45.645927
17.977068,45.648226
17.977108,45.647925
17.978644,45.645542
17.977064,45.64779
17.978613,45.645378
17.977308,45.647413
17.978679,45.64526
17.977487,45.647148
17.978816,45.645134
17.977555,45.646893
17.977609,45.64677
17.979037,45.644482
17.97777,45.646374
17.979473,45.643206
17.980333,45.640565
17.977987,45.645562
17.980528,45.640166
17.978056,45.645414
17.978157,45.645309
17.978142,45.645159
17.978241,45.645031
17.978344,45.644747
17.97845,45.644495
17.978568,45.644246
17.978695,45.643844
17.978934,45.642886
17.97904,45.642687
17.97916,45.64247
17.97958,45.641484
17.979684,45.641288
17.979819,45.639062
17.911065,45.691026
17.910865,45.690667
17.910814,45.690962
17.910607,45.690571
17.91056,45.690907
17.910044,45.690432
17.910312,45.690912
17.909775,45.690374
17.909855,45.690761
17.909136,45.690202
17.909448,45.690668
17.908825,45.690179
17.909006,45.690563
17.908502,45.690103
17.908781,45.690548
17.908271,45.689998
17.907883,45.69002
17.90742,45.689897
17.90685,45.689789
17.90673,45.689725
17.907032,45.690184
17.90649,45.68974
17.906829,45.690175
17.906355,45.689648
17.906446,45.690074
17.906163,45.689637
17.90599,45.68999
17.905995,45.689541
17.905851,45.69
17.905764,45.689568
17.905641,45.689958
17.905624,45.689568
17.904979,45.689939
17.905509,45.689542
17.904874,45.689821
17.905379,45.689474
17.904711,45.689902
17.904977,45.689379
17.904221,45.68973
17.904754,45.68942
17.903946,45.68962
17.904356,45.689376
17.903356,45.689973
17.903287,45.689897
17.902884,45.688689
17.903106,45.689705
17.902791,45.688443
17.902352,45.687975
17.90297,45.689531
17.902078,45.687661
17.902745,45.6893
17.901932,45.687549
17.90247,45.689275
17.901787,45.687364
17.901654,45.687197
17.901542,45.687061
17.901327,45.686894
17.900998,45.686515
17.900778,45.686295
17.900774,45.686168
17.901807,45.688241
17.900514,45.685915
17.901529,45.687986
17.900219,45.685663
17.901394,45.687893
17.90139,45.687763
17.901138,45.687635
17.900145,45.68549
17.901085,45.687568
17.90001,45.685361
17.90082,45.687094
17.899838,45.685227
17.90067,45.686956
17.89974,45.685077
17.90046,45.686675
17.899642,45.684905
17.900222,45.686379
17.899373,45.684686
17.89996,45.686107
17.899217,45.684528
17.899645,45.685909
17.898664,45.68372
17.899479,45.685607
17.899223,45.685272
17.899104,45.685183
17.899044,45.685091
17.898809,45.68478
17.898692,45.684639
17.459489,45.931177
17.462689,45.936278
17.459613,45.931303
17.459699,45.931466
17.462646,45.936494
17.459832,45.931644
17.46269,45.936685
17.459934,45.931781
17.462768,45.936902
17.460056,45.931949
17.462988,45.937296
17.460216,45.932259
17.463078,45.937836
17.463282,45.938136
17.463384,45.938317
17.460648,45.932715
17.463325,45.938617
17.460857,45.932839
17.463243,45.938751
17.460956,45.933187
17.462817,45.938991
17.46105,45.933339
17.462992,45.939417
17.461134,45.93348
17.462965,45.939559
17.461295,45.933656
17.462836,45.939748
17.461313,45.933811
17.462733,45.93987
17.462681,45.94003
17.461441,45.93397
17.46164,45.934119
17.462266,45.941028
17.461807,45.934247
17.4622,45.941193
17.461972,45.934424
17.462301,45.934716
17.46017,45.941399
17.462715,45.935155
17.460554,45.942787
17.463199,45.935847
17.463108,45.93608
17.463191,45.936315
17.463587,45.936429
17.463209,45.936663
17.463686,45.937324
17.463613,45.937641
17.463796,45.937779
17.463856,45.937962
17.463773,45.938914
17.463797,45.93908
17.463685,45.939265
17.463614,45.939433
17.463408,45.939697
17.463393,45.939891
17.463226,45.940207
17.46308,45.940547
17.462796,45.941147
17.462714,45.94136
17.46256,45.94159
17.462491,45.94188
17.462376,45.942006
17.462361,45.942166
17.282375,45.856904
17.281594,45.85739
17.281358,45.857434
17.281248,45.857065
17.280928,45.857107
17.280719,45.857111
17.280409,45.857426
17.28024,45.857494
17.279642,45.857456
17.280478,45.857098
17.278608,45.857177
17.270064,45.860739
17.268997,45.86116
17.267691,45.861726
17.267259,45.861774
17.267008,45.861882
17.266179,45.86229
17.2655,45.862526
17.265002,45.862333
17.265281,45.862582
17.265041,45.862677
17.261867,45.863602
17.261967,45.863478
17.262541,45.863275
17.26138,45.864099
17.26105,45.864327
17.29995,45.852415
17.301261,45.851398
17.300081,45.852283
17.301241,45.851218
17.299968,45.852141
17.301201,45.85105
17.300044,45.852009
17.301068,45.850838
17.300024,45.851724
17.301085,45.850664
17.299987,45.851576
17.301074,45.850512
17.300025,45.851458
17.301166,45.850342
17.300021,45.851288
17.301209,45.850161
17.300045,45.851152
17.301237,45.850016
17.30013,45.850972
17.301481,45.849334
17.300146,45.850746
17.301357,45.849141
17.300167,45.850643
17.301412,45.848983
17.300285,45.850464
17.301664,45.848867
17.301625,45.84872
17.300265,45.850119
17.301555,45.848569
17.300206,45.849932
17.301536,45.848402
17.300308,45.849751
17.301523,45.848227
17.300356,45.849591
17.3014,45.848028
17.30029,45.849465
17.301444,45.847837
17.300341,45.849372
17.300283,45.849235
17.300517,45.849066
17.300522,45.848831
17.300347,45.848681
17.30053,45.84855
17.300495,45.848434
17.300485,45.848318
17.300506,45.848194
17.300463,45.848064
17.300547,45.84791
17.300484,45.847728
17.300534,45.847586
17.300502,45.847387
17.300426,45.847112
17.300616,45.847053
17.300606,45.846871
17.300647,45.846538
17.300651,45.846286
17.300673,45.846091
17.300648,45.845996
17.30063,45.845917
17.300604,45.84582
17.300664,45.845723
17.300614,45.845662
17.300561,45.845526
17.300558,45.845417
17.300556,45.845296
17.300412,45.845171
17.298787,45.852385
17.298719,45.852217
17.298734,45.852066
17.29877,45.851904
17.296583,45.856247
17.29878,45.851657
17.298855,45.850915
17.298855,45.850766
17.298965,45.851224
17.29887,45.85058
17.298889,45.850434
17.29894,45.850253
17.298935,45.849853
17.298938,45.84939
17.298988,45.849273
17.297173,45.855701
17.298995,45.848928
17.299004,45.848593
17.29901,45.84846
17.297337,45.855531
17.299032,45.848329
17.299083,45.847598
17.2991,45.847446
17.299138,45.847263
17.297725,45.85513
17.299118,45.847104
17.297825,45.854971
17.299162,45.846956
17.299179,45.846582
17.298016,45.854708
17.299201,45.846414
17.297929,45.854564
17.29925,45.846204
17.298045,45.854436
17.297984,45.854289
17.29804,45.854162
17.298193,45.853872
17.29818,45.853722
17.298017,45.853581
17.29807,45.853442
17.298142,45.853314
17.298196,45.853181
17.298327,45.853007
17.298331,45.85291
17.298189,45.852768
17.298316,45.852631
17.298266,45.852481
17.298251,45.852337
17.298259,45.851758
17.298341,45.851335
17.298359,45.851194
17.298293,45.851051
17.298332,45.850902
17.298375,45.850613
17.298412,45.85048
17.298446,45.850336
17.298486,45.850027
17.29848,45.849612
17.298506,45.849404
17.29862,45.848981
17.298586,45.848785
17.298552,45.848635
17.298598,45.848456
17.298621,45.848304
17.298648,45.848159
17.298631,45.848035
17.298631,45.847878
17.298654,45.84772
17.298668,45.847602
17.298696,45.847297
17.298737,45.847095
17.298764,45.846809
17.298839,45.846636
17.29893,45.845934
17.300162,45.844201
17.299965,45.843955
17.29636,45.847019
17.299735,45.843525
17.297468,45.846506
17.297596,45.846336
17.297785,45.846175
17.300749,45.84336
17.297785,45.846027
17.300521,45.843323
17.297944,45.845874
17.300497,45.843177
17.300313,45.84307
17.29835,45.845725
17.300323,45.842858
17.298713,45.84544
17.300147,45.842748
17.298751,45.845323
17.299874,45.842516
17.299703,45.842382
17.299047,45.844867
17.299392,45.842181
17.298919,45.844703
17.297872,45.84104
17.294672,45.837099
17.294725,45.83654
17.299015,45.844406
17.299069,45.84426
17.299077,45.844105
17.299084,45.843948
17.299073,45.8438
17.2991,45.84366
17.299136,45.843566
17.299156,45.843431
17.299036,45.843341
17.299188,45.843046
17.299226,45.842792
17.299035,45.842713
17.297526,45.841552
17.297148,45.841317
17.296884,45.841109
17.296322,45.840695
17.295844,45.841183
17.295195,45.840145
17.293592,45.839137
17.293988,45.838951
17.294128,45.838691
17.294095,45.838449
17.300946,45.858149
17.301373,45.858597
17.3024,45.858192
17.302263,45.858297
17.302238,45.858408
17.301189,45.858926
17.302273,45.858542
17.30136,45.859086
17.302375,45.858681
17.301396,45.859215
17.302385,45.858813
17.301354,45.859392
17.302275,45.85893
17.301413,45.859469
17.302331,45.859033
17.301383,45.859608
17.302361,45.859139
17.301492,45.859694
17.302395,45.859232
17.301527,45.859772
17.302327,45.859358
17.301418,45.859983
17.302388,45.859521
17.302438,45.859648
17.30145,45.860237
17.302354,45.859773
17.301508,45.860374
17.30247,45.859943
17.301444,45.860548
17.30164,45.860592
17.302504,45.860201
17.302486,45.860307
17.301665,45.86094
17.302467,45.860441
17.301683,45.8611
17.30257,45.860565
17.301648,45.861244
17.301597,45.861385
17.302561,45.860695
17.302017,45.861535
17.302569,45.86082
17.302013,45.861709
17.302528,45.860955
17.302077,45.861879
17.302616,45.861077
17.302087,45.862029
17.30249,45.861187
17.302114,45.862173
17.30258,45.86133
17.301999,45.862329
17.302571,45.861472
17.302164,45.862442
17.302521,45.86172
17.302086,45.862583
17.302597,45.861929
17.302651,45.862135
17.303351,45.862097
17.302148,45.863118
17.302652,45.862357
17.302245,45.863313
17.302718,45.862583
17.301856,45.863675
17.303533,45.86288
17.304833,45.862624
17.304267,45.862639
17.303974,45.86274
17.303777,45.862785
17.301757,45.863776
17.303274,45.863165
17.301542,45.864039
17.302916,45.863357
17.301288,45.864313
17.302899,45.863611
17.302676,45.863713
17.302655,45.863935
17.301914,45.864429
17.30005,45.865168
17.301098,45.865025
17.299939,45.865333
17.300969,45.865303
17.300791,45.865493
17.299916,45.865624
17.300525,45.865732
17.299759,45.865749
17.300281,45.865958
17.299353,45.866176
17.29907,45.866254
17.299959,45.866318
17.29906,45.866447
17.299898,45.866536
17.298823,45.866534
17.299778,45.866577
17.298798,45.866739
17.298717,45.866906
17.299437,45.866934
17.298518,45.867009
17.299195,45.867161
17.298453,45.867189
17.299082,45.867279
17.298419,45.867344
17.298991,45.867378
17.298897,45.867534
17.298234,45.867474
17.298725,45.867651
17.298091,45.867615
17.298535,45.867838
17.297958,45.867738
17.298405,45.867985
17.298229,45.868377
17.297454,45.868185
17.297297,45.868396
17.297968,45.868573
17.297034,45.868499
17.297825,45.868701
17.296797,45.868622
17.2975,45.868727
17.297338,45.868876
17.296429,45.86888
17.297353,45.869051
17.296187,45.868947
17.297054,45.869084
17.296168,45.869161
17.295801,45.869234
17.296652,45.869292
17.295635,45.869435
17.296471,45.869405
17.295355,45.86947
17.296343,45.869522
17.295184,45.869587
17.29617,45.869598
17.295006,45.869712
17.296007,45.869734
17.294709,45.869707
17.295806,45.869814
17.294561,45.869855
17.295546,45.869886
17.294362,45.869951
17.295452,45.870046
17.294144,45.870016
17.295203,45.870023
17.293905,45.870085
17.295017,45.870126
17.29458,45.870302
17.293522,45.870303
17.293332,45.870425
17.293742,45.87065
17.293104,45.870482
17.29356,45.87074
17.2929,45.870568
17.293153,45.870875
17.292979,45.871045
17.292684,45.87065
17.29274,45.871122
17.292446,45.870719
17.292192,45.870731
17.292096,45.871543
17.29186,45.870934
17.291984,45.871735
17.291792,45.871884
17.30172,45.857792
17.301974,45.857644
17.30117,45.856813
17.301851,45.85745
17.301774,45.857255
17.301028,45.856693
17.301836,45.857142
17.301283,45.856505
17.301828,45.856966
17.301251,45.856353
17.301941,45.856803
17.301259,45.856232
17.302016,45.856666
17.301298,45.856107
17.301854,45.856445
17.301178,45.855934
17.30193,45.856281
17.301323,45.855792
17.301317,45.855674
17.301931,45.856139
17.301272,45.855589
17.301952,45.856011
17.301359,45.855455
17.301241,45.855327
17.302043,45.855696
17.301359,45.855171
17.302352,45.855484
17.301266,45.85505
17.301978,45.855269
17.302004,45.855104
17.301223,45.854723
17.302041,45.854892
17.301212,45.854551
17.301941,45.854747
17.300977,45.854219
17.301875,45.854595
17.3011,45.854115
17.302072,45.854494
17.300915,45.853753
17.301984,45.854319
17.300995,45.853511
17.301849,45.854206
17.301016,45.853306
17.301805,45.854079
17.300905,45.853124
17.301939,45.853953
17.300913,45.852891
17.300843,45.852377
17.301752,45.853793
17.301915,45.853678
17.301747,45.85354
17.301745,45.853393
17.301744,45.853105
17.302135,45.852924
17.301615,45.852663
17.301868,45.852432
17.301994,45.851997
17.302011,45.851821
17.302125,45.851663
17.302183,45.851509
17.302321,45.851378
17.302315,45.851221
17.302543,45.851057
17.302512,45.850882
17.302664,45.850643
17.302655,45.850524
17.303034,45.85025
17.302973,45.849915
17.30314,45.849692
17.303478,45.848943
17.303019,45.848918
17.303247,45.848314
17.303131,45.848607
17.302474,45.850069
17.302055,45.850851
17.302106,45.850687
17.303268,45.865863
17.303587,45.865999
17.326222,45.875889
17.326101,45.875517
17.325531,45.875532
17.320744,45.873363
17.303843,45.866223
17.328541,45.87691
17.328648,45.876967
17.329119,45.877144
17.304009,45.866263
17.304187,45.866327
17.305896,45.867131
17.304894,45.866746
17.306755,45.867516
17.30728,45.867836
17.308637,45.868477
17.308999,45.868521
17.331517,45.87826
17.311589,45.869609
17.333525,45.879096
17.311892,45.869871
17.312844,45.870177
17.315899,45.871569
17.316091,45.871672
17.316374,45.871912
17.317705,45.872407
17.318057,45.872544
17.318498,45.872744
17.319114,45.873016
17.319642,45.873294
17.319948,45.873419
17.320369,45.87361
17.320921,45.873849
17.321765,45.874315
17.322275,45.874462
17.322503,45.874552
17.323145,45.874852
17.324853,45.87567
17.325231,45.875821
17.325566,45.875957
17.326024,45.876148
17.326678,45.876471
17.327793,45.876937
17.329081,45.877568
17.329818,45.877863
17.299152,45.857443
17.299466,45.857266
17.300095,45.857946
17.298888,45.857444
17.298809,45.857438
17.29848,45.857421
17.2976,45.857884
17.296861,45.857796
17.296634,45.857828
17.29632,45.857753
17.298395,45.856601
17.296061,45.857781
17.298407,45.856457
17.298415,45.856232
17.298586,45.855913
17.298553,45.855759
17.299212,45.854814
17.294971,45.857685
17.294693,45.857675
17.294401,45.857668
17.297341,45.857355
17.294197,45.857703
17.297054,45.857286
17.290875,45.857508
17.288535,45.857443
17.296783,45.857349
17.288285,45.857402
17.296488,45.857273
17.296299,45.857333
17.288018,45.857424
17.295449,45.857317
17.28771,45.857449
17.295165,45.857307
17.287524,45.857504
17.287196,45.857397
17.294835,45.857287
17.294485,45.857194
17.286889,45.857399
17.293579,45.857202
17.28663,45.857388
17.293323,45.85719
17.286429,45.857346
17.292747,45.857106
17.292326,45.857083
17.286982,45.85691
17.289314,45.857037
17.286473,45.856853
17.285904,45.857425
17.286117,45.856848
17.285714,45.857381
17.285854,45.856728
17.285415,45.857386
17.285132,45.857355
17.284078,45.857525
17.283618,45.857646
17.283045,45.857871
17.454058,45.924341
17.454325,45.923877
17.454,45.923429
17.45441,45.924835
17.454441,45.923989
17.454617,45.925107
17.454443,45.924136
17.454653,45.924256
17.454873,45.925503
17.455028,45.925754
17.454665,45.924432
17.45518,45.925911
17.454916,45.924557
17.454895,45.924737
17.455408,45.926325
17.455023,45.92488
17.455701,45.926712
17.455069,45.925037
17.455784,45.926976
17.456272,45.92752
17.456404,45.927714
17.456388,45.927903
17.457202,45.928806
17.457472,45.929274
17.455187,45.925193
17.455373,45.925305
17.458191,45.930074
17.455509,45.925472
17.45832,45.930311
17.455744,45.925936
17.458498,45.930546
17.455891,45.926081
17.458853,45.931106
17.458959,45.931332
17.456007,45.926254
17.459468,45.93192
17.456188,45.926581
17.459562,45.932029
17.456411,45.926799
17.459723,45.932267
17.457095,45.927655
17.457417,45.928156
17.457703,45.92857
17.45997,45.932769
17.458341,45.929597
17.460116,45.933003
17.458561,45.929889
17.460314,45.933249
17.45869,45.930047
17.460418,45.933495
17.458785,45.930203
17.46071,45.933674
17.460851,45.933884
17.459316,45.930868
17.459382,45.931021
17.462602,45.936129
17.535271,45.746339
17.534412,45.745675
17.5333,45.745391
17.532947,45.744571
17.53265,45.743653
17.531968,45.741755
17.532125,45.741926
17.5315,45.741552
17.531797,45.741448
17.531162,45.738601
17.520356,45.733018
17.520962,45.734918
17.522472,45.73572
17.522921,45.736292
17.522435,45.736444
17.523427,45.737305
17.523854,45.737548
17.523851,45.736871
17.524498,45.737471
17.524728,45.7376
17.52495,45.737797
17.525325,45.737942
17.525567,45.738198
17.525285,45.738432
17.525512,45.738648
17.525832,45.738862
17.526376,45.738825
17.52713,45.739371
17.526272,45.739177
17.526822,45.739466
17.527342,45.739528
17.53121,45.74188
17.533681,45.747653
17.534646,45.752315
17.526906,45.757796
17.526629,45.757313
17.526324,45.75702
17.525826,45.754925
17.525878,45.7539
17.52383,45.745221
17.52316,45.745107
17.523121,45.745362
17.517616,45.738408
17.520294,45.732093
17.518986,45.732016
17.51483,45.731197
17.51397,45.734648
17.513215,45.735564
17.511808,45.737055
17.412776,45.885919
17.413076,45.886149
17.41306,45.885828
17.413656,45.886032
17.413248,45.885734
17.413616,45.885754
17.414059,45.885913
17.413864,45.885726
17.41407,45.885612
17.414651,45.88576
17.414272,45.885619
17.415068,45.885662
17.414508,45.885547
17.415447,45.885583
17.415647,45.88548
17.414923,45.88539
17.416414,45.885382
17.415409,45.885306
17.415601,45.885216
17.418239,45.884909
17.417345,45.884824
17.419203,45.884668
17.41982,45.884199
17.412165,45.885543
17.411983,45.885461
17.411685,45.88531
17.411315,45.885056
17.410946,45.885056
17.410817,45.884816
17.405356,45.888267
17.405194,45.887803
17.406008,45.887991
17.405319,45.887607
17.406222,45.887894
17.406512,45.887889
17.406074,45.88757
17.406786,45.887832
17.406377,45.887499
17.406653,45.887399
17.407089,45.887309
17.40798,45.887465
17.407323,45.887248
17.408329,45.887387
17.407582,45.887185
17.408483,45.88733
17.407742,45.887109
17.408663,45.887276
17.408001,45.887079
17.409164,45.887261
17.408164,45.886976
17.408637,45.886855
17.408856,45.886764
17.409773,45.887016
17.409102,45.886789
17.409957,45.886976
17.410114,45.886918
17.409445,45.88672
17.409684,45.886688
17.410531,45.886834
17.409883,45.886615
17.410749,45.886785
17.410032,45.886579
17.410211,45.886481
17.411233,45.886771
17.41048,45.886467
17.411303,45.886718
17.410816,45.886346
17.411413,45.886592
17.410985,45.886324
17.411603,45.886562
17.411936,45.886478
17.41132,45.886113
17.412172,45.886463
17.412349,45.886388
17.412525,45.886322
17.404931,45.887886
17.404366,45.888084
17.40398,45.888169
17.403749,45.888176
17.403591,45.888252
17.403396,45.888267
17.403226,45.888317
17.404179,45.889571
17.40461,45.889061
17.404758,45.888862
17.404452,45.888378
17.403171,45.890328
17.402961,45.890399
17.40238,45.890523
17.402248,45.890556
17.402124,45.890566
17.401928,45.890632
17.401727,45.890676
17.40136,45.890708
17.401053,45.890822
17.401776,45.891015
17.401993,45.891212
17.402025,45.891972
17.402704,45.891409
17.402948,45.891163
17.402315,45.891063
17.400869,45.890844
17.401083,45.891235
17.400641,45.890924
17.400319,45.891293
17.400293,45.890841
17.399773,45.891421
17.400129,45.89104
17.39933,45.891487
17.399828,45.891076
17.398809,45.891594
17.399669,45.891115
17.398614,45.891673
17.398336,45.89173
17.399253,45.891053
17.39812,45.891834
17.399071,45.891239
17.398885,45.891299
17.397607,45.892018
17.397406,45.892102
17.398315,45.89144
17.397273,45.892135
17.398089,45.891493
17.397099,45.892211
17.397915,45.891577
17.396849,45.892323
17.396359,45.892428
17.397407,45.891764
17.396164,45.892451
17.39729,45.891769
17.395945,45.892508
17.397119,45.891882
17.395765,45.892543
17.396722,45.892027
17.396538,45.892101
17.396381,45.892011
17.396253,45.892161
17.395973,45.892207
17.39572,45.892236
17.401623,45.89183
17.401961,45.892159
17.401517,45.89191
17.401748,45.892243
17.401465,45.892003
17.401578,45.892353
17.40108,45.892277
17.401469,45.892496
17.401002,45.892438
17.401384,45.892708
17.400929,45.892562
17.400873,45.892706
17.400826,45.892792
17.400934,45.893255
17.400744,45.892905
17.400815,45.893449
17.400687,45.892984
17.400826,45.893549
17.40052,45.893264
17.400634,45.893806
17.400343,45.893389
17.400587,45.893994
17.400326,45.893509
17.400221,45.893713
17.400333,45.894327
17.400202,45.893859
17.400182,45.894463
17.40012,45.894033
17.400023,45.894619
17.399893,45.894747
17.399938,45.894324
17.399717,45.894937
17.399757,45.894414
17.39954,45.895063
17.39936,45.895193
17.399629,45.894625
17.399106,45.895322
17.399511,45.894728
17.398881,45.89541
17.399342,45.89481
17.398737,45.895532
17.399122,45.895028
17.398494,45.895583
17.398863,45.89512
17.398337,45.89569
17.398684,45.895245
17.398099,45.895727
17.397985,45.895794
17.398282,45.895369
17.397768,45.895858
17.398151,45.895413
17.398043,45.895505
17.397464,45.896193
17.397869,45.895588
17.397632,45.895551
17.397416,45.895705
17.395105,45.892308
17.395287,45.892703
17.394877,45.892331
17.394843,45.892605
17.394603,45.892311
17.394595,45.892551
17.394438,45.892555
17.394104,45.892378
17.394323,45.8927
17.393875,45.892445
17.393969,45.89268
17.393714,45.89248
17.394033,45.893356
17.393375,45.89276
17.393613,45.892977
17.393661,45.893211
17.393706,45.893406
17.396881,45.895937
17.396605,45.895683
17.396719,45.89608
17.396414,45.895678
17.396438,45.895991
17.396108,45.895616
17.396191,45.895936
17.395894,45.89555
17.396028,45.895889
17.395627,45.895473
17.395767,45.895898
17.395555,45.894918
17.395226,45.896125
17.395303,45.895655
17.395305,45.895473
17.39522,45.895382
17.395217,45.895266
17.395168,45.895069
17.395145,45.894848
17.395096,45.894765
17.395128,45.894581
17.395069,45.894482
17.395085,45.894186
17.39509,45.893835
17.395378,45.893008
17.395667,45.893492
17.396234,45.893826
17.396265,45.893913
17.396397,45.894109
17.396351,45.894714
17.396541,45.894458
17.396417,45.895039
17.396688,45.894731
17.39687,45.895092
17.400681,45.92142
17.400696,45.921989
17.393928,45.889329
17.393419,45.88988
17.394986,45.888829
17.389917,45.887104
17.389591,45.886489
17.389531,45.885561
17.389451,45.886278
17.389248,45.884936
17.389124,45.885778
17.388927,45.885396
17.38818,45.882769
17.397308,45.900365
17.397116,45.899921
17.397321,45.899975
17.398039,45.900391
17.39784,45.899996
17.399984,45.900547
17.398074,45.899985
17.398367,45.899985
17.39879,45.900005
17.402909,45.900605
17.399028,45.900033
17.403551,45.900634
17.403443,45.900127
17.404091,45.900643
17.403677,45.900196
17.403927,45.900277
17.396711,45.899936
17.396409,45.8998
17.396163,45.899919
17.395458,45.899864
17.395428,45.900274
17.394968,45.899844
17.395195,45.900277
17.394722,45.899856
17.394963,45.900322
17.394832,45.900282
17.3942,45.900353
17.393729,45.900285
17.393848,45.899797
17.393247,45.900162
17.3937,45.899778
17.392999,45.900161
17.393262,45.89977
17.393011,45.899626
17.392495,45.900159
17.392769,45.899758
17.392016,45.900163
17.392553,45.89966
17.392295,45.899697
17.392029,45.899679
17.391402,45.900071
17.391291,45.899715
17.381687,45.885799
17.48304,45.922809
17.484521,45.923447
17.483327,45.923074
17.484943,45.924456
17.485061,45.924708
17.483679,45.923579
17.485199,45.924907
17.483843,45.923835
17.484035,45.924075
17.485606,45.925431
17.484193,45.92433
17.485826,45.92565
17.484414,45.924541
17.48592,45.925884
17.484603,45.924794
17.486206,45.926133
17.484766,45.925057
17.486401,45.926366
17.484932,45.925235
17.486504,45.926462
17.485174,45.925505
17.486751,45.926836
17.485177,45.925727
17.486962,45.927084
17.485541,45.925987
17.487088,45.927343
17.485742,45.926226
17.487282,45.927583
17.485864,45.926495
17.487495,45.927815
17.486089,45.926716
17.487645,45.928064
17.486257,45.926944
17.487894,45.928286
17.486414,45.92721
17.488102,45.928507
17.486627,45.927408
17.488271,45.928762
17.486825,45.927669
17.488364,45.929008
17.487001,45.927902
17.48873,45.92928
17.487124,45.928167
17.48734,45.928337
17.489219,45.929699
17.487544,45.928648
17.489487,45.9299
17.489598,45.929988
17.487929,45.929116
17.488081,45.929285
17.49092,45.931156
17.488341,45.929529
17.491154,45.931377
17.488512,45.929766
17.488811,45.929904
17.491769,45.931732
17.489066,45.930114
17.491865,45.931787
17.489267,45.930356
17.491907,45.931925
17.489514,45.93059
17.489842,45.930733
17.492532,45.932208
17.490027,45.930994
17.492779,45.932576
17.490281,45.931177
17.493034,45.932784
17.490577,45.931352
17.493277,45.932991
17.490851,45.931557
17.493533,45.933213
17.490919,45.93189
17.491312,45.932001
17.491593,45.932184
17.49208,45.932564
17.492332,45.932817
17.492602,45.933035
17.492759,45.933146
17.966452,45.648788
17.979632,45.651227
17.978831,45.651112
17.967118,45.648881
17.967334,45.648901
17.976873,45.650726
17.976387,45.65066
17.969184,45.649251
17.975936,45.650518
17.975793,45.650801
17.969672,45.649346
17.975784,45.651222
17.96993,45.649406
17.970213,45.649544
17.971821,45.649761
17.972177,45.649847
17.975243,45.652815
17.975132,45.653092
17.972506,45.64994
17.975069,45.653367
17.972841,45.649936
17.973041,45.65
17.975061,45.653644
17.973268,45.650039
17.974951,45.653911
17.973499,45.650104
17.975015,45.654203
17.973756,45.650084
17.974832,45.654436
17.974793,45.654729
17.975377,45.650422
17.974685,45.655115
17.974659,45.655263
17.975078,45.65137
17.974968,45.651654
17.974576,45.655506
17.974501,45.655603
17.974452,45.656064
17.974457,45.656225
17.974778,45.652445
17.97431,45.656609
17.974756,45.652627
17.974409,45.656764
17.974581,45.653098
17.974432,45.653203
17.974201,45.657152
17.974526,45.653567
17.974077,45.657412
17.974436,45.653822
17.974337,45.654106
17.973932,45.65808
17.974164,45.654373
17.974012,45.658236
17.974162,45.654912
17.974109,45.655154
17.973811,45.658603
17.974076,45.65531
17.97403,45.65546
17.973599,45.659523
17.973921,45.65572
17.973921,45.655844
17.973483,45.659848
17.973886,45.655987
17.973426,45.660002
17.973814,45.656208
17.973426,45.660249
17.973815,45.656342
17.973734,45.656786
17.973315,45.660666
17.973527,45.657061
17.973106,45.661389
17.973546,45.657336
17.973485,45.657473
17.493133,45.933425
17.478323,45.919742
17.477677,45.920193
17.478,45.919253
17.478188,45.918886
17.478415,45.918642
17.479085,45.918301
17.478572,45.918423
17.479217,45.91804
17.478547,45.918157
17.479348,45.917822
17.478696,45.917913
17.479467,45.917573
17.478816,45.917679
17.479603,45.917335
17.478951,45.917447
17.479643,45.91706
17.479146,45.917219
17.479246,45.916942
17.479824,45.916856
17.479277,45.916709
17.479413,45.91645
17.47952,45.916231
17.480075,45.916366
17.479717,45.915982
17.480111,45.916104
17.479759,45.91574
17.480301,45.915882
17.479955,45.915507
17.480437,45.91564
17.480519,45.915389
17.480218,45.914986
17.480643,45.915149
17.480246,45.914782
17.480355,45.91454
17.480461,45.914327
17.481919,45.913514
17.480602,45.914049
17.482362,45.912941
17.480689,45.913828
17.48081,45.913577
17.480933,45.913338
17.481037,45.91309
17.482651,45.911046
17.481225,45.912856
17.482734,45.910785
17.481333,45.912603
17.481383,45.912364
17.482927,45.910292
17.481468,45.912115
17.483157,45.910082
17.481642,45.911889
17.483227,45.909806
17.481719,45.911631
17.483316,45.909564
17.481871,45.911399
17.48338,45.909459
17.482019,45.911199
17.483435,45.909236
17.482123,45.910918
17.483573,45.908988
17.482264,45.910676
17.483688,45.90877
17.482356,45.910466
17.483815,45.908508
17.482435,45.91019
17.483981,45.908289
17.482564,45.909937
17.484137,45.908054
17.482771,45.909714
17.484187,45.907792
17.482754,45.909455
17.484322,45.90756
17.482931,45.909101
17.484504,45.907078
17.483077,45.908905
17.483191,45.908662
17.484737,45.906516
17.483409,45.908424
17.484939,45.906224
17.483514,45.90819
17.484995,45.905997
17.483483,45.907767
17.48519,45.905766
17.483644,45.90767
17.485263,45.905472
17.483769,45.907438
17.485421,45.905232
17.484017,45.906953
17.485484,45.90495
17.484143,45.906708
17.485646,45.9047
17.484295,45.90642
17.484447,45.906157
17.484524,45.905913
17.484827,45.905367
17.484885,45.905121
17.485078,45.90484
17.485187,45.90462
17.484986,45.904194
17.48535,45.904103
17.485481,45.903632
17.481182,45.915085
17.481365,45.915147
17.483691,45.915151
17.481936,45.915247
17.972922,45.662276
17.973333,45.658143
17.973123,45.659082
17.972661,45.663151
17.972886,45.659831
17.97266,45.663357
17.972847,45.659972
17.972589,45.663589
17.972778,45.660181
17.972685,45.660765
17.972713,45.660889
17.972619,45.661152
17.972485,45.661541
17.97231,45.661936
17.972183,45.662742
17.972005,45.663149
17.972023,45.66347
17.972005,45.663687
17.481608,45.909079
17.256822,45.868179
17.256698,45.868062
17.233669,45.878396
17.231282,45.879668
17.23335,45.878407
17.231303,45.879469
17.232995,45.878398
17.232835,45.878275
17.231228,45.879136
17.232543,45.878285
17.231149,45.878954
17.232114,45.878213
17.231112,45.878771
17.231852,45.878105
17.231004,45.878595
17.231626,45.878041
17.231368,45.877943
17.231152,45.877843
17.229706,45.877678
17.23092,45.877765
17.230684,45.877667
17.22935,45.877384
17.230646,45.877524
17.228985,45.877049
17.23034,45.877411
17.228788,45.87693
17.230218,45.877269
17.228609,45.876748
17.230051,45.877165
17.229745,45.876998
17.229621,45.876894
17.226876,45.876503
17.229508,45.876782
17.229389,45.876685
17.226104,45.876391
17.229175,45.87662
17.227551,45.876072
17.229002,45.876517
17.228919,45.876374
17.227274,45.875478
17.228553,45.876219
17.227149,45.875256
17.228368,45.876041
17.226137,45.875485
17.228148,45.876044
17.22702,45.874945
17.227904,45.875736
17.227707,45.87549
17.226744,45.874455
17.227528,45.875337
17.226723,45.874263
17.227562,45.875231
17.226618,45.874157
17.227498,45.875097
17.226566,45.873983
17.227468,45.874756
17.226514,45.873864
17.227331,45.874578
17.226432,45.873621
17.22739,45.874413
17.226144,45.873558
17.227344,45.874257
17.226259,45.873041
17.22736,45.874065
17.22607,45.872637
17.227265,45.873811
17.22591,45.872148
17.227056,45.873595
17.225713,45.871887
17.226998,45.873416
17.225459,45.871663
17.22686,45.873145
17.225385,45.871442
17.226644,45.873042
17.22514,45.871294
17.226547,45.872917
17.225054,45.871063
17.226449,45.872739
17.224898,45.870915
17.226389,45.872433
17.226329,45.872154
17.226346,45.872003
17.224504,45.870345
17.226141,45.871921
17.224377,45.870288
17.226266,45.871662
17.224383,45.870093
17.226063,45.871588
17.225954,45.871488
17.224246,45.869739
17.225866,45.871385
17.223995,45.869493
17.225773,45.871289
17.224008,45.869207
17.225738,45.871156
17.225577,45.871084
17.223773,45.869062
17.225385,45.871022
17.223618,45.868654
17.225301,45.870916
17.223616,45.868459
17.225208,45.870741
17.223524,45.868255
17.225044,45.870611
17.223449,45.868184
17.224651,45.869733
17.223376,45.86804
17.22458,45.869116
17.22325,45.867763
17.223055,45.867584
17.224253,45.868946
17.222805,45.867366
17.224231,45.868848
17.222556,45.866859
17.224084,45.868506
17.222501,45.866745
17.223959,45.868244
17.222485,45.866521
17.223885,45.868033
17.222277,45.866308
17.223741,45.86749
17.221837,45.865903
17.223452,45.867302
17.221682,45.865698
17.223218,45.867043
17.223099,45.866866
17.220432,45.864809
17.22292,45.86654
17.221334,45.864549
17.221315,45.864149
17.219269,45.864213
17.219247,45.864009
17.222856,45.865791
17.222816,45.865599
17.222738,45.86541
17.222614,45.8651
17.222567,45.864944
17.222466,45.864591
17.222423,45.86442
17.2226,45.864096
17.222688,45.863845
17.222531,45.863713
17.253045,45.874628
17.253583,45.874885
17.252475,45.874383
17.251784,45.873915
17.251654,45.873765
17.251547,45.873531
17.252502,45.874753
17.252957,45.875562
17.252996,45.874931
17.252121,45.873074
17.253318,45.87211
17.255118,45.870186
17.252022,45.8726
17.252443,45.872788
17.25269,45.87271
17.252184,45.874625
17.25192,45.874511
17.251732,45.872654
17.25167,45.872834
17.251474,45.874115
17.251336,45.87315
17.251352,45.873975
17.251249,45.873331
17.249627,45.874978
17.251082,45.873453
17.248792,45.875266
17.248503,45.875365
17.24826,45.875408
17.250912,45.873612
17.247806,45.875584
17.24704,45.875878
17.2464,45.876093
17.247296,45.875769
17.245853,45.876277
17.244945,45.876617
17.250695,45.87373
17.240942,45.879234
17.24117,45.879721
17.248963,45.874018
17.24135,45.879851
17.249333,45.87462
17.241496,45.879982
17.248872,45.874724
17.241682,45.880328
17.247795,45.875178
17.246232,45.875774
17.246028,45.875855
17.245778,45.875938
17.24388,45.876595
17.233802,45.878703
17.23688,45.877695
17.236618,45.877784
17.236145,45.877871
17.231899,45.879685
17.231079,45.879931
17.23067,45.880405
17.230079,45.88119
17.22964,45.881535
17.229385,45.88161
17.229634,45.882918
17.229814,45.88306
17.229958,45.883239
17.230141,45.883504
17.230389,45.883812
17.230536,45.883959
17.228288,45.88165
17.230829,45.88406
17.228445,45.881873
17.230821,45.884253
17.230951,45.884399
17.229243,45.882997
17.231062,45.884585
17.229468,45.883223
17.229697,45.883536
17.229948,45.883791
17.230104,45.883978
17.230355,45.884239
17.230445,45.884409
17.230601,45.884541
17.230669,45.884736
17.230988,45.885002
17.231037,45.885173
17.949244,45.587516
17.949038,45.587524
17.947639,45.58735
17.947453,45.587342
17.947241,45.587342
17.947033,45.587287
17.94684,45.587282
17.946633,45.587284
17.946236,45.587216
17.946047,45.587186
17.945832,45.587182
17.94563,45.587193
17.949664,45.583684
17.949629,45.584204
17.949079,45.583614
17.947712,45.584092
17.948898,45.583602
17.947245,45.584104
18.000945,45.605268
18.001777,45.604959
18.002021,45.606223
18.010048,45.604702
18.007445,45.606443
18.005486,45.606278
18.011054,45.605339
18.005834,45.606304
18.006263,45.606262
18.006649,45.606174
18.00694,45.606136
18.011714,45.605613
18.007208,45.606152
18.007372,45.606119
18.011862,45.605677
18.007575,45.605973
18.007813,45.605647
18.008154,45.605597
18.012625,45.606356
18.008404,45.605456
18.013196,45.606448
18.008582,45.605287
18.008799,45.604901
18.013529,45.606669
18.01101,45.604797
18.013719,45.60671
18.011326,45.604993
18.013878,45.606785
18.011655,45.604973
18.01192,45.605285
18.013965,45.606983
18.012052,45.605306
18.01413,45.607016
18.012222,45.605506
18.014271,45.606978
18.012402,45.605574
18.014399,45.607259
18.012556,45.605661
18.014758,45.607305
18.012696,45.605743
18.014912,45.607424
18.012831,45.605833
18.015077,45.60749
18.012952,45.605924
18.015385,45.607665
18.013507,45.606128
18.013643,45.606205
18.013775,45.60635
18.014074,45.606502
18.014538,45.606755
18.014709,45.606877
18.015006,45.606958
18.01512,45.607024
18.015365,45.607133
18.015929,45.607483
18.016273,45.607608
18.016546,45.60781
18.01674,45.607865
18.016902,45.607929
18.017009,45.608067
18.01736,45.608156
18.017514,45.608263
18.017747,45.608483
17.948766,45.583926
17.948846,45.58521
17.948735,45.584058
17.94879,45.585515
17.94874,45.585787
17.948688,45.58436
17.948678,45.586145
17.94862,45.584496
17.948602,45.58686
17.948574,45.584634
17.948541,45.587133
17.948553,45.584779
17.948416,45.58747
17.9485,45.584939
17.948448,45.58516
17.948329,45.585746
17.948255,45.586106
17.948107,45.586805
17.947927,45.58742
17.951088,45.583531
17.951834,45.58817
17.947794,45.584828
17.94989,45.585274
17.947581,45.584809
17.949695,45.585299
17.947376,45.584796
17.949484,45.585252
17.949282,45.585244
17.946961,45.584757
17.94812,45.58519
17.946755,45.584746
17.947918,45.585131
17.946546,45.584725
17.947689,45.585086
17.946313,45.584696
17.9475,45.58509
17.9473,45.585053
17.947096,45.585036
17.946888,45.585018
17.946666,45.585018
17.946475,45.584983
17.946048,45.584995
17.459687,45.940394
17.458395,45.940416
17.457806,45.940344
17.459336,45.940275
17.458885,45.940201
17.456949,45.9401
17.458797,45.940154
17.456951,45.941023
17.458462,45.940129
17.458231,45.940022
17.457913,45.939946
17.45734,45.93984
17.456901,45.94234
17.456324,45.942901
17.456901,45.939682
17.45634,45.942516
17.456612,45.93936
17.456538,45.939106
17.456359,45.942104
17.45631,45.941877
17.456227,45.938773
17.456427,45.941643
17.456134,45.938569
17.456461,45.941225
17.455986,45.938391
17.45583,45.938221
17.455729,45.938019
17.456525,45.940461
17.455523,45.937422
17.456501,45.940232
17.456493,45.939983
17.456187,45.939807
17.456223,45.939537
17.456044,45.939315
17.455927,45.939112
17.455798,45.938921
17.455696,45.938738
17.455545,45.938557
17.4554,45.938335
17.455065,45.938052
17.455044,45.93785
17.454738,45.937457
17.951304,45.582635
17.951111,45.582632
17.948618,45.58282
17.950952,45.582638
17.947884,45.582195
17.947749,45.582062
17.950729,45.582642
17.947627,45.581911
17.95057,45.58266
17.947345,45.581633
17.947217,45.581516
17.950445,45.582645
17.947084,45.581428
17.946967,45.581281
17.950192,45.582664
17.946821,45.581188
17.949957,45.582594
17.946632,45.580948
17.946391,45.580726
17.94985,45.582606
17.946205,45.580525
17.949735,45.582639
17.946018,45.580309
17.949525,45.582623
17.945754,45.580122
17.94929,45.582632
17.94558,45.579899
17.949044,45.582514
17.945386,45.579692
17.948855,45.582442
17.945143,45.57949
17.944968,45.579282
17.947972,45.581537
17.944756,45.57907
17.947301,45.580691
17.944518,45.578668
17.946908,45.580487
17.944335,45.578641
17.946755,45.580263
17.94648,45.580076
17.946259,45.579847
17.944137,45.578415
17.946062,45.579671
17.943887,45.578181
17.943671,45.578032
17.945871,45.579482
17.944754,45.578318
17.944983,45.578585
17.943294,45.577635
17.943151,45.577481
17.944453,45.577904
17.942889,45.577265
17.943593,45.577153
17.942626,45.576917
17.943393,45.576934
17.942244,45.576525
17.943265,45.576817
17.941893,45.576249
17.941748,45.576107
17.941592,45.575994
17.941521,45.575919
17.9407,45.575133
17.942315,45.575835
17.942092,45.575636
17.940445,45.574798
17.940296,45.574666
17.941821,45.575397
17.941691,45.575254
17.940032,45.574351
17.93984,45.574221
17.941417,45.574951
17.941289,45.574708
17.940917,45.574491
17.940318,45.573951
17.949978,45.586256
17.949635,45.586653
17.949694,45.586252
17.949425,45.586629
17.949493,45.586227
17.949288,45.586222
17.94902,45.586577
17.949088,45.586179
17.948622,45.58652
17.94792,45.586088
17.948152,45.586487
17.947717,45.586063
17.947841,45.586456
17.947493,45.586041
17.947629,45.586454
17.947316,45.586006
17.947424,45.586448
17.94712,45.58598
17.947234,45.586397
17.946904,45.585976
17.947027,45.586395
17.946701,45.58596
17.946812,45.586387
17.94621,45.585879
17.946612,45.586335
17.946072,45.585591
17.946396,45.586335
17.946208,45.586309
17.945972,45.586286
17.945797,45.586293
17.953838,45.580447
17.952735,45.581763
17.951558,45.582573
17.951862,45.58217
17.942008,45.585615
17.940992,45.586172
17.940989,45.586364
17.940489,45.586832
17.943006,45.586237
17.938404,45.588361
17.941951,45.58622
17.942597,45.586532
17.941862,45.586806
17.941809,45.587255
17.941733,45.58771
17.941035,45.588973
17.941195,45.588845
17.941596,45.588623
17.949042,45.707193
17.94819,45.707346
17.945579,45.708881
17.947567,45.707723
17.94535,45.709061
17.945457,45.708584
17.945184,45.708635
17.944834,45.70876
17.548471,45.764328
17.547948,45.764403
17.547708,45.764473
17.547444,45.764447
17.547232,45.764521
17.546981,45.764495
17.546687,45.764539
17.545733,45.764472
17.545282,45.764548
17.545043,45.76455
17.545083,45.764986
17.544794,45.764555
17.544497,45.764538
17.543991,45.764541
17.543515,45.764596
17.543299,45.764621
17.543025,45.764532
17.542897,45.764578
17.542477,45.764644
17.542204,45.764679
17.542001,45.764758
17.541593,45.764814
17.541365,45.764878
17.541113,45.764937
17.540899,45.76499
17.541202,45.765422
17.540693,45.76502
17.540536,45.765017
17.540181,45.765019
17.540132,45.765196
17.539456,45.765315
17.539364,45.765329
17.538548,45.765538
17.538057,45.765605
17.537944,45.765664
17.537416,45.765776
17.537241,45.765834
17.536443,45.766008
17.536121,45.766046
17.535987,45.766042
17.535868,45.766056
17.534762,45.766141
17.535003,45.766179
17.539278,45.765803
17.539692,45.765729
17.53908,45.765846
17.538601,45.76596
17.538264,45.766033
17.528232,45.91155
17.528575,45.911239
17.527892,45.911373
17.527027,45.910346
17.525442,45.909373
17.523696,45.908193
17.51696,45.904748
17.523316,45.907583
17.606385,45.784833
17.604618,45.786054
17.605897,45.785052
17.516366,45.904334
17.520848,45.906659
17.520661,45.906528
17.513449,45.902701
17.520393,45.906347
17.513284,45.902505
17.512745,45.902319
17.512232,45.901821
17.519351,45.905725
17.512001,45.901738
17.511681,45.901468
17.51855,45.905252
17.510817,45.901013
17.518383,45.905177
17.509773,45.900312
17.518257,45.904945
17.509422,45.899935
17.51799,45.904873
17.508577,45.898796
17.51779,45.904734
17.507505,45.899096
17.50739,45.899137
17.51741,45.904486
17.516791,45.90415
17.516608,45.904007
17.515363,45.90329
17.514755,45.902914
17.513968,45.902411
17.513728,45.902309
17.513009,45.901873
17.512751,45.901703
17.512516,45.901525
17.512155,45.901262
17.511731,45.901062
17.51115,45.900674
17.510826,45.900519
17.510493,45.900321
17.510393,45.900234
17.510251,45.900141
17.50997,45.899827
17.509779,45.89957
17.530524,45.912675
17.53119,45.91283
17.530361,45.91287
17.530213,45.913029
17.530898,45.913
17.529836,45.913202
17.530547,45.913256
17.529587,45.913448
17.530332,45.913515
17.529253,45.913645
17.530042,45.913687
17.529175,45.913793
17.529796,45.913896
17.528723,45.914067
17.529507,45.914096
17.528471,45.914327
17.52932,45.914153
17.528149,45.914438
17.529174,45.914254
17.527745,45.914808
17.5285,45.914785
17.527511,45.915024
17.528273,45.915015
17.527426,45.915088
17.526942,45.915419
17.527723,45.91539
17.526678,45.91563
17.527444,45.91557
17.526271,45.915798
17.527292,45.915674
17.525963,45.91593
17.527024,45.915871
17.525798,45.916002
17.526899,45.915971
17.525601,45.916087
17.526699,45.916102
17.526452,45.916186
17.524915,45.916346
17.526113,45.916375
17.524555,45.916447
17.525737,45.916464
17.52539,45.916591
17.523299,45.916816
17.52505,45.916629
17.522967,45.91696
17.52471,45.91683
17.522619,45.917092
17.522252,45.917239
17.523422,45.917247
17.521803,45.917251
17.523048,45.917369
17.522686,45.917449
17.520684,45.917253
17.520088,45.917723
17.531458,45.912591
17.531024,45.912442
17.532206,45.91217
17.531442,45.911994
17.55995,45.777081
17.927783,45.5685
17.533334,45.911196
17.57461,45.754772
17.809349,45.612672
17.561761,45.782897
17.600773,45.787929
17.535311,45.909968
17.534977,45.909479
17.59796,45.789337
17.581216,45.754566
17.297799,45.857406
17.309986,45.904544
17.580215,45.755347
17.536874,45.908063
17.598325,45.789148
17.533293,45.910624
17.603846,45.786059
17.235549,45.878009
17.472093,45.931614
17.577935,45.756392
17.536427,45.913582
17.602338,45.787182
17.231219,45.884713
17.534585,45.909569
17.569377,45.778232
17.532823,45.911034
17.599291,45.788661
17.563796,45.763418
17.570164,45.78112
17.604187,45.7859
17.536363,45.908387
17.571317,45.782546
17.535464,45.909711
17.60001,45.889345
17.286316,45.830608
17.231689,45.879841
17.324967,45.875726
17.602653,45.787051
17.602008,45.787342
17.536442,45.908927
17.536603,45.908245
17.814155,45.622279
17.603691,45.786531
17.941594,45.575162
17.521456,45.869826
17.577273,45.757029
17.535019,45.912541
17.601918,45.787009
17.230266,45.883665
17.365001,45.93318
17.298394,45.849175
17.599854,45.788004
17.53391,45.910874
17.534839,45.912924
17.533674,45.90984
17.302548,45.861588
17.281723,45.827002
17.598076,45.788931
17.231706,45.87934
17.925712,45.569627
17.297695,45.856385
17.231486,45.878542
17.573693,45.761828
17.532271,45.911485
17.602215,45.786888
17.555053,45.771181
17.582042,45.760217
17.534861,45.910044
17.600037,45.787967
17.361417,45.893469
17.603696,45.786121
17.598408,45.788762
17.304237,45.847586
17.573642,45.762081
17.303111,45.848758
18.012907,45.606231
17.535756,45.908854
17.572193,45.762084
17.678623,45.607478
17.573536,45.762215
17.60333,45.786684
17.599402,45.788265
17.291092,45.901463
17.534659,45.910259
17.504359,45.849821
17.598756,45.788622
17.561836,45.783163
17.602999,45.786835
17.30381,45.848689
17.360808,45.89465
17.570945,45.781689
17.98321,45.645481
17.414329,45.885817
17.533066,45.910827
17.576238,45.757656
17.228264,45.876611
17.598989,45.788837
17.577218,45.757148
17.603228,45.78638
17.360761,45.893202
17.259036,45.860109
17.291711,45.87116
17.814205,45.622572
17.30374,45.848367
17.677929,45.607836
17.533186,45.910756
17.952081,45.583238
17.227716,45.875573
17.602528,45.786692
17.292634,45.871343
17.532057,45.911675
17.581919,45.75429
17.294067,45.837931
17.534645,45.912725
17.325363,45.875872
17.291316,45.835422
17.234223,45.878354
17.596043,45.789967
17.451092,45.875931
17.532278,45.91197
17.53286,45.91154
17.572398,45.76212
17.534202,45.910089
17.534451,45.912097
17.817017,45.63064
17.604083,45.786324
17.573072,45.76372
17.600617,45.787674
17.582735,45.760876
17.601374,45.787682
17.294091,45.837762
17.535685,45.909465
17.304615,45.866075
17.574222,45.754885
17.534298,45.911748
17.532721,45.911877
17.60168,45.787512
17.568701,45.772539
17.305445,45.862431
17.293139,45.833657
17.360638,45.905086
17.293872,45.836817
17.597657,45.789145
17.303978,45.865773
17.534775,45.912844
17.534468,45.909882
17.23458,45.878457
17.569312,45.784553
17.970824,45.649599
17.512176,45.855021
17.307806,45.876626
17.781447,45.610526
17.801127,45.616992
17.797192,45.617438
17.802949,45.617845
17.801419,45.616704
17.786727,45.618235
17.808565,45.610802
17.813118,45.608282
17.810603,45.612718
17.811416,45.612322
17.812456,45.610368
17.80934,45.613632
17.809973,45.617421
17.804884,45.614781
17.807407,45.613379
17.807054,45.616286
17.807015,45.616099
17.806961,45.61592
17.806894,45.615757
17.806668,45.614351
17.81333,45.620706
17.81443,45.623024
17.817404,45.631491
17.817491,45.631693
17.814458,45.621846
17.823191,45.627051
17.81958,45.633913
17.819834,45.637048
17.809299,45.614966
17.584021,45.858004
17.58439,45.858714
17.584483,45.858917
17.584412,45.860793
17.584405,45.860985
17.585156,45.859297
17.584708,45.861386
17.486506,45.860398
17.478822,45.861072
17.53584,45.913964
17.529845,45.911648
17.529074,45.911939
17.529265,45.911577
17.516066,45.904164
17.514299,45.902639
17.512919,45.901784
17.552016,45.926863
17.559711,45.92055
17.504943,45.846715
17.502477,45.854632
17.501915,45.854686
17.501337,45.854767
17.628144,45.850601
17.629095,45.850707
17.640933,45.851665
17.629454,45.846155
17.526785,45.877471
17.535073,45.883989
17.56494,45.861175
17.559512,45.866822
17.51626,45.835466
17.527834,45.878451
17.531468,45.882798
17.532391,45.885156
17.530092,45.897969
17.502518,45.855095
17.502231,45.855121
17.502022,45.855205
17.519601,45.864624
17.499852,45.842687
17.49283,45.83608
17.522559,45.853218
17.531481,45.852434
17.517339,45.857697
17.517935,45.8588
17.520013,45.863925
17.520257,45.86501
17.521269,45.869089
17.595953,45.889777
17.596365,45.890074
17.601774,45.889903
17.602028,45.890153
17.599731,45.886183
17.594684,45.911407
17.509946,45.877966
17.514078,45.87862
17.523915,45.874963
17.567838,45.860351
17.547699,45.858777
17.548285,45.859025
17.550097,45.859836
17.551871,45.86183
17.552176,45.862547
17.55237,45.863102
17.552612,45.863527
17.552575,45.863883
17.553324,45.865473
17.548562,45.858772
17.548982,45.858963
17.553055,45.863468
17.5593,45.862467
17.562898,45.861628
17.560962,45.86765
17.558951,45.867003
17.556423,45.86726
17.556413,45.868662
17.565384,45.860615
17.484119,45.860798
17.544759,45.765048
17.539943,45.76522
17.559442,45.787965
17.569403,45.778404
17.532693,45.744799
17.532304,45.744158
17.515557,45.731506
17.524385,45.745479
17.525655,45.751937
17.524256,45.737258
17.534166,45.745317
17.582613,45.771914
17.581353,45.759761
17.589309,45.764494
17.569725,45.748758
17.572309,45.756898
17.570241,45.749644
17.572862,45.762115
17.573235,45.761681
17.579759,45.755609
17.580363,45.754768
17.574839,45.755076
17.550503,45.75845
17.562201,45.776455
17.2909,45.871851
17.303116,45.874522
17.303878,45.87448
17.318279,45.903485
17.318725,45.903389
17.319515,45.903404
17.319988,45.903378
17.320784,45.903228
17.292213,45.901471
17.286794,45.832227
17.293635,45.834134
17.293802,45.834326
17.296382,45.840855
17.296358,45.841763
17.296606,45.847526
17.297108,45.840772
17.293078,45.833547
17.289533,45.879246
17.289574,45.879396
17.289335,45.881411
17.289322,45.881715
17.289319,45.883367
17.292331,45.895977
17.300064,45.907115
17.300652,45.908334
17.301994,45.906388
17.302624,45.9063
17.315219,45.90449
17.317552,45.904253
17.305468,45.90552
17.309194,45.904952
17.311156,45.904692
17.311848,45.904589
17.314792,45.904139
17.264676,45.862361
17.300155,45.850274
17.298945,45.850041
17.299025,45.84872
17.34339,45.931299
17.343706,45.931428
17.366832,45.922442
17.368327,45.927154
17.36534,45.932749
17.36282,45.933097
17.35901,45.899209
17.226374,45.872556
17.223983,45.868401
17.303464,45.849118
17.227064,45.876643
17.964654,45.566946
17.967696,45.564858
17.222688,45.866978
17.221305,45.864423
17.219365,45.865221
17.252797,45.874421
17.246165,45.876171
17.245554,45.876394
17.249501,45.874132
17.240266,45.876061
17.239891,45.875997
17.234922,45.877423
17.234793,45.877202
17.235012,45.876355
17.346274,45.898659
17.342197,45.883715
17.948604,45.641455
17.359737,45.891856
17.368859,45.925754
17.375073,45.926937
17.368605,45.930418
17.368383,45.932896
17.394521,45.86511
17.367889,45.932868
17.474011,45.887684
17.479229,45.898767
17.453805,45.923103
17.368933,45.917199
17.459813,45.932481
17.462438,45.935657
17.469571,45.898628
17.39235,45.900098
17.400731,45.893648
17.411729,45.886133
17.402656,45.890431
17.389042,45.885629
17.924924,45.570263
17.928833,45.565308
17.928897,45.565071
17.929115,45.56585
17.44713,45.875578
17.447599,45.874715
17.451994,45.875266
17.452977,45.874851
17.396597,45.892331
17.457336,45.873791
17.448022,45.877742
17.44058,45.880665
17.469131,45.879586
17.413877,45.885979
17.419824,45.891558
17.416234,45.887599
17.422428,45.890631
17.419252,45.874011
17.458319,45.940049
17.455172,45.937266
17.456956,45.941732
17.484301,45.923157
17.94542,45.618279
17.482767,45.9106
17.484376,45.907389
17.946095,45.599057
17.944998,45.598877
17.972306,45.616892
18.012481,45.606207
17.9427,45.694041
17.940157,45.695942
17.938594,45.692978
17.936085,45.68572
17.94947,45.587538
17.948438,45.585487
17.946276,45.584958
17.946513,45.584046
17.965216,45.648597
17.972363,45.662062
17.979154,45.651174
17.975541,45.651414
17.973306,45.660518
17.975344,45.678758
17.976829,45.648758
17.976965,45.648305
17.942815,45.577072
17.942178,45.575748
17.936638,45.665702
17.933989,45.663313
17.936914,45.664215
17.982486,45.649148
17.982764,45.648389
17.982665,45.647071
17.992927,45.664707
17.890371,45.672213
17.5605,45.77688
17.93379,45.568491
17.941547,45.697998
17.972753,45.66025
17.938374,45.692357
17.578777,45.756284
17.397101,45.895705
17.401908,45.891134
17.337153,45.900415
17.30271,45.905866
17.228567,45.87349
17.556713,45.866514
17.513507,45.879201
17.289695,45.889543
17.289962,45.890601
17.290203,45.890692
17.290992,45.892185
17.291367,45.893072
17.29168,45.89327
17.292228,45.895033
17.549276,45.91552
17.532795,45.888112
17.979431,45.643531
17.301772,45.857027
17.274581,45.883604
17.417943,45.872983
17.58771,45.890403
17.329261,45.877759
17.288598,45.882087
17.222878,45.863346
17.447887,45.914989
17.973208,45.661114
17.274828,45.857877
17.981247,45.687613
17.474346,45.893519
17.395176,45.8958
17.420015,45.872561
17.414099,45.874854
17.285525,45.856796
17.401201,45.892981
17.336434,45.900999
17.473855,45.862028
17.472549,45.861859
17.535751,45.747102
17.253416,45.863165
17.455422,45.94109
17.41822,45.889132
17.274142,45.854111
17.930302,45.567298
18.019006,45.622467
17.974002,45.657898
17.426987,45.923247
17.530203,45.911978
17.292386,45.871408
17.517458,45.861042
17.266073,45.859732
17.448407,45.877568
17.974102,45.657645
17.578634,45.755777
17.940608,45.686713
17.356051,45.899394
17.303362,45.848163
17.934916,45.575433
17.484231,45.860812
17.815516,45.624705
17.413301,45.887577
17.79812,45.629886
17.811638,45.61047
17.237659,45.878738
17.954905,45.613126
17.954732,45.612629
17.984864,45.64021
17.985177,45.64034
17.985444,45.640537
17.226229,45.873614
17.994369,45.669964
17.486283,45.924028
17.811987,45.61892
17.399477,45.891146
17.46169,45.87211
17.291966,45.834563
17.576807,45.757451
17.53116,45.891303
17.622074,45.85255
17.544716,45.857477
17.451135,45.875429
17.505008,45.847352
17.524521,45.745523
17.396133,45.894513
17.396098,45.89428
17.444393,45.912491
17.297618,45.855276
17.504763,45.8348
17.395011,45.894341
17.986854,45.68043
17.291582,45.896987
17.365357,45.907176
17.264687,45.860004
17.505895,45.85373
17.504724,45.849176
17.559129,45.867008
17.496181,45.835628
17.299585,45.845928
17.298528,45.850198
17.589141,45.890888
17.468931,45.88051
17.284186,45.848989
17.950439,45.584015
17.28895,45.886149
17.432049,45.871879
17.505105,45.847683
17.622172,45.852901
17.423765,45.891427
17.494572,45.836135
17.246739,45.875975
17.94766,45.580134
17.94829,45.581029
17.947508,45.580675
17.950105,45.580612
17.455506,45.926511
17.789281,45.639254
17.785667,45.618697
17.816003,45.628115
17.30075,45.84352
17.300627,45.843552
17.485626,45.913255
17.97281,45.649596
17.558479,45.770699
17.409363,45.887117
17.414742,45.885469
17.490657,45.930942
17.794293,45.617756
17.574981,45.779075
17.456939,45.942161
17.559729,45.787467
17.580697,45.754983
17.26559,45.861691
17.226868,45.873301
17.817082,45.678718
17.440778,45.880126
17.9744,45.65053
17.973579,45.656903
17.360207,45.904111
17.303316,45.849352
17.298751,45.847448
17.230805,45.878457
17.527281,45.898042
17.47514,45.861792
17.411133,45.886244
17.252207,45.874231
17.289348,45.88225
17.810871,45.617525
17.294971,45.857283
17.308512,45.876972
17.293956,45.870553
17.809301,45.617529
17.29966,45.866694
17.518482,45.855917
17.581847,45.759999
17.560305,45.920619
17.252143,45.872465
17.303765,45.906123
17.948656,45.584227
17.947166,45.584778
17.301997,45.862748
17.302057,45.862874
17.289325,45.883067
17.227425,45.875641
17.791433,45.617512
17.230039,45.883376
17.530688,45.884076
17.45695,45.941929
17.30302,45.850099
17.815427,45.625859
17.288951,45.876757
17.500886,45.834839
17.28898,45.886419
17.358634,45.900417
17.802448,45.620358
17.517011,45.85584
17.298417,45.850745
17.520736,45.743666
17.456505,45.940638
17.482486,45.911264
17.824834,45.658527
17.478748,45.861242
17.437807,45.900992
17.569135,45.77759
17.794985,45.670155
17.42105,45.873653
17.420842,45.873657
17.961159,45.57076
17.986775,45.681032
17.274106,45.85878
17.604344,45.786192
17.29855,45.855609
17.786512,45.618224
17.298223,45.852206
17.41337,45.887947
17.468399,45.87935
17.468793,45.879318
17.824479,45.66222
17.520657,45.85481
17.587805,45.749004
17.485474,45.904026
17.786697,45.618588
17.506176,45.834847
17.768995,45.609041
17.806719,45.614878
17.504929,45.847036
17.296703,45.856123
17.581542,45.759838
17.231206,45.878227
17.94802,45.587149
17.427567,45.872834
17.518811,45.855435
17.500029,45.83559
17.491582,45.836257
17.517815,45.83612
17.966393,45.648351
17.230887,45.88018
17.245223,45.876506
17.512248,45.852996
17.820796,45.66853
17.459,45.872967
17.96974,45.615772
17.358662,45.900051
17.948345,45.642212
17.95112,45.582938
17.764173,45.661288
17.769322,45.662498
17.769044,45.663648
17.769429,45.666535
17.774537,45.663056
17.762961,45.668107
17.762794,45.668175
17.76773,45.664614
17.762917,45.668451
17.767228,45.664477
17.763031,45.657053
17.763861,45.660824
17.769446,45.666232
17.772223,45.661061
17.777017,45.664044
17.764544,45.666126
17.765005,45.66595
17.770777,45.662887
17.773073,45.662349
17.765041,45.665835
17.758962,45.660347
17.761432,45.66165
17.756934,45.66117
17.771114,45.662577
17.767795,45.664222
17.770143,45.663924
17.762314,45.662384
17.761946,45.661743
17.765919,45.662997
17.752302,45.65934
17.766719,45.665048
17.764217,45.654231
17.767455,45.664367
17.78001,45.665359
17.777152,45.664099
17.76071,45.663033
17.76305,45.667404
17.757672,45.661698
17.765208,45.663054
17.75217,45.659305
17.765894,45.66315
17.763413,45.666245
17.758274,45.673165
17.755966,45.658897
17.763406,45.667047
17.765265,45.665726
17.764456,45.662622
17.767852,45.664496
17.771337,45.662179
17.763184,45.666493
17.769383,45.666777
17.761824,45.668925
17.769744,45.665358
17.764294,45.662521
17.770561,45.663225
17.767861,45.662327
17.7641,45.662382
17.766506,45.661431
17.766093,45.66139
17.765372,45.663205
17.759227,45.664173
17.765562,45.663326
17.763833,45.662224
17.769474,45.663455
17.765323,45.661215
17.76568,45.661301
17.775904,45.663571
17.764074,45.665893
17.766436,45.664825
17.770271,45.663535
17.772768,45.660501
17.766645,45.664732
17.759384,45.658549
17.766288,45.664883
17.76195,45.668577
17.76354,45.661875
17.751758,45.658415
17.761099,45.670365
17.769995,45.664727
17.766049,45.664955
17.760553,45.661115
17.761795,45.669097
17.766505,45.664739
17.752473,45.659558
17.777789,45.664376
17.779489,45.665103
17.763308,45.666373
17.759075,45.662267
17.762788,45.666991
17.769697,45.663407
17.772803,45.660393
17.763741,45.666651
17.768268,45.662685
17.758537,45.658898
17.758166,45.659739
17.764671,45.662739
17.777563,45.66428
17.764381,45.661045
17.780292,45.668551
17.76499,45.665451
17.763491,45.662003
17.768945,45.662437
17.770123,45.663011
17.76244,45.667804
17.770556,45.663416
17.766734,45.664665
17.775362,45.663282
17.766473,45.665248
17.76684,45.661502
17.763557,45.666126
17.769847,45.663333
17.772651,45.662216
17.768533,45.662457
17.766874,45.664576
17.773118,45.660021
17.771361,45.662301
17.765193,45.661234
17.777995,45.664467
17.761223,45.658134
17.780162,45.668746
17.769486,45.665937
17.764828,45.665606
17.768618,45.662727
17.752826,45.657727
17.764869,45.666001
17.769957,45.66423
17.764874,45.662841
17.77287,45.66221
17.772667,45.660622
17.762745,45.667186
17.759192,45.658347
17.759823,45.658416
17.770912,45.662699
17.769501,45.665828
17.754451,45.66052
17.769779,45.664901
17.767526,45.661831
17.767608,45.662111
17.757411,45.661548
17.767231,45.662845
17.770044,45.664083
17.764716,45.666041
17.766102,45.66244
17.778861,45.664815
17.779804,45.66928
17.770649,45.663045
17.765833,45.661289
17.768094,45.664035
17.765973,45.6654
17.769471,45.66606
17.775516,45.663361
17.77032,45.663647
17.769772,45.66521
17.779668,45.665202
17.759184,45.660582
17.766311,45.65532
17.7629,45.666734
17.776644,45.663895
17.765558,45.66519
17.779155,45.664964
17.763489,45.666685
17.768377,45.664251
17.769398,45.663515
17.757857,45.658717
17.764591,45.665672
17.767305,45.664812
17.768083,45.662314
17.768601,45.663884
17.76416,45.660941
17.76479,45.661153
17.766417,45.66248
17.774766,45.663033
17.77989,45.66912
17.762683,45.668437
17.762175,45.668359
17.770303,45.662918
17.768721,45.662496
17.769742,45.665023
17.77142,45.662062
17.768608,45.664166
17.769342,45.665351
17.760317,45.663023
17.767549,45.664684
17.768688,45.663751
17.779285,45.665007
17.76994,45.6644
17.769936,45.66313
17.76552,45.665639
17.769607,45.663971
17.778201,45.664575
17.765962,45.655201
17.762544,45.667661
17.763751,45.666058
17.767045,45.664916
17.773123,45.66196
17.768898,45.663744
17.763416,45.661639
17.771811,45.66146
17.770027,45.663064
17.771142,45.662343
17.764277,45.665717
17.768277,45.662437
17.769356,45.665112
17.768831,45.664084
17.774982,45.663116
17.766708,45.662554
17.769897,45.664551
17.767153,45.661415
17.759437,45.66366
17.764165,45.666221
17.772923,45.660239
17.782146,45.666477
17.759795,45.66269
17.765399,45.665325
17.761031,45.661733
17.764566,45.6611
17.771916,45.661288
17.76253,45.668735
17.762052,45.662329
17.775661,45.663422
17.763713,45.661295
17.777411,45.664213
17.773026,45.660088
17.763933,45.665995
17.770919,45.662642
17.760322,45.658305
17.758312,45.661954
17.769596,45.665627
17.762586,45.66743
17.769411,45.663847
17.766863,45.664987
17.767356,45.661399
17.76216,45.668079
17.76012,45.662913
17.765827,45.665071
17.765441,45.665686
17.298442,45.856062
17.323497,45.875074
17.323831,45.875182
17.468443,45.879473
17.468622,45.879439
17.678034,45.607524
17.676015,45.607718
17.681499,45.607126
17.682893,45.607036
17.679398,45.607395
17.689635,45.598931
17.675836,45.607979
17.679643,45.607604
17.681709,45.607395
17.803469,45.617958
17.996612,45.649861
17.291978,45.888716
17.814086,45.677861
17.814278,45.677947
17.814083,45.677738
17.815595,45.67849
17.815919,45.678556
17.683795,45.619724
17.753524,45.610727
17.687523,45.621815
17.745675,45.61436
17.68547,45.619116
17.689989,45.618824
17.687529,45.62201
17.749598,45.613053
17.689806,45.618854
17.686338,45.617912
17.681759,45.62013
17.72847,45.616634
17.691995,45.618197
17.683239,45.619807
17.68632,45.617665
17.694213,45.617866
17.687885,45.623372
17.694436,45.617843
17.687013,45.620237
17.748774,45.629164
17.756485,45.610587
17.690075,45.622946
17.690548,45.618725
17.691582,45.618282
17.691158,45.623772
17.687415,45.621488
17.690905,45.618682
17.755413,45.611211
17.690183,45.61878
17.690364,45.618761
17.75772,45.610619
17.687671,45.622362
17.743025,45.614943
17.687168,45.620777
17.745835,45.619407
17.681712,45.619643
17.760387,45.609653
17.746404,45.614089
17.692403,45.623658
17.693441,45.617975
17.689152,45.622694
17.746892,45.613907
17.690548,45.623094
17.757155,45.610784
17.690221,45.618474
17.686875,45.617541
17.745674,45.615679
17.745463,45.617678
17.686195,45.617113
17.687386,45.621398
17.689553,45.623137
17.733228,45.616331
17.762185,45.609607
17.74555,45.620773
17.751369,45.612554
17.754921,45.610925
17.683601,45.619767
17.760484,45.610006
17.757971,45.610226
17.750087,45.612784
17.692835,45.618412
17.755795,45.611101
17.687899,45.623033
17.738704,45.615994
17.760805,45.60953
17.68781,45.622771
17.75884,45.610413
17.689679,45.622851
17.758464,45.610462
17.687617,45.622238
17.748946,45.613025
17.753148,45.611731
17.745476,45.616902
17.692208,45.618583
17.690332,45.623097
17.762449,45.609201
17.683563,45.61943
17.688044,45.621595
17.694095,45.618237
17.746628,45.614005
17.687259,45.620926
17.691132,45.618308
17.756009,45.611016
17.756125,45.610673
17.760311,45.610038
17.68703,45.618198
17.686418,45.618178
17.687849,45.620986
17.691654,45.623341
17.744789,45.622402
17.755644,45.611179
17.761106,45.609452
17.691792,45.618255
17.731245,45.61665
17.68922,45.618515
17.755799,45.610693
17.689185,45.623058
17.76188,45.609655
17.742395,45.615369
17.687716,45.6225
17.68639,45.6187
17.750861,45.612393
17.755665,45.61075
17.751908,45.61156
17.687925,45.621272
17.687298,45.621071
17.757576,45.610299
17.684367,45.619287
17.75789,45.610596
17.761481,45.609372
17.758924,45.610001
17.687853,45.622898
17.692535,45.618456
17.687175,45.620635
17.690534,45.625799
17.688529,45.622899
17.69102,45.623591
17.759749,45.61015
17.745676,45.615463
17.690313,45.623351
17.687711,45.620555
17.746068,45.616588
17.686609,45.618865
17.742737,45.615328
17.759087,45.609953
17.68747,45.619623
17.686123,45.616827
17.761914,45.609294
17.753937,45.611549
17.759645,45.614639
17.744742,45.616781
17.687723,45.62028
17.686981,45.620096
17.75463,45.611302
17.745107,45.62753
17.755052,45.611219
17.68755,45.619879
17.744665,45.61658
17.76013,45.610081
17.751508,45.612477
17.745736,45.616306
17.760927,45.609501
17.759954,45.609763
17.693664,45.617956
17.687524,45.6219
17.691422,45.618603
17.758073,45.610559
17.68798,45.621409
17.744635,45.616396
17.759642,45.609817
17.751916,45.612046
17.684481,45.619709
17.756575,45.610895
17.690546,45.625996
17.681334,45.620127
17.683636,45.619417
17.693215,45.618026
17.68771,45.620429
17.745411,45.616663
17.754538,45.610429
17.745804,45.617603
17.686737,45.619316
17.755305,45.610822
17.68781,45.620843
17.750126,45.612369
17.759262,45.609916
17.690854,45.623531
17.686275,45.617525
17.758712,45.610018
17.746025,45.614246
17.687085,45.620375
17.759202,45.610323
17.692542,45.627329
17.745561,45.61478
17.688942,45.622598
17.688813,45.622928
17.691453,45.623332
17.737496,45.615854
17.681268,45.619791
17.690654,45.625694
17.759376,45.610249
17.687618,45.620078
17.686722,45.617011
17.686116,45.616928
17.745164,45.622326
17.759464,45.609884
17.75138,45.611797
17.684139,45.619324
17.759819,45.609799
17.689324,45.622721
17.748327,45.61363
17.741304,45.615257
17.7606,45.609615
17.68989,45.623217
17.747158,45.613777
17.688358,45.619054
17.744599,45.625735
17.745741,45.618876
17.745795,45.617314
17.758343,45.610148
17.68728,45.61872
17.687389,45.61946
17.745488,45.617411
17.686364,45.618051
17.686244,45.617371
17.68708,45.620519
17.688079,45.621785
17.751696,45.612225
17.689577,45.626839
17.757753,45.610207
17.750356,45.612638
17.745805,45.617493
17.755123,45.610837
17.745217,45.616189
17.691354,45.618326
17.693289,45.618356
17.726413,45.616316
17.685993,45.619007
17.7613,45.609409
17.686834,45.617354
17.754161,45.611431
17.749713,45.612647
17.758643,45.610455
17.76162,45.609734
17.690825,45.625414
17.68644,45.618327
17.690673,45.623468
17.75733,45.610726
17.759956,45.610127
17.761427,45.609807
17.687909,45.623184
17.760861,45.609909
17.683979,45.619687
17.68652,45.618601
17.690106,45.623283
17.749862,45.61292
17.761072,45.609872
17.734287,45.616311
17.687203,45.618624
17.681126,45.620166
17.752957,45.611339
17.762289,45.609209
17.750381,45.612275
17.687374,45.619294
17.756179,45.610989
17.689909,45.618464
17.741587,45.615214
17.681627,45.619656
17.690699,45.618371
17.744426,45.626109
17.752284,45.611771
17.688445,45.622316
17.751142,45.611894
17.687799,45.620683
17.745766,45.617115
17.686902,45.619938
17.688719,45.622582
17.683886,45.619357
17.687501,45.619734
17.744693,45.627344
17.754198,45.611082
17.750912,45.611898
17.74476,45.617134
17.745668,45.615873
17.742266,45.61507
17.759557,45.610228
17.749531,45.612727
17.68295,45.619534
17.745802,45.618349
17.745749,45.61692
17.758266,45.610527
17.745833,45.619199
17.745315,45.621328
17.744754,45.616908
17.687929,45.621136
17.745231,45.615234
17.690175,45.623006
17.728479,45.615583
17.7547,45.610946
17.687749,45.622628
17.74928,45.612816
17.690895,45.623213
17.686784,45.617269
17.755496,45.610772
17.745621,45.615111
17.733053,45.616641
17.690546,45.62343
17.682698,45.619569
17.733512,45.616351
17.756367,45.610949
17.816848,45.679097
17.816307,45.678722
17.816074,45.678667
17.816518,45.678828
17.820288,45.66908
17.825244,45.66837
17.820524,45.669011
17.826185,45.668071
17.820061,45.669118
17.823934,45.668673
17.819828,45.669484
17.826942,45.668747
17.827374,45.669304
17.827516,45.66945
17.826385,45.668187
17.826785,45.66857
17.827169,45.669118
17.826483,45.668283
17.826635,45.668425
17.814762,45.678226
17.828952,45.672433
17.827848,45.669968
17.828283,45.670557
17.828629,45.671606
17.828549,45.671389
17.828428,45.671038
17.828295,45.670746
17.827745,45.669772
17.827989,45.670093
17.827781,45.669876
17.828039,45.670243
17.828676,45.671916
17.828778,45.672024
17.828841,45.672302
17.817453,45.679307
17.817024,45.679299
17.817139,45.679629
17.817198,45.679809
17.817239,45.679919
17.817233,45.680078
17.817374,45.680319
17.818136,45.681208
17.817945,45.681627
17.817956,45.681751
17.817999,45.681839
17.818112,45.682022
17.82689,45.668114
17.826806,45.667953
17.827006,45.668241
17.827485,45.668785
17.827655,45.669049
17.82831,45.669928
17.827563,45.668928
17.828874,45.670884
17.829114,45.671494
17.829239,45.671694
17.829112,45.671579
17.828993,45.671269
17.829003,45.67108
17.82819,45.669721
17.829238,45.671854
17.827772,45.669215
17.828442,45.670098
17.828576,45.670408
17.818172,45.68249
17.818197,45.682912
17.81822,45.68307
17.818088,45.683371
17.817923,45.683761
17.81796,45.683858
17.817783,45.684272
17.817684,45.684496
17.825891,45.667419
17.824866,45.665683
17.824755,45.66531
17.82514,45.666062
17.824926,45.666278
17.825068,45.665902
17.825645,45.667142
17.82492,45.665793
17.824556,45.664776
17.818246,45.685079
17.818131,45.6848
17.81792,45.684985
17.824001,45.662297
17.824268,45.661242
17.823965,45.663465
17.824136,45.663941
17.824122,45.664102
17.824073,45.662195
17.823961,45.662561
17.824257,45.661414
17.823912,45.663274
17.824312,45.660947
17.824121,45.663756
17.824171,45.66173
17.824222,45.66158
17.823908,45.662946
17.823991,45.662034
17.824075,45.661895
17.823974,45.662766
17.82425,45.661104
17.8244,45.659263
17.824367,45.660712
17.82444,45.659147
17.824432,45.659394
17.824487,45.660174
17.824211,45.660429
17.824438,45.658736
17.824297,45.658489
17.824327,45.658328
17.824405,45.660065
17.824471,45.659624
17.824402,45.658907
17.824462,45.659993
17.824474,45.659881
17.824458,45.660327
17.824377,45.657077
17.824365,45.657823
17.8243,45.657715
17.824335,45.657571
17.824721,45.656173
17.824371,45.656933
17.824301,45.657312
17.824604,45.65659
17.824356,45.658081
17.824449,45.656837
17.81808,45.684614
17.818582,45.685175
17.822824,45.647027
17.820209,45.644648
17.821908,45.644695
17.820726,45.64488
17.818662,45.683066
17.818664,45.682902
17.818414,45.683524
17.82606,45.666934
17.826498,45.667566
17.825915,45.666664
17.826224,45.667273
17.825738,45.666418
17.826175,45.667178
17.824958,45.664643
17.824689,45.663948
17.824736,45.664121
17.825313,45.665374
17.825509,45.665804
17.825153,45.664996
17.824544,45.663739
17.824535,45.663609
17.824849,45.664279
17.82529,45.665159
17.82492,45.664429
17.818245,45.681329
17.81824,45.681426
17.818413,45.681823
17.818637,45.682256
17.818733,45.682464
17.824374,45.663283
17.824593,45.661719
17.824819,45.66101
17.824453,45.662418
17.82444,45.662081
17.824726,45.6612
17.824704,45.661374
17.824559,45.661966
17.824407,45.662858
17.81756,45.679621
17.81757,45.67973
17.817626,45.679888
17.817837,45.680451
17.818089,45.68099
17.824784,45.660797
17.824899,45.659186
17.824942,45.65956
17.824954,45.660201
17.82489,45.659415
17.824972,45.659923
17.824904,45.658888
17.824917,45.660449
17.824986,45.66007
17.824864,45.659008
17.824908,45.659817
17.824981,45.659694
17.824909,45.660303
17.817434,45.680682
17.824841,45.658332
17.816415,45.678279
17.816108,45.678282
17.815901,45.678229
17.817262,45.67893
17.82479,45.657805
17.824863,45.658038
17.824908,45.657032
17.825304,45.65637
17.825497,45.656163
17.81518,45.678064
17.80243,45.621126
17.802391,45.620435
17.802457,45.620562
17.802963,45.61923
17.803147,45.61874
17.803017,45.619079
17.803286,45.618543
17.8025,45.620228
17.802783,45.61961
17.802584,45.619982
17.803116,45.618944
17.802498,45.620045
17.802711,45.61989
17.803219,45.618675
17.803376,45.618254
17.803773,45.617262
17.80359,45.617858
17.803457,45.618087
17.803343,45.618336
17.803678,45.617654
17.803821,45.617366
17.803708,45.617759
17.804642,45.615466
17.804452,45.61593
17.804676,45.61531
17.804521,45.615572
17.804282,45.616347
17.804302,45.616171
17.804384,45.61603
17.804773,45.614901
17.804707,45.615032
17.804686,45.615175
17.805104,45.614189
17.805105,45.614052
17.805119,45.614544
17.8055,45.6137
17.805898,45.614464
17.805872,45.613536
17.806216,45.613489
17.805847,45.614134
17.809518,45.612986
17.810062,45.612867
17.809867,45.612865
17.808375,45.613212
17.808088,45.613306
17.808966,45.613139
17.809713,45.612954
17.808669,45.613183
17.810426,45.612747
17.807091,45.613398
17.814366,45.607999
17.811374,45.610885
17.81384,45.608434
17.81313,45.609006
17.812122,45.61005
17.812777,45.609304
17.813677,45.608589
17.81265,45.609573
17.81154,45.610625
17.802204,45.619853
17.802865,45.61842
17.801943,45.620673
17.802315,45.619513
17.802986,45.618001
17.803221,45.617602
17.80288,45.618132
17.80325,45.617442
17.802442,45.619233
17.802771,45.618567
17.803067,45.617715
17.801924,45.620458
17.802883,45.618292
17.801989,45.620181
17.803281,45.617316
17.803516,45.616181
17.803853,45.61601
17.80419,45.615132
17.803778,45.615712
17.804416,45.614343
17.803655,45.616467
17.80416,45.615229
17.804433,45.614456
17.804255,45.614867
17.805977,45.613221
17.809221,45.612706
17.809646,45.612563
17.805262,45.613283
17.808388,45.612925
17.806707,45.613105
17.80631,45.613177
17.805774,45.613222
17.80817,45.612949
17.811354,45.610285
17.81106,45.610529
17.810326,45.611178
17.81211,45.609417
17.810453,45.611038
17.811437,45.610135
17.811202,45.610428
17.812758,45.608708
17.812677,45.608922
17.814194,45.60755
17.813285,45.607977
17.813596,45.607903
17.811868,45.608355
17.812706,45.608094
17.812884,45.608089
17.810425,45.608541
17.814367,45.608253
17.815164,45.607855
17.815591,45.608131
17.814619,45.608206
17.815978,45.607986
17.815091,45.60814
17.814735,45.607892
17.816185,45.607945
17.812028,45.612419
17.811138,45.61257
17.811653,45.612488
17.812886,45.612469
17.812317,45.61237
17.81147,45.612526
17.811818,45.612488
17.811299,45.612544
17.812102,45.612199
17.810589,45.612468
17.811656,45.612271
17.395463,45.89592
17.807695,45.611014
17.80812,45.610902
17.807938,45.611026
17.806841,45.615378
17.806745,45.615042
17.80782,45.615475
17.806863,45.615594
17.807274,45.616666
17.806686,45.614571
17.809904,45.614148
17.810689,45.616523
17.810068,45.61464
17.809897,45.615378
17.810659,45.616295
17.809968,45.615592
17.810044,45.615818
17.809791,45.613797
17.810349,45.615465
17.810237,45.616524
17.810293,45.6153
17.809602,45.614502
17.809456,45.614055
17.810017,45.614466
17.809549,45.614267
17.81033,45.61666
17.810525,45.615957
17.809817,45.613873
17.809735,45.613639
17.809763,45.614943
17.809244,45.613398
17.809829,45.615149
17.809385,45.613837
17.810124,45.614791
17.80937,45.617814
17.811076,45.617178
17.811236,45.618023
17.810907,45.616994
17.808895,45.617882
17.811134,45.61787
17.811042,45.617764
17.810758,45.617393
17.80896,45.61745
17.81096,45.617647
17.810626,45.617292
17.809195,45.614651
17.801837,45.616863
17.80278,45.616972
17.800762,45.617037
17.801352,45.616941
17.801543,45.616973
17.798877,45.617219
17.795713,45.617579
17.797295,45.617403
17.799961,45.617139
17.799282,45.6172
17.798297,45.617278
17.795433,45.617613
17.796012,45.617565
17.792881,45.617906
17.795529,45.617641
17.79382,45.617873
17.796608,45.617493
17.793069,45.617839
17.792119,45.617947
17.794831,45.617768
17.794544,45.617712
17.795104,45.617644
17.796268,45.617503
17.792494,45.617899
17.792779,45.617894
17.799638,45.61725
17.798466,45.617241
17.793292,45.617814
17.793554,45.617815
17.796922,45.617435
17.797737,45.61736
17.785471,45.618683
17.788582,45.618338
17.790974,45.618078
17.791745,45.618021
17.79016,45.618167
17.789042,45.618266
17.789838,45.618216
17.789631,45.618234
17.790894,45.618199
17.800381,45.616729
17.799822,45.616851
17.800952,45.616731
17.799445,45.616737
17.800599,45.616738
17.799035,45.616835
17.801262,45.616684
17.795742,45.617247
17.797594,45.616989
17.793265,45.617528
17.796431,45.617141
17.794297,45.617354
17.798207,45.616943
17.80011,45.616808
17.794905,45.617341
17.796034,45.617222
17.801845,45.616638
17.80309,45.616783
17.799225,45.616929
17.797354,45.617104
17.795179,45.617368
17.794619,45.617446
17.795483,45.617334
17.796717,45.617187
17.797112,45.617114
18.005288,45.650715
17.787783,45.618067
17.789077,45.618001
17.789803,45.61786
17.787241,45.618179
17.791018,45.617812
17.792111,45.617655
17.789281,45.617987
17.791428,45.617309
17.788056,45.61805
17.788684,45.618035
17.786356,45.618231
17.78849,45.618052
17.791977,45.617662
17.790654,45.617745
17.788267,45.617938
17.792978,45.617572
17.79367,45.617484
17.792406,45.617594
17.792696,45.617624
17.789163,45.639508
17.788342,45.640249
17.787123,45.641225
17.786624,45.641704
17.788958,45.639621
17.787353,45.641053
17.787805,45.640712
17.788025,45.64051
17.78965,45.638995
17.78756,45.640884
17.787943,45.640579
17.79039,45.638465
17.788634,45.63998
17.786456,45.64192
17.788159,45.640382
17.789218,45.639361
17.789814,45.63891
17.792315,45.636779
17.79174,45.637188
17.791937,45.637076
17.79313,45.636006
17.79446,45.634615
17.790787,45.638062
17.791618,45.637324
17.794332,45.634689
17.792518,45.636574
17.792678,45.63642
17.794099,45.634942
17.792102,45.636878
17.793652,45.635412
17.793412,45.635621
17.793915,45.635197
17.794708,45.633563
17.796334,45.632353
17.796456,45.632164
17.796927,45.631586
17.796089,45.632805
17.797451,45.629876
17.797566,45.629551
17.797882,45.627744
17.797747,45.628779
17.797582,45.629254
17.797535,45.629405
17.797709,45.628938
17.79797,45.626976
17.797838,45.627894
17.797403,45.630496
17.79762,45.628336
17.797585,45.628608
17.797788,45.628197
17.797983,45.627434
17.798008,45.627266
17.7979,45.627593
17.799191,45.624054
17.798253,45.625789
17.798189,45.626247
17.798331,45.625324
17.79932,45.624233
17.790212,45.639072
17.790684,45.638639
17.790867,45.638526
17.790433,45.638907
17.787255,45.641761
17.788374,45.640687
17.78868,45.640401
17.788841,45.640279
17.787815,45.641243
17.789483,45.639825
17.789136,45.640005
17.790577,45.638812
17.789617,45.639624
17.788584,45.640575
17.78899,45.64014
17.787955,45.641086
17.790039,45.639256
17.794213,45.63551
17.793785,45.635893
17.791434,45.637978
17.793372,45.63626
17.79366,45.636042
17.792431,45.637129
17.792121,45.6376
17.791613,45.637952
17.7947,45.634919
17.794423,45.635193
17.792708,45.636906
17.791734,45.6377
17.793199,45.636547
17.792065,45.637448
17.792958,45.63663
17.791138,45.638244
17.791673,45.637839
17.794076,45.63566
17.791349,45.638069
17.793897,45.635759
17.797172,45.63214
17.797183,45.631862
17.795257,45.634304
17.797381,45.631605
17.797833,45.63075
17.796483,45.632852
17.795501,45.634062
17.797909,45.630583
17.797957,45.630026
17.798358,45.627624
17.797936,45.630212
17.798385,45.62748
17.798325,45.628209
17.79818,45.628862
17.798068,45.62919
17.798191,45.629033
17.798242,45.628522
17.798375,45.62802
17.798648,45.626462
17.798502,45.626785
17.79878,45.62594
17.799204,45.625044
17.798598,45.626645
17.812827,45.620018
17.812527,45.619626
17.813561,45.620949
17.813728,45.621256
17.813253,45.620561
17.813666,45.621107
17.813686,45.622106
17.814828,45.624346
17.814593,45.623511
17.814682,45.623684
17.814459,45.62323
17.814808,45.624234
17.814944,45.624528
17.814769,45.624026
17.815157,45.62515
17.814435,45.625266
17.814533,45.623365
17.815083,45.624893
17.815934,45.627244
17.815552,45.626164
17.815767,45.626764
17.815995,45.627591
17.816047,45.627732
17.76832,45.608901
17.771991,45.609373
17.774337,45.609567
17.768551,45.608959
17.77157,45.609316
17.769515,45.609085
17.767359,45.608807
17.771838,45.609287
17.771296,45.609276
17.766072,45.608747
17.767543,45.608868
17.817755,45.632485
17.817987,45.63302
17.817913,45.632861
17.817497,45.631834
17.817643,45.632082
17.818577,45.634712
17.818623,45.634848
17.818252,45.633892
17.818769,45.635377
17.818155,45.633509
17.818596,45.635048
17.81648,45.628864
17.81638,45.62879
17.81664,45.629313
17.81675,45.629708
17.816678,45.629427
17.817019,45.630325
17.817264,45.631155
17.817344,45.63128
17.816988,45.630204
17.816477,45.629061
17.816888,45.629952
17.816372,45.628509
17.817017,45.630499
17.816387,45.628598
17.81728,45.631011
17.812894,45.619463
17.812497,45.618997
17.813124,45.619727
17.812735,45.619299
17.81265,45.619147
17.813636,45.620416
17.813388,45.620008
17.813934,45.620737
17.814045,45.620875
17.812997,45.619604
17.812036,45.618407
17.812115,45.618553
17.815307,45.624073
17.81424,45.621197
17.814348,45.621535
17.814802,45.62264
17.814402,45.621697
17.8154,45.624542
17.8146,45.622193
17.814952,45.62322
17.815252,45.623962
17.815149,45.62372
17.814836,45.62289
17.81633,45.626887
17.817074,45.628477
17.816168,45.626519
17.816525,45.627505
17.816679,45.628008
17.81636,45.627183
17.815995,45.626037
17.816906,45.628328
17.816646,45.627837
17.816005,45.626188
17.815697,45.625186
17.815949,45.625841
17.815808,45.625675
17.81659,45.627675
17.816407,45.627348
17.815771,45.625516
17.818053,45.632003
17.817233,45.629502
17.8179,45.631463
17.818155,45.632168
17.817125,45.629163
17.817208,45.6294
17.817159,45.629327
17.817776,45.631155
17.817538,45.630308
17.817531,45.630502
17.818173,45.632321
17.817121,45.628797
17.817609,45.630633
17.817347,45.629808
17.81718,45.628902
17.818258,45.632508
17.817499,45.630153
17.817407,45.629984
17.819477,45.635954
17.819576,45.636233
17.818351,45.63285
17.81855,45.6332
17.81911,45.634717
17.818986,45.634579
17.819276,45.635301
17.81863,45.633385
17.81862,45.633605
17.82533,45.652444
17.825125,45.652009
17.825696,45.653623
17.82327,45.646708
17.822835,45.645395
17.822994,45.645897
17.82278,45.645236
17.819798,45.63675
17.819726,45.63648
17.81917,45.636588
17.817777,45.669431
17.816858,45.669457
17.792978,45.636116
17.813395,45.669591
17.812687,45.669577
17.812148,45.669599
17.815837,45.669453
17.810959,45.669635
17.815525,45.669499
17.814826,45.669521
17.800318,45.670005
17.802905,45.669906
17.803456,45.669877
17.799231,45.670018
17.805469,45.669813
17.801171,45.66997
17.8062,45.669763
17.801384,45.669911
17.80606,45.669709
17.804054,45.66989
17.805855,45.669831
17.797308,45.670013
17.797548,45.670094
17.794478,45.670175
17.795765,45.670147
17.792052,45.669942
17.796333,45.670102
17.797086,45.670004
17.796744,45.670119
17.795957,45.67014
17.792303,45.670102
17.796542,45.670611
17.797296,45.670423
17.79565,45.670417
17.794247,45.670597
17.791529,45.670378
17.791845,45.670337
17.795297,45.670442
17.793589,45.670574
17.795897,45.670458
17.796354,45.670465
17.797582,45.670358
17.794473,45.670558
17.793906,45.670519
17.797404,45.670323
17.801679,45.670215
17.801144,45.670271
17.800785,45.670277
17.799439,45.670353
17.800473,45.670258
17.800949,45.670295
17.799229,45.670291
17.799947,45.670255
17.798993,45.670297
17.799685,45.670248
17.798653,45.67038
17.8002,45.67026
17.810509,45.670007
17.806539,45.670068
17.805871,45.670086
17.807505,45.670084
17.806654,45.67007
17.804753,45.670129
17.806306,45.670085
17.804301,45.670134
17.812043,45.669957
17.815336,45.669854
17.819046,45.669768
17.811819,45.669965
17.814189,45.669886
17.813978,45.669895
17.812687,45.669935
17.812259,45.669946
17.812455,45.670054
17.813116,45.66991
17.8129,45.669929
17.813023,45.669567
17.794651,45.670491
17.873257,45.663916
17.854879,45.657775
17.848075,45.662262
17.797245,45.695672
17.791071,45.695646
17.790805,45.69572
17.821516,45.641772
17.791547,45.695542
17.872798,45.664085
17.875947,45.665628
17.789524,45.696912
17.865326,45.66221
17.822081,45.643202
17.853895,45.658995
17.852484,45.65989
17.853912,45.658233
17.852448,45.66098
17.874109,45.664199
17.85352,45.659548
17.796676,45.695591
17.862329,45.662206
17.794087,45.696225
17.854014,45.658114
17.849549,45.662158
17.794359,45.696182
17.879683,45.667597
17.852866,45.660207
17.854596,45.657391
17.796178,45.695267
17.789371,45.696879
17.875683,45.664982
17.870198,45.663475
17.85158,45.660913
17.853783,45.659162
17.84834,45.66222
17.852049,45.660396
17.792087,45.695548
17.854182,45.657874
17.858652,45.662653
17.852823,45.660334
17.848953,45.662359
17.852738,45.659623
17.878068,45.666966
17.790568,45.695881
17.796952,45.695601
17.853229,45.659892
17.790034,45.696984
17.870632,45.663603
17.795092,45.696207
17.853699,45.658436
17.853343,45.659789
17.800454,45.694605
17.794002,45.69566
17.853683,45.65928
17.847589,45.662801
17.853115,45.660005
17.863528,45.662461
17.878542,45.666887
17.873751,45.664088
17.84706,45.662631
17.84774,45.662784
17.798095,45.695596
17.865962,45.662645
17.877452,45.66672
17.866339,45.662717
17.849841,45.661788
17.877491,45.666595
17.852831,45.659548
17.853466,45.658667
17.790191,45.696211
17.854103,45.657995
17.854438,45.657648
17.790357,45.69601
17.797503,45.695137
17.866532,45.662798
17.793673,45.696156
17.852284,45.661147
17.796279,45.695682
17.854081,45.658771
17.79066,45.695789
17.851771,45.66075
17.793116,45.696109
17.853307,45.658939
17.790046,45.696394
17.862396,45.662646
17.854533,45.657544
17.879429,45.667421
17.851313,45.661792
17.791772,45.695546
17.792474,45.695572
17.821008,45.639991
17.821003,45.640292
17.820681,45.639341
17.821338,45.641135
17.821217,45.640867
17.821688,45.642188
17.820325,45.638365
17.820329,45.638188
17.852279,45.660058
17.792805,45.695572
17.848734,45.66212
17.851414,45.661038
17.849767,45.662111
17.850041,45.661723
17.847398,45.662551
17.866233,45.661884
17.853124,45.659108
17.796463,45.695255
17.846298,45.662711
17.794683,45.69616
17.850756,45.661421
17.877611,45.666248
17.848545,45.662187
17.852698,45.660467
17.791234,45.695574
17.85173,45.661267
17.795571,45.695982
17.874546,45.664364
17.84909,45.662373
17.874068,45.66457
17.849338,45.661964
17.789829,45.696595
17.850691,45.661904
17.864683,45.662389
17.853024,45.659301
17.797798,45.695191
17.871161,45.663663
17.794957,45.695599
17.877374,45.666153
17.874474,45.66473
17.792389,45.696042
17.847551,45.662485
17.853038,45.660141
17.791881,45.695547
17.849083,45.662007
17.87696,45.665804
17.795479,45.695461
17.852612,45.659764
17.871314,45.6634
17.866791,45.662838
17.848495,45.662567
17.852226,45.660229
17.791397,45.695535
17.850399,45.661948
17.854611,45.658168
17.845868,45.663494
17.876641,45.665641
17.851933,45.660517
17.869766,45.663366
17.852431,45.660002
17.848184,45.662652
17.872285,45.663592
17.853624,45.659406
17.47399,45.86164
17.50789,45.882486
17.582163,45.753718
17.993045,45.661754
17.595602,45.890395
17.510726,45.838634
17.940583,45.574954
17.530458,45.883664
17.778893,45.663753
17.772007,45.655948
17.777594,45.661431
17.772637,45.65985
17.777342,45.663714
17.772389,45.655748
17.772332,45.660136
17.772573,45.659937
17.780075,45.66477
17.773667,45.656031
17.773031,45.659353
17.773495,45.658644
17.775315,45.656697
17.77468,45.662648
17.776743,45.662225
17.77778,45.663232
17.774107,45.657664
17.776568,45.65405
17.773585,45.662231
17.771269,45.655804
17.770143,45.655603
17.773821,45.658921
17.774612,45.662517
17.772019,45.660343
17.772473,45.660045
17.773577,45.659358
17.775767,45.655243
17.774542,45.657897
17.769816,45.65553
17.774868,45.656658
17.768057,45.653445
17.771485,45.655524
17.773182,45.659128
17.77847,45.66035
17.773081,45.656217
17.775063,45.656307
17.774734,45.657509
17.775855,45.663197
17.775033,45.656984
17.77751,45.663534
17.774115,45.662379
17.773853,45.662344
17.767193,45.65488
17.773297,45.659898
17.776137,45.654757
17.774649,45.656864
17.778524,45.660881
17.771723,45.655908
17.773266,45.658932
17.777698,45.652217
17.770275,45.655312
17.774261,45.65832
17.768213,45.655073
17.770468,45.655675
17.77399,45.657789
17.778517,45.663292
17.773392,45.658763
17.770921,45.655384
17.776571,45.6626
17.77312,45.659233
17.767566,45.654997
17.7792,45.649469
17.777659,45.661278
17.778041,45.663938
17.777156,45.662473
17.766925,45.654837
17.77426,45.656192
17.773351,45.658863
17.77871,45.661668
17.778383,45.66049
17.774575,45.65702
17.773407,45.659507
17.773336,45.659687
17.773381,45.655867
17.773975,45.657918
17.773742,45.658114
17.774961,45.657366
17.769198,45.655412
17.773791,45.656075
17.774497,45.65802
17.778224,45.652832
17.77281,45.659577
17.762249,45.652361
17.777872,45.663124
17.773379,45.662152
17.774765,45.656213
17.772768,45.655838
17.778235,45.66316
17.778119,45.651704
17.770029,45.655283
17.772195,45.660264
17.774408,45.656197
17.76743,45.654941
17.778453,45.664161
17.774794,45.657702
17.776899,45.653544
17.779383,45.660922
17.772026,45.655578
17.767952,45.654727
17.776412,45.663305
17.776418,45.662761
17.76772,45.65496
17.772586,45.656164
17.776168,45.654621
17.769905,45.655156
17.76881,45.655254
17.777474,45.652651
17.772286,45.655688
17.7771,45.653282
17.777509,45.661583
17.778267,45.660664
17.774424,45.657275
17.778799,45.66336
17.777586,45.652497
17.765846,45.654041
17.776645,45.662417
17.778781,45.661528
17.772082,45.660451
17.774317,45.657436
17.77563,45.655402
17.776752,45.662306
17.767959,45.655035
17.768395,45.655139
17.774089,45.658585
17.76444,45.653341
17.77778,45.652113
17.774367,45.65847
17.774022,45.656131
17.776433,45.654247
17.768622,45.655198
17.776273,45.654499
17.774489,45.658198
17.768775,45.65122
17.779057,45.663419
17.771911,45.655465
17.775938,45.654902
17.777981,45.651831
17.773464,45.655958
17.777753,45.663892
17.773623,45.658507
17.777554,45.662833
17.768983,45.655351
17.773622,45.659186
17.77487,45.657258
17.776354,45.65436
17.774977,45.662738
17.777836,45.651967
17.777322,45.652788
17.778132,45.661475
17.778532,45.650712
17.769569,45.655207
17.769718,45.655161
17.777889,45.661152
17.769685,45.65553
17.771129,45.655445
17.772739,45.659833
17.770633,45.655361
17.778287,45.664105
17.773354,45.656484
17.775136,45.656846
17.228903,45.882012
17.301509,45.849692
17.63469,45.850761
17.56979,45.777965
17.569947,45.777944
17.559157,45.787804
17.572334,45.773985
17.516921,45.857872
17.302718,45.850372
17.503612,45.854523
17.941184,45.585548
17.405761,45.876184
17.409301,45.886776
17.506346,45.851285
17.791309,45.637506
17.416786,45.885271
17.548062,45.858973
17.365657,45.888875
17.502741,45.854636
17.770428,45.66264
17.543493,45.765093
17.972059,45.663302
17.308595,45.876552
17.505004,45.84611
17.568719,45.924095
17.968036,45.649095
17.414214,45.887755
17.368284,45.933917
17.562803,45.776282
17.28951,45.886333
17.475181,45.892426
17.519605,45.862768
17.264895,45.862439
17.590637,45.748438
17.992906,45.664478
17.255722,45.86557
17.624395,45.85503
17.548893,45.914448
17.982569,45.647306
17.44767,45.876472
17.825948,45.668125
17.246499,45.875648
17.225132,45.878559
17.473094,45.890458
17.473625,45.891747
17.473649,45.891942
17.473765,45.892443
17.473795,45.892262
17.473741,45.892052
17.474739,45.894735
17.474834,45.894872
17.478902,45.89844
17.478153,45.896864
17.47824,45.89678
17.478242,45.896641
17.478562,45.89612
17.477621,45.895727
17.477038,45.89561
17.476788,45.895294
17.476258,45.894537
17.272368,45.858769
17.689,45.622968
17.951103,45.592112
17.94957,45.591953
17.947779,45.603741
17.528197,45.89836
17.530523,45.852132
17.798464,45.627082
17.302945,45.865253
17.997377,45.647441
17.805095,45.67011
17.689225,45.606621
17.797776,45.631041
17.328213,45.877125
17.460869,45.934094
17.222886,45.866017
17.525991,45.852686
17.297838,45.867892
17.298,45.857838
17.940683,45.696614
17.945261,45.598971
17.847999,45.662695
17.685762,45.619507
17.565491,45.785545
17.400256,45.886666
17.977946,45.645803
17.291636,45.896864
17.226761,45.876377
17.298756,45.842401
17.298648,45.842191
17.298321,45.842091
17.358128,45.899226
17.357888,45.8992
17.357792,45.899023
17.357396,45.899082
17.35841,45.899059
17.50548,45.854302
17.482783,45.910511
17.528006,45.915222
17.301965,45.855824
17.415652,45.887353
17.941908,45.697351
17.509315,45.898727
17.688547,45.619014
17.744732,45.617381
17.233104,45.87901
17.232963,45.879098
17.233288,45.878923
17.23256,45.878955
17.232812,45.879223
17.232612,45.879274
17.232199,45.879544
17.231946,45.87961
17.23209,45.879094
17.812918,45.620146
17.744799,45.617538
17.813038,45.620283
17.813136,45.620412
17.300733,45.857249
17.30074,45.856885
17.951323,45.585065
17.950544,45.585672
17.951023,45.586373
17.950428,45.586112
17.950653,45.58771
17.950832,45.584482
17.951145,45.585884
17.950776,45.584862
17.951385,45.584681
17.951293,45.585177
17.9505,45.585811
17.950078,45.587534
17.950606,45.585387
17.950608,45.585101
17.950222,45.586967
17.95018,45.587111
17.950649,45.585233
17.950994,45.584018
17.950483,45.585952
17.949945,45.587643
17.9511,45.586122
17.950299,45.586236
17.950981,45.586649
17.950625,45.587819
17.950143,45.587258
17.950182,45.586676
17.950922,45.586936
17.950569,45.585529
17.950252,45.586824
17.969614,45.581952
17.953166,45.583202
17.963937,45.584218
17.965315,45.584184
17.957176,45.5848
17.962993,45.585236
17.965921,45.583894
17.958061,45.585904
17.954958,45.584991
17.966345,45.582646
17.955536,45.585275
17.95595,45.584379
17.960705,45.585897
17.958734,45.585138
17.964768,45.584428
17.9578,45.584916
17.964173,45.584105
17.966392,45.583681
17.965804,45.583938
17.961573,45.585735
17.958322,45.585049
17.955315,45.585195
17.955411,45.584282
17.956893,45.585591
17.954634,45.584897
17.962323,45.585501
17.953846,45.583536
17.954124,45.583639
17.959537,45.586077
17.966451,45.582588
17.963464,45.584347
17.963244,45.585082
17.962403,45.585421
17.963137,45.584314
17.963333,45.585034
17.960272,45.585321
17.960534,45.585891
17.961929,45.585711
17.958676,45.585926
17.953522,45.583331
17.958531,45.585921
17.958343,45.58588
17.95287,45.583087
17.951572,45.583801
17.956462,45.5846
17.954515,45.584859
17.952717,45.583989
17.952009,45.583899
17.953994,45.583583
17.953377,45.583267
17.95481,45.584914
17.957507,45.585738
17.958954,45.585128
17.960874,45.58589
17.966688,45.583667
17.963098,45.585187
17.953553,45.584319
17.954746,45.583946
17.955704,45.584387
17.952906,45.584009
17.954662,45.583869
17.959399,45.586001
17.956694,45.58465
17.956107,45.584523
17.955948,45.585406
17.955127,45.585078
17.964004,45.584789
17.958923,45.586012
17.958433,45.585881
17.95393,45.584454
17.965116,45.58353
17.956346,45.585477
17.958014,45.584964
17.955039,45.5841
17.960145,45.585989
17.954088,45.584544
17.966153,45.583864
17.961074,45.585831
17.956273,45.584572
17.959162,45.585988
17.966785,45.582399
17.952615,45.583
17.953082,45.584059
17.953056,45.583174
17.953258,45.583261
17.95247,45.582948
17.953661,45.583446
17.952485,45.583919
17.955229,45.58513
17.964974,45.584342
17.965418,45.58331
17.955136,45.584148
17.964132,45.584703
17.955296,45.584225
17.958203,45.585027
17.956538,45.585538
17.964986,45.583643
17.952218,45.582856
17.954277,45.583759
17.96134,45.585207
17.962143,45.585489
17.952113,45.582573
17.962755,45.585283
17.958564,45.585104
17.962544,45.585385
17.958023,45.585247
17.966864,45.58318
17.963568,45.584969
17.964744,45.583693
17.955623,45.585368
17.965192,45.584254
17.965654,45.584077
17.962895,45.585287
17.96031,45.585987
17.954923,45.584018
17.957628,45.584868
17.956805,45.584691
17.961306,45.585807
17.959525,45.585284
17.959842,45.586021
17.955797,45.585366
17.959656,45.585971
17.958213,45.585846
17.960845,45.58537
17.957199,45.585642
17.957437,45.58482
17.956057,45.585438
17.957835,45.585753
17.958461,45.585078
17.960029,45.58604
17.960435,45.585971
17.956187,45.58545
17.957374,45.585671
17.953443,45.584281
17.477052,45.837165
17.488103,45.860306
17.485755,45.860825
17.48602,45.8605
17.478756,45.861607
17.476258,45.861793
17.475844,45.861463
17.504151,45.840593
17.928831,45.566922
17.943157,45.615347
17.942784,45.614863
17.942732,45.615325
17.942579,45.615159
17.942448,45.614951
17.938503,45.612106
17.422988,45.873402
17.532246,45.742745
17.977236,45.617808
17.977059,45.617742
17.559861,45.862064
17.947909,45.597772
17.749018,45.613342
17.749161,45.613275
17.562215,45.783134
17.978247,45.650966
17.572391,45.750682
17.572414,45.756886
17.559755,45.862414
17.485998,45.904242
17.444296,45.911766
17.903028,45.689633
17.622007,45.851762
17.561751,45.861574
17.560146,45.787594
17.441036,45.90636
17.440728,45.90609
17.519894,45.865566
17.462686,45.93703
17.414327,45.874816
17.426107,45.873011
17.292529,45.900168
17.52014,45.854778
17.520048,45.85493
17.519768,45.855422
17.455407,45.874356
17.452333,45.875406
17.460223,45.872503
17.4458,45.876435
17.361364,45.894444
17.35031,45.897873
17.350716,45.898086
17.509412,45.898837
17.599069,45.788437
17.232159,45.886037
17.221628,45.865474
17.302914,45.849155
17.293207,45.833816
17.298052,45.853984
17.534187,45.885851
17.530689,45.899598
17.478463,45.860028
17.480304,45.861192
17.550137,45.91623
17.347347,45.89846
17.277436,45.85756
17.937691,45.692706
17.937444,45.692848
17.275784,45.858229
17.459397,45.940607
17.598444,45.879259
17.260456,45.863188
17.958326,45.613701
17.505384,45.853646
17.294118,45.838581
17.410802,45.875391
17.56144,45.770103
17.421839,45.873151
17.421432,45.873204
17.433374,45.871636
17.359302,45.898115
17.457382,45.940194
17.727276,45.616299
17.361255,45.894545
17.971069,45.649681
17.560359,45.867171
17.289949,45.891797
17.505398,45.853479
17.973006,45.659656
17.600291,45.884633
17.600361,45.884539
17.303854,45.874871
17.231573,45.885785
17.815224,45.608113
17.977326,45.617174
17.436826,45.91081
17.682277,45.619962
17.47671,45.895189
17.30108,45.84455
17.462549,45.940373
17.562414,45.785388
17.535545,45.9091
17.301704,45.857995
17.298704,45.846389
17.938777,45.691447
17.939647,45.69131
17.939207,45.691376
17.572006,45.749857
17.975764,45.650033
17.76381,45.663483
17.76324,45.663141
17.764262,45.663447
17.763767,45.663099
17.76355,45.662998
17.763372,45.662868
17.763233,45.662742
17.764529,45.663608
17.763959,45.663611
17.763368,45.664507
17.763431,45.663256
17.763618,45.663359
17.763036,45.663067
17.762563,45.662709
17.764423,45.663927
17.763901,45.66416
17.771778,45.661832
17.771203,45.661486
17.770898,45.662118
17.771293,45.661301
17.771661,45.661977
17.757624,45.666076
17.758319,45.663784
17.75682,45.666466
17.753505,45.664844
17.752743,45.66387
17.75476,45.666649
17.754493,45.66479
17.756596,45.666681
17.752234,45.661799
17.755436,45.663163
17.755364,45.665597
17.754672,45.661892
17.752493,45.663602
17.753041,45.665819
17.752641,45.663734
17.41366,45.88883
17.808954,45.616744
17.809633,45.616581
17.809004,45.61708
17.808836,45.617091
17.811349,45.616525
17.810246,45.616994
17.812077,45.616754
17.806236,45.617374
17.805692,45.617006
17.80589,45.616999
17.806864,45.617212
17.806649,45.617232
17.807314,45.617212
17.808172,45.617128
17.807942,45.617117
17.806455,45.617381
17.807535,45.617311
17.806011,45.617311
17.807096,45.617284
17.809994,45.617017
17.812002,45.615532
17.811533,45.616495
17.811,45.616606
17.809759,45.617015
17.804444,45.616884
17.804646,45.617263
17.804619,45.6169
17.80791,45.616202
17.805515,45.617388
17.805429,45.617023
17.506917,45.851533
17.50682,45.852567
17.506981,45.852217
17.507405,45.852454
17.507467,45.85199
17.506954,45.851776
17.507399,45.852344
17.50699,45.853654
17.507373,45.853027
17.506954,45.851955
17.506961,45.853178
17.507011,45.853824
17.507893,45.850977
17.506972,45.851058
17.507412,45.851797
17.506989,45.853386
17.506958,45.852378
17.507413,45.851554
17.508201,45.854547
17.509806,45.854527
17.506872,45.854059
17.511295,45.854638
17.507467,45.854497
17.507731,45.854458
17.507584,45.853823
17.508754,45.854441
17.505622,45.854874
17.509973,45.85327
17.515488,45.855929
17.515325,45.856351
17.516491,45.85595
17.515156,45.85627
17.51615,45.856457
17.514957,45.856247
17.514501,45.856037
17.514868,45.856567
17.516287,45.856602
17.516451,45.856177
17.514735,45.856134
17.515453,45.856494
17.514959,45.855799
17.514945,45.856625
17.515975,45.856252
17.515162,45.855924
17.514889,45.856157
17.515726,45.856648
17.515827,45.856002
17.516348,45.856681
17.515774,45.856801
17.515652,45.855992
17.47914,45.858197
17.49161,45.85629
17.483376,45.857694
17.481881,45.858112
17.479975,45.858488
17.489887,45.856074
17.478968,45.858627
17.486385,45.856754
17.48513,45.856991
17.485819,45.856865
17.48173,45.857705
17.479488,45.858551
17.47998,45.857896
17.477973,45.858532
17.483089,45.857801
17.488421,45.856359
17.489411,45.856208
17.493633,45.85567
17.491314,45.856253
17.49112,45.856001
17.490241,45.856074
17.47871,45.858318
17.486086,45.856841
17.490732,45.85601
17.490127,45.856413
17.487116,45.856645
17.491589,45.855897
17.486158,45.85717
17.486772,45.856687
17.489651,45.856149
17.486983,45.856659
17.482771,45.857828
17.489117,45.856243
17.487096,45.85701
17.492024,45.856268
17.478366,45.858458
17.476933,45.858738
17.488599,45.856709
17.490365,45.856445
17.484719,45.8575
17.488076,45.856798
17.488991,45.856623
17.490011,45.856055
17.49386,45.855657
17.478919,45.858309
17.490838,45.85638
17.492312,45.855821
17.491845,45.855918
17.492058,45.855845
17.486403,45.857119
17.493281,45.855703
17.489462,45.856494
17.485298,45.857342
17.492825,45.855784
17.480251,45.857995
17.491367,45.855959
17.487316,45.85698
17.492778,45.856159
17.48372,45.857676
17.482108,45.857612
17.493125,45.856076
17.488643,45.85617
17.476664,45.858711
17.490475,45.856051
17.475544,45.858974
17.48741,45.856589
17.491114,45.856327
17.479514,45.8582
17.484415,45.857156
17.463289,45.861858
17.492496,45.856194
17.571537,45.858332
17.575091,45.855301
17.571601,45.858218
17.570926,45.859591
17.568522,45.860455
17.57247,45.857992
17.571841,45.858606
17.572043,45.858451
17.573324,45.857268
17.574752,45.855659
17.573856,45.856841
17.574959,45.854917
17.572177,45.858275
17.572386,45.857511
17.570153,45.86031
17.572936,45.857797
17.571189,45.859287
17.573046,45.857499
17.572712,45.857215
17.571876,45.858052
17.5732,45.857425
17.575771,45.854453
17.572848,45.857638
17.57537,45.855085
17.574175,45.856443
17.57032,45.860045
17.571951,45.857911
17.573479,45.857156
17.569809,45.860182
17.570433,45.859458
17.571708,45.858178
17.570769,45.859188
17.615724,45.856428
17.618609,45.856072
17.618835,45.855972
17.608047,45.85615
17.608086,45.856933
17.600783,45.856431
17.600187,45.856402
17.60614,45.85612
17.605159,45.855976
17.599829,45.85583
17.602891,45.856125
17.60591,45.856421
17.599139,45.856111
17.609505,45.856436
17.599704,45.856423
17.609361,45.856125
17.616037,45.856426
17.619196,45.85577
17.617919,45.856277
17.605805,45.856112
17.539494,45.932222
17.582423,45.856477
17.580805,45.856788
17.587113,45.856088
17.586749,45.856124
17.583514,45.855312
17.583847,45.856525
17.58546,45.856439
17.584269,45.856406
17.59436,45.856652
17.590661,45.856544
17.589629,45.85655
17.581042,45.856784
17.589089,45.856524
17.584711,45.856463
17.581355,45.856724
17.594605,45.856119
17.581575,45.856668
17.593126,45.856607
17.593561,45.856645
17.583238,45.856302
17.582822,45.856369
17.588868,45.856546
17.595582,45.856387
17.595767,45.857405
17.58253,45.856796
17.592458,45.856632
17.583856,45.855525
17.590819,45.856571
17.592773,45.856644
17.584651,45.855893
17.596806,45.856399
17.581683,45.85703
17.586689,45.856487
17.593069,45.85615
17.58738,45.856137
17.594489,45.856639
17.59349,45.856142
17.591877,45.856581
17.594458,45.856137
17.585702,45.856115
17.588599,45.856518
17.592629,45.856136
17.593207,45.856168
17.591114,45.856135
17.58217,45.856875
17.585918,45.856452
17.590416,45.856186
17.587661,45.856127
17.580683,45.857188
17.562303,45.766014
17.562124,45.76573
17.568352,45.772884
17.567917,45.773829
17.566402,45.775188
17.56693,45.774677
17.567591,45.775031
17.567153,45.77509
17.566259,45.775194
17.566193,45.774169
17.56602,45.775224
17.566722,45.774737
17.565652,45.775317
17.395892,45.893865
17.946441,45.587248
17.395471,45.892255
17.975121,45.649991
17.7607,45.660919
17.564881,45.775163
17.404616,45.888001
17.532156,45.742521
17.442676,45.911193
17.877358,45.666579
17.512361,45.901421
17.527134,45.87728
17.772952,45.660985
17.580048,45.754744
17.418925,45.884417
17.744015,45.623252
17.872958,45.663621
17.230578,45.878233
17.809137,45.669586
17.462563,45.935001
17.60032,45.787832
17.48219,45.858065
17.789621,45.61792
17.572336,45.750615
17.576522,45.75705
17.681902,45.620109
17.401519,45.890669
17.948223,45.597154
17.297727,45.841679
17.461674,45.942317
17.260414,45.862805
17.961666,45.571027
17.431999,45.894636
17.943474,45.690876
17.767128,45.60881
17.54957,45.914772
17.563835,45.768602
17.563839,45.768754
17.527582,45.739567
17.339089,45.900513
17.394323,45.892319
17.423816,45.89199
17.487905,45.860113
17.238322,45.878832
17.516194,45.856003
17.777229,45.661941
17.973238,45.616131
17.974595,45.64989
17.941962,45.697478
17.680774,45.619822
17.585569,45.890924
17.497307,45.8428
17.575016,45.755943
17.520428,45.868032
17.340786,45.882741
17.462528,45.942665
17.460651,45.941853
17.575498,45.755837
17.777001,45.662109
17.416939,45.873886
17.347112,45.8985
17.69973,45.616588
17.689387,45.623071
17.478755,45.89824
17.689623,45.618866
17.692561,45.618092
17.41756,45.874208
17.50498,45.851058
17.299994,45.857484
17.936547,45.693678
17.517312,45.856057
17.222937,45.866325
17.552542,45.863304
17.52128,45.743523
17.486595,45.926608
17.450651,45.875986
17.522759,45.853497
17.305917,45.875331
17.599691,45.788147
17.581049,45.745612
17.586329,45.763037
17.852557,45.660617
17.828549,45.67029
17.308153,45.905021
17.515193,45.903622
17.539605,45.906466
17.773287,45.662376
17.769471,45.663173
17.269239,45.860431
17.422969,45.890983
17.769175,45.66818
17.762607,45.652791
17.744733,45.615872
17.778236,45.610066
17.790378,45.618239
17.791364,45.61806
17.800817,45.616745
17.474735,45.861612
17.474698,45.891413
17.362454,45.891974
17.587127,45.891121
17.567306,45.785302
17.525523,45.852708
17.352384,45.898425
17.361223,45.894804
17.850237,45.661997
17.939967,45.574621
17.232072,45.885721
17.286151,45.857372
17.420403,45.890329
17.521504,45.854171
17.826009,45.666789
17.403338,45.900188
17.531921,45.889879
17.53184,45.889996
17.977902,45.651023
17.790934,45.696327
17.520541,45.884571
17.572486,45.762579
17.301739,45.852217
17.26549,45.861808
17.431443,45.894188
17.431326,45.894075
17.520291,45.86712
17.622647,45.850169
17.962424,45.569878
17.563169,45.776181
17.596125,45.890799
17.529047,45.893689
17.290014,45.883944
17.444942,45.913152
17.520483,45.865708
17.451175,45.875806
17.451357,45.875764
17.230231,45.884111
17.415906,45.869881
17.398644,45.866891
17.401307,45.865897
17.402792,45.865436
17.39743,45.867329
17.400267,45.866257
17.400774,45.866089
17.401105,45.865967
17.402159,45.865646
17.402417,45.865539
17.39892,45.86684
17.399144,45.866785
17.399357,45.866687
17.399586,45.866555
17.3999,45.866633
17.397878,45.867195
17.403013,45.865
17.403887,45.86511
17.403113,45.864982
17.404125,45.865093
17.403257,45.864907
17.404267,45.864932
17.403445,45.864859
17.404474,45.864873
17.403612,45.864795
17.404678,45.864806
17.403796,45.864661
17.404858,45.864715
17.404012,45.864597
17.405033,45.86468
17.404281,45.86454
17.405217,45.864602
17.404494,45.864475
17.405402,45.864523
17.404673,45.864333
17.405593,45.864443
17.404993,45.864289
17.405796,45.864374
17.405154,45.864268
17.405977,45.864326
17.406158,45.864263
17.405493,45.864077
17.406451,45.86417
17.406764,45.86408
17.405925,45.863982
17.406978,45.86397
17.406131,45.863893
17.407343,45.863884
17.406427,45.863771
17.40756,45.863752
17.406703,45.863703
17.40778,45.863721
17.40821,45.863605
17.407103,45.863536
17.408393,45.863508
17.407423,45.863446
17.407692,45.863358
17.407915,45.863297
17.408222,45.863138
17.408097,45.862304
17.408131,45.862468
17.408267,45.86256
17.408339,45.862683
17.4084,45.862834
17.408467,45.862933
17.408628,45.863064
17.408763,45.863397
17.408998,45.863697
17.409189,45.863951
17.409246,45.864024
17.409664,45.864596
17.409866,45.864709
17.410012,45.865042
17.398122,45.867206
17.397746,45.867265
17.398449,45.867086
17.409505,45.864276
17.555522,45.919761
17.935144,45.682872
17.935028,45.68293
17.589617,45.890729
17.589788,45.890786
17.404414,45.876143
17.250261,45.866477
17.441595,45.904818
17.518996,45.836093
17.288894,45.885504
17.27251,45.858993
17.902098,45.688596
17.90228,45.688734
17.902357,45.688845
17.90194,45.688474
17.359415,45.901751
17.284462,45.876295
17.264571,45.859057
17.977953,45.650915
17.824904,45.664293
17.827377,45.668636
17.345018,45.898895
17.454856,45.87447
17.766604,45.662071
17.415169,45.88534
18.005485,45.650712
17.294914,45.83858
17.877344,45.633871
17.877701,45.634059
17.877198,45.633006
17.877905,45.634164
17.877354,45.633125
17.877947,45.634245
17.878268,45.634444
17.877963,45.633834
17.878589,45.63457
17.878358,45.633976
17.878845,45.634759
17.878369,45.634127
17.879082,45.634886
17.878646,45.634225
17.879314,45.634989
17.878952,45.634354
17.879443,45.635096
17.879337,45.634601
17.879814,45.635313
17.879554,45.634787
17.880142,45.635489
17.879765,45.6349
17.880356,45.635609
17.880537,45.635308
17.880425,45.635659
17.880678,45.635395
17.881121,45.635657
17.88064,45.635769
17.881444,45.635859
17.880976,45.635944
17.881946,45.636124
17.881307,45.636099
17.881473,45.636247
17.88168,45.636395
17.887286,45.639564
17.88181,45.636442
17.882319,45.636678
17.882433,45.636802
17.882619,45.636946
17.88284,45.637038
17.88294,45.637049
17.883193,45.637227
17.883803,45.63782
17.884772,45.637983
17.860059,45.579544
17.859763,45.579004
17.85967,45.578821
17.859626,45.579547
17.859544,45.579415
17.859008,45.577404
17.859386,45.57924
17.85913,45.577369
17.859189,45.578884
17.859541,45.5773
17.858551,45.577733
17.859962,45.577196
17.857918,45.577675
17.855723,45.576832
17.857709,45.577712
17.857478,45.577908
17.85725,45.578107
17.855469,45.576259
17.857074,45.578352
17.855382,45.576131
17.855278,45.57582
17.856629,45.578939
17.85521,45.575695
17.855175,45.57649
17.855037,45.57527
17.854986,45.575139
17.854849,45.574815
17.855042,45.576198
17.854692,45.574591
17.854909,45.575767
17.85457,45.574374
17.854795,45.57559
17.854701,45.575442
17.854415,45.574036
17.854383,45.573879
17.85428,45.573748
17.854152,45.5743
17.854057,45.573355
17.853941,45.573126
17.853956,45.573848
17.852904,45.571027
17.853308,45.570989
17.853728,45.573462
17.852664,45.57142
17.852615,45.569848
17.851803,45.571282
17.85243,45.569331
17.851912,45.569941
17.851922,45.569702
17.850314,45.565992
17.851086,45.568462
17.849599,45.564928
17.85105,45.568287
17.849446,45.564698
17.851013,45.568096
17.849176,45.56442
17.850907,45.567829
17.850621,45.567197
17.850021,45.566664
17.849955,45.566212
17.849913,45.565972
17.849731,45.565722
17.85554,45.562579
17.853074,45.562808
17.852903,45.562654
17.853764,45.56297
17.853162,45.563093
17.852612,45.562871
17.851676,45.561175
17.852318,45.562921
17.851385,45.560985
17.852157,45.56226
17.851932,45.561965
17.850953,45.560501
17.851791,45.561843
17.850833,45.560365
17.850638,45.560111
17.851354,45.561413
17.850379,45.559825
17.851162,45.561159
17.851052,45.560997
17.850921,45.560883
17.850648,45.560599
17.850552,45.560391
17.850405,45.56025
17.850117,45.559935
17.85054,45.559133
17.851488,45.559053
17.851785,45.558999
17.852488,45.558717
17.85403,45.562962
17.865705,45.601019
17.86605,45.60125
17.865628,45.601128
17.865596,45.601257
17.866048,45.601756
17.865538,45.601492
17.865506,45.601661
17.86552,45.601851
17.865546,45.601986
17.866049,45.602293
17.865579,45.602137
17.86559,45.602328
17.865497,45.602769
17.865571,45.602863
17.866081,45.602834
17.865597,45.602977
17.866038,45.603332
17.865628,45.603098
17.865991,45.603435
17.865604,45.603255
17.865614,45.603351
17.865637,45.60347
17.865644,45.603593
17.866129,45.603922
17.865568,45.603703
17.865593,45.603896
17.866087,45.604204
17.865669,45.604083
17.866007,45.604302
17.865576,45.604307
17.867377,45.601137
17.867772,45.601223
17.867833,45.601856
17.867385,45.601667
17.867865,45.602015
17.867288,45.601805
17.867906,45.602317
17.867801,45.602419
17.867244,45.601977
17.867862,45.60253
17.867374,45.602104
17.867269,45.602313
17.867874,45.602933
17.86731,45.602507
17.867898,45.603261
17.867275,45.602685
17.867855,45.603452
17.86797,45.605773
17.86734,45.602815
17.867939,45.605936
17.867266,45.602941
17.868017,45.606058
17.86741,45.603052
17.867989,45.606199
17.867382,45.603178
17.868005,45.606342
17.867371,45.603312
17.868023,45.606633
17.86745,45.604367
17.868048,45.606828
17.868229,45.608996
17.868324,45.609142
17.867481,45.604818
17.86839,45.610104
17.867448,45.60502
17.867465,45.605242
17.867475,45.605362
17.86752,45.605871
17.867523,45.606048
17.86754,45.60638
17.867571,45.606536
17.867576,45.606692
17.867564,45.607378
17.867633,45.608428
17.867729,45.610458
17.855968,45.598914
17.85557,45.598932
17.855971,45.598201
17.85562,45.598738
17.855957,45.597712
17.855596,45.598534
17.855581,45.598359
17.855547,45.598173
17.855551,45.598022
17.873746,45.599235
17.873426,45.599816
17.873591,45.599042
17.873285,45.599323
17.873086,45.599059
17.88115,45.603074
17.881742,45.603066
17.882022,45.603066
17.875979,45.599961
17.875812,45.599561
17.876098,45.599829
17.876003,45.599508
17.876234,45.599792
17.876196,45.599443
17.876492,45.599682
17.876336,45.599385
17.876972,45.59963
17.876462,45.599343
17.8767,45.5993
17.877321,45.599485
17.876798,45.599181
17.877516,45.599432
17.877726,45.5994
17.877159,45.599162
17.877369,45.5991
17.877602,45.599033
17.87819,45.599256
17.877725,45.598993
17.878675,45.599095
17.877857,45.598983
17.878888,45.599076
17.878131,45.598857
17.879135,45.598996
17.878263,45.598842
17.87935,45.598912
17.87955,45.598901
17.878998,45.598535
17.879725,45.598839
17.879239,45.598584
17.88053,45.59847
17.879416,45.598469
17.880825,45.598325
17.879582,45.598469
17.881006,45.598253
17.883051,45.596949
17.881293,45.598154
17.883207,45.59681
17.881407,45.598078
17.883277,45.596704
17.881561,45.59805
17.883278,45.596478
17.881745,45.597989
17.883396,45.596364
17.882022,45.59783
17.883552,45.596108
17.882704,45.597484
17.883768,45.595758
17.882858,45.597539
17.88386,45.595495
17.882962,45.59744
17.8841,45.595096
17.883047,45.597344
17.884262,45.594818
17.883197,45.597284
17.884394,45.594591
17.883388,45.597235
17.88493,45.592293
17.883733,45.597098
17.884648,45.591826
17.88362,45.597116
17.885183,45.591903
17.883771,45.596963
17.885282,45.591756
17.886046,45.588296
17.884082,45.596338
17.886392,45.586674
17.884064,45.596231
17.886553,45.586381
17.884175,45.596098
17.886502,45.586036
17.884287,45.595988
17.886659,45.585886
17.884402,45.595802
17.884475,45.595561
17.884624,45.595236
17.884691,45.595083
17.884776,45.594899
17.884847,45.594755
17.885053,45.594515
17.885008,45.594348
17.885083,45.593983
17.885202,45.593814
17.885254,45.593609
17.885314,45.593373
17.885475,45.592559
17.885871,45.591531
17.885921,45.591352
17.885944,45.591154
17.885991,45.590991
17.886028,45.590818
17.886097,45.590441
17.886135,45.59027
17.886234,45.590114
17.886288,45.589943
17.886281,45.589752
17.886342,45.589393
17.886406,45.589223
17.88649,45.589048
17.886457,45.588821
17.886515,45.588455
17.886832,45.587635
17.886853,45.587278
17.884644,45.598552
17.884017,45.597346
17.884812,45.599027
17.884176,45.596944
17.884873,45.599189
17.884335,45.597087
17.884488,45.597248
17.884922,45.599504
17.884442,45.597485
17.884647,45.597711
17.885021,45.599939
17.884741,45.597988
17.88521,45.600614
17.884844,45.598127
17.885323,45.600757
17.885362,45.600932
17.884966,45.598308
17.885406,45.601091
17.885459,45.601275
17.885115,45.59862
17.885245,45.598713
17.885159,45.598951
17.885247,45.599191
17.885819,45.600604
17.88591,45.600816
17.885997,45.600983
17.886815,45.602285
17.849053,45.599202
17.862784,45.59968
17.863024,45.599703
17.863294,45.599555
17.85996,45.601082
17.863481,45.60036
17.859948,45.60128
17.86305,45.60058
17.859523,45.601396
17.862489,45.600657
17.859306,45.601472
17.85885,45.601996
17.859138,45.601535
17.858926,45.601613
17.85872,45.602056
17.858421,45.602043
17.858232,45.602072
17.858253,45.601714
17.858042,45.602094
17.857421,45.601676
17.857604,45.602073
17.870027,45.598583
17.870823,45.59999
17.87126,45.59982
17.870953,45.600142
17.871829,45.601648
17.871401,45.600187
17.871933,45.601826
17.871483,45.600344
17.872068,45.602092
17.872135,45.601431
17.872166,45.602285
17.872244,45.601681
17.872286,45.60247
17.87242,45.601842
17.872345,45.602581
17.872456,45.601989
17.872793,45.603397
17.872792,45.603855
17.873261,45.603826
17.872859,45.603935
17.873331,45.604876
17.872796,45.604101
17.873415,45.605023
17.872813,45.604245
17.872898,45.604363
17.863473,45.599212
17.863469,45.599073
17.863437,45.598941
17.863409,45.598834
17.863475,45.598499
17.86343,45.598391
17.863295,45.598253
17.863329,45.598086
17.863393,45.59797
17.863444,45.597838
17.863368,45.597694
17.863413,45.597565
17.863409,45.597474
17.863322,45.597339
17.863342,45.597125
17.863297,45.596777
17.863312,45.59663
17.863292,45.596455
17.863287,45.59629
17.863293,45.596121
17.863289,45.595757
17.863261,45.595598
17.863292,45.595438
17.863243,45.595274
17.863262,45.595102
17.863246,45.594936
17.863187,45.594497
17.863234,45.594332
17.863195,45.594213
17.863235,45.593898
17.863208,45.593733
17.86321,45.593525
17.863207,45.593345
17.863955,45.601042
17.86395,45.601259
17.864361,45.601432
17.864319,45.601247
17.863915,45.601644
17.86399,45.601764
17.86432,45.601659
17.863956,45.601905
17.864284,45.601872
17.86392,45.602072
17.864347,45.602093
17.864405,45.602279
17.863984,45.602374
17.864362,45.60248
17.863986,45.602534
17.864367,45.602609
17.863963,45.602703
17.864348,45.602761
17.864015,45.602881
17.864393,45.602909
17.863946,45.603059
17.864449,45.603051
17.864031,45.603169
17.864017,45.603292
17.864454,45.603265
17.864039,45.603384
17.864489,45.603484
17.864559,45.603601
17.863994,45.603571
17.864328,45.603692
17.864081,45.603725
17.864416,45.603838
17.864437,45.60405
17.864523,45.604151
17.864573,45.604252
17.864493,45.604467
17.864415,45.60468
17.864407,45.604852
17.86784,45.600138
17.867739,45.599865
17.868132,45.600083
17.867951,45.599803
17.868451,45.599979
17.868066,45.599737
17.868592,45.599915
17.868228,45.59962
17.868761,45.599917
17.868407,45.59962
17.868934,45.59988
17.868569,45.599599
17.869093,45.599828
17.868747,45.599575
17.869242,45.599788
17.868925,45.599526
17.869116,45.599465
17.869428,45.599673
17.86931,45.599337
17.86971,45.599683
17.869537,45.599335
17.869816,45.599251
17.870041,45.599551
17.869928,45.599204
17.870367,45.599498
17.870332,45.599094
17.87073,45.59899
17.870965,45.599406
17.870974,45.598928
17.871201,45.599204
17.871304,45.599177
17.871491,45.59877
17.87149,45.599177
17.871959,45.598523
17.87165,45.599102
17.873932,45.598112
17.874071,45.598073
17.872209,45.599035
17.874524,45.59792
17.873569,45.598653
17.873929,45.598448
17.873741,45.598502
17.874928,45.597839
17.874248,45.598358
17.87513,45.597738
17.874705,45.59822
17.874877,45.598173
17.875303,45.598026
17.875587,45.597976
17.875795,45.597912
17.864248,45.600662
17.863725,45.600801
17.863404,45.600974
17.862867,45.601159
17.880692,45.598942
17.880364,45.601009
17.880707,45.599043
17.880411,45.601176
17.880726,45.599115
17.880609,45.601682
17.880773,45.599238
17.880773,45.599366
17.880845,45.599621
17.880776,45.599711
17.880773,45.600114
17.880768,45.60026
17.880692,45.600437
17.880741,45.600604
17.880762,45.600792
17.880823,45.600895
17.880824,45.600991
17.880874,45.601158
17.880858,45.601281
17.880873,45.601353
17.880946,45.601506
17.880997,45.601619
17.881036,45.601753
17.881073,45.601856
17.881225,45.602621
17.867853,45.605175
17.868296,45.604966
17.868238,45.605212
17.868856,45.604916
17.868427,45.605159
17.868617,45.605175
17.869364,45.604934
17.869021,45.605185
17.869535,45.604883
17.869232,45.605151
17.869715,45.604865
17.869393,45.605163
17.870273,45.604835
17.869802,45.605121
17.870531,45.604846
17.869999,45.605106
17.870735,45.604786
17.870179,45.605107
17.871,45.60475
17.870376,45.605107
17.871304,45.60482
17.870574,45.605097
17.87076,45.605082
17.87171,45.604748
17.870955,45.605057
17.871915,45.604685
17.871164,45.605066
17.871381,45.605084
17.872098,45.604767
17.871548,45.605003
17.872491,45.60477
17.871746,45.605022
17.872983,45.60477
17.872137,45.604983
17.872311,45.604995
17.872528,45.604989
17.872709,45.604995
17.8729,45.604969
17.867845,45.604181
17.86785,45.60381
17.868019,45.604093
17.868204,45.603694
17.868407,45.604009
17.868368,45.603677
17.868533,45.603944
17.868697,45.603587
17.8687,45.603896
17.868858,45.603504
17.868862,45.603883
17.869014,45.60348
17.869039,45.603853
17.869187,45.60343
17.869336,45.603398
17.869512,45.603367
17.869505,45.603716
17.869756,45.603227
17.869716,45.6037
17.869936,45.60319
17.86984,45.603631
17.870123,45.603195
17.870217,45.603494
17.870293,45.603115
17.870467,45.603429
17.870501,45.602979
17.870604,45.603364
17.870732,45.602967
17.870761,45.603338
17.870934,45.60296
17.870918,45.603272
17.87123,45.60283
17.871091,45.603224
17.871542,45.602763
17.871301,45.603211
17.87139,45.60314
17.871753,45.603134
17.872635,45.602411
17.872006,45.60297
17.872928,45.602343
17.872173,45.602923
17.873239,45.60228
17.872538,45.602846
17.872832,45.602747
17.873581,45.602203
17.873153,45.60275
17.873877,45.602068
17.873322,45.602711
17.874051,45.602051
17.873505,45.602684
17.873663,45.602523
17.874065,45.602399
17.874371,45.601963
17.874243,45.60235
17.874508,45.601935
17.874686,45.601858
17.874385,45.602336
17.874901,45.601726
17.874722,45.602256
17.875133,45.601703
17.874837,45.602174
17.875315,45.601724
17.874997,45.602121
17.875211,45.602145
17.875484,45.601684
17.875591,45.601583
17.876078,45.601472
17.876275,45.601823
17.876416,45.60141
17.876441,45.601721
17.87674,45.601323
17.876602,45.601677
17.876682,45.600612
17.87711,45.600772
17.87687,45.59977
17.876706,45.600808
17.876747,45.600973
17.877285,45.601161
17.877191,45.601313
17.877292,45.601468
17.877299,45.60168
17.877234,45.604207
17.877555,45.602541
17.877263,45.604557
17.856807,45.600131
17.856504,45.60072
17.856736,45.600364
17.856392,45.601678
17.858853,45.599584
17.861599,45.600636
17.858549,45.599541
17.859699,45.600268
17.857955,45.599474
17.858831,45.599928
17.857293,45.599505
17.858644,45.599928
17.857146,45.59954
17.858293,45.599915
17.857942,45.599922
17.856628,45.599536
17.856286,45.599549
17.857346,45.599908
17.856131,45.599537
17.85723,45.59989
17.855921,45.599571
17.856701,45.599894
17.855538,45.599546
17.856411,45.599864
17.855266,45.599532
17.855009,45.599516
17.855878,45.599925
17.85559,45.599873
17.853874,45.599483
17.853617,45.599532
17.855397,45.599869
17.853323,45.599471
17.855235,45.599918
17.853053,45.599517
17.852366,45.599491
17.854623,45.599868
17.852041,45.599504
17.854291,45.599851
17.854144,45.599899
17.851747,45.599492
17.853957,45.59989
17.850854,45.599517
17.850671,45.599406
17.853244,45.599882
17.850439,45.599522
17.853094,45.59989
17.850252,45.599534
17.852905,45.599874
17.849055,45.599526
17.852572,45.599875
17.848553,45.59945
17.852229,45.599875
17.848463,45.599452
17.851867,45.599896
17.851252,45.599885
17.851044,45.599873
17.850721,45.59983
17.850317,45.599853
17.850208,45.599844
17.849974,45.599836
17.849298,45.599912
17.848407,45.600698
17.856384,45.600942
17.856113,45.600931
17.855876,45.600689
17.855584,45.601062
17.855375,45.600654
17.855216,45.601056
17.854925,45.60095
17.85424,45.601038
17.866905,45.600471
17.867081,45.600828
17.866709,45.600367
17.866946,45.600792
17.866515,45.600318
17.866839,45.600774
17.866351,45.600419
17.866666,45.600756
17.866207,45.600405
17.865823,45.600301
17.865801,45.600645
17.865582,45.600675
17.865377,45.60058
17.865144,45.60055
17.86498,45.600497
17.867318,45.600018
17.867297,45.59962
17.868083,45.600973
17.868034,45.600566
17.868205,45.601019
17.86818,45.600691
17.868373,45.601035
17.868343,45.600643
17.868526,45.601109
17.868499,45.600739
17.868725,45.601053
17.868649,45.600689
17.868877,45.601126
17.86883,45.600795
17.869212,45.601185
17.868988,45.600763
17.869393,45.601165
17.869162,45.600819
17.869532,45.601203
17.869656,45.600873
17.8698,45.600911
17.870404,45.60133
17.870107,45.600957
17.870699,45.601277
17.871153,45.60114
17.870832,45.600823
17.871329,45.60116
17.871167,45.600745
17.871507,45.60108
17.871807,45.600559
17.871947,45.601011
17.872112,45.600942
17.872071,45.600531
17.87228,45.600868
17.872204,45.600291
17.87244,45.600862
17.872767,45.600778
17.872919,45.60069
17.873569,45.600018
17.874185,45.599906
17.875752,45.599908
17.875598,45.599973
17.87497,45.600141
17.874808,45.600197
17.87465,45.600209
17.874499,45.600254
17.87435,45.600345
17.874244,45.600397
17.874043,45.600426
17.873891,45.600422
17.873782,45.600612
17.873704,45.600474
17.873419,45.600615
17.87324,45.600632
17.873082,45.600703
17.872941,45.600291
17.873364,45.600167
17.792149,45.566577
17.792556,45.566885
17.797196,45.570413
17.792377,45.566517
17.800513,45.572951
17.793611,45.567569
17.801963,45.574151
17.802162,45.574442
17.800011,45.572136
17.802662,45.57479
17.800342,45.572468
17.803462,45.575482
17.800644,45.572722
17.805551,45.577154
17.800864,45.572868
17.801199,45.573109
17.802343,45.573996
17.805702,45.57726
17.802469,45.574167
17.802899,45.574322
17.806086,45.577594
17.803012,45.574581
17.806199,45.577693
17.803218,45.574729
17.806456,45.577926
17.806485,45.578026
17.803322,45.574875
17.806875,45.578213
17.803405,45.574945
17.807016,45.578334
17.803614,45.575117
17.803795,45.57519
17.807261,45.578529
17.807538,45.578755
17.808714,45.579287
17.807777,45.578955
17.808894,45.579362
17.809112,45.579528
17.808249,45.579419
17.80853,45.579563
17.810468,45.580584
17.808925,45.579821
17.809687,45.580461
17.81016,45.580892
17.811579,45.581406
17.811186,45.581664
17.811426,45.581855
17.811616,45.581499
17.811881,45.582112
17.812127,45.581799
17.812174,45.582324
17.81253,45.582188
17.812699,45.582304
17.812639,45.582774
17.812842,45.582367
17.813568,45.583335
17.813836,45.583517
17.813971,45.58363
17.813726,45.582761
17.813933,45.58308
17.814159,45.583754
17.814059,45.583189
17.814396,45.583963
17.814212,45.583458
17.814444,45.583515
17.814647,45.584142
17.814533,45.583668
17.814968,45.584358
17.815094,45.584042
17.815247,45.584537
17.816296,45.585404
17.81596,45.584552
17.816816,45.585804
17.816433,45.584935
17.816559,45.585026
17.817139,45.585995
17.817407,45.585659
17.817676,45.585713
17.818237,45.586793
17.817863,45.586062
17.818395,45.586449
17.818752,45.587101
17.818705,45.586637
17.819068,45.587363
17.818978,45.586874
17.819474,45.587671
17.81926,45.58704
17.819915,45.587551
17.820291,45.587767
17.801147,45.561534
17.79985,45.561593
17.801297,45.56139
17.800831,45.561496
17.80142,45.561247
17.800873,45.561273
17.801774,45.560931
17.800984,45.561139
17.800802,45.56031
17.802453,45.560553
17.802357,45.56027
17.80373,45.561044
17.802536,45.560271
17.80494,45.561712
17.802821,45.560258
17.805137,45.561839
17.803007,45.560256
17.805431,45.562063
17.80631,45.562642
17.80444,45.560437
17.806838,45.562856
17.804348,45.560892
17.804417,45.561027
17.807432,45.563156
17.80482,45.561328
17.805234,45.56157
17.809189,45.564118
17.805924,45.562068
17.806026,45.562118
17.814357,45.566373
17.806269,45.562228
17.806529,45.562364
17.807198,45.562712
17.807382,45.562757
17.807735,45.562876
17.808312,45.563294
17.80911,45.563759
17.809236,45.563711
17.809327,45.563885
17.903218,45.631322
17.904976,45.63202
17.906146,45.631588
17.906388,45.631302
17.905624,45.631836
17.906444,45.631042
17.906081,45.632039
17.906489,45.630899
17.906722,45.632378
17.906651,45.630702
17.908036,45.632337
17.907236,45.629482
17.909818,45.632381
17.909495,45.632176
17.907363,45.629101
17.909367,45.632159
17.907502,45.628883
17.906578,45.631734
17.907619,45.628709
17.906745,45.63156
17.906793,45.631349
17.906933,45.630942
17.904216,45.627012
17.907725,45.630277
17.907812,45.627884
17.907684,45.629472
17.907793,45.6292
17.908342,45.627176
17.907918,45.628942
17.908401,45.627002
17.908254,45.628189
17.908526,45.626769
17.908628,45.626563
17.908687,45.626428
17.908519,45.627694
17.909173,45.625441
17.908675,45.627443
17.909243,45.625177
17.908905,45.626954
17.910116,45.623263
17.910327,45.622966
17.909337,45.626254
17.910375,45.622787
17.909325,45.626171
17.910588,45.622307
17.909435,45.625956
17.910777,45.622045
17.909528,45.625872
17.910875,45.621901
17.910055,45.625807
17.910244,45.625436
17.911094,45.621386
17.910291,45.625288
17.911204,45.621153
17.910748,45.625097
17.911273,45.620946
17.909579,45.625494
17.911395,45.620626
17.910163,45.624552
17.910148,45.624291
17.910271,45.62406
17.910404,45.62384
17.91056,45.623479
17.910924,45.62358
17.910728,45.623123
17.910838,45.622991
17.911158,45.622237
17.911179,45.622059
17.911275,45.621939
17.911321,45.621767
17.911609,45.621373
17.911755,45.621025
17.911841,45.620828
17.911969,45.620574
17.924188,45.624189
17.924823,45.623567
17.925625,45.621182
17.924677,45.622804
17.901523,45.645284
17.902624,45.644554
17.901081,45.645472
17.90229,45.644583
17.900845,45.645532
17.902002,45.644727
17.900359,45.645681
17.90172,45.644855
17.900119,45.64574
17.90114,45.645016
17.899887,45.645815
17.900881,45.645145
17.899664,45.645874
17.899352,45.646013
17.899008,45.646138
17.900263,45.645373
17.898776,45.64622
17.897422,45.646239
17.897706,45.646569
17.89588,45.646778
17.897449,45.646627
17.89381,45.64754
17.897173,45.646667
17.896646,45.646891
17.895818,45.647149
17.705718,45.5484
17.705828,45.548071
17.709273,45.55346
17.71098,45.55651
17.710448,45.5564
17.708403,45.551212
17.82913,45.596702
17.823974,45.591517
17.824733,45.592428
17.826713,45.593369
17.82685,45.59354
17.829503,45.596356
17.829802,45.596726
17.84962,45.599891
17.87435,45.597909
17.877165,45.600949
17.858723,45.601592
17.856137,45.600693
17.873189,45.603266
17.87316,45.603202
17.86394,45.601397
17.849806,45.599861
17.866119,45.600679
17.884003,45.596802
17.874206,45.597978
17.851506,45.599912
17.87019,45.599506
17.881212,45.602245
17.706945,45.548756
17.850139,45.599844
17.803989,45.57529
17.881279,45.602757
17.867735,45.599679
17.811081,45.580962
17.877842,45.604273
17.878085,45.599372
17.855574,45.598629
17.707002,45.54865
17.811383,45.581152
17.858707,45.599508
17.863239,45.594776
17.706281,45.547413
17.706957,45.548468
17.907203,45.62965
17.793071,45.567338
17.820939,45.588308
17.819081,45.586944
17.765753,45.554748
17.766226,45.554863
17.766259,45.55471
17.737043,45.56057
17.738598,45.560676
17.739655,45.560432
17.741751,45.560327
17.745644,45.559872
17.74512,45.561102
17.746522,45.561421
17.74695,45.561523
17.757772,45.561557
17.760752,45.559421
17.762214,45.558791
17.7624,45.558795
17.763294,45.558705
17.763583,45.558703
17.764928,45.558596
17.766727,45.558468
17.767428,45.558351
17.768376,45.558307
17.768541,45.558301
17.769236,45.558317
17.76953,45.558419
17.738288,45.560751
17.736486,45.561331
17.737099,45.56126
17.739085,45.560889
17.740962,45.560592
17.742372,45.560894
17.742687,45.561047
17.743131,45.561192
17.751361,45.562
17.75166,45.56198
17.75556,45.562419
17.75678,45.562298
17.760116,45.560243
17.760733,45.55987
17.760899,45.559755
17.761458,45.559215
17.761874,45.559131
17.762498,45.559018
17.76335,45.558976
17.76397,45.558923
17.764354,45.558872
17.765279,45.558887
17.766329,45.558741
17.767286,45.558713
17.768177,45.55861
17.769542,45.558719
17.770194,45.558994
17.770765,45.559329
17.856804,45.578719
17.854025,45.574053
17.766288,45.585201
17.766712,45.585643
17.779754,45.580068
17.709143,45.552305
17.709787,45.552277
17.709311,45.553128
17.709719,45.553021
17.709701,45.553175
17.709156,45.553683
17.709651,45.553292
17.709713,45.554406
17.70932,45.554414
17.709747,45.555065
17.709779,45.555231
17.7102,45.556192
17.711439,45.557035
17.711718,45.557909
17.709934,45.555427
17.709866,45.551877
17.709767,45.551966
17.708717,45.551746
17.708169,45.551032
17.707437,45.550521
17.706741,45.550226
17.706568,45.550202
17.706311,45.55003
17.705402,45.549604
17.70376,45.548985
17.702671,45.549012
17.706932,45.549221
17.706885,45.548933
17.707244,45.548072
17.70659,45.548128
17.70443,45.546123
17.702967,45.548082
17.702768,45.548208
17.702316,45.548207
17.70044,45.547589
17.710458,45.550809
17.709028,45.550152
17.708385,45.549926
17.707491,45.549532
17.70711,45.549459
17.871971,45.605059
17.865976,45.603224
17.867349,45.603455
17.875366,45.597665
17.862207,45.599606
17.847973,45.562058
17.86321,45.592886
17.855945,45.597523
17.877101,45.603731
17.885194,45.600425
17.877756,45.603869
17.868706,45.608589
17.85598,45.598543
17.8546,45.599535
17.88504,45.594175
17.886122,45.601624
17.706862,45.54841
17.868332,45.609324
17.868285,45.609703
17.817957,45.586558
17.855165,45.575568
17.801852,45.574084
17.866033,45.604034
17.872609,45.600407
17.856989,45.599468
17.867778,45.610893
17.801972,45.560271
17.868383,45.611059
17.701673,45.548148
17.855542,45.597865
17.877066,45.600331
17.852591,45.599472
17.865972,45.601876
17.864407,45.591725
17.864602,45.591719
17.864578,45.591367
17.864797,45.591355
17.86503,45.591718
17.865008,45.59136
17.865237,45.591706
17.865214,45.591351
17.865422,45.591352
17.86566,45.591697
17.865646,45.591343
17.865869,45.591698
17.865846,45.591334
17.866295,45.591669
17.866281,45.591318
17.866511,45.59166
17.866701,45.591329
17.866912,45.591324
17.867141,45.591645
17.867115,45.591329
17.864266,45.59963
17.865233,45.599282
17.865653,45.599138
17.866137,45.598989
17.864022,45.599275
17.867467,45.598471
17.864137,45.599229
17.867595,45.598427
17.867906,45.598296
17.864527,45.599111
17.868333,45.598131
17.864761,45.598964
17.869186,45.597815
17.864907,45.598888
17.86979,45.597591
17.8651,45.598802
17.869907,45.59754
17.865436,45.598779
17.870483,45.597215
17.870747,45.597075
17.866013,45.598475
17.866152,45.598466
17.866326,45.59842
17.866493,45.59838
17.86674,45.59828
17.866908,45.598181
17.867131,45.598105
17.867338,45.598037
17.867545,45.59787
17.867912,45.59783
17.868179,45.597546
17.868403,45.597618
17.868629,45.597612
17.868604,45.597328
17.869049,45.597405
17.869183,45.597394
17.869231,45.597294
17.869335,45.597211
17.86946,45.597201
17.86959,45.597201
17.869833,45.597153
17.870013,45.597059
17.870115,45.596991
17.870305,45.596883
17.870427,45.596864
17.870538,45.596832
17.870807,45.596794
17.871005,45.596632
17.871137,45.596619
17.871435,45.596562
17.863823,45.598979
17.863804,45.598742
17.863874,45.598454
17.863822,45.598263
17.863898,45.598067
17.863761,45.597921
17.863898,45.597826
17.863895,45.597722
17.863902,45.597564
17.864002,45.597443
17.863757,45.597377
17.863788,45.597248
17.863757,45.597077
17.863801,45.59691
17.863778,45.596812
17.863747,45.596629
17.863752,45.596513
17.863831,45.596399
17.863738,45.596202
17.863811,45.596021
17.863756,45.595832
17.863789,45.595648
17.863764,45.595504
17.863826,45.595326
17.863789,45.595149
17.863806,45.594993
17.86375,45.594819
17.863684,45.594622
17.863684,45.594444
17.863782,45.594103
17.863664,45.59374
17.863677,45.593577
17.863735,45.593427
17.863767,45.593092
17.863771,45.592881
17.863629,45.592681
17.863654,45.592536
17.863678,45.592027
17.863669,45.591889
17.863742,45.591739
17.871198,45.595902
17.87114,45.595762
17.871133,45.595603
17.871721,45.596391
17.871019,45.593939
17.870977,45.593439
17.871546,45.595682
17.871482,45.594624
17.871449,45.593682
17.871393,45.592949
17.871384,45.592756
17.871464,45.592195
17.871396,45.591859
17.864461,45.599874
17.871132,45.595434
17.863787,45.593893
17.865195,45.599827
17.871541,45.596938
17.863677,45.590912
17.863866,45.59862
17.863626,45.590766
17.866746,45.591743
17.865304,45.599767
17.863795,45.592336
17.863697,45.593227
17.863898,45.599829
17.864736,45.599434
17.86659,45.598835
17.866084,45.59169
17.865652,45.598714
17.863734,45.594286
17.863563,45.581798
17.864812,45.591725
17.866056,45.591339
17.866481,45.591341
17.910904,45.621737
17.886571,45.588293
17.910948,45.622512
17.910939,45.6227
17.90879,45.626235
17.86467,45.599797
17.86989,45.601263
17.869149,45.598837
17.867312,45.600483
17.867813,45.600494
17.867209,45.600842
17.867865,45.600936
17.867722,45.600429
17.867845,45.601002
17.852165,45.598391
17.851663,45.598219
17.852129,45.598743
17.851673,45.598861
17.852139,45.598962
17.683519,45.522237
17.683517,45.522469
17.684638,45.522097
17.813409,45.582691
17.855585,45.576574
17.706031,45.549271
17.864786,45.600473
17.864507,45.600544
17.878553,45.598782
17.705477,45.548703
17.709089,45.552213
17.862073,45.600257
17.706538,45.547799
17.710023,45.551778
17.760986,45.559672
17.741743,45.560132
17.709899,45.555964
17.852363,45.570758
17.854914,45.575007
17.865689,45.604531
17.880584,45.59871
17.863502,45.599527
17.857233,45.602059
17.827727,45.595084
17.827659,45.594768
17.707707,45.550673
17.829317,45.596905
17.856134,45.599901
17.909435,45.624844
17.909653,45.624279
17.868139,45.607007
17.87051,45.599405
17.709806,45.550792
17.859287,45.599978
17.859219,45.599893
17.910624,45.623368
17.867458,45.605598
17.960737,45.571791
17.960885,45.571457
17.961204,45.570992
17.961668,45.569993
17.962164,45.569465
17.967027,45.565146
17.359936,45.902808
17.866063,45.602013
17.865947,45.602407
17.86605,45.602555
17.86599,45.60359
17.865996,45.603673
17.865571,45.604205
17.863281,45.601019
17.863122,45.601041
17.871881,45.602654
17.872038,45.602593
17.857798,45.59948
17.857576,45.599536
17.852802,45.599414
17.866522,45.600734
17.866062,45.600366
17.86632,45.600857
17.870471,45.600796
17.870688,45.600809
17.805373,45.577035
17.809548,45.579871
17.812881,45.582832
17.813035,45.582944
17.819695,45.587347
17.994214,45.660115
18.003621,45.649975
17.994079,45.660571
17.903355,45.644214
17.462852,45.935337
17.978536,45.651016
17.910668,45.623276
17.977049,45.650735
17.975158,45.650934
17.974932,45.651877
17.974856,45.652054
17.973256,45.660855
17.973045,45.66179
17.585797,45.747732
17.758161,45.658767
17.758467,45.658767
17.780767,45.665733
17.492683,45.836472
17.711,45.551265
17.712999,45.552248
17.713588,45.552447
17.714329,45.552307
17.714433,45.552836
17.714789,45.552974
17.715179,45.553122
17.715381,45.5532
17.712451,45.552064
17.712699,45.552106
17.713362,45.552356
17.713783,45.552532
17.714889,45.553018
17.715575,45.553265
17.711797,45.551476
17.712238,45.551634
17.712496,45.551761
17.712954,45.55191
17.71307,45.551915
17.713604,45.552083
17.719896,45.554339
17.712749,45.551812
17.716663,45.553279
17.716864,45.553392
17.712215,45.551986
17.807195,45.61112
17.806886,45.611092
17.807439,45.611066
17.802213,45.616619
17.550911,45.917482
17.777317,45.661742
17.774189,45.657529
17.773693,45.659089
17.871829,45.596507
17.872481,45.596273
17.871633,45.596163
17.87163,45.596011
17.851986,45.578724
17.867329,45.600838
17.867357,45.600927
17.867363,45.600976
17.867275,45.600873
17.867361,45.601038
17.867348,45.600886
17.787042,45.641893
17.297904,45.85825
17.294807,45.838432
17.963641,45.568027
17.946055,45.600263
17.358776,45.89882
17.96119,45.572112
17.963499,45.568159
17.291675,45.895484
17.537058,45.908401
17.457308,45.873228
17.359181,45.902337
17.438968,45.901788
17.528788,45.894532
17.701533,45.61636
17.488309,45.836677
17.9779,45.647232
17.760682,45.609948
17.522784,45.873533
17.520669,45.874458
17.762831,45.607527
17.561483,45.868108
17.229277,45.877555
17.867434,45.604613
17.238386,45.878071
17.825493,45.666765
17.587656,45.856534
17.772451,45.660955
17.589349,45.907963
17.447994,45.876429
17.533679,45.853101
17.533449,45.853138
17.263953,45.860301
17.570514,45.750357
17.562532,45.785796
17.340573,45.900211
17.340405,45.900222
17.599253,45.886022
17.637217,45.851274
17.884073,45.59661
17.565906,45.775308
17.532339,45.887784
17.303744,45.847182
17.809396,45.617086
17.229829,45.881715
17.230004,45.881654
17.230127,45.88155
17.230321,45.881442
17.230489,45.881247
17.230986,45.880784
17.23081,45.880747
17.23112,45.880373
17.230934,45.880631
17.231241,45.880114
17.231416,45.879972
17.882222,45.597706
17.23888,45.877779
17.397744,45.891656
17.522519,45.853553
17.300249,45.864544
17.299857,45.86464
17.299876,45.864888
17.299322,45.863962
17.299254,45.862985
17.299134,45.862764
17.299253,45.862576
17.29982,45.863974
17.297606,45.858698
17.29766,45.859429
17.297536,45.859491
17.297481,45.85943
17.29747,45.860184
17.297457,45.860324
17.297626,45.860508
17.297596,45.861478
17.297824,45.860657
17.297903,45.860838
17.29809,45.861286
17.298113,45.862033
17.298212,45.86141
17.298215,45.859992
17.298142,45.859721
17.298052,45.859492
17.297985,45.858772
17.298214,45.858726
17.298724,45.858773
17.298309,45.861551
17.29846,45.861713
17.298383,45.862699
17.298415,45.862496
17.298663,45.863018
17.29877,45.862315
17.298899,45.862463
17.296952,45.858293
17.296907,45.858541
17.296882,45.859007
17.296838,45.859885
17.296763,45.859545
17.296797,45.860069
17.296893,45.860306
17.297081,45.860565
17.297255,45.860841
17.2973,45.860048
17.297257,45.859053
17.297301,45.859434
17.297298,45.858687
17.741114,45.615639
17.556464,45.919789
17.575924,45.759479
17.56082,45.867532
17.619262,45.851008
17.230659,45.881116
17.55886,45.920353
17.529385,45.896152
17.532621,45.887466
17.353254,45.8989
17.409541,45.88703
17.399369,45.919165
17.423998,45.873477
17.451547,45.875718
17.474277,45.893408
17.474531,45.894067
17.448695,45.877449
17.876129,45.601808
17.359139,45.902713
17.321918,45.874353
17.231152,45.879312
17.27899,45.857559
17.704438,45.548784
17.233571,45.878861
17.406186,45.862821
17.853813,45.599932
17.853584,45.599852
17.509197,45.854416
17.856458,45.600388
17.445714,45.913621
17.304169,45.906083
17.411134,45.874875
17.411327,45.874599
17.368905,45.918304
17.301824,45.851161
17.584351,45.751861
17.525267,45.852769
17.928993,45.590873
17.928595,45.591021
17.912931,45.582081
17.915999,45.584719
17.898254,45.684214
17.29174,45.888181
17.397839,45.891939
17.534449,45.910436
17.293214,45.838989
17.575221,45.756059
17.907401,45.690266
17.685994,45.616192
17.880324,45.600586
17.224729,45.870593
17.224714,45.869881
18.000495,45.605421
17.397262,45.896068
17.970982,45.649168
17.519722,45.862982
17.877856,45.633703
17.850917,45.580474
17.850187,45.580036
17.849902,45.579974
17.849327,45.580331
17.848975,45.580239
17.84755,45.579376
17.85979,45.577226
17.86014,45.577424
17.854434,45.574942
17.57525,45.759744
17.852749,45.569746
17.8557,45.562968
17.851739,45.561391
17.296649,45.868788
17.871951,45.600603
17.94151,45.697616
17.620278,45.849699
17.744404,45.615067
17.807434,45.613032
17.807061,45.613016
17.806954,45.613123
17.960028,45.613751
17.337996,45.90026
17.338211,45.900234
17.762574,45.662405
17.81228,45.582361
17.7985,45.627299
17.776932,45.609898
17.781139,45.610489
17.7803,45.610327
17.807401,45.616889
17.807844,45.613382
17.815092,45.607435
17.977636,45.646616
17.53381,45.830477
17.375517,45.933404
17.373307,45.933359
17.373044,45.933439
17.974321,45.657029
17.569336,45.762112
17.536908,45.765913
17.217884,45.874755
17.532296,45.889232
17.87482,45.599387
17.230297,45.880937
17.975427,45.652303
17.975516,45.651854
17.256151,45.85736
17.947366,45.643889
17.403082,45.803936
17.807898,45.61675
17.487168,45.733002
17.487309,45.73266
17.487184,45.732555
17.486997,45.732051
17.486474,45.731118
17.485449,45.730946
17.485218,45.730716
17.482128,45.731741
17.479218,45.733011
17.477807,45.733284
17.477552,45.733344
17.474232,45.733046
17.473498,45.732376
17.471839,45.731716
17.782243,45.790368
17.785657,45.789299
17.484692,45.720153
17.484418,45.720817
17.484382,45.719795
17.484716,45.719819
17.484424,45.719506
17.484796,45.719686
17.484955,45.718834
17.484918,45.719441
17.485094,45.718551
17.485296,45.718305
17.485375,45.718711
17.485295,45.718187
17.4855,45.718453
17.485273,45.717793
17.485554,45.718361
17.485096,45.71725
17.485932,45.716058
17.48547,45.716368
17.485572,45.716205
17.485936,45.71564
17.486294,45.715833
17.486012,45.71525
17.486365,45.715485
17.485919,45.715094
17.486378,45.715175
17.485897,45.714881
17.486385,45.714946
17.485753,45.714704
17.486281,45.714799
17.485487,45.714418
17.48563,45.713786
17.485556,45.713504
17.485523,45.713224
17.486299,45.710648
17.485427,45.712757
17.485579,45.712195
17.485684,45.711911
17.485773,45.711593
17.490135,45.703063
17.490285,45.702902
17.489877,45.701578
17.490511,45.701269
17.491188,45.700859
17.492013,45.700419
17.49257,45.700148
17.492811,45.700025
17.494097,45.70068
17.495021,45.697107
17.497046,45.696042
17.497326,45.695505
17.496118,45.693387
17.493729,45.692198
17.493231,45.69114
17.493688,45.690245
17.494162,45.68996
17.494499,45.689663
17.494855,45.689789
17.496913,45.690267
17.498059,45.689093
17.498662,45.688993
17.499235,45.689179
17.498108,45.685394
17.498267,45.685025
17.500051,45.688705
17.501071,45.688931
17.501974,45.689051
17.502469,45.68893
17.502355,45.689179
17.503028,45.689353
17.504457,45.68953
17.50663,45.686286
17.505961,45.687392
17.505938,45.687565
17.505535,45.689001
17.505712,45.689924
17.505531,45.692122
17.506922,45.691146
17.50858,45.691488
17.504723,45.693867
17.504703,45.695149
17.504801,45.695612
17.505256,45.695835
17.506577,45.696637
17.506251,45.697149
17.506275,45.697541
17.506752,45.698042
17.504575,45.699841
17.505585,45.70056
17.507468,45.699401
17.510512,45.699021
17.5074,45.700056
17.506937,45.700664
17.502923,45.702821
17.511022,45.704342
17.511087,45.704176
17.511387,45.704286
17.513276,45.704167
17.514597,45.704148
17.515205,45.704114
17.516545,45.703706
17.516952,45.703481
17.51746,45.703266
17.51885,45.70243
17.518999,45.702637
17.521521,45.702156
17.525041,45.703625
17.52259,45.705206
17.519302,45.706849
17.516368,45.707487
17.512557,45.711167
17.512986,45.710697
17.515409,45.710385
17.516352,45.710635
17.51797,45.711333
17.51857,45.713065
17.518659,45.713873
17.519235,45.714718
17.518812,45.714658
17.519274,45.715546
17.519385,45.71587
17.519386,45.716202
17.520189,45.70963
17.518864,45.710167
17.521292,45.709375
17.521562,45.708974
17.523557,45.70825
17.626578,45.622507
17.626131,45.622427
17.625697,45.62242
17.621084,45.621635
17.617248,45.621782
17.47674,45.745979
17.47543,45.746185
17.473666,45.746291
17.472265,45.746421
17.47101,45.746555
17.470696,45.746266
17.469318,45.747193
17.468828,45.747723
17.469118,45.747837
17.467294,45.747344
17.466523,45.747559
17.466219,45.747301
17.465099,45.747185
17.465349,45.746919
17.464688,45.747235
17.464662,45.746972
17.464413,45.747582
17.463768,45.747047
17.463256,45.74713
17.462997,45.747152
17.462598,45.747223
17.461653,45.747355
17.461544,45.747847
17.460721,45.747966
17.460687,45.74804
17.460109,45.74888
17.460375,45.749193
17.460598,45.748977
17.459844,45.749448
17.459413,45.749693
17.458137,45.74986
17.458682,45.749998
17.457687,45.750069
17.458912,45.749603
17.456219,45.749164
17.454632,45.751185
17.828826,45.771827
17.829328,45.771538
17.829832,45.774654
17.830206,45.774335
17.830784,45.777545
17.831195,45.778932
17.82881,45.78002
17.821567,45.782801
17.826761,45.780469
17.826157,45.780367
17.819897,45.782376
17.823866,45.781411
17.815777,45.782202
17.820884,45.78237
17.819609,45.781998
17.814088,45.78202
17.819572,45.781776
17.81896,45.778629
17.819075,45.781331
17.813083,45.781715
17.511626,45.748657
17.510698,45.748264
17.511823,45.748409
17.510564,45.748203
17.50997,45.747961
17.507671,45.746789
17.507645,45.747146
17.504943,45.745886
17.504528,45.745763
17.504349,45.746046
17.504241,45.745664
17.503188,45.745647
17.502952,45.745611
17.502067,45.744874
17.501028,45.744562
17.500194,45.744305
17.500061,45.744607
17.499397,45.744023
17.496668,45.743495
17.496612,45.743426
17.496197,45.743281
17.495954,45.743186
17.49573,45.743128
17.495227,45.743005
17.491553,45.741397
17.495071,45.742895
17.490921,45.741128
17.490382,45.740843
17.490241,45.740731
17.489896,45.740485
17.488505,45.739459
17.488781,45.739648
17.487989,45.738675
17.487793,45.737788
17.487586,45.737308
17.48888,45.747935
17.490703,45.744711
17.491255,45.744608
17.492244,45.745239
17.492864,45.744454
17.494527,45.742819
17.493839,45.742498
17.493362,45.742358
17.493175,45.742271
17.492723,45.74215
17.492221,45.742041
17.492118,45.741931
17.491911,45.741844
17.490936,45.741508
17.490719,45.741444
17.490548,45.741339
17.490337,45.741219
17.489896,45.740921
17.489485,45.740626
17.489163,45.740433
17.488584,45.740047
17.488253,45.740125
17.486961,45.740843
17.486329,45.740595
17.485141,45.740138
17.487351,45.740666
17.48758,45.740322
17.487443,45.739707
17.487537,45.738769
17.487316,45.738379
17.485606,45.738991
17.481483,45.719301
17.481033,45.719243
17.481178,45.718954
17.48348,45.711004
17.48399,45.710961
17.481505,45.718214
17.481699,45.716785
17.481705,45.717168
17.481942,45.716613
17.484631,45.705933
17.482065,45.71573
17.484687,45.705738
17.482007,45.715583
17.4848,45.705563
17.482132,45.715465
17.48478,45.705288
17.482129,45.715161
17.484928,45.704969
17.482369,45.714909
17.482414,45.714585
17.482357,45.714493
17.482244,45.714243
17.482431,45.713426
17.483354,45.70813
17.48407,45.705193
17.486702,45.735036
17.486831,45.736858
17.486934,45.735527
17.485209,45.73594
17.484319,45.735939
17.484017,45.736283
17.483866,45.73596
17.483832,45.736289
17.483089,45.736287
17.483404,45.735921
17.482534,45.736266
17.483278,45.735907
17.48284,45.735906
17.482014,45.736266
17.481983,45.735922
17.481266,45.735854
17.480992,45.735845
17.478002,45.73621
17.478255,45.736244
17.477648,45.736267
17.476996,45.736399
17.478787,45.736651
17.476231,45.736715
17.478391,45.736701
17.476976,45.736828
17.47488,45.737366
17.478544,45.743992
17.478281,45.743609
17.478586,45.743645
17.470892,45.744692
17.470271,45.743824
17.468051,45.742481
17.466611,45.741453
17.462299,45.740381
17.461222,45.739824
17.461603,45.741495
17.466315,45.743246
17.467123,45.743931
17.467559,45.744531
17.468765,45.745525
17.755388,45.803252
17.757425,45.803873
17.742304,45.804278
17.741506,45.804481
17.741756,45.80437
17.735113,45.805489
17.734937,45.805523
17.734538,45.805572
17.745606,45.800069
17.745412,45.800587
17.745703,45.804255
17.745707,45.804572
17.745442,45.80146
17.745251,45.804519
17.745239,45.804747
17.746929,45.799466
17.747018,45.79939
17.746759,45.79921
17.748206,45.798848
17.748773,45.798136
17.749183,45.797917
17.750366,45.797769
17.752335,45.796813
17.751325,45.796885
17.751752,45.796677
17.751894,45.796221
17.815219,45.749552
17.815425,45.749378
17.814578,45.746792
17.815224,45.746665
17.815439,45.746709
17.816733,45.744063
17.835029,45.744398
17.834545,45.744378
17.830799,45.743723
17.828499,45.743775
17.832149,45.744374
17.829677,45.744316
17.82669,45.744236
17.825735,45.744247
17.82501,45.744174
17.823037,45.744143
17.822777,45.74414
17.797129,45.746136
17.799814,45.744307
17.798312,45.744279
17.798092,45.74426
17.801265,45.748783
17.80107,45.748999
17.801835,45.748977
17.801601,45.749261
17.807675,45.750051
17.808309,45.750135
17.606716,45.589448
17.831141,45.743769
17.499123,45.743757
17.473887,45.746275
17.798581,45.744014
17.484286,45.721018
17.50234,45.745488
17.486078,45.714545
17.623617,45.610519
17.7475,45.795609
17.469689,45.742993
17.829667,45.774841
17.830342,45.776684
17.831471,45.778996
17.830418,45.777988
17.812472,45.781569
17.811854,45.7816
17.805791,45.781042
17.819871,45.744418
17.738247,45.805668
17.460489,45.748304
17.486029,45.736402
17.479237,45.736022
17.479663,45.736355
17.49244,45.745351
17.491648,45.741779
17.487972,45.740427
17.508967,45.747271
17.490156,45.740526
17.481218,45.718741
17.482039,45.715938
17.483089,45.71042
17.478844,45.733159
17.507851,45.699919
17.514986,45.710546
17.505363,45.689749
17.497584,45.686155
17.823416,45.782696
17.622644,45.621727
17.79591,45.743888
17.818962,45.777545
17.745707,45.797655
17.461178,45.748119
17.810108,45.781755
17.747409,45.798819
17.483644,45.710718
17.738141,45.805519
17.743792,45.803933
17.798211,45.74781
17.781432,45.789459
17.781436,45.789698
17.781615,45.789714
17.781784,45.789799
17.782129,45.789836
17.782721,45.790128
17.783246,45.790344
17.783525,45.79041
17.784082,45.790614
17.784726,45.79057
17.784963,45.790373
17.785026,45.790291
17.784996,45.790066
17.785126,45.789995
17.785164,45.789903
17.785253,45.789583
17.7852,45.789439
17.785269,45.789236
17.785418,45.788972
17.785574,45.788784
17.785495,45.788578
17.78302,45.78846
17.783036,45.788224
17.782997,45.787988
17.783018,45.78771
17.783044,45.787239
17.783011,45.787119
17.783001,45.786745
17.782956,45.786623
17.783544,45.785867
17.783472,45.786738
17.786146,45.786586
17.786448,45.786644
17.785891,45.789075
17.785661,45.78942
17.785686,45.789524
17.78565,45.789651
17.785538,45.789947
17.785379,45.790193
17.785236,45.790534
17.785244,45.790623
17.785251,45.790798
17.785184,45.790912
17.785193,45.791199
17.785234,45.791326
17.78543,45.791426
17.785597,45.791634
17.786001,45.791912
17.786161,45.792055
17.786433,45.792303
17.786889,45.79331
17.786582,45.793007
17.786146,45.792555
17.786037,45.792477
17.78577,45.792173
17.785547,45.792164
17.78548,45.792046
17.785387,45.791893
17.784891,45.791411
17.784644,45.791162
17.784499,45.791069
17.784369,45.790916
17.784189,45.790862
17.784106,45.790873
17.783878,45.790777
17.783607,45.790693
17.783377,45.790668
17.78323,45.79063
17.782862,45.79046
17.782662,45.790383
17.781355,45.789897
17.830562,45.779678
17.829903,45.780104
17.83019,45.779503
17.829854,45.779814
17.822192,45.7826
17.829476,45.779799
17.821872,45.782847
17.828408,45.780082
17.828081,45.779916
17.821424,45.782768
17.82773,45.780209
17.827386,45.780252
17.821045,45.782793
17.820876,45.782736
17.82076,45.782688
17.826574,45.780508
17.820624,45.782667
17.820463,45.782551
17.820253,45.78251
17.820095,45.782453
17.825292,45.780644
17.825219,45.780799
17.819705,45.78244
17.819568,45.782307
17.819259,45.782249
17.819146,45.78219
17.818589,45.782185
17.818432,45.782194
17.818276,45.782204
17.817958,45.782185
17.824905,45.779766
17.824609,45.781047
17.824455,45.781081
17.824085,45.78127
17.823539,45.781407
17.823305,45.781659
17.823225,45.781737
17.822885,45.782048
17.817584,45.782259
17.817434,45.782191
17.817148,45.782224
17.81689,45.782186
17.816735,45.782191
17.81658,45.78221
17.816435,45.782184
17.816207,45.782191
17.815974,45.782193
17.815616,45.782309
17.815366,45.782204
17.815154,45.782214
17.814898,45.782177
17.81467,45.78216
17.814302,45.782194
17.813874,45.782023
17.81357,45.782036
17.813074,45.781989
17.812887,45.78197
17.812733,45.781956
17.82242,45.782208
17.822241,45.782278
17.821963,45.782337
17.821719,45.782333
17.821513,45.782386
17.820603,45.782328
17.820213,45.782174
17.819543,45.78167
17.819517,45.781518
17.819436,45.781383
17.819511,45.781283
17.812359,45.781956
17.811974,45.781885
17.811162,45.781793
17.819319,45.780889
17.819363,45.780664
17.819296,45.780424
17.819215,45.780116
17.819303,45.779855
17.819139,45.779563
17.819067,45.779347
17.81903,45.779139
17.818993,45.77879
17.818926,45.778483
17.818843,45.778306
17.818804,45.777859
17.818889,45.777764
17.818914,45.777665
17.818957,45.777433
17.818904,45.780808
17.81884,45.781005
17.818922,45.781119
17.819071,45.781453
17.818914,45.781622
17.819016,45.781791
17.818739,45.781911
17.817438,45.78187
17.817258,45.781878
17.816869,45.781893
17.816621,45.781904
17.816153,45.781877
17.815653,45.781928
17.815303,45.781942
17.815089,45.781908
17.814624,45.781868
17.814299,45.78179
17.813954,45.781753
17.813733,45.78174
17.813276,45.781667
17.812714,45.781708
17.829117,45.772475
17.829184,45.77269
17.829535,45.773761
17.829628,45.774229
17.828682,45.772067
17.830019,45.7754
17.830713,45.777306
17.830808,45.777785
17.82943,45.772024
17.830121,45.773909
17.830264,45.77458
17.830823,45.776082
17.830823,45.776314
17.830936,45.776517
17.831068,45.777003
17.831114,45.777087
17.831285,45.777418
17.831434,45.777861
17.831469,45.778016
17.831427,45.778444
17.831477,45.778637
17.832953,45.779145
17.83202,45.77904
17.831745,45.779057
17.832375,45.780343
17.830827,45.778646
17.743667,45.803986
17.743485,45.803985
17.743216,45.80406
17.742937,45.804151
17.742735,45.804168
17.742512,45.80418
17.742084,45.804308
17.741256,45.804483
17.740951,45.804588
17.740302,45.804702
17.740144,45.804715
17.739832,45.804819
17.739613,45.804864
17.739363,45.804912
17.739267,45.804917
17.738946,45.804959
17.738597,45.805085
17.738413,45.805136
17.738193,45.805163
17.737979,45.805207
17.737603,45.805242
17.737349,45.805289
17.737065,45.805355
17.736799,45.805363
17.735999,45.805411
17.735543,45.805451
17.735353,45.805478
17.743519,45.804399
17.743326,45.804436
17.742966,45.804507
17.742791,45.804534
17.742652,45.804594
17.742515,45.804615
17.742396,45.804668
17.742124,45.804713
17.741866,45.804827
17.741614,45.804907
17.741392,45.804883
17.741145,45.80491
17.741008,45.804954
17.740833,45.804941
17.740401,45.805152
17.740264,45.805073
17.740084,45.805098
17.739945,45.805167
17.739675,45.805189
17.739539,45.805316
17.738889,45.805403
17.737563,45.805517
17.737354,45.805557
17.737151,45.805655
17.736891,45.805665
17.736755,45.805641
17.736541,45.805666
17.736274,45.805717
17.735955,45.805723
17.744095,45.79672
17.745665,45.797947
17.745668,45.798182
17.74568,45.798319
17.74573,45.798556
17.745691,45.798955
17.745705,45.799124
17.745682,45.799252
17.745662,45.799527
17.745634,45.799722
17.745631,45.79987
17.745516,45.800243
17.745567,45.800357
17.745544,45.800492
17.745551,45.800692
17.745499,45.800856
17.745474,45.801019
17.745492,45.801137
17.745401,45.801616
17.745399,45.801722
17.745378,45.801794
17.745364,45.801925
17.745335,45.802221
17.745329,45.802313
17.74534,45.80243
17.745057,45.80268
17.745267,45.803135
17.745287,45.803239
17.745224,45.803423
17.74516,45.8036
17.745239,45.803708
17.745226,45.804062
17.74522,45.804165
17.745168,45.804359
17.74522,45.804913
17.745167,45.805032
17.745222,45.805247
17.74506,45.805393
17.745231,45.805532
17.745241,45.805708
17.745494,45.805823
17.745379,45.802043
17.745392,45.802128
17.746315,45.796252
17.746335,45.79698
17.746336,45.797385
17.746248,45.797508
17.746319,45.797836
17.746102,45.80019
17.746077,45.800362
17.746065,45.800526
17.746137,45.800663
17.746015,45.801354
17.74611,45.801939
17.746181,45.80235
17.746165,45.802654
17.74581,45.803578
17.745739,45.803903
17.745744,45.803995
17.745706,45.804181
17.745712,45.804327
17.745718,45.804424
17.745816,45.804702
17.7457,45.80482
17.745683,45.805026
17.745728,45.805371
17.745656,45.80557
17.746393,45.799886
17.747304,45.799283
17.747512,45.79922
17.747698,45.799111
17.747974,45.799053
17.748027,45.798932
17.748426,45.798743
17.748812,45.798516
17.748982,45.798469
17.749127,45.798428
17.749256,45.798346
17.749397,45.798273
17.749641,45.798221
17.749734,45.79807
17.749995,45.798013
17.75012,45.797885
17.751001,45.797453
17.751237,45.797345
17.751548,45.797159
17.75173,45.797156
17.751833,45.797063
17.752073,45.796962
17.752584,45.796692
17.752706,45.796623
17.753027,45.79649
17.753094,45.796375
17.752966,45.796281
17.752473,45.795971
17.752565,45.795718
17.752636,45.795527
17.752747,45.795281
17.752915,45.79488
17.753078,45.794551
17.751438,45.796821
17.749559,45.797734
17.746304,45.799433
17.746576,45.799289
17.747267,45.798903
17.747555,45.798807
17.747811,45.798648
17.747994,45.798527
17.748065,45.798412
17.748446,45.798342
17.748907,45.798074
17.749034,45.797965
17.74977,45.797639
17.749866,45.797538
17.750004,45.797468
17.750313,45.797369
17.750433,45.797169
17.750857,45.797138
17.750999,45.797073
17.751102,45.797012
17.751533,45.796736
17.751911,45.796561
17.752231,45.795508
17.752436,45.795126
17.75242,45.795015
17.75252,45.794825
17.748151,45.801853
17.75001,45.802058
17.75172,45.802631
17.752233,45.802658
17.752932,45.802858
17.75317,45.802915
17.75362,45.803053
17.754494,45.80331
17.756025,45.80378
17.756369,45.803897
17.747994,45.801018
17.748425,45.801103
17.751069,45.801966
17.751314,45.802008
17.75289,45.802533
17.753482,45.802688
17.75395,45.802824
17.755039,45.803132
17.755828,45.803413
17.756825,45.803694
17.757533,45.803916
17.757891,45.80401
17.83091,45.744407
17.829563,45.743834
17.49465,45.696973
17.495501,45.742035
17.78568,45.789812
17.746173,45.80157
17.498059,45.686924
17.74636,45.796844
17.485093,45.712768
17.816479,45.748337
17.831385,45.744328
17.819748,45.782088
17.820042,45.782172
17.803531,45.74953
17.489688,45.740762
17.816409,45.781887
17.83082,45.780352
17.749387,45.797851
17.752843,45.795016
17.455026,45.752785
17.631706,45.804315
17.630759,45.799522
17.634223,45.801204
17.633158,45.80318
17.636092,45.798426
17.665633,45.814959
17.666603,45.816458
17.658754,45.811368
17.67004,45.820927
17.693864,45.809336
17.693782,45.808804
17.657448,45.810997
17.667453,45.815239
17.632461,45.796752
17.693355,45.807839
17.666177,45.814959
17.629269,45.801626
17.664669,45.814043
17.635943,45.797974
17.692629,45.810403
17.70523,45.808244
17.632116,45.797332
17.658516,45.811261
17.632017,45.797501
17.668478,45.815008
17.705446,45.808214
17.624665,45.813415
17.693774,45.808642
17.661766,45.812002
17.632987,45.803703
17.634218,45.805172
17.635344,45.79892
17.66416,45.813559
17.666631,45.816039
17.665823,45.815048
17.694232,45.804278
17.633366,45.801933
17.63381,45.802169
17.665082,45.814623
17.662984,45.812787
17.636597,45.797643
17.63213,45.804461
17.693394,45.808923
17.692293,45.81045
17.635429,45.795188
17.65797,45.811127
17.635903,45.798624
17.666536,45.816178
17.668006,45.815088
17.700386,45.808699
17.657191,45.810639
17.670399,45.821626
17.695062,45.809651
17.663843,45.813283
17.693399,45.807026
17.633596,45.804945
17.632536,45.804164
17.693855,45.808272
17.705696,45.808185
17.692845,45.810048
17.635802,45.798842
17.63401,45.801668
17.693768,45.807752
17.636999,45.797004
17.672671,45.813948
17.667682,45.81487
17.661468,45.812221
17.629389,45.803358
17.635605,45.799108
17.676339,45.813155
17.637319,45.796328
17.632281,45.79711
17.693977,45.806709
17.636567,45.796905
17.674386,45.813584
17.697444,45.809447
17.666492,45.818204
17.634312,45.801052
17.671242,45.814482
17.673588,45.814087
17.675259,45.813358
17.669973,45.82059
17.630461,45.799923
17.634522,45.800761
17.67058,45.820319
17.635406,45.799415
17.706659,45.808075
17.636317,45.798188
17.67543,45.813711
17.662342,45.812738
17.634462,45.800174
17.658004,45.810771
17.710037,45.807687
17.630068,45.800551
17.704969,45.808271
17.6666,45.818268
17.691024,45.810843
17.710509,45.807635
17.700335,45.809141
17.667189,45.815302
17.664858,45.814308
17.675743,45.813693
17.631843,45.797776
17.665337,45.814774
17.693831,45.807408
17.693926,45.808124
17.706417,45.808104
17.71074,45.807546
17.666063,45.816458
17.634727,45.794609
17.636699,45.797489
17.673934,45.81372
17.666552,45.817253
17.697111,45.809442
17.635232,45.799637
17.669534,45.819995
17.669065,45.814639
17.664997,45.814478
17.630054,45.803502
17.636895,45.797177
17.662053,45.812585
17.664524,45.813871
17.633457,45.803241
17.704711,45.808298
17.659819,45.811614
17.629081,45.803306
17.635724,45.798966
17.667634,45.815194
17.636162,45.798291
17.630518,45.803923
17.666553,45.816693
17.698856,45.808814
17.694242,45.805913
17.69297,45.810397
17.694096,45.806309
17.687569,45.811447
17.633202,45.802949
17.633704,45.80248
17.701282,45.80869
17.695041,45.809909
17.693395,45.80746
17.628805,45.802391
17.666556,45.817438
17.661028,45.811646
17.662054,45.812137
17.66223,45.81263
17.666765,45.814993
17.687845,45.811316
17.669331,45.81484
17.694158,45.806132
17.693707,45.806249
17.659064,45.811405
17.636205,45.797575
17.633545,45.801502
17.666001,45.816558
17.667513,45.818769
17.66613,45.816075
17.677196,45.81337
17.669306,45.814575
17.630823,45.79942
17.67179,45.814411
17.63601,45.797804
17.633447,45.803365
17.629598,45.803828
17.694398,45.803964
17.630637,45.799783
17.633327,45.802275
17.686746,45.810933
17.657572,45.810647
17.693475,45.806721
17.634623,45.799884
17.631029,45.804087
17.632367,45.796979
17.658163,45.811162
17.667139,45.81863
17.63499,45.799336
17.630235,45.80388
17.63679,45.797332
17.663421,45.812971
17.634616,45.804575
17.669082,45.814919
17.676682,45.813476
17.695714,45.809774
17.666641,45.815099
17.711019,45.807587
17.693833,45.810128
17.707136,45.808
17.697234,45.809184
17.693398,45.808778
17.670005,45.821655
17.630816,45.804043
17.666079,45.817374
17.636458,45.79785
17.630947,45.799331
17.636593,45.796369
17.670448,45.814354
17.693769,45.807935
17.628961,45.803323
17.70075,45.809106
17.630196,45.800407
17.673055,45.813739
17.630376,45.800106
17.65774,45.811055
17.63154,45.80428
17.632381,45.804555
17.689893,45.811189
17.694053,45.806457
17.69655,45.80454
17.637346,45.796172
17.693352,45.808309
17.631515,45.812036
17.634903,45.79945
17.693381,45.807596
17.688682,45.81117
17.634666,45.805309
17.637218,45.796623
17.668902,45.814632
17.634029,45.800812
17.672808,45.813864
17.694581,45.804777
17.708113,45.807911
17.629968,45.800655
17.668272,45.815073
17.693297,45.808495
17.666442,45.818063
17.663997,45.813463
17.634061,45.801551
17.63344,45.801693
17.661602,45.812305
17.67031,45.814367
17.630676,45.813252
17.70834,45.807883
17.666053,45.817286
17.63106,45.812724
17.66609,45.815705
17.660606,45.811902
17.673957,45.813977
17.665907,45.814839
17.63655,45.796585
17.677057,45.813036
17.711711,45.807498
17.634922,45.800687
17.693611,45.810228
17.629727,45.80344
17.675067,45.813441
17.634545,45.800085
17.633285,45.804856
17.693039,45.810014
17.704486,45.808327
17.694387,45.80554
17.706895,45.807894
17.634144,45.800544
17.631268,45.804218
17.633298,45.802688
17.698616,45.808904
17.659291,45.811444
17.634385,45.800906
17.6319,45.804396
17.66687,45.818482
17.697636,45.809427
17.6351,45.799865
17.704249,45.808335
17.632579,45.804612
17.631398,45.812169
17.632823,45.803993
17.669718,45.821162
17.693835,45.808981
17.6949,45.80993
17.711477,45.807522
17.70013,45.80873
17.63635,45.797381
17.630272,45.803558
17.663928,45.813352
17.693579,45.806615
17.673736,45.814012
17.694358,45.805772
17.629394,45.801484
17.634368,45.805206
17.631179,45.812453
17.698002,45.809543
17.696007,45.809683
17.666108,45.816334
17.633331,45.804519
17.693154,45.810335
17.674174,45.813935
17.658884,45.811376
17.634719,45.799804
17.666561,45.816597
17.705926,45.80814
17.632777,45.804654
17.666619,45.815629
17.6339,45.800937
17.658802,45.810991
17.693789,45.809154
17.63102,45.799119
17.67498,45.813712
17.63635,45.797988
17.659546,45.811518
17.666746,45.818368
17.660206,45.811433
17.660487,45.811855
17.670169,45.814345
17.694019,45.806575
17.701013,45.808683
17.634278,45.800409
17.666978,45.815004
17.633433,45.804905
17.703204,45.807471
17.665535,45.814862
17.676254,45.813574
17.69441,45.805183
17.634995,45.800121
17.666052,45.817166
17.675683,45.813334
17.674739,45.813824
17.668786,45.814997
17.710286,45.807663
17.633809,45.801094
17.709062,45.807802
17.630284,45.800268
17.707617,45.807965
17.676569,45.813143
17.667768,45.81852
17.63305,45.803388
17.667811,45.815183
17.668934,45.814946
17.709533,45.807685
17.6644,45.813755
17.661851,45.812448
17.633927,45.801852
17.664302,45.813637
17.700215,45.809085
17.636424,45.797109
17.696834,45.809535
17.670401,45.821543
17.635955,45.798521
17.672089,45.813967
17.635651,45.798409
17.66986,45.820311
17.700624,45.809116
17.673274,45.814131
17.666112,45.817674
17.665464,45.815288
17.667289,45.814852
17.666009,45.816201
17.661246,45.812131
17.69338,45.808629
17.674858,45.813513
17.65756,45.810366
17.670585,45.814315
17.632368,45.819225
17.693977,45.805657
17.633073,45.804794
17.662618,45.8125
17.636479,45.796745
17.688297,45.811406
17.675933,45.813596
17.628453,45.803175
17.633383,45.803827
17.708813,45.807795
17.670957,45.814563
17.635212,45.79974
17.666033,45.816674
17.635528,45.798631
17.629503,45.800319
17.668934,45.820056
17.675498,45.8133
17.693357,45.809307
17.63488,45.800248
17.635849,45.798141
17.67604,45.813273
17.6622,45.812294
17.706168,45.808108
17.6939,45.805854
17.67026,45.814642
17.633574,45.803104
17.673779,45.813663
17.635445,45.798721
17.69336,45.808078
17.671563,45.814141
17.711224,45.807553
17.632999,45.803527
17.628947,45.802113
17.631328,45.812304
17.693365,45.807175
17.691169,45.810685
17.632918,45.803873
17.63074,45.812489
17.688071,45.81136
17.696451,45.809684
17.660873,45.811627
17.637094,45.796884
17.69368,45.806439
17.666529,45.817068
17.70786,45.807938
17.670726,45.81428
17.63479,45.799665
17.708583,45.807854
17.667118,45.814982
17.669505,45.814516
17.635188,45.799092
17.633336,45.802098
17.671151,45.814198
17.673428,45.814082
17.663204,45.812863
17.666753,45.817966
17.674625,45.813559
17.670219,45.822148
17.633277,45.802808
17.662481,45.812356
17.67003,45.814753
17.672412,45.813982
17.660134,45.811691
17.666056,45.816871
17.672804,45.814142
17.633299,45.80241
17.662517,45.812796
17.634698,45.800496
17.677426,45.815187
17.634755,45.80038
17.637507,45.795861
17.704564,45.808717
17.666834,45.815414
17.634003,45.805103
17.668286,45.814732
17.674476,45.813885
17.633916,45.802031
17.666519,45.815788
17.669584,45.814828
17.693976,45.805414
17.694094,45.805308
17.633632,45.801344
17.635719,45.798257
17.635036,45.799989
17.634223,45.801394
17.635105,45.79922
17.634294,45.800301
17.694,45.810118
17.633734,45.80268
17.66167,45.812403
17.66974,45.814449
17.667996,45.818636
17.637119,45.79672
17.510503,45.657092
17.514352,45.658029
17.502122,45.652297
17.514928,45.657585
17.51675,45.65672
17.508824,45.658102
17.50064,45.656704
17.509615,45.657063
17.514439,45.656681
17.557995,45.647311
17.5641,45.65187
17.813513,45.747141
17.740758,45.804641
17.630891,45.622887
17.631507,45.622955
17.631934,45.623033
17.627177,45.62255
17.63116,45.622888
17.633021,45.623107
17.621444,45.621985
17.62416,45.622274
17.623895,45.622223
17.62252,45.622131
17.619927,45.621869
17.624671,45.622366
17.623282,45.622205
17.62273,45.622138
17.62297,45.622163
17.620942,45.621976
17.623533,45.622231
17.623705,45.622236
17.619151,45.621808
17.609358,45.622233
17.610246,45.622321
17.609836,45.622212
17.607253,45.622641
17.607639,45.622759
17.609537,45.622225
17.607903,45.622515
17.607078,45.622575
17.608797,45.622313
17.61509,45.622121
17.614553,45.622439
17.627874,45.622227
17.628329,45.62231
17.625551,45.622053
17.624192,45.62191
17.627236,45.622116
17.624742,45.621923
17.629014,45.622016
17.623829,45.621893
17.623424,45.621841
17.62212,45.621612
17.622272,45.621718
17.609975,45.621883
17.61792,45.621335
17.62042,45.621583
17.607615,45.622034
17.620218,45.621565
17.617008,45.621388
17.610479,45.621873
17.61398,45.621819
17.619473,45.621455
17.61622,45.621589
17.623512,45.610413
17.622466,45.608051
17.619303,45.612429
17.622138,45.608821
17.621931,45.609898
17.622866,45.606061
17.62302,45.608131
17.833081,45.743932
17.834542,45.743961
17.825328,45.743756
17.823029,45.743763
17.82248,45.743662
17.824863,45.743792
17.826536,45.743782
17.824375,45.743668
17.827922,45.743842
17.822759,45.743689
17.821103,45.743665
17.833326,45.744364
17.833564,45.744362
17.832726,45.7444
17.833798,45.744344
17.834278,45.744436
17.831634,45.744355
17.830168,45.74429
17.830638,45.74428
17.828158,45.74433
17.829424,45.744258
17.829168,45.744263
17.828739,45.744237
17.828501,45.744254
17.826172,45.744265
17.823994,45.744188
17.824256,45.744172
17.823538,45.744183
17.822283,45.744095
17.81503,45.750272
17.81521,45.747021
17.816091,45.747238
17.815132,45.746969
17.816324,45.747474
17.815978,45.74873
17.815758,45.747317
17.815459,45.747065
17.815769,45.749107
17.815379,45.749216
17.815711,45.748989
17.814169,45.746803
17.8144,45.746799
17.814718,45.74658
17.81349,45.746953
17.814012,45.746552
17.81498,45.746592
17.814424,45.746564
17.816999,45.747183
17.8168,45.747067
17.817885,45.746448
17.81761,45.746906
17.815922,45.746875
17.81719,45.747325
17.816853,45.747556
17.81567,45.746757
17.817509,45.747022
17.817425,45.747164
17.816097,45.746931
17.816532,45.74708
17.816449,45.748533
17.817163,45.749009
17.816362,45.749462
17.816507,45.749321
17.816456,45.748709
17.816699,45.750309
17.816387,45.744048
17.815179,45.74398
17.815866,45.743958
17.814642,45.743924
17.81304,45.743931
17.819264,45.744239
17.818026,45.745118
17.817339,45.752972
17.796714,45.74424
17.796639,45.743686
17.796857,45.744818
17.796884,45.74525
17.796927,45.745387
17.797063,45.745612
17.796758,45.744525
17.797064,45.745737
17.797069,45.745933
17.796689,45.744051
17.796902,45.744946
17.797143,45.746998
17.797112,45.746551
17.797218,45.747185
17.797066,45.746702
17.797721,45.747665
17.797082,45.746411
17.797177,45.746836
17.797186,45.747401
17.797788,45.748619
17.801773,45.749298
17.802563,45.749517
17.799101,45.748245
17.80212,45.749366
17.800382,45.748772
17.799281,45.748304
17.800606,45.748836
17.803063,45.749679
17.800181,45.748715
17.803358,45.749738
17.799601,45.748521
17.799913,45.748639
17.801358,45.749131
17.800877,45.748929
17.799445,45.748386
17.801928,45.749346
17.798978,45.748159
17.797663,45.74852
17.800756,45.748917
17.8036,45.749803
17.798488,45.747947
17.807692,45.750341
17.808003,45.750405
17.797284,45.74497
17.7987,45.744294
17.800169,45.744358
17.799117,45.744327
17.797244,45.744522
17.797869,45.744262
17.797458,45.745628
17.799697,45.74818
17.798138,45.747405
17.79916,45.747888
17.797612,45.746393
17.800916,45.748598
17.79945,45.748079
17.800649,45.74853
17.799255,45.747976
17.797685,45.747176
17.800062,45.748359
17.798268,45.747461
17.797752,45.747272
17.801068,45.748708
17.799574,45.74815
17.798579,45.747597
17.802816,45.749304
17.804034,45.749654
17.802712,45.749103
17.802375,45.749138
17.801424,45.748828
17.803106,45.749393
17.801993,45.748987
17.807426,45.75
17.805105,45.749966
17.584578,45.598495
17.585351,45.5983
17.589579,45.596194
17.625173,45.584854
17.610288,45.587235
17.60639,45.591246
17.60172,45.587396
17.620424,45.584245
17.619872,45.584336
17.622737,45.584276
17.623841,45.584441
17.615215,45.585903
17.612133,45.586469
17.61606,45.585389
17.618265,45.584787
17.614349,45.586098
17.608859,45.5873
17.607417,45.58752
17.607649,45.587534
17.609071,45.587235
17.604962,45.587584
17.604332,45.58741
17.552597,45.61912
17.540875,45.616078
17.553346,45.621963
17.55657,45.618136
17.543511,45.623636
17.557002,45.617449
17.537637,45.609194
17.541568,45.616871
17.554179,45.620648
17.561515,45.616145
17.56197,45.61691
17.554806,45.619227
17.566676,45.616609
17.554697,45.618506
17.549791,45.619122
17.545301,45.621479
17.538186,45.617227
17.553101,45.622236
17.534579,45.618392
17.580441,45.622065
17.556369,45.617896
17.553553,45.622265
17.555169,45.621349
17.545771,45.624398
17.540251,45.612173
17.550757,45.620179
17.559144,45.621839
17.536298,45.618033
17.532895,45.617839
17.527402,45.616577
17.528387,45.617108
17.563102,45.616868
17.553597,45.621977
17.553246,45.61939
17.552538,45.621914
17.547963,45.622325
17.546237,45.623205
17.560237,45.621954
17.550463,45.620241
17.552111,45.622195
17.552928,45.621942
17.551911,45.622181
17.562438,45.617093
17.530406,45.618326
17.558959,45.617906
17.535963,45.617432
17.550578,45.620254
17.564941,45.617213
17.554602,45.619248
17.564805,45.617253
17.547865,45.622882
17.544052,45.620813
17.544254,45.625053
17.546243,45.618811
17.553312,45.622256
17.552303,45.622206
17.536667,45.608774
17.552912,45.619419
17.55,45.619136
17.545747,45.624118
17.55251,45.622212
17.551683,45.619153
17.536041,45.617991
17.5529,45.622227
17.536753,45.617457
17.554471,45.622029
17.533498,45.617499
17.548088,45.626089
17.550932,45.620202
17.559237,45.617799
17.556141,45.618772
17.559328,45.618084
17.555045,45.620833
17.547852,45.623611
17.547707,45.624558
17.553909,45.619017
17.560842,45.622099
17.561845,45.618271
17.537415,45.617161
17.539602,45.61749
17.549323,45.61907
17.54347,45.620807
17.529284,45.618358
17.539615,45.614325
17.543772,45.620523
17.551154,45.621846
17.540901,45.609513
17.537464,45.609074
17.558386,45.621604
17.535174,45.617753
17.559988,45.621634
17.540273,45.610747
17.554441,45.620706
17.551253,45.620329
17.54887,45.619055
17.53582,45.616969
17.551941,45.620364
17.547796,45.623857
17.533211,45.617743
17.551118,45.622177
17.54065,45.615657
17.545907,45.618762
17.551512,45.62216
17.559912,45.617884
17.538416,45.609895
17.553142,45.621952
17.551181,45.619173
17.55367,45.620567
17.550053,45.620145
17.553669,45.619005
17.552936,45.619094
17.557713,45.621482
17.562089,45.622326
17.539915,45.614845
17.668185,45.620742
17.666946,45.6204
17.547741,45.628272
17.657464,45.621085
17.672691,45.620655
17.667031,45.620756
17.671301,45.62029
17.498124,45.561804
17.65936,45.620907
17.672883,45.620619
17.666815,45.620412
17.667952,45.62074
17.671741,45.620299
17.670924,45.620694
17.672093,45.620245
17.667398,45.620403
17.674858,45.620582
17.668354,45.620354
17.5629,45.616608
17.674657,45.620589
17.667582,45.620387
17.547879,45.627127
17.671346,45.620668
17.536993,45.617607
17.668709,45.620344
17.547835,45.618953
17.669017,45.620703
17.672324,45.620667
17.545927,45.623612
17.55347,45.620622
17.666773,45.620797
17.65991,45.620888
17.670617,45.620313
17.668828,45.620323
17.54634,45.623292
17.672148,45.620658
17.670139,45.620698
17.673482,45.620627
17.66768,45.620721
17.667174,45.620397
17.669176,45.620337
17.672678,45.62021
17.668081,45.620371
17.674317,45.620594
17.667792,45.620386
17.669519,45.620294
17.667384,45.620749
17.670192,45.62032
17.673687,45.620583
17.543965,45.623391
17.546398,45.622871
17.540094,45.613279
17.555449,45.620942
17.539636,45.611676
17.544636,45.623764
17.55761,45.618354
17.546872,45.624618
17.559088,45.621439
17.540199,45.610861
17.535456,45.617879
17.538262,45.617369
17.541213,45.615801
17.523486,45.615338
17.552098,45.620412
17.547842,45.626498
17.554238,45.622023
17.534042,45.60704
17.54497,45.623483
17.544035,45.622635
17.537933,45.617269
17.53952,45.614129
17.542318,45.615628
17.556315,45.619094
17.54963,45.619113
17.548402,45.626526
17.534524,45.617577
17.549374,45.619745
17.545342,45.621803
17.538997,45.617586
17.55378,45.622282
17.544658,45.620665
17.538892,45.612807
17.550521,45.615144
17.533621,45.61861
17.558101,45.619069
17.564129,45.621697
17.552778,45.619431
17.53917,45.613285
17.550827,45.619195
17.549053,45.61969
17.554817,45.622175
17.547305,45.618915
17.549709,45.62008
17.54579,45.62316
17.556917,45.618588
17.548962,45.619997
17.54009,45.615202
17.547865,45.623405
17.538629,45.617764
17.552113,45.619109
17.540775,45.614515
17.540184,45.613606
17.545201,45.624401
17.540738,45.610209
17.553119,45.620457
17.546876,45.624312
17.540565,45.615536
17.555371,45.619554
17.546471,45.624558
17.540952,45.614589
17.550939,45.622124
17.54236,45.620815
17.562242,45.617152
17.547887,45.623223
17.561523,45.615614
17.546732,45.624591
17.559787,45.621892
17.556985,45.621015
17.557867,45.621502
17.53447,45.608097
17.556131,45.621163
17.547891,45.627585
17.541486,45.623605
17.555227,45.618912
17.558143,45.621538
17.545717,45.61875
17.547357,45.624765
17.547012,45.624942
17.545127,45.620688
17.535009,45.618249
17.54442,45.620702
17.536794,45.617071
17.550964,45.621841
17.536171,45.617479
17.547906,45.626335
17.542417,45.623143
17.559219,45.619121
17.543433,45.623518
17.548534,45.622483
17.556795,45.618644
17.540252,45.612069
17.543477,45.624118
17.547785,45.624472
17.544002,45.620521
17.547833,45.624815
17.55228,45.620351
17.547703,45.62833
17.546422,45.618826
17.549469,45.619082
17.545851,45.62339
17.539815,45.614645
17.531388,45.617623
17.546169,45.624455
17.534266,45.618516
17.562195,45.616842
17.545042,45.618688
17.552668,45.620437
17.555024,45.61923
17.546168,45.624193
17.54057,45.617217
17.547103,45.62468
17.554962,45.61882
17.558408,45.618918
17.559423,45.617746
17.553782,45.621987
17.534841,45.617628
17.554209,45.622394
17.560854,45.621726
17.641303,45.621957
17.550506,45.615236
17.540211,45.611008
17.555031,45.621544
17.544745,45.622368
17.55614,45.618279
17.540622,45.624094
17.558931,45.62143
17.545139,45.623983
17.545963,45.624423
17.551951,45.621839
17.55672,45.620952
17.551435,45.620427
17.550579,45.619136
17.540037,45.611166
17.539219,45.611883
17.553356,45.619034
17.54006,45.612916
17.534557,45.618142
17.551744,45.621875
17.550723,45.622113
17.554022,45.621994
17.539659,45.614455
17.550774,45.621836
17.530545,45.61758
17.545389,45.618697
17.544479,45.622233
17.551358,45.621857
17.544885,45.622268
17.556343,45.621204
17.543659,45.620801
17.555273,45.620904
17.561095,45.616271
17.538172,45.611691
17.554655,45.620762
17.535354,45.618162
17.54019,45.6124
17.54152,45.615119
17.547487,45.623532
17.552214,45.619514
17.54062,45.614373
17.562618,45.616669
17.56196,45.617255
17.545391,45.62139
17.533774,45.619257
17.55052,45.614976
17.543542,45.624237
17.552732,45.621941
17.561561,45.615485
17.534814,45.608269
17.551711,45.622171
17.54217,45.620758
17.537685,45.610426
17.544888,45.620679
17.539316,45.613675
17.542953,45.620578
17.544324,45.622506
17.542776,45.620572
17.541804,45.61533
17.558665,45.618017
17.54524,45.624131
17.565142,45.616195
17.548723,45.618998
17.558922,45.621823
17.544588,45.623013
17.534513,45.607081
17.57392,45.621659
17.534738,45.618051
17.562668,45.621786
17.547475,45.623215
17.539757,45.61455
17.547987,45.628587
17.542183,45.616303
17.540845,45.614717
17.534683,45.608201
17.561638,45.622294
17.535199,45.618202
17.548728,45.622527
17.543847,45.620782
17.557105,45.618869
17.540918,45.616412
17.554211,45.619346
17.5392,45.610605
17.545839,45.621433
17.547325,45.624475
17.537698,45.611331
17.547644,45.622088
17.541232,45.615029
17.532601,45.617892
17.554692,45.618941
17.561856,45.622322
17.550275,45.620114
17.552326,45.621853
17.551667,45.620296
17.560319,45.617428
17.54611,45.622622
17.553981,45.622289
17.544219,45.620534
17.554032,45.620617
17.551346,45.61913
17.56113,45.616091
17.552135,45.621906
17.557166,45.621051
17.543158,45.625631
17.572741,45.621653
17.537897,45.611435
17.54557,45.618753
17.556506,45.617758
17.540301,45.611947
17.53999,45.611705
17.54755,45.626004
17.562744,45.616987
17.559509,45.621863
17.545353,45.624305
17.538496,45.617705
17.554475,45.619314
17.563845,45.616738
17.547664,45.626978
17.558208,45.618167
17.547428,45.621946
17.55408,45.619365
17.555889,45.618837
17.558622,45.618828
17.558619,45.621626
17.577642,45.622164
17.546263,45.623382
17.553182,45.619051
17.560617,45.62168
17.541582,45.615285
17.547463,45.623623
17.540286,45.610635
17.548075,45.618947
17.561387,45.622236
17.576283,45.622091
17.54322,45.620542
17.549098,45.619053
17.546343,45.624204
17.534942,45.618006
17.562851,45.621734
17.544658,45.622481
17.540933,45.616227
17.559577,45.621562
17.552501,45.619447
17.544444,45.620501
17.547389,45.628451
17.544517,45.618629
17.569211,45.615846
17.576698,45.602773
17.565491,45.606328
17.567553,45.61498
17.574539,45.605586
17.57616,45.603161
17.567618,45.613145
17.57647,45.606031
17.574591,45.602195
17.574032,45.604245
17.581334,45.60901
17.575048,45.602415
17.580189,45.607604
17.579833,45.607277
17.575703,45.605345
17.574472,45.602072
17.579883,45.60738
17.57462,45.605406
17.567008,45.615354
17.567907,45.612213
17.575405,45.605864
17.575609,45.602643
17.567554,45.613354
17.574443,45.601918
17.56704,45.613165
17.565793,45.615594
17.567683,45.612925
17.575167,45.604817
17.57527,45.605155
17.575728,45.604091
17.567422,45.612124
17.575683,45.60426
17.567966,45.612038
17.562369,45.607786
17.574749,45.605048
17.576571,45.605838
17.581551,45.602482
17.568035,45.611866
17.57319,45.607943
17.576164,45.603336
17.566222,45.607306
17.566993,45.608033
17.579375,45.602018
17.575782,45.60301
17.56524,45.615828
17.573837,45.60406
17.654634,45.574353
17.662012,45.577704
17.664677,45.578574
17.662967,45.577623
17.653973,45.574044
17.661783,45.581657
17.665996,45.579183
17.663187,45.580309
17.663536,45.577902
17.663296,45.577696
17.656984,45.575745
17.656692,45.574792
17.665458,45.570056
17.66003,45.569136
17.660907,45.569145
17.660355,45.568705
17.665938,45.57009
17.66509,45.570008
17.662134,45.569145
17.673701,45.569543
17.660702,45.568887
17.667117,45.570546
17.664184,45.569681
17.664806,45.569984
17.665637,45.570025
17.671307,45.570748
17.745476,45.797511
17.70153,45.808582
17.870846,45.71438
17.844095,45.709082
17.844763,45.700173
17.852723,45.709899
17.870539,45.716334
17.856914,45.711408
17.856391,45.71128
17.871451,45.711608
17.853946,45.710643
17.867405,45.713967
17.870076,45.716219
17.869783,45.717268
17.869959,45.71665
17.874016,45.708545
17.869532,45.719861
17.841781,45.713853
17.869131,45.721268
17.849847,45.709661
17.844143,45.703289
17.84512,45.700386
17.870808,45.717054
17.860241,45.71217
17.845753,45.698107
17.872088,45.711435
17.8669,45.713784
17.858309,45.711707
17.85777,45.711165
17.870367,45.716945
17.845057,45.699458
17.870533,45.715885
17.861797,45.712557
17.870876,45.713885
17.844654,45.700309
17.852825,45.709978
17.87258,45.709944
17.864575,45.71285
17.86933,45.718873
17.872365,45.710299
17.870563,45.713352
17.844349,45.701781
17.870913,45.712502
17.870751,45.712634
17.844502,45.701559
17.869977,45.715361
17.869906,45.716874
17.86234,45.71231
17.844154,45.702046
17.865386,45.713088
17.868236,45.714151
17.86976,45.718954
17.844393,45.700926
17.862826,45.71245
17.844443,45.70073
17.844395,45.708254
17.871017,45.712362
17.862214,45.712636
17.852457,45.709907
17.872811,45.709559
17.845061,45.706373
17.872193,45.710493
17.870741,45.714758
17.868453,45.714138
17.845158,45.699289
17.845864,45.698374
17.845236,45.697464
17.844958,45.700915
17.870857,45.71413
17.871436,45.713035
17.869304,45.719109
17.843225,45.71002
17.844963,45.706697
17.85687,45.710927
17.855238,45.710504
17.871749,45.711241
17.845652,45.697317
17.858871,45.711845
17.873955,45.707819
17.865945,45.713237
17.844215,45.708954
17.871073,45.71313
17.845122,45.700219
17.844032,45.70301
17.870228,45.717398
17.84445,45.701697
17.843447,45.709295
17.868913,45.720509
17.845564,45.699449
17.868138,45.714165
17.870111,45.717672
17.865487,45.713491
17.84397,45.707881
17.869361,45.72034
17.869724,45.717685
17.84434,45.708412
17.856668,45.711291
17.844607,45.700475
17.858618,45.711772
17.856108,45.711164
17.84565,45.698994
17.863836,45.713071
17.866022,45.713644
17.868912,45.720648
17.84471,45.701396
17.843791,45.708324
17.871536,45.712225
17.843674,45.708747
17.873245,45.708879
17.870549,45.71552
17.863369,45.712585
17.870597,45.715139
17.841695,45.714507
17.844733,45.701069
17.84672,45.708866
17.855776,45.71068
17.870438,45.713955
17.862721,45.71238
17.872393,45.711088
17.843748,45.708538
17.869616,45.719619
17.86965,45.717811
17.8447,45.707358
17.861895,45.712586
17.869111,45.721392
17.844163,45.701384
17.861342,45.712463
17.843484,45.710992
17.873809,45.708835
17.841329,45.715583
17.844058,45.707701
17.871229,45.714185
17.869195,45.719571
17.869724,45.719258
17.844914,45.700748
17.854994,45.710914
17.869661,45.717967
17.864492,45.713281
17.873077,45.709961
17.867721,45.714011
17.854445,45.710768
17.871209,45.711979
17.845318,45.699894
17.869086,45.721569
17.844852,45.706892
17.873572,45.709213
17.873418,45.709381
17.843337,45.711539
17.869467,45.720064
17.869488,45.718477
17.867903,45.713524
17.858232,45.71129
17.871092,45.712254
17.849348,45.709527
17.845589,45.696902
17.866632,45.713728
17.871596,45.711428
17.844992,45.700643
17.841498,45.715129
17.867115,45.713491
17.857204,45.711436
17.845334,45.698414
17.870293,45.71725
17.865705,45.713138
17.860923,45.712377
17.868117,45.713711
17.844045,45.701474
17.864293,45.712758
17.845455,45.699636
17.845286,45.698546
17.845011,45.696144
17.871035,45.713644
17.870205,45.714534
17.866236,45.713304
17.845002,45.703503
17.871008,45.713312
17.86141,45.712067
17.841794,45.714278
17.864099,45.713134
17.843293,45.709798
17.873172,45.714717
17.860538,45.712238
17.872596,45.710689
17.844111,45.707488
17.86245,45.712804
17.864009,45.712742
17.869713,45.719151
17.844662,45.713473
17.871338,45.71178
17.866882,45.713469
17.844251,45.708678
17.842103,45.713425
17.869149,45.719693
17.853928,45.710244
17.869083,45.714139
17.859167,45.711908
17.864933,45.713383
17.843681,45.702392
17.843987,45.709488
17.871675,45.711977
17.873277,45.70969
17.871122,45.712157
17.842219,45.712998
17.861073,45.712383
17.859394,45.712001
17.843888,45.701755
17.842608,45.711934
17.869239,45.719441
17.869408,45.720218
17.84225,45.712774
17.860785,45.712323
17.844898,45.699839
17.845685,45.697178
17.869817,45.718753
17.872221,45.711219
17.870659,45.713084
17.843941,45.702846
17.853422,45.710103
17.869398,45.71868
17.86578,45.713522
17.871938,45.710864
17.871792,45.711771
17.86081,45.711935
17.859829,45.71209
17.869881,45.71855
17.843142,45.710307
17.84531,45.698165
17.873031,45.709195
17.841141,45.715671
17.845008,45.699639
17.867667,45.713641
17.870749,45.714854
17.855573,45.711027
17.844792,45.700015
17.864693,45.71337
17.860383,45.712206
17.869206,45.714323
17.869589,45.718084
17.873319,45.709575
17.843732,45.702521
17.854727,45.710823
17.844628,45.707605
17.859996,45.71211
17.857996,45.711234
17.865197,45.713421
17.844613,45.707784
17.84526,45.705446
17.860243,45.711775
17.872033,45.714577
17.869096,45.719877
17.861952,45.712244
17.860426,45.711838
17.858708,45.711443
17.869948,45.718353
17.869038,45.720028
17.87559,45.706125
17.867166,45.713859
17.870372,45.716676
17.86999,45.718155
17.865135,45.713021
17.871386,45.712417
17.872715,45.709748
17.864826,45.71297
17.841659,45.714583
17.866707,45.713426
17.857482,45.711525
17.868903,45.720777
17.849147,45.709062
17.869315,45.720504
17.869224,45.720841
17.871974,45.711634
17.859701,45.712033
17.861774,45.712102
17.856594,45.710877
17.845322,45.697921
17.843677,45.701962
17.873542,45.708447
17.872871,45.71035
17.850076,45.709742
17.844993,45.704042
17.873665,45.709008
17.845701,45.699379
17.87009,45.71795
17.845766,45.697833
17.841509,45.714931
17.863116,45.712523
17.852626,45.710364
17.870354,45.716829
17.845,45.706551
17.869775,45.717476
17.866408,45.713317
17.913467,45.755783
17.892944,45.752573
17.896037,45.752703
17.85964,45.722764
17.907776,45.755114
17.921764,45.758644
17.916746,45.750568
17.905061,45.754228
17.909615,45.754989
17.889534,45.752041
17.893852,45.752734
17.897924,45.764732
17.902746,45.753822
17.898637,45.763721
17.920743,45.758276
17.901417,45.753601
17.894117,45.752316
17.902272,45.754183
17.908745,45.754833
17.903582,45.753929
17.91799,45.757324
17.917448,45.757199
17.912443,45.755482
17.903901,45.753983
17.899775,45.762218
17.919975,45.758534
17.900723,45.753435
17.918922,45.75769
17.91679,45.752794
17.890953,45.752246
17.914593,45.756215
17.89463,45.752357
17.916266,45.749145
17.893178,45.752618
17.905635,45.754244
17.889882,45.752061
17.896133,45.766481
17.902705,45.757546
17.916649,45.748698
17.912028,45.755813
17.900993,45.753447
17.916764,45.751577
17.914676,45.756789
17.916738,45.750353
17.904874,45.75528
17.919626,45.757888
17.916821,45.751981
17.887459,45.751652
17.900456,45.753377
17.89738,45.752921
17.890374,45.75218
17.91672,45.749541
17.899935,45.761985
17.91636,45.753585
17.916845,45.753844
17.8953,45.767623
17.916275,45.750898
17.901985,45.75922
17.918506,45.757564
17.916743,45.750152
17.909344,45.755468
17.906193,45.754405
17.912669,45.756005
17.916739,45.750773
17.920324,45.758646
17.908203,45.754669
17.901515,45.754075
17.897007,45.765294
17.914628,45.758733
17.891495,45.751907
17.916759,45.751776
17.907038,45.754542
17.888974,45.751913
17.898247,45.763584
17.921295,45.758481
17.921586,45.758554
17.906768,45.754499
17.91686,45.753655
17.916814,45.75342
17.894926,45.752509
17.919468,45.758306
17.910759,45.755152
17.889342,45.751987
17.910453,45.755094
17.897897,45.764071
17.895089,45.767874
17.915683,45.756582
17.919911,45.757973
17.896657,45.76644
17.894574,45.752878
17.915142,45.756368
17.897726,45.764329
17.896878,45.753395
17.916328,45.753286
17.896314,45.752698
17.911304,45.755251
17.895578,45.767901
17.918471,45.758066
17.916254,45.750753
17.897783,45.764995
17.909084,45.754856
17.899589,45.762469
17.90933,45.754944
17.900121,45.76112
17.920268,45.758134
17.916705,45.749751
17.910155,45.755066
17.902177,45.758273
17.900168,45.753353
17.892557,45.752555
17.887049,45.751607
17.907357,45.754589
17.908509,45.754771
17.9138,45.755951
17.900856,45.760023
17.895612,45.753039
17.913494,45.75087
17.842803,45.717347
17.916858,45.752374
17.895766,45.767661
17.909897,45.755037
17.903254,45.756812
17.907609,45.754655
17.886529,45.751512
17.904188,45.754049
17.9164,45.754457
17.905909,45.75433
17.916767,45.751167
17.911602,45.755299
17.897688,45.752982
17.892332,45.752072
17.903149,45.753837
17.90044,45.760635
17.917685,45.75729
17.895708,45.752612
17.902532,45.757748
17.902053,45.758496
17.89809,45.763819
17.904687,45.755508
17.904462,45.755129
17.888458,45.751823
17.906978,45.754946
17.894751,45.752885
17.892498,45.752087
17.917237,45.757009
17.91443,45.756159
17.912143,45.755415
17.916581,45.757373
17.916747,45.749949
17.91628,45.751151
17.916788,45.751376
17.899941,45.761368
17.891716,45.752362
17.916956,45.757033
17.90065,45.761008
17.905363,45.754255
17.893474,45.75269
17.892415,45.752486
17.916299,45.751618
17.911903,45.755335
17.916283,45.751343
17.913454,45.756288
17.890388,45.751752
17.91627,45.75061
17.919094,45.758271
17.903107,45.757686
17.912707,45.75556
17.900501,45.761258
17.912972,45.755653
17.896303,45.753166
17.918718,45.757638
17.916858,45.753221
17.887645,45.75173
17.901569,45.753575
17.914077,45.756038
17.890621,45.752181
17.906487,45.754465
17.897154,45.765762
17.900018,45.753352
17.633718,45.802824
17.855296,45.710965
17.844282,45.703906
17.891205,45.751834
17.843544,45.709105
17.572928,45.621656
17.79838,45.747581
17.555649,45.621072
17.48211,45.745444
17.474362,45.751432
17.476294,45.750251
17.474905,45.751392
17.481989,45.744928
17.480199,45.746748
17.477242,45.747125
17.473499,45.751633
17.476675,45.749631
17.482784,45.742038
17.476874,45.749328
17.481652,45.745994
17.476191,45.752952
17.480152,45.746368
17.471406,45.752372
17.470992,45.752279
17.469169,45.75328
17.47721,45.748942
17.477179,45.746237
17.746036,45.799507
17.626879,45.622496
17.818811,45.780363
17.739157,45.805304
17.624013,45.621904
17.623213,45.621796
17.604731,45.58782
17.82392,45.74371
17.87306,45.747212
17.87331,45.747226
17.634868,45.803935
17.746123,45.799934
17.746206,45.801669
17.751429,45.802091
17.821254,45.782764
17.817572,45.781882
17.563716,45.652442
17.626912,45.584768
17.617203,45.585013
17.558901,45.619047
17.622822,45.604396
17.58391,45.598553
17.67385,45.620189
17.481469,45.714047
17.477469,45.712255
17.476261,45.711923
17.480812,45.71331
17.479119,45.712938
17.480259,45.713341
17.480403,45.713101
17.480931,45.71363
17.47794,45.712265
17.479724,45.713307
17.477699,45.712373
17.479987,45.712962
17.47865,45.712593
17.474459,45.711983
17.474185,45.712048
17.480727,45.713528
17.476566,45.712143
17.4789,45.712643
17.479425,45.712809
17.481276,45.713854
17.473929,45.712058
17.475188,45.711305
17.474898,45.711272
17.475694,45.711229
17.476019,45.711876
17.48185,45.714276
17.481566,45.713752
17.540432,45.617471
17.881883,45.750256
17.867307,45.7475
17.872018,45.748303
17.849839,45.741879
17.857776,45.743399
17.863385,45.746256
17.869736,45.746702
17.872312,45.747798
17.852871,45.742715
17.86935,45.748612
17.872112,45.748127
17.859675,45.744936
17.858725,45.743945
17.859019,45.744578
17.861266,45.745521
17.858661,45.744488
17.860016,45.745087
17.860112,45.744505
17.862795,45.745509
17.859147,45.744145
17.864699,45.745942
17.857814,45.744025
17.859932,45.744449
17.858031,45.743551
17.864603,45.745742
17.862744,45.746014
17.862917,45.746159
17.857577,45.743339
17.863085,45.746118
17.859471,45.744272
17.858957,45.74405
17.859235,45.744726
17.860435,45.744605
17.862249,45.745873
17.86849,45.748387
17.871616,45.747027
17.870223,45.746789
17.872123,45.747149
17.868689,45.748087
17.872352,45.747149
17.86777,45.748086
17.867544,45.74758
17.86808,45.747775
17.868944,45.748047
17.872492,45.748198
17.870812,45.74849
17.868455,45.747804
17.869179,45.748608
17.869599,45.748252
17.869983,45.746784
17.867171,45.747454
17.871061,45.748495
17.868418,45.747934
17.869539,45.748629
17.869278,45.748205
17.868996,45.748506
17.872212,45.747964
17.872171,45.74865
17.867856,45.748159
17.866757,45.747694
17.870023,45.748294
17.872405,45.747636
17.869678,45.74865
17.869116,45.748178
17.868213,45.748318
17.867679,45.747623
17.871882,45.747105
17.868721,45.748486
17.867987,45.747687
17.866727,45.74717
17.870603,45.748393
17.869844,45.748253
17.87039,45.748734
17.867459,45.747923
17.86954,45.746677
17.872412,45.748708
17.871256,45.748555
17.866979,45.747781
17.870203,45.748742
17.868894,45.748503
17.86999,45.748694
17.868588,45.748016
17.870686,45.746866
17.873813,45.747252
17.855474,45.741356
17.856515,45.739939
17.857481,45.73915
17.856709,45.740798
17.857019,45.740329
17.856155,45.741319
17.857105,45.740032
17.856147,45.741181
17.858408,45.739015
17.857386,45.739585
17.856322,45.740984
17.856344,45.7408
17.882791,45.75048
17.882746,45.750937
17.879716,45.749937
17.881727,45.750268
17.879623,45.750448
17.88182,45.750757
17.879958,45.749946
17.879494,45.749787
17.883744,45.750567
17.880263,45.750522
17.882216,45.75087
17.856169,45.74341
17.846045,45.7431
17.852644,45.742676
17.847314,45.742708
17.85327,45.742243
17.854404,45.742378
17.85477,45.743023
17.848317,45.742569
17.844261,45.743784
17.855661,45.742388
17.851667,45.742506
17.846528,45.742592
17.853128,45.742194
17.855855,45.743221
17.856465,45.742941
17.848092,45.742509
17.857114,45.743155
17.852113,45.742599
17.854686,45.742457
17.849129,45.742327
17.851964,45.742569
17.84609,45.742824
17.846928,45.742779
17.854999,45.742663
17.846826,45.742412
17.852473,45.742703
17.851,45.742411
17.855592,45.743193
17.856442,45.743413
17.854162,45.742914
17.855965,45.743246
17.855685,45.74225
17.855336,45.743128
17.846311,45.74306
17.84779,45.742579
17.857112,45.743724
17.83987,45.744078
17.838053,45.743998
17.837543,45.744062
17.87097,45.748843
17.874676,45.749556
17.871856,45.749089
17.871307,45.748928
17.873567,45.749294
17.874935,45.748632
17.872127,45.749051
17.874442,45.749474
17.872842,45.747583
17.872581,45.747191
17.872456,45.748408
17.872604,45.749155
17.871859,45.748609
17.871523,45.746937
17.875044,45.749629
17.875261,45.749583
17.873387,45.749249
17.872961,45.747241
17.876344,45.749825
17.871164,45.746979
17.878048,45.749629
17.871637,45.749036
17.872798,45.747216
17.872975,45.749195
17.872794,45.749206
17.873174,45.749218
17.873075,45.748644
17.871466,45.748989
17.864858,45.746336
17.866044,45.747385
17.864737,45.746059
17.864628,45.745536
17.866399,45.747116
17.865097,45.746547
17.864907,45.746982
17.865104,45.746967
17.866046,45.746965
17.865757,45.746809
17.865913,45.746928
17.865627,45.747181
17.865416,45.74711
17.866244,45.747059
17.864821,45.746874
17.852768,45.73657
17.857901,45.743462
17.83906,45.746951
17.845201,45.743861
17.857293,45.743743
17.839707,45.744619
17.841413,45.745632
17.840499,45.745636
17.857569,45.743902
17.858309,45.743745
17.838268,45.744411
17.84342,45.744668
17.839869,45.746112
17.856974,45.747483
17.840514,45.744555
17.855236,45.738101
17.856473,45.740511
17.853763,45.73808
17.856911,45.739436
17.853176,45.737157
17.856464,45.740595
17.852912,45.736727
17.857038,45.740219
17.85308,45.73699
17.880685,45.750108
17.874886,45.749517
17.8742,45.749463
17.88513,45.750773
17.884457,45.750714
17.882675,45.750412
17.881151,45.750195
17.87589,45.74979
17.878822,45.749799
17.880417,45.750045
17.884202,45.750681
17.877862,45.749604
17.88402,45.750642
17.876525,45.749857
17.873806,45.749428
17.885441,45.750826
17.884919,45.750802
17.88351,45.750578
17.883038,45.750463
17.856741,45.741042
17.857515,45.738777
17.857218,45.739908
17.858236,45.744222
17.841171,45.743987
17.844511,45.744003
17.841197,45.745868
17.861082,45.745455
17.86199,45.745795
17.86231,45.745325
17.837856,45.744005
17.862031,45.744961
17.859128,45.744654
17.859909,45.744325
17.863554,45.746307
17.864228,45.746559
17.859846,45.744958
17.858075,45.744147
17.86242,45.74591
17.843886,45.744488
17.838297,45.74408
17.858575,45.744438
17.860308,45.745139
17.859372,45.744781
17.859548,45.744825
17.857846,45.744189
17.863703,45.746371
17.86092,45.745364
17.8639,45.746455
17.84098,45.74593
17.857712,45.743962
17.860739,45.745306
17.858557,45.743862
17.862599,45.745431
17.861503,45.744989
17.858431,45.744364
17.860854,45.74475
17.854014,45.74292
17.850603,45.742464
17.853661,45.742305
17.848905,45.742352
17.853028,45.742755
17.846565,45.742911
17.845691,45.743711
17.855691,45.743276
17.84704,45.742738
17.853491,45.742843
17.853728,45.742848
17.854149,45.742362
17.840196,45.744126
17.853832,45.742295
17.847936,45.742529
17.855088,45.743105
17.844964,45.743317
17.849488,45.742388
17.847654,45.742617
17.845677,45.743014
17.843893,45.743833
17.846362,45.742661
17.845617,45.74401
17.850449,45.742352
17.846788,45.742827
17.855143,45.742959
17.845333,45.743144
17.847168,45.742333
17.853997,45.74232
17.851296,45.742499
17.846641,45.742518
17.854535,45.743005
17.855252,45.743079
17.851816,45.742531
17.849875,45.742345
17.846177,45.743132
17.848722,45.742388
17.850257,45.742327
17.849667,45.742454
17.845812,45.742924
17.855217,45.742522
17.854894,45.743078
17.85546,45.743158
17.8447,45.744011
17.854374,45.743006
17.853211,45.742853
17.850781,45.742392
17.845302,45.743994
17.851172,45.742453
17.846727,45.742445
17.848165,45.742107
17.852746,45.74271
17.852282,45.742675
17.847505,45.742647
17.853917,45.742908
17.855062,45.742499
17.851526,45.74251
17.852802,45.742156
17.856069,45.741484
17.857019,45.742992
17.856819,45.743007
17.855508,45.742622
17.85598,45.741599
17.850989,45.741963
17.849009,45.74201
17.850872,45.741872
17.848538,45.742057
17.848008,45.742099
17.850495,45.741913
17.855366,45.741559
17.855909,45.741709
17.849179,45.741943
17.850129,45.741873
17.851648,45.741909
17.852966,45.74218
17.852597,45.742132
17.855389,45.741474
17.855908,45.741835
17.851311,45.741795
17.855765,45.741923
17.850599,45.741899
17.851819,45.742056
17.84706,45.742372
17.852382,45.742132
17.847523,45.742241
17.849224,45.742332
17.848747,45.742012
17.849521,45.741879
17.855805,45.742044
17.847702,45.742173
17.848295,45.742025
17.850083,45.742334
17.849712,45.741898
17.850386,45.741903
17.853531,45.742257
17.851129,45.74194
17.852211,45.742103
17.847317,45.742295
17.84941,45.741944
17.856231,45.742097
17.85738,45.743171
17.856638,45.743487
17.856711,45.742956
17.856606,45.74126
17.856744,45.743767
17.620645,45.621602
17.821236,45.782448
17.910353,45.755518
17.856495,45.742267
17.85433,45.737691
17.630898,45.812158
17.4872,45.733408
17.486858,45.733722
17.751512,45.802424
17.699796,45.809117
17.902331,45.758024
17.816807,45.749241
17.816978,45.749102
17.551146,45.615591
17.553964,45.620165
17.53301,45.617824
17.581025,45.608651
17.797439,45.745491
17.816999,45.78222
17.737735,45.805565
17.55873,45.630147
17.557975,45.626918
17.557679,45.627613
17.558043,45.626577
17.557218,45.62249
17.556647,45.622643
17.558034,45.62448
17.55668,45.623023
17.557371,45.623643
17.556736,45.622502
17.557132,45.622907
17.557882,45.623433
17.557237,45.622643
17.556725,45.623126
17.557226,45.62203
17.556669,45.621193
17.558088,45.624343
17.556678,45.621782
17.557259,45.62277
17.557218,45.622143
17.557763,45.626567
17.558519,45.631363
17.556694,45.622349
17.558021,45.623804
17.558109,45.626394
17.556597,45.621904
17.556664,45.622873
17.556679,45.621603
17.557201,45.622344
17.557209,45.621888
17.556716,45.62276
17.555964,45.63246
17.547141,45.620185
17.543414,45.617163
17.543973,45.617126
17.543018,45.616951
17.545524,45.619983
17.546533,45.620252
17.547544,45.620169
17.542327,45.619616
17.548551,45.621031
17.544728,45.619631
17.545574,45.620548
17.547349,45.621019
17.545036,45.620152
17.54847,45.621673
17.548925,45.62076
17.541338,45.619241
17.540821,45.618938
17.546302,45.619323
17.546209,45.620743
17.543645,45.617186
17.542926,45.617137
17.542984,45.617286
17.547646,45.621539
17.547759,45.620842
17.546056,45.621075
17.541112,45.619096
17.543557,45.619925
17.542046,45.619481
17.545397,45.619682
17.544184,45.619904
17.541588,45.619371
17.545618,45.619725
17.544692,45.62012
17.544334,45.61997
17.544607,45.620064
17.545023,45.619788
17.546191,45.620116
17.544525,45.620015
17.54772,45.620755
17.547725,45.62103
17.547745,45.621321
17.507122,45.719999
17.506771,45.719495
17.512414,45.729393
17.510109,45.728471
17.520302,45.731752
17.502819,45.704708
17.50637,45.716528
17.50492,45.711092
17.505545,45.7175
17.511377,45.729136
17.506869,45.716013
17.506869,45.715515
17.503341,45.705792
17.502138,45.704331
17.506134,45.713941
17.506891,45.715729
17.510471,45.728536
17.511682,45.729208
17.519227,45.731726
17.506206,45.716747
17.50583,45.717621
17.504606,45.711035
17.506742,45.713293
17.508199,45.712961
17.505857,45.713672
17.507143,45.713442
17.49627,45.705624
17.498684,45.704454
17.502543,45.704744
17.494125,45.706054
17.503726,45.706651
17.500504,45.70421
17.497494,45.705652
17.494722,45.706191
17.49926,45.704098
17.493814,45.70629
17.502512,45.704466
17.496908,45.7039
17.490379,45.704991
17.496726,45.70546
17.498246,45.704389
17.492529,45.705384
17.504386,45.708529
17.504739,45.70917
17.504188,45.708743
17.504926,45.710639
17.504539,45.710464
17.752127,45.795797
17.859448,45.744025
17.798307,45.755745
17.856611,45.741514
17.634419,45.806703
17.900347,45.758093
17.663358,45.814505
17.540923,45.616987
17.745663,45.797248
17.63568,45.799256
17.635052,45.804948
17.582926,45.623636
17.572365,45.621552
17.478079,45.74397
17.853146,45.71047
17.563168,45.616538
17.899295,45.753254
17.865302,45.747086
17.556459,45.618576
17.556664,45.618677
17.551059,45.61912
17.668353,45.620762
17.57868,45.602224
17.543559,45.62053
17.544279,45.620725
17.547501,45.623066
17.625821,45.584768
17.53225,45.61794
17.509606,45.656608
17.51397,45.657053
17.515509,45.657458
17.534338,45.607584
17.858777,45.744501
17.621006,45.611141
17.671542,45.620285
17.745283,45.801283
17.632907,45.796243
17.861445,45.745573
17.505751,45.68834
17.506354,45.713678
17.505251,45.745974
17.501577,45.744739
17.494108,45.743194
17.852779,45.736838
17.818927,45.77798
17.541281,45.615958
17.53841,45.609217
17.67082,45.814588
17.699873,45.80911
17.832508,45.779043
17.749391,45.801467
17.545113,45.621939
17.539263,45.617606
17.669945,45.620326
17.666514,45.814994
17.545495,45.621598
17.551557,45.623154
17.811463,45.781828
17.811839,45.781858
17.801689,45.748879
17.548207,45.620477
17.483349,45.736406
17.803805,45.749892
17.816517,45.749803
17.816658,45.75005
17.547814,45.623951
17.539437,45.614015
17.547966,45.622554
17.545526,45.624339
17.549941,45.622914
17.543039,45.623177
17.536608,45.617805
17.53926,45.613502
17.55287,45.620536
17.842821,45.71131
17.486938,45.734583
17.804017,45.749932
17.579589,45.623073
17.480813,45.736221
17.481694,45.736247
17.629735,45.80017
17.512112,45.74851
17.835259,45.744414
17.748539,45.798222
17.799654,45.744327
17.668542,45.620703
17.621265,45.621625
17.78556,45.790319
17.47877,45.736124
17.870785,45.714491
17.630422,45.812966
17.919701,45.758425
17.857556,45.711079
17.568317,45.6159
17.475274,45.711913
17.49021,45.701423
17.750734,45.797579
17.872353,45.749089
17.539354,45.611326
17.554741,45.620383
17.877125,45.749504
17.876996,45.749478
17.877649,45.749484
17.512655,45.657984
17.456057,45.749767
17.916808,45.752902
17.798748,45.747564
17.86325,45.71299
17.672301,45.620287
17.522994,45.704883
17.52277,45.705114
17.546152,45.623767
17.693519,45.698538
17.363849,45.814643
17.224347,45.949138
17.530719,45.667634
17.202578,45.966788
17.778539,45.661777
17.778145,45.662217
17.777881,45.662466
17.20858,45.89138
17.224254,45.869982
17.233839,45.951622
17.293954,45.8345
17.543238,45.619844
17.46293,45.940729
17.432592,45.816867
17.403868,45.83351
17.521029,45.917257
17.391557,45.795944
17.296253,45.896764
17.872742,45.519889
17.228559,45.957215
17.522682,45.787041
17.873768,45.527215
17.319568,45.83119
17.690809,45.72968
17.59574,45.889893
17.86549,45.516083
17.422893,45.810424
17.405958,45.775882
17.547836,45.800611
17.363029,45.835816
17.605684,45.785184
17.535323,45.766092
17.354654,45.816856
17.358748,45.814511
17.35855,45.814423
17.681873,45.706287
17.681695,45.706248
17.216608,45.962958
17.532537,45.888622
17.909893,45.624755
17.909769,45.624967
17.359903,45.839664
17.48809,45.703096
17.684869,45.746437
17.878841,45.531757
17.200256,45.876083
17.356723,45.820165
17.605881,45.703549
17.994127,45.671407
17.660334,45.577455
17.715288,45.694033
17.715217,45.694057
17.714985,45.694159
17.715404,45.69398
17.409641,45.803199
17.520969,45.870199
17.536797,45.90857
17.200174,45.970902
17.864566,45.59985
17.438892,45.815908
17.438982,45.815817
17.228713,45.946875
17.710048,45.550576
17.291201,45.857557
17.388792,45.820469
17.360463,45.904417
17.491892,45.804304
17.244531,45.941831
17.289442,45.884563
17.20623,45.884872
17.500905,45.688633
17.708227,45.709907
17.704785,45.689775
17.293402,45.919139
17.389883,45.831937
17.71475,45.715644
17.250192,45.874139
17.931294,45.693956
17.951368,45.584902
17.401667,45.832367
17.41978,45.873921
17.78938,45.618264
17.203006,45.885517
17.954235,45.584879
17.687314,45.745835
17.206232,45.885721
17.421926,45.821289
17.390905,45.827455
17.620743,45.775099
17.382898,45.844623
17.255318,45.947267
17.379308,45.829983
17.405753,45.833009
17.381338,45.827898
17.691335,45.738075
17.266594,45.862077
17.912912,45.555748
17.517203,45.85849
17.387543,45.843621
17.173891,45.89512
17.411627,45.834479
17.878224,45.530927
17.389246,45.801908
17.387027,45.8254
17.388271,45.84329
17.971486,45.64964
17.208016,45.91859
17.224495,45.969813
17.364045,45.838419
17.203852,45.906314
17.359958,45.896492
17.521182,45.868802
17.234338,45.967594
17.551227,45.918046
17.862056,45.515019
17.879111,45.52869
17.381736,45.807707
17.382431,45.807136
17.689572,45.741192
17.224277,45.877895
17.875639,45.601961